solid Designed by EasyEDA Pro 
 facet normal -3.414111e-02 -9.994170e-01  0.000000e+00
   outer loop
     vertex  9.320055e+01 -1.362579e+02  4.699009e+00
     vertex  9.359055e+01 -1.362713e+02  4.699009e+00
     vertex  9.359055e+01 -1.362713e+02  1.524003e+01
   endloop
 endfacet
 facet normal -3.414111e-02 -9.994170e-01  0.000000e+00
   outer loop
     vertex  9.320055e+01 -1.362579e+02  4.699009e+00
     vertex  9.359055e+01 -1.362713e+02  1.524003e+01
     vertex  9.320055e+01 -1.362579e+02  1.524003e+01
   endloop
 endfacet
 facet normal  0.000000e+00 -1.000000e+00  0.000000e+00
   outer loop
     vertex  9.359055e+01 -1.362713e+02  4.699009e+00
     vertex  1.719497e+02 -1.362713e+02  4.699009e+00
     vertex  1.719497e+02 -1.362713e+02  1.524003e+01
   endloop
 endfacet
 facet normal  0.000000e+00 -1.000000e+00  0.000000e+00
   outer loop
     vertex  9.359055e+01 -1.362713e+02  4.699009e+00
     vertex  1.719497e+02 -1.362713e+02  1.524003e+01
     vertex  9.359055e+01 -1.362713e+02  1.524003e+01
   endloop
 endfacet
 facet normal -1.022641e-01 -9.947573e-01  0.000000e+00
   outer loop
     vertex  9.281236e+01 -1.362180e+02  4.699009e+00
     vertex  9.320055e+01 -1.362579e+02  4.699009e+00
     vertex  9.320055e+01 -1.362579e+02  1.524003e+01
   endloop
 endfacet
 facet normal -1.022641e-01 -9.947573e-01  0.000000e+00
   outer loop
     vertex  9.281236e+01 -1.362180e+02  4.699009e+00
     vertex  9.320055e+01 -1.362579e+02  1.524003e+01
     vertex  9.281236e+01 -1.362180e+02  1.524003e+01
   endloop
 endfacet
 facet normal  0.000000e+00  0.000000e+00 -1.000000e+00
   outer loop
     vertex  1.751983e+02 -1.335902e+02  4.699009e+00
     vertex  1.763829e+02 -1.341629e+02  4.699009e+00
     vertex  1.761264e+02 -1.344571e+02  4.699009e+00
   endloop
 endfacet
 facet normal  0.000000e+00  0.000000e+00 -1.000000e+00
   outer loop
     vertex  1.751983e+02 -1.335902e+02  4.699009e+00
     vertex  1.761264e+02 -1.344571e+02  4.699009e+00
     vertex  1.758505e+02 -1.347330e+02  4.699009e+00
   endloop
 endfacet
 facet normal  0.000000e+00  0.000000e+00 -1.000000e+00
   outer loop
     vertex  1.749837e+02 -1.338048e+02  4.699009e+00
     vertex  1.751983e+02 -1.335902e+02  4.699009e+00
     vertex  1.758505e+02 -1.347330e+02  4.699009e+00
   endloop
 endfacet
 facet normal  0.000000e+00  0.000000e+00 -1.000000e+00
   outer loop
     vertex  1.749837e+02 -1.338048e+02  4.699009e+00
     vertex  1.758505e+02 -1.347330e+02  4.699009e+00
     vertex  1.755564e+02 -1.349895e+02  4.699009e+00
   endloop
 endfacet
 facet normal  0.000000e+00 -0.000000e+00 -1.000000e+00
   outer loop
     vertex  1.753978e+02 -1.333615e+02  4.699009e+00
     vertex  1.763829e+02 -1.341629e+02  4.699009e+00
     vertex  1.751983e+02 -1.335902e+02  4.699009e+00
   endloop
 endfacet
 facet normal  0.000000e+00  0.000000e+00 -1.000000e+00
   outer loop
     vertex  1.753978e+02 -1.333615e+02  4.699009e+00
     vertex  1.766187e+02 -1.338520e+02  4.699009e+00
     vertex  1.763829e+02 -1.341629e+02  4.699009e+00
   endloop
 endfacet
 facet normal  0.000000e+00  0.000000e+00 -1.000000e+00
   outer loop
     vertex  1.747549e+02 -1.340043e+02  4.699009e+00
     vertex  1.749837e+02 -1.338048e+02  4.699009e+00
     vertex  1.755564e+02 -1.349895e+02  4.699009e+00
   endloop
 endfacet
 facet normal  0.000000e+00 -0.000000e+00 -1.000000e+00
   outer loop
     vertex  1.755811e+02 -1.331196e+02  4.699009e+00
     vertex  1.766187e+02 -1.338520e+02  4.699009e+00
     vertex  1.753978e+02 -1.333615e+02  4.699009e+00
   endloop
 endfacet
 facet normal  0.000000e+00  0.000000e+00 -1.000000e+00
   outer loop
     vertex  1.745131e+02 -1.341877e+02  4.699009e+00
     vertex  1.747549e+02 -1.340043e+02  4.699009e+00
     vertex  1.755564e+02 -1.349895e+02  4.699009e+00
   endloop
 endfacet
 facet normal  0.000000e+00  0.000000e+00 -1.000000e+00
   outer loop
     vertex  1.745131e+02 -1.341877e+02  4.699009e+00
     vertex  1.755564e+02 -1.349895e+02  4.699009e+00
     vertex  1.752454e+02 -1.352253e+02  4.699009e+00
   endloop
 endfacet
 facet normal  0.000000e+00  0.000000e+00 -1.000000e+00
   outer loop
     vertex  1.745131e+02 -1.341877e+02  4.699009e+00
     vertex  1.752454e+02 -1.352253e+02  4.699009e+00
     vertex  1.749191e+02 -1.354393e+02  4.699009e+00
   endloop
 endfacet
 facet normal  0.000000e+00 -0.000000e+00 -1.000000e+00
   outer loop
     vertex  1.757476e+02 -1.328658e+02  4.699009e+00
     vertex  1.766187e+02 -1.338520e+02  4.699009e+00
     vertex  1.755811e+02 -1.331196e+02  4.699009e+00
   endloop
 endfacet
 facet normal  0.000000e+00  0.000000e+00 -1.000000e+00
   outer loop
     vertex  1.757476e+02 -1.328658e+02  4.699009e+00
     vertex  1.770240e+02 -1.331855e+02  4.699009e+00
     vertex  1.768327e+02 -1.335257e+02  4.699009e+00
   endloop
 endfacet
 facet normal  0.000000e+00  0.000000e+00 -1.000000e+00
   outer loop
     vertex  1.757476e+02 -1.328658e+02  4.699009e+00
     vertex  1.768327e+02 -1.335257e+02  4.699009e+00
     vertex  1.766187e+02 -1.338520e+02  4.699009e+00
   endloop
 endfacet
 facet normal  0.000000e+00  0.000000e+00 -1.000000e+00
   outer loop
     vertex  1.742593e+02 -1.343542e+02  4.699009e+00
     vertex  1.745131e+02 -1.341877e+02  4.699009e+00
     vertex  1.749191e+02 -1.354393e+02  4.699009e+00
   endloop
 endfacet
 facet normal  0.000000e+00 -0.000000e+00 -1.000000e+00
   outer loop
     vertex  1.758964e+02 -1.326013e+02  4.699009e+00
     vertex  1.770240e+02 -1.331855e+02  4.699009e+00
     vertex  1.757476e+02 -1.328658e+02  4.699009e+00
   endloop
 endfacet
 facet normal  0.000000e+00  0.000000e+00 -1.000000e+00
   outer loop
     vertex  1.739947e+02 -1.345029e+02  4.699009e+00
     vertex  1.742593e+02 -1.343542e+02  4.699009e+00
     vertex  1.749191e+02 -1.354393e+02  4.699009e+00
   endloop
 endfacet
 facet normal  0.000000e+00  0.000000e+00 -1.000000e+00
   outer loop
     vertex  1.739947e+02 -1.345029e+02  4.699009e+00
     vertex  1.749191e+02 -1.354393e+02  4.699009e+00
     vertex  1.745790e+02 -1.356305e+02  4.699009e+00
   endloop
 endfacet
 facet normal  0.000000e+00 -0.000000e+00 -1.000000e+00
   outer loop
     vertex  1.760267e+02 -1.323272e+02  4.699009e+00
     vertex  1.770240e+02 -1.331855e+02  4.699009e+00
     vertex  1.758964e+02 -1.326013e+02  4.699009e+00
   endloop
 endfacet
 facet normal  0.000000e+00  0.000000e+00 -1.000000e+00
   outer loop
     vertex  1.760267e+02 -1.323272e+02  4.699009e+00
     vertex  1.773347e+02 -1.324701e+02  4.699009e+00
     vertex  1.771916e+02 -1.328331e+02  4.699009e+00
   endloop
 endfacet
 facet normal  0.000000e+00  0.000000e+00 -1.000000e+00
   outer loop
     vertex  1.760267e+02 -1.323272e+02  4.699009e+00
     vertex  1.771916e+02 -1.328331e+02  4.699009e+00
     vertex  1.770240e+02 -1.331855e+02  4.699009e+00
   endloop
 endfacet
 facet normal  0.000000e+00  0.000000e+00 -1.000000e+00
   outer loop
     vertex  1.737206e+02 -1.346333e+02  4.699009e+00
     vertex  1.739947e+02 -1.345029e+02  4.699009e+00
     vertex  1.745790e+02 -1.356305e+02  4.699009e+00
   endloop
 endfacet
 facet normal  0.000000e+00  0.000000e+00 -1.000000e+00
   outer loop
     vertex  1.737206e+02 -1.346333e+02  4.699009e+00
     vertex  1.745790e+02 -1.356305e+02  4.699009e+00
     vertex  1.742266e+02 -1.357981e+02  4.699009e+00
   endloop
 endfacet
 facet normal  0.000000e+00  0.000000e+00 -1.000000e+00
   outer loop
     vertex  1.737206e+02 -1.346333e+02  4.699009e+00
     vertex  1.742266e+02 -1.357981e+02  4.699009e+00
     vertex  1.738635e+02 -1.359413e+02  4.699009e+00
   endloop
 endfacet
 facet normal  0.000000e+00  0.000000e+00 -1.000000e+00
   outer loop
     vertex  1.734383e+02 -1.347446e+02  4.699009e+00
     vertex  1.737206e+02 -1.346333e+02  4.699009e+00
     vertex  1.738635e+02 -1.359413e+02  4.699009e+00
   endloop
 endfacet
 facet normal  0.000000e+00 -0.000000e+00 -1.000000e+00
   outer loop
     vertex  1.761381e+02 -1.320448e+02  4.699009e+00
     vertex  1.773347e+02 -1.324701e+02  4.699009e+00
     vertex  1.760267e+02 -1.323272e+02  4.699009e+00
   endloop
 endfacet
 facet normal  0.000000e+00  0.000000e+00 -1.000000e+00
   outer loop
     vertex  1.731490e+02 -1.348364e+02  4.699009e+00
     vertex  1.734383e+02 -1.347446e+02  4.699009e+00
     vertex  1.738635e+02 -1.359413e+02  4.699009e+00
   endloop
 endfacet
 facet normal  0.000000e+00  0.000000e+00 -1.000000e+00
   outer loop
     vertex  1.731490e+02 -1.348364e+02  4.699009e+00
     vertex  1.738635e+02 -1.359413e+02  4.699009e+00
     vertex  1.734916e+02 -1.360593e+02  4.699009e+00
   endloop
 endfacet
 facet normal  0.000000e+00 -0.000000e+00 -1.000000e+00
   outer loop
     vertex  1.731490e+02 -1.348364e+02  4.699009e+00
     vertex  1.734916e+02 -1.360593e+02  4.699009e+00
     vertex  1.731125e+02 -1.361517e+02  4.699009e+00
   endloop
 endfacet
 facet normal  0.000000e+00 -0.000000e+00 -1.000000e+00
   outer loop
     vertex  1.762299e+02 -1.317555e+02  4.699009e+00
     vertex  1.773347e+02 -1.324701e+02  4.699009e+00
     vertex  1.761381e+02 -1.320448e+02  4.699009e+00
   endloop
 endfacet
 facet normal  0.000000e+00  0.000000e+00 -1.000000e+00
   outer loop
     vertex  1.762299e+02 -1.317555e+02  4.699009e+00
     vertex  1.774528e+02 -1.320982e+02  4.699009e+00
     vertex  1.773347e+02 -1.324701e+02  4.699009e+00
   endloop
 endfacet
 facet normal  0.000000e+00 -0.000000e+00 -1.000000e+00
   outer loop
     vertex  1.763017e+02 -1.314606e+02  4.699009e+00
     vertex  1.774528e+02 -1.320982e+02  4.699009e+00
     vertex  1.762299e+02 -1.317555e+02  4.699009e+00
   endloop
 endfacet
 facet normal  0.000000e+00  0.000000e+00 -1.000000e+00
   outer loop
     vertex  1.763017e+02 -1.314606e+02  4.699009e+00
     vertex  1.775452e+02 -1.317190e+02  4.699009e+00
     vertex  1.774528e+02 -1.320982e+02  4.699009e+00
   endloop
 endfacet
 facet normal  0.000000e+00  0.000000e+00 -1.000000e+00
   outer loop
     vertex  1.728541e+02 -1.349083e+02  4.699009e+00
     vertex  1.731490e+02 -1.348364e+02  4.699009e+00
     vertex  1.731125e+02 -1.361517e+02  4.699009e+00
   endloop
 endfacet
 facet normal  0.000000e+00  0.000000e+00 -1.000000e+00
   outer loop
     vertex  1.763533e+02 -1.311615e+02  4.699009e+00
     vertex  1.776514e+02 -1.309463e+02  4.699009e+00
     vertex  1.776115e+02 -1.313345e+02  4.699009e+00
   endloop
 endfacet
 facet normal  0.000000e+00  0.000000e+00 -1.000000e+00
   outer loop
     vertex  1.763533e+02 -1.311615e+02  4.699009e+00
     vertex  1.776115e+02 -1.313345e+02  4.699009e+00
     vertex  1.775452e+02 -1.317190e+02  4.699009e+00
   endloop
 endfacet
 facet normal  0.000000e+00 -0.000000e+00 -1.000000e+00
   outer loop
     vertex  1.763533e+02 -1.311615e+02  4.699009e+00
     vertex  1.775452e+02 -1.317190e+02  4.699009e+00
     vertex  1.763017e+02 -1.314606e+02  4.699009e+00
   endloop
 endfacet
 facet normal  0.000000e+00  0.000000e+00 -1.000000e+00
   outer loop
     vertex  1.725550e+02 -1.349599e+02  4.699009e+00
     vertex  1.728541e+02 -1.349083e+02  4.699009e+00
     vertex  1.731125e+02 -1.361517e+02  4.699009e+00
   endloop
 endfacet
 facet normal  0.000000e+00  0.000000e+00 -1.000000e+00
   outer loop
     vertex  1.725550e+02 -1.349599e+02  4.699009e+00
     vertex  1.731125e+02 -1.361517e+02  4.699009e+00
     vertex  1.727279e+02 -1.362180e+02  4.699009e+00
   endloop
 endfacet
 facet normal  0.000000e+00  0.000000e+00 -1.000000e+00
   outer loop
     vertex  1.722530e+02 -1.349909e+02  4.699009e+00
     vertex  1.725550e+02 -1.349599e+02  4.699009e+00
     vertex  1.727279e+02 -1.362180e+02  4.699009e+00
   endloop
 endfacet
 facet normal  0.000000e+00  0.000000e+00 -1.000000e+00
   outer loop
     vertex  1.722530e+02 -1.349909e+02  4.699009e+00
     vertex  1.727279e+02 -1.362180e+02  4.699009e+00
     vertex  1.723397e+02 -1.362579e+02  4.699009e+00
   endloop
 endfacet
 facet normal  0.000000e+00 -0.000000e+00 -1.000000e+00
   outer loop
     vertex  1.763844e+02 -1.308596e+02  4.699009e+00
     vertex  1.776514e+02 -1.309463e+02  4.699009e+00
     vertex  1.763533e+02 -1.311615e+02  4.699009e+00
   endloop
 endfacet
 facet normal  0.000000e+00  0.000000e+00 -1.000000e+00
   outer loop
     vertex  1.719497e+02 -1.350013e+02  4.699009e+00
     vertex  1.722530e+02 -1.349909e+02  4.699009e+00
     vertex  1.723397e+02 -1.362579e+02  4.699009e+00
   endloop
 endfacet
 facet normal  0.000000e+00  0.000000e+00 -1.000000e+00
   outer loop
     vertex  1.719497e+02 -1.350013e+02  4.699009e+00
     vertex  1.723397e+02 -1.362579e+02  4.699009e+00
     vertex  1.719497e+02 -1.362713e+02  4.699009e+00
   endloop
 endfacet
 facet normal  0.000000e+00 -0.000000e+00 -1.000000e+00
   outer loop
     vertex  1.763947e+02 -1.305563e+02  4.699009e+00
     vertex  1.776514e+02 -1.309463e+02  4.699009e+00
     vertex  1.763844e+02 -1.308596e+02  4.699009e+00
   endloop
 endfacet
 facet normal  0.000000e+00  0.000000e+00 -1.000000e+00
   outer loop
     vertex  1.763947e+02 -1.305563e+02  4.699009e+00
     vertex  1.776647e+02 -1.305563e+02  4.699009e+00
     vertex  1.776514e+02 -1.309463e+02  4.699009e+00
   endloop
 endfacet
 facet normal  0.000000e+00  0.000000e+00 -1.000000e+00
   outer loop
     vertex  1.763947e+02 -5.702311e+01  4.699009e+00
     vertex  1.776514e+02 -5.663311e+01  4.699009e+00
     vertex  1.776647e+02 -5.702311e+01  4.699009e+00
   endloop
 endfacet
 facet normal  0.000000e+00  0.000000e+00 -1.000000e+00
   outer loop
     vertex  1.763947e+02 -5.702311e+01  4.699009e+00
     vertex  1.776647e+02 -5.702311e+01  4.699009e+00
     vertex  1.776647e+02 -1.305563e+02  4.699009e+00
   endloop
 endfacet
 facet normal  0.000000e+00  0.000000e+00 -1.000000e+00
   outer loop
     vertex  1.763947e+02 -5.702311e+01  4.699009e+00
     vertex  1.776647e+02 -1.305563e+02  4.699009e+00
     vertex  1.763947e+02 -1.305563e+02  4.699009e+00
   endloop
 endfacet
 facet normal  0.000000e+00  0.000000e+00 -1.000000e+00
   outer loop
     vertex  1.763844e+02 -5.671978e+01  4.699009e+00
     vertex  1.776514e+02 -5.663311e+01  4.699009e+00
     vertex  1.763947e+02 -5.702311e+01  4.699009e+00
   endloop
 endfacet
 facet normal  0.000000e+00  0.000000e+00 -1.000000e+00
   outer loop
     vertex  1.763533e+02 -5.641785e+01  4.699009e+00
     vertex  1.776514e+02 -5.663311e+01  4.699009e+00
     vertex  1.763844e+02 -5.671978e+01  4.699009e+00
   endloop
 endfacet
 facet normal  0.000000e+00  0.000000e+00 -1.000000e+00
   outer loop
     vertex  1.763533e+02 -5.641785e+01  4.699009e+00
     vertex  1.776115e+02 -5.624492e+01  4.699009e+00
     vertex  1.776514e+02 -5.663311e+01  4.699009e+00
   endloop
 endfacet
 facet normal  0.000000e+00  0.000000e+00 -1.000000e+00
   outer loop
     vertex  1.763017e+02 -5.611875e+01  4.699009e+00
     vertex  1.776115e+02 -5.624492e+01  4.699009e+00
     vertex  1.763533e+02 -5.641785e+01  4.699009e+00
   endloop
 endfacet
 facet normal  0.000000e+00  0.000000e+00 -1.000000e+00
   outer loop
     vertex  1.763017e+02 -5.611875e+01  4.699009e+00
     vertex  1.775452e+02 -5.586036e+01  4.699009e+00
     vertex  1.776115e+02 -5.624492e+01  4.699009e+00
   endloop
 endfacet
 facet normal  0.000000e+00  0.000000e+00 -1.000000e+00
   outer loop
     vertex  1.762299e+02 -5.582386e+01  4.699009e+00
     vertex  1.775452e+02 -5.586036e+01  4.699009e+00
     vertex  1.763017e+02 -5.611875e+01  4.699009e+00
   endloop
 endfacet
 facet normal  0.000000e+00  0.000000e+00 -1.000000e+00
   outer loop
     vertex  1.762299e+02 -5.582386e+01  4.699009e+00
     vertex  1.774528e+02 -5.548122e+01  4.699009e+00
     vertex  1.775452e+02 -5.586036e+01  4.699009e+00
   endloop
 endfacet
 facet normal  0.000000e+00  0.000000e+00 -1.000000e+00
   outer loop
     vertex  1.761381e+02 -5.553457e+01  4.699009e+00
     vertex  1.774528e+02 -5.548122e+01  4.699009e+00
     vertex  1.762299e+02 -5.582386e+01  4.699009e+00
   endloop
 endfacet
 facet normal  0.000000e+00  0.000000e+00 -1.000000e+00
   outer loop
     vertex  1.761381e+02 -5.553457e+01  4.699009e+00
     vertex  1.773347e+02 -5.510927e+01  4.699009e+00
     vertex  1.774528e+02 -5.548122e+01  4.699009e+00
   endloop
 endfacet
 facet normal  0.000000e+00  0.000000e+00 -1.000000e+00
   outer loop
     vertex  1.760267e+02 -5.525222e+01  4.699009e+00
     vertex  1.773347e+02 -5.510927e+01  4.699009e+00
     vertex  1.761381e+02 -5.553457e+01  4.699009e+00
   endloop
 endfacet
 facet normal  0.000000e+00  0.000000e+00 -1.000000e+00
   outer loop
     vertex  1.760267e+02 -5.525222e+01  4.699009e+00
     vertex  1.771916e+02 -5.474625e+01  4.699009e+00
     vertex  1.773347e+02 -5.510927e+01  4.699009e+00
   endloop
 endfacet
 facet normal  0.000000e+00  0.000000e+00 -1.000000e+00
   outer loop
     vertex  1.758964e+02 -5.497812e+01  4.699009e+00
     vertex  1.770240e+02 -5.439384e+01  4.699009e+00
     vertex  1.771916e+02 -5.474625e+01  4.699009e+00
   endloop
 endfacet
 facet normal  0.000000e+00  0.000000e+00 -1.000000e+00
   outer loop
     vertex  1.758964e+02 -5.497812e+01  4.699009e+00
     vertex  1.771916e+02 -5.474625e+01  4.699009e+00
     vertex  1.760267e+02 -5.525222e+01  4.699009e+00
   endloop
 endfacet
 facet normal  0.000000e+00  0.000000e+00 -1.000000e+00
   outer loop
     vertex  1.757476e+02 -5.471356e+01  4.699009e+00
     vertex  1.770240e+02 -5.439384e+01  4.699009e+00
     vertex  1.758964e+02 -5.497812e+01  4.699009e+00
   endloop
 endfacet
 facet normal  0.000000e+00  0.000000e+00 -1.000000e+00
   outer loop
     vertex  1.757476e+02 -5.471356e+01  4.699009e+00
     vertex  1.768327e+02 -5.405369e+01  4.699009e+00
     vertex  1.770240e+02 -5.439384e+01  4.699009e+00
   endloop
 endfacet
 facet normal  0.000000e+00  0.000000e+00 -1.000000e+00
   outer loop
     vertex  1.755811e+02 -5.445976e+01  4.699009e+00
     vertex  1.768327e+02 -5.405369e+01  4.699009e+00
     vertex  1.757476e+02 -5.471356e+01  4.699009e+00
   endloop
 endfacet
 facet normal  0.000000e+00  0.000000e+00 -1.000000e+00
   outer loop
     vertex  1.755811e+02 -5.445976e+01  4.699009e+00
     vertex  1.766187e+02 -5.372738e+01  4.699009e+00
     vertex  1.768327e+02 -5.405369e+01  4.699009e+00
   endloop
 endfacet
 facet normal  0.000000e+00  0.000000e+00 -1.000000e+00
   outer loop
     vertex  1.753978e+02 -5.421792e+01  4.699009e+00
     vertex  1.766187e+02 -5.372738e+01  4.699009e+00
     vertex  1.755811e+02 -5.445976e+01  4.699009e+00
   endloop
 endfacet
 facet normal  0.000000e+00  0.000000e+00 -1.000000e+00
   outer loop
     vertex  1.753978e+02 -5.421792e+01  4.699009e+00
     vertex  1.763829e+02 -5.341644e+01  4.699009e+00
     vertex  1.766187e+02 -5.372738e+01  4.699009e+00
   endloop
 endfacet
 facet normal  0.000000e+00  0.000000e+00 -1.000000e+00
   outer loop
     vertex  1.751983e+02 -5.398916e+01  4.699009e+00
     vertex  1.763829e+02 -5.341644e+01  4.699009e+00
     vertex  1.753978e+02 -5.421792e+01  4.699009e+00
   endloop
 endfacet
 facet normal  0.000000e+00  0.000000e+00 -1.000000e+00
   outer loop
     vertex  1.751983e+02 -5.398916e+01  4.699009e+00
     vertex  1.761264e+02 -5.312232e+01  4.699009e+00
     vertex  1.763829e+02 -5.341644e+01  4.699009e+00
   endloop
 endfacet
 facet normal  0.000000e+00 -0.000000e+00 -1.000000e+00
   outer loop
     vertex  1.758505e+02 -5.284638e+01  4.699009e+00
     vertex  1.761264e+02 -5.312232e+01  4.699009e+00
     vertex  1.751983e+02 -5.398916e+01  4.699009e+00
   endloop
 endfacet
 facet normal  0.000000e+00  0.000000e+00 -1.000000e+00
   outer loop
     vertex  1.758505e+02 -5.284638e+01  4.699009e+00
     vertex  1.751983e+02 -5.398916e+01  4.699009e+00
     vertex  1.749837e+02 -5.377454e+01  4.699009e+00
   endloop
 endfacet
 facet normal  0.000000e+00  0.000000e+00 -1.000000e+00
   outer loop
     vertex  9.359055e+01 -1.350013e+02  4.699009e+00
     vertex  1.719497e+02 -1.350013e+02  4.699009e+00
     vertex  1.719497e+02 -1.362713e+02  4.699009e+00
   endloop
 endfacet
 facet normal  0.000000e+00  0.000000e+00 -1.000000e+00
   outer loop
     vertex  9.359055e+01 -1.350013e+02  4.699009e+00
     vertex  1.719497e+02 -1.362713e+02  4.699009e+00
     vertex  9.359055e+01 -1.362713e+02  4.699009e+00
   endloop
 endfacet
 facet normal  0.000000e+00  0.000000e+00 -1.000000e+00
   outer loop
     vertex  1.747549e+02 -5.357507e+01  4.699009e+00
     vertex  1.758505e+02 -5.284638e+01  4.699009e+00
     vertex  1.749837e+02 -5.377454e+01  4.699009e+00
   endloop
 endfacet
 facet normal  0.000000e+00 -0.000000e+00 -1.000000e+00
   outer loop
     vertex  9.328721e+01 -1.349909e+02  4.699009e+00
     vertex  9.359055e+01 -1.362713e+02  4.699009e+00
     vertex  9.320055e+01 -1.362579e+02  4.699009e+00
   endloop
 endfacet
 facet normal  0.000000e+00  0.000000e+00 -1.000000e+00
   outer loop
     vertex  9.328721e+01 -1.349909e+02  4.699009e+00
     vertex  9.359055e+01 -1.350013e+02  4.699009e+00
     vertex  9.359055e+01 -1.362713e+02  4.699009e+00
   endloop
 endfacet
 facet normal  0.000000e+00 -0.000000e+00 -1.000000e+00
   outer loop
     vertex  1.755564e+02 -5.258992e+01  4.699009e+00
     vertex  1.758505e+02 -5.284638e+01  4.699009e+00
     vertex  1.747549e+02 -5.357507e+01  4.699009e+00
   endloop
 endfacet
 facet normal  0.000000e+00 -0.000000e+00 -1.000000e+00
   outer loop
     vertex  9.298529e+01 -1.349599e+02  4.699009e+00
     vertex  9.320055e+01 -1.362579e+02  4.699009e+00
     vertex  9.281236e+01 -1.362180e+02  4.699009e+00
   endloop
 endfacet
 facet normal  0.000000e+00  0.000000e+00 -1.000000e+00
   outer loop
     vertex  9.298529e+01 -1.349599e+02  4.699009e+00
     vertex  9.328721e+01 -1.349909e+02  4.699009e+00
     vertex  9.320055e+01 -1.362579e+02  4.699009e+00
   endloop
 endfacet
 facet normal  0.000000e+00 -0.000000e+00 -1.000000e+00
   outer loop
     vertex  1.752454e+02 -5.235412e+01  4.699009e+00
     vertex  1.755564e+02 -5.258992e+01  4.699009e+00
     vertex  1.747549e+02 -5.357507e+01  4.699009e+00
   endloop
 endfacet
 facet normal  0.000000e+00  0.000000e+00 -1.000000e+00
   outer loop
     vertex  1.752454e+02 -5.235412e+01  4.699009e+00
     vertex  1.747549e+02 -5.357507e+01  4.699009e+00
     vertex  1.745131e+02 -5.339168e+01  4.699009e+00
   endloop
 endfacet
 facet normal  0.000000e+00 -0.000000e+00 -1.000000e+00
   outer loop
     vertex  9.268619e+01 -1.349083e+02  4.699009e+00
     vertex  9.281236e+01 -1.362180e+02  4.699009e+00
     vertex  9.242780e+01 -1.361517e+02  4.699009e+00
   endloop
 endfacet
 facet normal  0.000000e+00  0.000000e+00 -1.000000e+00
   outer loop
     vertex  9.268619e+01 -1.349083e+02  4.699009e+00
     vertex  9.298529e+01 -1.349599e+02  4.699009e+00
     vertex  9.281236e+01 -1.362180e+02  4.699009e+00
   endloop
 endfacet
 facet normal  0.000000e+00 -0.000000e+00 -1.000000e+00
   outer loop
     vertex  9.239130e+01 -1.348364e+02  4.699009e+00
     vertex  9.242780e+01 -1.361517e+02  4.699009e+00
     vertex  9.204866e+01 -1.360593e+02  4.699009e+00
   endloop
 endfacet
 facet normal  0.000000e+00  0.000000e+00 -1.000000e+00
   outer loop
     vertex  9.239130e+01 -1.348364e+02  4.699009e+00
     vertex  9.268619e+01 -1.349083e+02  4.699009e+00
     vertex  9.242780e+01 -1.361517e+02  4.699009e+00
   endloop
 endfacet
 facet normal  0.000000e+00 -0.000000e+00 -1.000000e+00
   outer loop
     vertex  1.749191e+02 -5.214010e+01  4.699009e+00
     vertex  1.752454e+02 -5.235412e+01  4.699009e+00
     vertex  1.745131e+02 -5.339168e+01  4.699009e+00
   endloop
 endfacet
 facet normal  0.000000e+00  0.000000e+00 -1.000000e+00
   outer loop
     vertex  1.749191e+02 -5.214010e+01  4.699009e+00
     vertex  1.745131e+02 -5.339168e+01  4.699009e+00
     vertex  1.742593e+02 -5.322521e+01  4.699009e+00
   endloop
 endfacet
 facet normal  0.000000e+00  0.000000e+00 -1.000000e+00
   outer loop
     vertex  1.749191e+02 -5.214010e+01  4.699009e+00
     vertex  1.742593e+02 -5.322521e+01  4.699009e+00
     vertex  1.739947e+02 -5.307646e+01  4.699009e+00
   endloop
 endfacet
 facet normal  0.000000e+00  0.000000e+00 -1.000000e+00
   outer loop
     vertex  9.210201e+01 -1.347446e+02  4.699009e+00
     vertex  9.204866e+01 -1.360593e+02  4.699009e+00
     vertex  9.167671e+01 -1.359413e+02  4.699009e+00
   endloop
 endfacet
 facet normal  0.000000e+00 -0.000000e+00 -1.000000e+00
   outer loop
     vertex  9.210201e+01 -1.347446e+02  4.699009e+00
     vertex  9.239130e+01 -1.348364e+02  4.699009e+00
     vertex  9.204866e+01 -1.360593e+02  4.699009e+00
   endloop
 endfacet
 facet normal  0.000000e+00 -0.000000e+00 -1.000000e+00
   outer loop
     vertex  1.745790e+02 -5.194884e+01  4.699009e+00
     vertex  1.749191e+02 -5.214010e+01  4.699009e+00
     vertex  1.739947e+02 -5.307646e+01  4.699009e+00
   endloop
 endfacet
 facet normal  0.000000e+00  0.000000e+00 -1.000000e+00
   outer loop
     vertex  9.181965e+01 -1.346333e+02  4.699009e+00
     vertex  9.167671e+01 -1.359413e+02  4.699009e+00
     vertex  9.131368e+01 -1.357981e+02  4.699009e+00
   endloop
 endfacet
 facet normal  0.000000e+00 -0.000000e+00 -1.000000e+00
   outer loop
     vertex  9.181965e+01 -1.346333e+02  4.699009e+00
     vertex  9.210201e+01 -1.347446e+02  4.699009e+00
     vertex  9.167671e+01 -1.359413e+02  4.699009e+00
   endloop
 endfacet
 facet normal  0.000000e+00  0.000000e+00 -1.000000e+00
   outer loop
     vertex  9.154556e+01 -1.345029e+02  4.699009e+00
     vertex  9.131368e+01 -1.357981e+02  4.699009e+00
     vertex  9.096127e+01 -1.356305e+02  4.699009e+00
   endloop
 endfacet
 facet normal  0.000000e+00 -0.000000e+00 -1.000000e+00
   outer loop
     vertex  9.154556e+01 -1.345029e+02  4.699009e+00
     vertex  9.181965e+01 -1.346333e+02  4.699009e+00
     vertex  9.131368e+01 -1.357981e+02  4.699009e+00
   endloop
 endfacet
 facet normal  0.000000e+00  0.000000e+00 -1.000000e+00
   outer loop
     vertex  1.742266e+02 -5.178124e+01  4.699009e+00
     vertex  1.739947e+02 -5.307646e+01  4.699009e+00
     vertex  1.737206e+02 -5.294610e+01  4.699009e+00
   endloop
 endfacet
 facet normal  0.000000e+00 -0.000000e+00 -1.000000e+00
   outer loop
     vertex  1.742266e+02 -5.178124e+01  4.699009e+00
     vertex  1.745790e+02 -5.194884e+01  4.699009e+00
     vertex  1.739947e+02 -5.307646e+01  4.699009e+00
   endloop
 endfacet
 facet normal  0.000000e+00  0.000000e+00 -1.000000e+00
   outer loop
     vertex  9.128100e+01 -1.343542e+02  4.699009e+00
     vertex  9.096127e+01 -1.356305e+02  4.699009e+00
     vertex  9.062112e+01 -1.354393e+02  4.699009e+00
   endloop
 endfacet
 facet normal  0.000000e+00 -0.000000e+00 -1.000000e+00
   outer loop
     vertex  9.128100e+01 -1.343542e+02  4.699009e+00
     vertex  9.154556e+01 -1.345029e+02  4.699009e+00
     vertex  9.096127e+01 -1.356305e+02  4.699009e+00
   endloop
 endfacet
 facet normal  0.000000e+00 -0.000000e+00 -1.000000e+00
   outer loop
     vertex  1.738635e+02 -5.163808e+01  4.699009e+00
     vertex  1.742266e+02 -5.178124e+01  4.699009e+00
     vertex  1.737206e+02 -5.294610e+01  4.699009e+00
   endloop
 endfacet
 facet normal  0.000000e+00  0.000000e+00 -1.000000e+00
   outer loop
     vertex  1.738635e+02 -5.163808e+01  4.699009e+00
     vertex  1.737206e+02 -5.294610e+01  4.699009e+00
     vertex  1.734383e+02 -5.283476e+01  4.699009e+00
   endloop
 endfacet
 facet normal  0.000000e+00  0.000000e+00 -1.000000e+00
   outer loop
     vertex  9.102720e+01 -1.341877e+02  4.699009e+00
     vertex  9.062112e+01 -1.354393e+02  4.699009e+00
     vertex  9.029482e+01 -1.352253e+02  4.699009e+00
   endloop
 endfacet
 facet normal  0.000000e+00 -0.000000e+00 -1.000000e+00
   outer loop
     vertex  9.102720e+01 -1.341877e+02  4.699009e+00
     vertex  9.128100e+01 -1.343542e+02  4.699009e+00
     vertex  9.062112e+01 -1.354393e+02  4.699009e+00
   endloop
 endfacet
 facet normal  0.000000e+00  0.000000e+00 -1.000000e+00
   outer loop
     vertex  1.734916e+02 -5.152003e+01  4.699009e+00
     vertex  1.734383e+02 -5.283476e+01  4.699009e+00
     vertex  1.731490e+02 -5.274294e+01  4.699009e+00
   endloop
 endfacet
 facet normal  0.000000e+00  0.000000e+00 -1.000000e+00
   outer loop
     vertex  1.734916e+02 -5.152003e+01  4.699009e+00
     vertex  1.731490e+02 -5.274294e+01  4.699009e+00
     vertex  1.728541e+02 -5.267108e+01  4.699009e+00
   endloop
 endfacet
 facet normal  0.000000e+00 -0.000000e+00 -1.000000e+00
   outer loop
     vertex  1.734916e+02 -5.152003e+01  4.699009e+00
     vertex  1.738635e+02 -5.163808e+01  4.699009e+00
     vertex  1.734383e+02 -5.283476e+01  4.699009e+00
   endloop
 endfacet
 facet normal  0.000000e+00 -0.000000e+00 -1.000000e+00
   outer loop
     vertex  9.078536e+01 -1.340043e+02  4.699009e+00
     vertex  9.102720e+01 -1.341877e+02  4.699009e+00
     vertex  9.029482e+01 -1.352253e+02  4.699009e+00
   endloop
 endfacet
 facet normal  0.000000e+00  0.000000e+00 -1.000000e+00
   outer loop
     vertex  9.078536e+01 -1.340043e+02  4.699009e+00
     vertex  9.029482e+01 -1.352253e+02  4.699009e+00
     vertex  8.998388e+01 -1.349895e+02  4.699009e+00
   endloop
 endfacet
 facet normal  0.000000e+00 -0.000000e+00 -1.000000e+00
   outer loop
     vertex  1.731125e+02 -5.142764e+01  4.699009e+00
     vertex  1.734916e+02 -5.152003e+01  4.699009e+00
     vertex  1.728541e+02 -5.267108e+01  4.699009e+00
   endloop
 endfacet
 facet normal  0.000000e+00 -0.000000e+00 -1.000000e+00
   outer loop
     vertex  9.055660e+01 -1.338048e+02  4.699009e+00
     vertex  9.078536e+01 -1.340043e+02  4.699009e+00
     vertex  8.998388e+01 -1.349895e+02  4.699009e+00
   endloop
 endfacet
 facet normal  0.000000e+00  0.000000e+00 -1.000000e+00
   outer loop
     vertex  9.055660e+01 -1.338048e+02  4.699009e+00
     vertex  8.998388e+01 -1.349895e+02  4.699009e+00
     vertex  8.968975e+01 -1.347330e+02  4.699009e+00
   endloop
 endfacet
 facet normal  0.000000e+00  0.000000e+00 -1.000000e+00
   outer loop
     vertex  1.727279e+02 -5.136133e+01  4.699009e+00
     vertex  1.731125e+02 -5.142764e+01  4.699009e+00
     vertex  1.728541e+02 -5.267108e+01  4.699009e+00
   endloop
 endfacet
 facet normal  0.000000e+00 -0.000000e+00 -1.000000e+00
   outer loop
     vertex  1.727279e+02 -5.136133e+01  4.699009e+00
     vertex  1.728541e+02 -5.267108e+01  4.699009e+00
     vertex  1.725550e+02 -5.261951e+01  4.699009e+00
   endloop
 endfacet
 facet normal  0.000000e+00  0.000000e+00 -1.000000e+00
   outer loop
     vertex  1.727279e+02 -5.136133e+01  4.699009e+00
     vertex  1.725550e+02 -5.261951e+01  4.699009e+00
     vertex  1.722530e+02 -5.258847e+01  4.699009e+00
   endloop
 endfacet
 facet normal  0.000000e+00  0.000000e+00 -1.000000e+00
   outer loop
     vertex  8.941382e+01 -1.344571e+02  4.699009e+00
     vertex  9.034198e+01 -1.335902e+02  4.699009e+00
     vertex  9.055660e+01 -1.338048e+02  4.699009e+00
   endloop
 endfacet
 facet normal  0.000000e+00  0.000000e+00 -1.000000e+00
   outer loop
     vertex  8.941382e+01 -1.344571e+02  4.699009e+00
     vertex  9.055660e+01 -1.338048e+02  4.699009e+00
     vertex  8.968975e+01 -1.347330e+02  4.699009e+00
   endloop
 endfacet
 facet normal  0.000000e+00 -0.000000e+00 -1.000000e+00
   outer loop
     vertex  1.723397e+02 -5.132143e+01  4.699009e+00
     vertex  1.727279e+02 -5.136133e+01  4.699009e+00
     vertex  1.722530e+02 -5.258847e+01  4.699009e+00
   endloop
 endfacet
 facet normal  0.000000e+00 -0.000000e+00 -1.000000e+00
   outer loop
     vertex  9.014251e+01 -1.333615e+02  4.699009e+00
     vertex  9.034198e+01 -1.335902e+02  4.699009e+00
     vertex  8.941382e+01 -1.344571e+02  4.699009e+00
   endloop
 endfacet
 facet normal  0.000000e+00  0.000000e+00 -1.000000e+00
   outer loop
     vertex  8.915735e+01 -1.341629e+02  4.699009e+00
     vertex  9.014251e+01 -1.333615e+02  4.699009e+00
     vertex  8.941382e+01 -1.344571e+02  4.699009e+00
   endloop
 endfacet
 facet normal  0.000000e+00  0.000000e+00 -1.000000e+00
   outer loop
     vertex  1.719497e+02 -5.130810e+01  4.699009e+00
     vertex  1.723397e+02 -5.132143e+01  4.699009e+00
     vertex  1.722530e+02 -5.258847e+01  4.699009e+00
   endloop
 endfacet
 facet normal  0.000000e+00  0.000000e+00 -1.000000e+00
   outer loop
     vertex  1.719497e+02 -5.130810e+01  4.699009e+00
     vertex  1.722530e+02 -5.258847e+01  4.699009e+00
     vertex  1.719497e+02 -5.257811e+01  4.699009e+00
   endloop
 endfacet
 facet normal  0.000000e+00 -0.000000e+00 -1.000000e+00
   outer loop
     vertex  8.995911e+01 -1.331196e+02  4.699009e+00
     vertex  9.014251e+01 -1.333615e+02  4.699009e+00
     vertex  8.915735e+01 -1.341629e+02  4.699009e+00
   endloop
 endfacet
 facet normal  0.000000e+00  0.000000e+00 -1.000000e+00
   outer loop
     vertex  8.892156e+01 -1.338520e+02  4.699009e+00
     vertex  8.995911e+01 -1.331196e+02  4.699009e+00
     vertex  8.915735e+01 -1.341629e+02  4.699009e+00
   endloop
 endfacet
 facet normal  0.000000e+00  0.000000e+00 -1.000000e+00
   outer loop
     vertex  8.870753e+01 -1.335257e+02  4.699009e+00
     vertex  8.964389e+01 -1.326013e+02  4.699009e+00
     vertex  8.979265e+01 -1.328658e+02  4.699009e+00
   endloop
 endfacet
 facet normal  0.000000e+00  0.000000e+00 -1.000000e+00
   outer loop
     vertex  8.870753e+01 -1.335257e+02  4.699009e+00
     vertex  8.979265e+01 -1.328658e+02  4.699009e+00
     vertex  8.995911e+01 -1.331196e+02  4.699009e+00
   endloop
 endfacet
 facet normal  0.000000e+00  0.000000e+00 -1.000000e+00
   outer loop
     vertex  8.870753e+01 -1.335257e+02  4.699009e+00
     vertex  8.995911e+01 -1.331196e+02  4.699009e+00
     vertex  8.892156e+01 -1.338520e+02  4.699009e+00
   endloop
 endfacet
 facet normal  0.000000e+00  0.000000e+00 -1.000000e+00
   outer loop
     vertex  8.851628e+01 -1.331855e+02  4.699009e+00
     vertex  8.964389e+01 -1.326013e+02  4.699009e+00
     vertex  8.870753e+01 -1.335257e+02  4.699009e+00
   endloop
 endfacet
 facet normal  0.000000e+00  0.000000e+00 -1.000000e+00
   outer loop
     vertex  8.834868e+01 -1.328331e+02  4.699009e+00
     vertex  8.940219e+01 -1.320448e+02  4.699009e+00
     vertex  8.951354e+01 -1.323272e+02  4.699009e+00
   endloop
 endfacet
 facet normal  0.000000e+00  0.000000e+00 -1.000000e+00
   outer loop
     vertex  8.834868e+01 -1.328331e+02  4.699009e+00
     vertex  8.951354e+01 -1.323272e+02  4.699009e+00
     vertex  8.964389e+01 -1.326013e+02  4.699009e+00
   endloop
 endfacet
 facet normal  0.000000e+00  0.000000e+00 -1.000000e+00
   outer loop
     vertex  8.834868e+01 -1.328331e+02  4.699009e+00
     vertex  8.964389e+01 -1.326013e+02  4.699009e+00
     vertex  8.851628e+01 -1.331855e+02  4.699009e+00
   endloop
 endfacet
 facet normal  0.000000e+00  0.000000e+00 -1.000000e+00
   outer loop
     vertex  8.820552e+01 -1.324701e+02  4.699009e+00
     vertex  8.940219e+01 -1.320448e+02  4.699009e+00
     vertex  8.834868e+01 -1.328331e+02  4.699009e+00
   endloop
 endfacet
 facet normal  0.000000e+00  0.000000e+00 -1.000000e+00
   outer loop
     vertex  8.808747e+01 -1.320982e+02  4.699009e+00
     vertex  8.923851e+01 -1.314606e+02  4.699009e+00
     vertex  8.931038e+01 -1.317555e+02  4.699009e+00
   endloop
 endfacet
 facet normal  0.000000e+00  0.000000e+00 -1.000000e+00
   outer loop
     vertex  8.808747e+01 -1.320982e+02  4.699009e+00
     vertex  8.931038e+01 -1.317555e+02  4.699009e+00
     vertex  8.940219e+01 -1.320448e+02  4.699009e+00
   endloop
 endfacet
 facet normal  0.000000e+00  0.000000e+00 -1.000000e+00
   outer loop
     vertex  8.808747e+01 -1.320982e+02  4.699009e+00
     vertex  8.940219e+01 -1.320448e+02  4.699009e+00
     vertex  8.820552e+01 -1.324701e+02  4.699009e+00
   endloop
 endfacet
 facet normal  0.000000e+00  0.000000e+00 -1.000000e+00
   outer loop
     vertex  8.799507e+01 -1.317190e+02  4.699009e+00
     vertex  8.923851e+01 -1.314606e+02  4.699009e+00
     vertex  8.808747e+01 -1.320982e+02  4.699009e+00
   endloop
 endfacet
 facet normal  0.000000e+00  0.000000e+00 -1.000000e+00
   outer loop
     vertex  8.792877e+01 -1.313345e+02  4.699009e+00
     vertex  8.915590e+01 -1.308596e+02  4.699009e+00
     vertex  8.918694e+01 -1.311615e+02  4.699009e+00
   endloop
 endfacet
 facet normal  0.000000e+00  0.000000e+00 -1.000000e+00
   outer loop
     vertex  8.792877e+01 -1.313345e+02  4.699009e+00
     vertex  8.918694e+01 -1.311615e+02  4.699009e+00
     vertex  8.923851e+01 -1.314606e+02  4.699009e+00
   endloop
 endfacet
 facet normal  0.000000e+00  0.000000e+00 -1.000000e+00
   outer loop
     vertex  8.792877e+01 -1.313345e+02  4.699009e+00
     vertex  8.923851e+01 -1.314606e+02  4.699009e+00
     vertex  8.799507e+01 -1.317190e+02  4.699009e+00
   endloop
 endfacet
 facet normal  0.000000e+00  0.000000e+00 -1.000000e+00
   outer loop
     vertex  8.788886e+01 -1.309463e+02  4.699009e+00
     vertex  8.915590e+01 -1.308596e+02  4.699009e+00
     vertex  8.792877e+01 -1.313345e+02  4.699009e+00
   endloop
 endfacet
 facet normal  0.000000e+00  0.000000e+00 -1.000000e+00
   outer loop
     vertex  8.787554e+01 -1.305563e+02  4.699009e+00
     vertex  8.914554e+01 -1.305563e+02  4.699009e+00
     vertex  8.915590e+01 -1.308596e+02  4.699009e+00
   endloop
 endfacet
 facet normal  0.000000e+00  0.000000e+00 -1.000000e+00
   outer loop
     vertex  8.787554e+01 -1.305563e+02  4.699009e+00
     vertex  8.915590e+01 -1.308596e+02  4.699009e+00
     vertex  8.788886e+01 -1.309463e+02  4.699009e+00
   endloop
 endfacet
 facet normal  0.000000e+00 -0.000000e+00 -1.000000e+00
   outer loop
     vertex  8.914554e+01 -5.702311e+01  4.699009e+00
     vertex  8.914554e+01 -1.305563e+02  4.699009e+00
     vertex  8.787554e+01 -1.305563e+02  4.699009e+00
   endloop
 endfacet
 facet normal  0.000000e+00  0.000000e+00 -1.000000e+00
   outer loop
     vertex  9.359055e+01 -5.130810e+01  4.699009e+00
     vertex  1.719497e+02 -5.130810e+01  4.699009e+00
     vertex  1.719497e+02 -5.257811e+01  4.699009e+00
   endloop
 endfacet
 facet normal  0.000000e+00  0.000000e+00 -1.000000e+00
   outer loop
     vertex  9.359055e+01 -5.130810e+01  4.699009e+00
     vertex  1.719497e+02 -5.257811e+01  4.699009e+00
     vertex  9.359055e+01 -5.257811e+01  4.699009e+00
   endloop
 endfacet
 facet normal  0.000000e+00  0.000000e+00 -1.000000e+00
   outer loop
     vertex  8.787554e+01 -5.702311e+01  4.699009e+00
     vertex  8.914554e+01 -5.702311e+01  4.699009e+00
     vertex  8.787554e+01 -1.305563e+02  4.699009e+00
   endloop
 endfacet
 facet normal  0.000000e+00  0.000000e+00 -1.000000e+00
   outer loop
     vertex  8.788886e+01 -5.663311e+01  4.699009e+00
     vertex  8.915590e+01 -5.671978e+01  4.699009e+00
     vertex  8.914554e+01 -5.702311e+01  4.699009e+00
   endloop
 endfacet
 facet normal  0.000000e+00 -0.000000e+00 -1.000000e+00
   outer loop
     vertex  8.788886e+01 -5.663311e+01  4.699009e+00
     vertex  8.914554e+01 -5.702311e+01  4.699009e+00
     vertex  8.787554e+01 -5.702311e+01  4.699009e+00
   endloop
 endfacet
 facet normal  0.000000e+00  0.000000e+00 -1.000000e+00
   outer loop
     vertex  9.320055e+01 -5.132143e+01  4.699009e+00
     vertex  9.359055e+01 -5.130810e+01  4.699009e+00
     vertex  9.359055e+01 -5.257811e+01  4.699009e+00
   endloop
 endfacet
 facet normal  0.000000e+00  0.000000e+00 -1.000000e+00
   outer loop
     vertex  9.320055e+01 -5.132143e+01  4.699009e+00
     vertex  9.359055e+01 -5.257811e+01  4.699009e+00
     vertex  9.328721e+01 -5.258847e+01  4.699009e+00
   endloop
 endfacet
 facet normal  0.000000e+00 -0.000000e+00 -1.000000e+00
   outer loop
     vertex  9.320055e+01 -5.132143e+01  4.699009e+00
     vertex  9.328721e+01 -5.258847e+01  4.699009e+00
     vertex  9.298529e+01 -5.261951e+01  4.699009e+00
   endloop
 endfacet
 facet normal  0.000000e+00 -0.000000e+00 -1.000000e+00
   outer loop
     vertex  8.792877e+01 -5.624492e+01  4.699009e+00
     vertex  8.915590e+01 -5.671978e+01  4.699009e+00
     vertex  8.788886e+01 -5.663311e+01  4.699009e+00
   endloop
 endfacet
 facet normal  0.000000e+00  0.000000e+00 -1.000000e+00
   outer loop
     vertex  8.792877e+01 -5.624492e+01  4.699009e+00
     vertex  8.918694e+01 -5.641785e+01  4.699009e+00
     vertex  8.915590e+01 -5.671978e+01  4.699009e+00
   endloop
 endfacet
 facet normal  0.000000e+00  0.000000e+00 -1.000000e+00
   outer loop
     vertex  9.281236e+01 -5.136133e+01  4.699009e+00
     vertex  9.320055e+01 -5.132143e+01  4.699009e+00
     vertex  9.298529e+01 -5.261951e+01  4.699009e+00
   endloop
 endfacet
 facet normal  0.000000e+00  0.000000e+00 -1.000000e+00
   outer loop
     vertex  9.242780e+01 -5.142764e+01  4.699009e+00
     vertex  9.298529e+01 -5.261951e+01  4.699009e+00
     vertex  9.268619e+01 -5.267108e+01  4.699009e+00
   endloop
 endfacet
 facet normal  0.000000e+00  0.000000e+00 -1.000000e+00
   outer loop
     vertex  9.242780e+01 -5.142764e+01  4.699009e+00
     vertex  9.281236e+01 -5.136133e+01  4.699009e+00
     vertex  9.298529e+01 -5.261951e+01  4.699009e+00
   endloop
 endfacet
 facet normal  0.000000e+00  0.000000e+00 -1.000000e+00
   outer loop
     vertex  8.799507e+01 -5.586036e+01  4.699009e+00
     vertex  8.931038e+01 -5.582386e+01  4.699009e+00
     vertex  8.923851e+01 -5.611875e+01  4.699009e+00
   endloop
 endfacet
 facet normal  0.000000e+00  0.000000e+00 -1.000000e+00
   outer loop
     vertex  8.799507e+01 -5.586036e+01  4.699009e+00
     vertex  8.923851e+01 -5.611875e+01  4.699009e+00
     vertex  8.918694e+01 -5.641785e+01  4.699009e+00
   endloop
 endfacet
 facet normal  0.000000e+00 -0.000000e+00 -1.000000e+00
   outer loop
     vertex  8.799507e+01 -5.586036e+01  4.699009e+00
     vertex  8.918694e+01 -5.641785e+01  4.699009e+00
     vertex  8.792877e+01 -5.624492e+01  4.699009e+00
   endloop
 endfacet
 facet normal  0.000000e+00 -0.000000e+00 -1.000000e+00
   outer loop
     vertex  8.808747e+01 -5.548122e+01  4.699009e+00
     vertex  8.931038e+01 -5.582386e+01  4.699009e+00
     vertex  8.799507e+01 -5.586036e+01  4.699009e+00
   endloop
 endfacet
 facet normal  0.000000e+00  0.000000e+00 -1.000000e+00
   outer loop
     vertex  9.204866e+01 -5.152003e+01  4.699009e+00
     vertex  9.268619e+01 -5.267108e+01  4.699009e+00
     vertex  9.239130e+01 -5.274294e+01  4.699009e+00
   endloop
 endfacet
 facet normal  0.000000e+00  0.000000e+00 -1.000000e+00
   outer loop
     vertex  9.204866e+01 -5.152003e+01  4.699009e+00
     vertex  9.239130e+01 -5.274294e+01  4.699009e+00
     vertex  9.210201e+01 -5.283476e+01  4.699009e+00
   endloop
 endfacet
 facet normal  0.000000e+00  0.000000e+00 -1.000000e+00
   outer loop
     vertex  9.204866e+01 -5.152003e+01  4.699009e+00
     vertex  9.242780e+01 -5.142764e+01  4.699009e+00
     vertex  9.268619e+01 -5.267108e+01  4.699009e+00
   endloop
 endfacet
 facet normal  0.000000e+00 -0.000000e+00 -1.000000e+00
   outer loop
     vertex  8.820552e+01 -5.510927e+01  4.699009e+00
     vertex  8.931038e+01 -5.582386e+01  4.699009e+00
     vertex  8.808747e+01 -5.548122e+01  4.699009e+00
   endloop
 endfacet
 facet normal  0.000000e+00  0.000000e+00 -1.000000e+00
   outer loop
     vertex  8.820552e+01 -5.510927e+01  4.699009e+00
     vertex  8.951354e+01 -5.525222e+01  4.699009e+00
     vertex  8.940219e+01 -5.553457e+01  4.699009e+00
   endloop
 endfacet
 facet normal  0.000000e+00  0.000000e+00 -1.000000e+00
   outer loop
     vertex  8.820552e+01 -5.510927e+01  4.699009e+00
     vertex  8.940219e+01 -5.553457e+01  4.699009e+00
     vertex  8.931038e+01 -5.582386e+01  4.699009e+00
   endloop
 endfacet
 facet normal  0.000000e+00  0.000000e+00 -1.000000e+00
   outer loop
     vertex  9.167671e+01 -5.163808e+01  4.699009e+00
     vertex  9.210201e+01 -5.283476e+01  4.699009e+00
     vertex  9.181965e+01 -5.294610e+01  4.699009e+00
   endloop
 endfacet
 facet normal  0.000000e+00  0.000000e+00 -1.000000e+00
   outer loop
     vertex  9.167671e+01 -5.163808e+01  4.699009e+00
     vertex  9.204866e+01 -5.152003e+01  4.699009e+00
     vertex  9.210201e+01 -5.283476e+01  4.699009e+00
   endloop
 endfacet
 facet normal  0.000000e+00 -0.000000e+00 -1.000000e+00
   outer loop
     vertex  8.834868e+01 -5.474625e+01  4.699009e+00
     vertex  8.951354e+01 -5.525222e+01  4.699009e+00
     vertex  8.820552e+01 -5.510927e+01  4.699009e+00
   endloop
 endfacet
 facet normal  0.000000e+00  0.000000e+00 -1.000000e+00
   outer loop
     vertex  9.131368e+01 -5.178124e+01  4.699009e+00
     vertex  9.167671e+01 -5.163808e+01  4.699009e+00
     vertex  9.181965e+01 -5.294610e+01  4.699009e+00
   endloop
 endfacet
 facet normal  0.000000e+00 -0.000000e+00 -1.000000e+00
   outer loop
     vertex  8.851628e+01 -5.439384e+01  4.699009e+00
     vertex  8.951354e+01 -5.525222e+01  4.699009e+00
     vertex  8.834868e+01 -5.474625e+01  4.699009e+00
   endloop
 endfacet
 facet normal  0.000000e+00  0.000000e+00 -1.000000e+00
   outer loop
     vertex  8.851628e+01 -5.439384e+01  4.699009e+00
     vertex  8.964389e+01 -5.497812e+01  4.699009e+00
     vertex  8.951354e+01 -5.525222e+01  4.699009e+00
   endloop
 endfacet
 facet normal  0.000000e+00  0.000000e+00 -1.000000e+00
   outer loop
     vertex  9.096127e+01 -5.194884e+01  4.699009e+00
     vertex  9.181965e+01 -5.294610e+01  4.699009e+00
     vertex  9.154556e+01 -5.307646e+01  4.699009e+00
   endloop
 endfacet
 facet normal  0.000000e+00  0.000000e+00 -1.000000e+00
   outer loop
     vertex  9.096127e+01 -5.194884e+01  4.699009e+00
     vertex  9.131368e+01 -5.178124e+01  4.699009e+00
     vertex  9.181965e+01 -5.294610e+01  4.699009e+00
   endloop
 endfacet
 facet normal  0.000000e+00  0.000000e+00 -1.000000e+00
   outer loop
     vertex  9.062112e+01 -5.214010e+01  4.699009e+00
     vertex  9.154556e+01 -5.307646e+01  4.699009e+00
     vertex  9.128100e+01 -5.322521e+01  4.699009e+00
   endloop
 endfacet
 facet normal  0.000000e+00  0.000000e+00 -1.000000e+00
   outer loop
     vertex  9.062112e+01 -5.214010e+01  4.699009e+00
     vertex  9.096127e+01 -5.194884e+01  4.699009e+00
     vertex  9.154556e+01 -5.307646e+01  4.699009e+00
   endloop
 endfacet
 facet normal  0.000000e+00  0.000000e+00 -1.000000e+00
   outer loop
     vertex  8.870753e+01 -5.405369e+01  4.699009e+00
     vertex  8.995911e+01 -5.445976e+01  4.699009e+00
     vertex  8.979265e+01 -5.471356e+01  4.699009e+00
   endloop
 endfacet
 facet normal  0.000000e+00  0.000000e+00 -1.000000e+00
   outer loop
     vertex  8.870753e+01 -5.405369e+01  4.699009e+00
     vertex  8.979265e+01 -5.471356e+01  4.699009e+00
     vertex  8.964389e+01 -5.497812e+01  4.699009e+00
   endloop
 endfacet
 facet normal  0.000000e+00 -0.000000e+00 -1.000000e+00
   outer loop
     vertex  8.870753e+01 -5.405369e+01  4.699009e+00
     vertex  8.964389e+01 -5.497812e+01  4.699009e+00
     vertex  8.851628e+01 -5.439384e+01  4.699009e+00
   endloop
 endfacet
 facet normal  0.000000e+00  0.000000e+00 -1.000000e+00
   outer loop
     vertex  9.029482e+01 -5.235412e+01  4.699009e+00
     vertex  9.128100e+01 -5.322521e+01  4.699009e+00
     vertex  9.102720e+01 -5.339168e+01  4.699009e+00
   endloop
 endfacet
 facet normal  0.000000e+00  0.000000e+00 -1.000000e+00
   outer loop
     vertex  9.029482e+01 -5.235412e+01  4.699009e+00
     vertex  9.062112e+01 -5.214010e+01  4.699009e+00
     vertex  9.128100e+01 -5.322521e+01  4.699009e+00
   endloop
 endfacet
 facet normal  0.000000e+00 -0.000000e+00 -1.000000e+00
   outer loop
     vertex  8.892156e+01 -5.372738e+01  4.699009e+00
     vertex  8.995911e+01 -5.445976e+01  4.699009e+00
     vertex  8.870753e+01 -5.405369e+01  4.699009e+00
   endloop
 endfacet
 facet normal  0.000000e+00  0.000000e+00 -1.000000e+00
   outer loop
     vertex  8.998388e+01 -5.258992e+01  4.699009e+00
     vertex  9.102720e+01 -5.339168e+01  4.699009e+00
     vertex  9.078536e+01 -5.357507e+01  4.699009e+00
   endloop
 endfacet
 facet normal  0.000000e+00  0.000000e+00 -1.000000e+00
   outer loop
     vertex  8.998388e+01 -5.258992e+01  4.699009e+00
     vertex  9.029482e+01 -5.235412e+01  4.699009e+00
     vertex  9.102720e+01 -5.339168e+01  4.699009e+00
   endloop
 endfacet
 facet normal  0.000000e+00  0.000000e+00 -1.000000e+00
   outer loop
     vertex  8.915735e+01 -5.341644e+01  4.699009e+00
     vertex  9.014251e+01 -5.421792e+01  4.699009e+00
     vertex  8.995911e+01 -5.445976e+01  4.699009e+00
   endloop
 endfacet
 facet normal  0.000000e+00 -0.000000e+00 -1.000000e+00
   outer loop
     vertex  8.915735e+01 -5.341644e+01  4.699009e+00
     vertex  8.995911e+01 -5.445976e+01  4.699009e+00
     vertex  8.892156e+01 -5.372738e+01  4.699009e+00
   endloop
 endfacet
 facet normal  0.000000e+00  0.000000e+00 -1.000000e+00
   outer loop
     vertex  8.968975e+01 -5.284638e+01  4.699009e+00
     vertex  9.078536e+01 -5.357507e+01  4.699009e+00
     vertex  9.055660e+01 -5.377454e+01  4.699009e+00
   endloop
 endfacet
 facet normal  0.000000e+00  0.000000e+00 -1.000000e+00
   outer loop
     vertex  8.968975e+01 -5.284638e+01  4.699009e+00
     vertex  9.055660e+01 -5.377454e+01  4.699009e+00
     vertex  9.034198e+01 -5.398916e+01  4.699009e+00
   endloop
 endfacet
 facet normal  0.000000e+00  0.000000e+00 -1.000000e+00
   outer loop
     vertex  8.968975e+01 -5.284638e+01  4.699009e+00
     vertex  8.998388e+01 -5.258992e+01  4.699009e+00
     vertex  9.078536e+01 -5.357507e+01  4.699009e+00
   endloop
 endfacet
 facet normal  0.000000e+00  0.000000e+00 -1.000000e+00
   outer loop
     vertex  8.941382e+01 -5.312232e+01  4.699009e+00
     vertex  9.034198e+01 -5.398916e+01  4.699009e+00
     vertex  9.014251e+01 -5.421792e+01  4.699009e+00
   endloop
 endfacet
 facet normal  0.000000e+00 -0.000000e+00 -1.000000e+00
   outer loop
     vertex  8.941382e+01 -5.312232e+01  4.699009e+00
     vertex  9.014251e+01 -5.421792e+01  4.699009e+00
     vertex  8.915735e+01 -5.341644e+01  4.699009e+00
   endloop
 endfacet
 facet normal  0.000000e+00  0.000000e+00 -1.000000e+00
   outer loop
     vertex  8.941382e+01 -5.312232e+01  4.699009e+00
     vertex  8.968975e+01 -5.284638e+01  4.699009e+00
     vertex  9.034198e+01 -5.398916e+01  4.699009e+00
   endloop
 endfacet
 facet normal  0.000000e+00  0.000000e+00  1.000000e+00
   outer loop
     vertex  1.755564e+02 -1.349895e+02  1.524003e+01
     vertex  1.761264e+02 -1.344571e+02  1.524003e+01
     vertex  1.763829e+02 -1.341629e+02  1.524003e+01
   endloop
 endfacet
 facet normal  0.000000e+00  0.000000e+00  1.000000e+00
   outer loop
     vertex  1.755564e+02 -1.349895e+02  1.524003e+01
     vertex  1.758505e+02 -1.347330e+02  1.524003e+01
     vertex  1.761264e+02 -1.344571e+02  1.524003e+01
   endloop
 endfacet
 facet normal  0.000000e+00  0.000000e+00  1.000000e+00
   outer loop
     vertex  1.766187e+02 -1.338520e+02  1.524003e+01
     vertex  1.755564e+02 -1.349895e+02  1.524003e+01
     vertex  1.763829e+02 -1.341629e+02  1.524003e+01
   endloop
 endfacet
 facet normal  0.000000e+00  0.000000e+00  1.000000e+00
   outer loop
     vertex  1.749191e+02 -1.354393e+02  1.524003e+01
     vertex  1.752454e+02 -1.352253e+02  1.524003e+01
     vertex  1.755564e+02 -1.349895e+02  1.524003e+01
   endloop
 endfacet
 facet normal  0.000000e+00  0.000000e+00  1.000000e+00
   outer loop
     vertex  1.770240e+02 -1.331855e+02  1.524003e+01
     vertex  1.766187e+02 -1.338520e+02  1.524003e+01
     vertex  1.768327e+02 -1.335257e+02  1.524003e+01
   endloop
 endfacet
 facet normal  0.000000e+00  0.000000e+00  1.000000e+00
   outer loop
     vertex  1.745790e+02 -1.356305e+02  1.524003e+01
     vertex  1.755564e+02 -1.349895e+02  1.524003e+01
     vertex  1.766187e+02 -1.338520e+02  1.524003e+01
   endloop
 endfacet
 facet normal  0.000000e+00  0.000000e+00  1.000000e+00
   outer loop
     vertex  1.745790e+02 -1.356305e+02  1.524003e+01
     vertex  1.749191e+02 -1.354393e+02  1.524003e+01
     vertex  1.755564e+02 -1.349895e+02  1.524003e+01
   endloop
 endfacet
 facet normal  0.000000e+00  0.000000e+00  1.000000e+00
   outer loop
     vertex  1.773347e+02 -1.324701e+02  1.524003e+01
     vertex  1.766187e+02 -1.338520e+02  1.524003e+01
     vertex  1.770240e+02 -1.331855e+02  1.524003e+01
   endloop
 endfacet
 facet normal  0.000000e+00  0.000000e+00  1.000000e+00
   outer loop
     vertex  1.773347e+02 -1.324701e+02  1.524003e+01
     vertex  1.770240e+02 -1.331855e+02  1.524003e+01
     vertex  1.771916e+02 -1.328331e+02  1.524003e+01
   endloop
 endfacet
 facet normal  0.000000e+00  0.000000e+00  1.000000e+00
   outer loop
     vertex  1.738635e+02 -1.359413e+02  1.524003e+01
     vertex  1.742266e+02 -1.357981e+02  1.524003e+01
     vertex  1.745790e+02 -1.356305e+02  1.524003e+01
   endloop
 endfacet
 facet normal  0.000000e+00  0.000000e+00  1.000000e+00
   outer loop
     vertex  1.775452e+02 -1.317190e+02  1.524003e+01
     vertex  1.766187e+02 -1.338520e+02  1.524003e+01
     vertex  1.773347e+02 -1.324701e+02  1.524003e+01
   endloop
 endfacet
 facet normal  0.000000e+00  0.000000e+00  1.000000e+00
   outer loop
     vertex  1.775452e+02 -1.317190e+02  1.524003e+01
     vertex  1.773347e+02 -1.324701e+02  1.524003e+01
     vertex  1.774528e+02 -1.320982e+02  1.524003e+01
   endloop
 endfacet
 facet normal  0.000000e+00  0.000000e+00  1.000000e+00
   outer loop
     vertex  1.731125e+02 -1.361517e+02  1.524003e+01
     vertex  1.738635e+02 -1.359413e+02  1.524003e+01
     vertex  1.745790e+02 -1.356305e+02  1.524003e+01
   endloop
 endfacet
 facet normal  0.000000e+00  0.000000e+00  1.000000e+00
   outer loop
     vertex  1.731125e+02 -1.361517e+02  1.524003e+01
     vertex  1.766187e+02 -1.338520e+02  1.524003e+01
     vertex  1.775452e+02 -1.317190e+02  1.524003e+01
   endloop
 endfacet
 facet normal  0.000000e+00  0.000000e+00  1.000000e+00
   outer loop
     vertex  1.731125e+02 -1.361517e+02  1.524003e+01
     vertex  1.734916e+02 -1.360593e+02  1.524003e+01
     vertex  1.738635e+02 -1.359413e+02  1.524003e+01
   endloop
 endfacet
 facet normal  0.000000e+00  0.000000e+00  1.000000e+00
   outer loop
     vertex  1.731125e+02 -1.361517e+02  1.524003e+01
     vertex  1.745790e+02 -1.356305e+02  1.524003e+01
     vertex  1.766187e+02 -1.338520e+02  1.524003e+01
   endloop
 endfacet
 facet normal  0.000000e+00  0.000000e+00  1.000000e+00
   outer loop
     vertex  1.776514e+02 -1.309463e+02  1.524003e+01
     vertex  1.775452e+02 -1.317190e+02  1.524003e+01
     vertex  1.776115e+02 -1.313345e+02  1.524003e+01
   endloop
 endfacet
 facet normal  0.000000e+00  0.000000e+00  1.000000e+00
   outer loop
     vertex  1.723397e+02 -1.362579e+02  1.524003e+01
     vertex  1.727279e+02 -1.362180e+02  1.524003e+01
     vertex  1.731125e+02 -1.361517e+02  1.524003e+01
   endloop
 endfacet
 facet normal  0.000000e+00  0.000000e+00  1.000000e+00
   outer loop
     vertex  1.776647e+02 -1.305563e+02  1.524003e+01
     vertex  1.775452e+02 -1.317190e+02  1.524003e+01
     vertex  1.776514e+02 -1.309463e+02  1.524003e+01
   endloop
 endfacet
 facet normal  0.000000e+00  0.000000e+00  1.000000e+00
   outer loop
     vertex  1.719497e+02 -1.362713e+02  1.524003e+01
     vertex  1.731125e+02 -1.361517e+02  1.524003e+01
     vertex  1.775452e+02 -1.317190e+02  1.524003e+01
   endloop
 endfacet
 facet normal  0.000000e+00  0.000000e+00  1.000000e+00
   outer loop
     vertex  1.719497e+02 -1.362713e+02  1.524003e+01
     vertex  1.723397e+02 -1.362579e+02  1.524003e+01
     vertex  1.731125e+02 -1.361517e+02  1.524003e+01
   endloop
 endfacet
 facet normal  0.000000e+00  0.000000e+00  1.000000e+00
   outer loop
     vertex  1.719497e+02 -1.362713e+02  1.524003e+01
     vertex  1.775452e+02 -1.317190e+02  1.524003e+01
     vertex  1.776647e+02 -1.305563e+02  1.524003e+01
   endloop
 endfacet
 facet normal  0.000000e+00  0.000000e+00  1.000000e+00
   outer loop
     vertex  1.613503e+02 -1.219802e+02  1.524003e+01
     vertex  1.719497e+02 -1.362713e+02  1.524003e+01
     vertex  1.776647e+02 -1.305563e+02  1.524003e+01
   endloop
 endfacet
 facet normal  0.000000e+00  0.000000e+00  1.000000e+00
   outer loop
     vertex  1.613503e+02 -8.388017e+01  1.524003e+01
     vertex  1.613503e+02 -1.219802e+02  1.524003e+01
     vertex  1.776647e+02 -1.305563e+02  1.524003e+01
   endloop
 endfacet
 facet normal  0.000000e+00  0.000000e+00  1.000000e+00
   outer loop
     vertex  1.776647e+02 -5.702311e+01  1.524003e+01
     vertex  1.613503e+02 -8.388017e+01  1.524003e+01
     vertex  1.776647e+02 -1.305563e+02  1.524003e+01
   endloop
 endfacet
 facet normal  0.000000e+00  0.000000e+00  1.000000e+00
   outer loop
     vertex  1.775452e+02 -5.586036e+01  1.524003e+01
     vertex  1.776514e+02 -5.663311e+01  1.524003e+01
     vertex  1.776115e+02 -5.624492e+01  1.524003e+01
   endloop
 endfacet
 facet normal  0.000000e+00  0.000000e+00  1.000000e+00
   outer loop
     vertex  1.774528e+02 -5.548122e+01  1.524003e+01
     vertex  1.776514e+02 -5.663311e+01  1.524003e+01
     vertex  1.775452e+02 -5.586036e+01  1.524003e+01
   endloop
 endfacet
 facet normal  0.000000e+00  0.000000e+00  1.000000e+00
   outer loop
     vertex  1.774528e+02 -5.548122e+01  1.524003e+01
     vertex  1.776647e+02 -5.702311e+01  1.524003e+01
     vertex  1.776514e+02 -5.663311e+01  1.524003e+01
   endloop
 endfacet
 facet normal  0.000000e+00  0.000000e+00  1.000000e+00
   outer loop
     vertex  1.773347e+02 -5.510927e+01  1.524003e+01
     vertex  1.776647e+02 -5.702311e+01  1.524003e+01
     vertex  1.774528e+02 -5.548122e+01  1.524003e+01
   endloop
 endfacet
 facet normal  0.000000e+00  0.000000e+00  1.000000e+00
   outer loop
     vertex  1.770240e+02 -5.439384e+01  1.524003e+01
     vertex  1.776647e+02 -5.702311e+01  1.524003e+01
     vertex  1.773347e+02 -5.510927e+01  1.524003e+01
   endloop
 endfacet
 facet normal  0.000000e+00  0.000000e+00  1.000000e+00
   outer loop
     vertex  1.770240e+02 -5.439384e+01  1.524003e+01
     vertex  1.773347e+02 -5.510927e+01  1.524003e+01
     vertex  1.771916e+02 -5.474625e+01  1.524003e+01
   endloop
 endfacet
 facet normal  0.000000e+00  0.000000e+00  1.000000e+00
   outer loop
     vertex  1.763829e+02 -5.341644e+01  1.524003e+01
     vertex  1.768327e+02 -5.405369e+01  1.524003e+01
     vertex  1.766187e+02 -5.372738e+01  1.524003e+01
   endloop
 endfacet
 facet normal  0.000000e+00  0.000000e+00  1.000000e+00
   outer loop
     vertex  1.763829e+02 -5.341644e+01  1.524003e+01
     vertex  1.770240e+02 -5.439384e+01  1.524003e+01
     vertex  1.768327e+02 -5.405369e+01  1.524003e+01
   endloop
 endfacet
 facet normal  0.000000e+00  0.000000e+00  1.000000e+00
   outer loop
     vertex  1.563373e+02 -7.280095e+01  1.524003e+01
     vertex  1.559978e+02 -7.315729e+01  1.524003e+01
     vertex  1.613503e+02 -8.388017e+01  1.524003e+01
   endloop
 endfacet
 facet normal -0.000000e+00  0.000000e+00  1.000000e+00
   outer loop
     vertex  1.556303e+02 -7.348575e+01  1.524003e+01
     vertex  1.613503e+02 -8.388017e+01  1.524003e+01
     vertex  1.559978e+02 -7.315729e+01  1.524003e+01
   endloop
 endfacet
 facet normal  3.685485e-15  1.667589e-15  1.000000e+00
   outer loop
     vertex  1.566465e+02 -7.241915e+01  1.524003e+01
     vertex  1.563373e+02 -7.280095e+01  1.524003e+01
     vertex  1.613503e+02 -8.388017e+01  1.524003e+01
   endloop
 endfacet
 facet normal  0.000000e+00  0.000000e+00  1.000000e+00
   outer loop
     vertex  9.281236e+01 -1.362180e+02  1.524003e+01
     vertex  9.320055e+01 -1.362579e+02  1.524003e+01
     vertex  9.359055e+01 -1.362713e+02  1.524003e+01
   endloop
 endfacet
 facet normal -0.000000e+00  0.000000e+00  1.000000e+00
   outer loop
     vertex  1.552368e+02 -7.378405e+01  1.524003e+01
     vertex  1.613503e+02 -8.388017e+01  1.524003e+01
     vertex  1.556303e+02 -7.348575e+01  1.524003e+01
   endloop
 endfacet
 facet normal -1.414853e-16  9.692279e-17  1.000000e+00
   outer loop
     vertex  1.569237e+02 -7.201449e+01  1.524003e+01
     vertex  1.566465e+02 -7.241915e+01  1.524003e+01
     vertex  1.613503e+02 -8.388017e+01  1.524003e+01
   endloop
 endfacet
 facet normal -0.000000e+00  0.000000e+00  1.000000e+00
   outer loop
     vertex  1.548200e+02 -7.405010e+01  1.524003e+01
     vertex  1.613503e+02 -8.388017e+01  1.524003e+01
     vertex  1.552368e+02 -7.378405e+01  1.524003e+01
   endloop
 endfacet
 facet normal -4.576573e-15 -1.557638e-15  1.000000e+00
   outer loop
     vertex  1.571673e+02 -7.158968e+01  1.524003e+01
     vertex  1.569237e+02 -7.201449e+01  1.524003e+01
     vertex  1.613503e+02 -8.388017e+01  1.524003e+01
   endloop
 endfacet
 facet normal  0.000000e+00  0.000000e+00  1.000000e+00
   outer loop
     vertex  1.758505e+02 -5.284638e+01  1.524003e+01
     vertex  1.770240e+02 -5.439384e+01  1.524003e+01
     vertex  1.763829e+02 -5.341644e+01  1.524003e+01
   endloop
 endfacet
 facet normal  0.000000e+00  0.000000e+00  1.000000e+00
   outer loop
     vertex  1.758505e+02 -5.284638e+01  1.524003e+01
     vertex  1.763829e+02 -5.341644e+01  1.524003e+01
     vertex  1.761264e+02 -5.312232e+01  1.524003e+01
   endloop
 endfacet
 facet normal -0.000000e+00  0.000000e+00  1.000000e+00
   outer loop
     vertex  1.544269e+02 -7.426037e+01  1.524003e+01
     vertex  1.613503e+02 -8.388017e+01  1.524003e+01
     vertex  1.548200e+02 -7.405010e+01  1.524003e+01
   endloop
 endfacet
 facet normal -4.948083e-15 -1.684081e-15  1.000000e+00
   outer loop
     vertex  1.573758e+02 -7.114755e+01  1.524003e+01
     vertex  1.571673e+02 -7.158968e+01  1.524003e+01
     vertex  1.613503e+02 -8.388017e+01  1.524003e+01
   endloop
 endfacet
 facet normal -0.000000e+00  0.000000e+00  1.000000e+00
   outer loop
     vertex  1.540191e+02 -7.444172e+01  1.524003e+01
     vertex  1.613503e+02 -8.388017e+01  1.524003e+01
     vertex  1.544269e+02 -7.426037e+01  1.524003e+01
   endloop
 endfacet
 facet normal  5.844397e-15  1.684846e-15  1.000000e+00
   outer loop
     vertex  1.575481e+02 -7.069100e+01  1.524003e+01
     vertex  1.573758e+02 -7.114755e+01  1.524003e+01
     vertex  1.613503e+02 -8.388017e+01  1.524003e+01
   endloop
 endfacet
 facet normal -0.000000e+00  0.000000e+00  1.000000e+00
   outer loop
     vertex  1.535986e+02 -7.459308e+01  1.524003e+01
     vertex  1.613503e+02 -8.388017e+01  1.524003e+01
     vertex  1.540191e+02 -7.444172e+01  1.524003e+01
   endloop
 endfacet
 facet normal  0.000000e+00  0.000000e+00  1.000000e+00
   outer loop
     vertex  1.755564e+02 -5.258992e+01  1.524003e+01
     vertex  1.770240e+02 -5.439384e+01  1.524003e+01
     vertex  1.758505e+02 -5.284638e+01  1.524003e+01
   endloop
 endfacet
 facet normal  0.000000e+00  0.000000e+00  1.000000e+00
   outer loop
     vertex  9.204866e+01 -1.360593e+02  1.524003e+01
     vertex  9.242780e+01 -1.361517e+02  1.524003e+01
     vertex  9.281236e+01 -1.362180e+02  1.524003e+01
   endloop
 endfacet
 facet normal  6.575787e-15  1.895694e-15  1.000000e+00
   outer loop
     vertex  1.576833e+02 -7.022303e+01  1.524003e+01
     vertex  1.575481e+02 -7.069100e+01  1.524003e+01
     vertex  1.613503e+02 -8.388017e+01  1.524003e+01
   endloop
 endfacet
 facet normal -0.000000e+00  0.000000e+00  1.000000e+00
   outer loop
     vertex  1.531675e+02 -7.471351e+01  1.524003e+01
     vertex  1.613503e+02 -8.388017e+01  1.524003e+01
     vertex  1.535986e+02 -7.459308e+01  1.524003e+01
   endloop
 endfacet
 facet normal  0.000000e+00  0.000000e+00  1.000000e+00
   outer loop
     vertex  9.167671e+01 -1.359413e+02  1.524003e+01
     vertex  9.281236e+01 -1.362180e+02  1.524003e+01
     vertex  9.359055e+01 -1.362713e+02  1.524003e+01
   endloop
 endfacet
 facet normal  0.000000e+00  0.000000e+00  1.000000e+00
   outer loop
     vertex  9.167671e+01 -1.359413e+02  1.524003e+01
     vertex  9.204866e+01 -1.360593e+02  1.524003e+01
     vertex  9.281236e+01 -1.362180e+02  1.524003e+01
   endloop
 endfacet
 facet normal  0.000000e+00  0.000000e+00  1.000000e+00
   outer loop
     vertex  1.752454e+02 -5.235412e+01  1.524003e+01
     vertex  1.770240e+02 -5.439384e+01  1.524003e+01
     vertex  1.755564e+02 -5.258992e+01  1.524003e+01
   endloop
 endfacet
 facet normal -0.000000e+00  0.000000e+00  1.000000e+00
   outer loop
     vertex  1.527282e+02 -7.480224e+01  1.524003e+01
     vertex  1.613503e+02 -8.388017e+01  1.524003e+01
     vertex  1.531675e+02 -7.471351e+01  1.524003e+01
   endloop
 endfacet
 facet normal -1.461426e-16  8.877477e-17  1.000000e+00
   outer loop
     vertex  1.577808e+02 -6.974668e+01  1.524003e+01
     vertex  1.613503e+02 -8.388017e+01  1.524003e+01
     vertex  1.776647e+02 -5.702311e+01  1.524003e+01
   endloop
 endfacet
 facet normal -2.749145e-16  5.625240e-17  1.000000e+00
   outer loop
     vertex  1.577808e+02 -6.974668e+01  1.524003e+01
     vertex  1.576833e+02 -7.022303e+01  1.524003e+01
     vertex  1.613503e+02 -8.388017e+01  1.524003e+01
   endloop
 endfacet
 facet normal -0.000000e+00  0.000000e+00  1.000000e+00
   outer loop
     vertex  1.522830e+02 -7.485868e+01  1.524003e+01
     vertex  1.613503e+02 -8.388017e+01  1.524003e+01
     vertex  1.527282e+02 -7.480224e+01  1.524003e+01
   endloop
 endfacet
 facet normal  0.000000e+00  0.000000e+00  1.000000e+00
   outer loop
     vertex  9.131368e+01 -1.357981e+02  1.524003e+01
     vertex  9.167671e+01 -1.359413e+02  1.524003e+01
     vertex  9.359055e+01 -1.362713e+02  1.524003e+01
   endloop
 endfacet
 facet normal -9.697664e-17  1.193998e-17  1.000000e+00
   outer loop
     vertex  1.578401e+02 -6.926502e+01  1.524003e+01
     vertex  1.577808e+02 -6.974668e+01  1.524003e+01
     vertex  1.776647e+02 -5.702311e+01  1.524003e+01
   endloop
 endfacet
 facet normal -9.317087e-17  5.776895e-18  1.000000e+00
   outer loop
     vertex  1.578560e+02 -6.900880e+01  1.524003e+01
     vertex  1.578401e+02 -6.926502e+01  1.524003e+01
     vertex  1.776647e+02 -5.702311e+01  1.524003e+01
   endloop
 endfacet
 facet normal -0.000000e+00  0.000000e+00  1.000000e+00
   outer loop
     vertex  1.518342e+02 -7.488237e+01  1.524003e+01
     vertex  1.613503e+02 -8.388017e+01  1.524003e+01
     vertex  1.522830e+02 -7.485868e+01  1.524003e+01
   endloop
 endfacet
 facet normal  4.247422e-15 -7.167915e-15  1.000000e+00
   outer loop
     vertex  1.578611e+02 -6.875794e+01  1.524003e+01
     vertex  1.578560e+02 -6.900880e+01  1.524003e+01
     vertex  1.776647e+02 -5.702311e+01  1.524003e+01
   endloop
 endfacet
 facet normal  0.000000e+00  0.000000e+00  1.000000e+00
   outer loop
     vertex  9.096127e+01 -1.356305e+02  1.524003e+01
     vertex  9.131368e+01 -1.357981e+02  1.524003e+01
     vertex  9.359055e+01 -1.362713e+02  1.524003e+01
   endloop
 endfacet
 facet normal  0.000000e+00  0.000000e+00  1.000000e+00
   outer loop
     vertex  1.745790e+02 -5.194884e+01  1.524003e+01
     vertex  1.770240e+02 -5.439384e+01  1.524003e+01
     vertex  1.752454e+02 -5.235412e+01  1.524003e+01
   endloop
 endfacet
 facet normal  0.000000e+00  0.000000e+00  1.000000e+00
   outer loop
     vertex  1.745790e+02 -5.194884e+01  1.524003e+01
     vertex  1.752454e+02 -5.235412e+01  1.524003e+01
     vertex  1.749191e+02 -5.214010e+01  1.524003e+01
   endloop
 endfacet
 facet normal  0.000000e+00  0.000000e+00  1.000000e+00
   outer loop
     vertex  1.513842e+02 -7.487306e+01  1.524003e+01
     vertex  1.613503e+02 -8.388017e+01  1.524003e+01
     vertex  1.518342e+02 -7.488237e+01  1.524003e+01
   endloop
 endfacet
 facet normal -0.000000e+00  0.000000e+00  1.000000e+00
   outer loop
     vertex  1.042002e+02 -1.219802e+02  1.524003e+01
     vertex  1.719497e+02 -1.362713e+02  1.524003e+01
     vertex  1.613503e+02 -1.219802e+02  1.524003e+01
   endloop
 endfacet
 facet normal  0.000000e+00  0.000000e+00  1.000000e+00
   outer loop
     vertex  1.042002e+02 -1.219802e+02  1.524003e+01
     vertex  9.359055e+01 -1.362713e+02  1.524003e+01
     vertex  1.719497e+02 -1.362713e+02  1.524003e+01
   endloop
 endfacet
 facet normal  2.266510e-15 -3.824943e-15  1.000000e+00
   outer loop
     vertex  1.578442e+02 -6.830353e+01  1.524003e+01
     vertex  1.578611e+02 -6.875794e+01  1.524003e+01
     vertex  1.776647e+02 -5.702311e+01  1.524003e+01
   endloop
 endfacet
 facet normal  0.000000e+00  0.000000e+00  1.000000e+00
   outer loop
     vertex  9.062112e+01 -1.354393e+02  1.524003e+01
     vertex  9.096127e+01 -1.356305e+02  1.524003e+01
     vertex  9.359055e+01 -1.362713e+02  1.524003e+01
   endloop
 endfacet
 facet normal  4.420856e-15  4.891542e-15  1.000000e+00
   outer loop
     vertex  1.509355e+02 -7.483064e+01  1.524003e+01
     vertex  1.613503e+02 -8.388017e+01  1.524003e+01
     vertex  1.513842e+02 -7.487306e+01  1.524003e+01
   endloop
 endfacet
 facet normal -1.935227e-15  3.557802e-15  1.000000e+00
   outer loop
     vertex  1.577909e+02 -6.783324e+01  1.524003e+01
     vertex  1.578442e+02 -6.830353e+01  1.524003e+01
     vertex  1.776647e+02 -5.702311e+01  1.524003e+01
   endloop
 endfacet
 facet normal  0.000000e+00  0.000000e+00  1.000000e+00
   outer loop
     vertex  9.029482e+01 -1.352253e+02  1.524003e+01
     vertex  9.062112e+01 -1.354393e+02  1.524003e+01
     vertex  9.359055e+01 -1.362713e+02  1.524003e+01
   endloop
 endfacet
 facet normal  0.000000e+00  0.000000e+00  1.000000e+00
   outer loop
     vertex  1.738635e+02 -5.163808e+01  1.524003e+01
     vertex  1.770240e+02 -5.439384e+01  1.524003e+01
     vertex  1.745790e+02 -5.194884e+01  1.524003e+01
   endloop
 endfacet
 facet normal  0.000000e+00  0.000000e+00  1.000000e+00
   outer loop
     vertex  1.738635e+02 -5.163808e+01  1.524003e+01
     vertex  1.776647e+02 -5.702311e+01  1.524003e+01
     vertex  1.770240e+02 -5.439384e+01  1.524003e+01
   endloop
 endfacet
 facet normal  0.000000e+00  0.000000e+00  1.000000e+00
   outer loop
     vertex  1.738635e+02 -5.163808e+01  1.524003e+01
     vertex  1.745790e+02 -5.194884e+01  1.524003e+01
     vertex  1.742266e+02 -5.178124e+01  1.524003e+01
   endloop
 endfacet
 facet normal -4.999585e-15 -5.950169e-15  1.000000e+00
   outer loop
     vertex  1.504904e+02 -7.475519e+01  1.524003e+01
     vertex  1.613503e+02 -8.388017e+01  1.524003e+01
     vertex  1.509355e+02 -7.483064e+01  1.524003e+01
   endloop
 endfacet
 facet normal -0.000000e+00  0.000000e+00  1.000000e+00
   outer loop
     vertex  1.577060e+02 -6.738818e+01  1.524003e+01
     vertex  1.577909e+02 -6.783324e+01  1.524003e+01
     vertex  1.776647e+02 -5.702311e+01  1.524003e+01
   endloop
 endfacet
 facet normal  0.000000e+00  0.000000e+00  1.000000e+00
   outer loop
     vertex  1.500514e+02 -7.464697e+01  1.524003e+01
     vertex  1.613503e+02 -8.388017e+01  1.524003e+01
     vertex  1.504904e+02 -7.475519e+01  1.524003e+01
   endloop
 endfacet
 facet normal  0.000000e+00  0.000000e+00  1.000000e+00
   outer loop
     vertex  1.731125e+02 -5.142764e+01  1.524003e+01
     vertex  1.738635e+02 -5.163808e+01  1.524003e+01
     vertex  1.734916e+02 -5.152003e+01  1.524003e+01
   endloop
 endfacet
 facet normal -0.000000e+00  0.000000e+00  1.000000e+00
   outer loop
     vertex  1.575886e+02 -6.695132e+01  1.524003e+01
     vertex  1.577060e+02 -6.738818e+01  1.524003e+01
     vertex  1.776647e+02 -5.702311e+01  1.524003e+01
   endloop
 endfacet
 facet normal  0.000000e+00  0.000000e+00  1.000000e+00
   outer loop
     vertex  8.968975e+01 -1.347330e+02  1.524003e+01
     vertex  8.998388e+01 -1.349895e+02  1.524003e+01
     vertex  9.029482e+01 -1.352253e+02  1.524003e+01
   endloop
 endfacet
 facet normal  0.000000e+00  0.000000e+00  1.000000e+00
   outer loop
     vertex  8.968975e+01 -1.347330e+02  1.524003e+01
     vertex  9.029482e+01 -1.352253e+02  1.524003e+01
     vertex  9.359055e+01 -1.362713e+02  1.524003e+01
   endloop
 endfacet
 facet normal  0.000000e+00  0.000000e+00  1.000000e+00
   outer loop
     vertex  1.496208e+02 -7.450641e+01  1.524003e+01
     vertex  1.613503e+02 -8.388017e+01  1.524003e+01
     vertex  1.500514e+02 -7.464697e+01  1.524003e+01
   endloop
 endfacet
 facet normal  0.000000e+00  0.000000e+00  1.000000e+00
   outer loop
     vertex  1.727279e+02 -5.136133e+01  1.524003e+01
     vertex  1.738635e+02 -5.163808e+01  1.524003e+01
     vertex  1.731125e+02 -5.142764e+01  1.524003e+01
   endloop
 endfacet
 facet normal  1.756823e-15 -3.552516e-15  1.000000e+00
   outer loop
     vertex  1.574396e+02 -6.652499e+01  1.524003e+01
     vertex  1.575886e+02 -6.695132e+01  1.524003e+01
     vertex  1.776647e+02 -5.702311e+01  1.524003e+01
   endloop
 endfacet
 facet normal  0.000000e+00  0.000000e+00  1.000000e+00
   outer loop
     vertex  8.941382e+01 -1.344571e+02  1.524003e+01
     vertex  8.968975e+01 -1.347330e+02  1.524003e+01
     vertex  9.359055e+01 -1.362713e+02  1.524003e+01
   endloop
 endfacet
 facet normal -8.705363e-15 -1.089310e-14  1.000000e+00
   outer loop
     vertex  1.492012e+02 -7.433409e+01  1.524003e+01
     vertex  1.613503e+02 -8.388017e+01  1.524003e+01
     vertex  1.496208e+02 -7.450641e+01  1.524003e+01
   endloop
 endfacet
 facet normal  7.293740e-17  3.169796e-17  1.000000e+00
   outer loop
     vertex  1.572599e+02 -6.611143e+01  1.524003e+01
     vertex  1.574396e+02 -6.652499e+01  1.524003e+01
     vertex  1.776647e+02 -5.702311e+01  1.524003e+01
   endloop
 endfacet
 facet normal  0.000000e+00  0.000000e+00  1.000000e+00
   outer loop
     vertex  1.719497e+02 -5.130810e+01  1.524003e+01
     vertex  1.738635e+02 -5.163808e+01  1.524003e+01
     vertex  1.727279e+02 -5.136133e+01  1.524003e+01
   endloop
 endfacet
 facet normal  0.000000e+00  0.000000e+00  1.000000e+00
   outer loop
     vertex  1.719497e+02 -5.130810e+01  1.524003e+01
     vertex  1.727279e+02 -5.136133e+01  1.524003e+01
     vertex  1.723397e+02 -5.132143e+01  1.524003e+01
   endloop
 endfacet
 facet normal  0.000000e+00  0.000000e+00  1.000000e+00
   outer loop
     vertex  1.719497e+02 -5.130810e+01  1.524003e+01
     vertex  1.776647e+02 -5.702311e+01  1.524003e+01
     vertex  1.738635e+02 -5.163808e+01  1.524003e+01
   endloop
 endfacet
 facet normal  6.022947e-17  6.022947e-17  1.000000e+00
   outer loop
     vertex  1.719497e+02 -5.130810e+01  1.524003e+01
     vertex  1.572599e+02 -6.611143e+01  1.524003e+01
     vertex  1.776647e+02 -5.702311e+01  1.524003e+01
   endloop
 endfacet
 facet normal  0.000000e+00  0.000000e+00  1.000000e+00
   outer loop
     vertex  8.892156e+01 -1.338520e+02  1.524003e+01
     vertex  8.915735e+01 -1.341629e+02  1.524003e+01
     vertex  8.941382e+01 -1.344571e+02  1.524003e+01
   endloop
 endfacet
 facet normal -5.794067e-15  5.869640e-15  1.000000e+00
   outer loop
     vertex  1.570505e+02 -6.571280e+01  1.524003e+01
     vertex  1.572599e+02 -6.611143e+01  1.524003e+01
     vertex  1.719497e+02 -5.130810e+01  1.524003e+01
   endloop
 endfacet
 facet normal  0.000000e+00  0.000000e+00  1.000000e+00
   outer loop
     vertex  8.870753e+01 -1.335257e+02  1.524003e+01
     vertex  8.892156e+01 -1.338520e+02  1.524003e+01
     vertex  8.941382e+01 -1.344571e+02  1.524003e+01
   endloop
 endfacet
 facet normal  2.734436e-15 -2.951618e-15  1.000000e+00
   outer loop
     vertex  1.568129e+02 -6.533116e+01  1.524003e+01
     vertex  1.570505e+02 -6.571280e+01  1.524003e+01
     vertex  1.719497e+02 -5.130810e+01  1.524003e+01
   endloop
 endfacet
 facet normal -2.707423e-15  2.922459e-15  1.000000e+00
   outer loop
     vertex  1.565482e+02 -6.496850e+01  1.524003e+01
     vertex  1.568129e+02 -6.533116e+01  1.524003e+01
     vertex  1.719497e+02 -5.130810e+01  1.524003e+01
   endloop
 endfacet
 facet normal -6.580857e-17 -5.584082e-17  1.000000e+00
   outer loop
     vertex  1.562582e+02 -6.462666e+01  1.524003e+01
     vertex  1.565482e+02 -6.496850e+01  1.524003e+01
     vertex  1.719497e+02 -5.130810e+01  1.524003e+01
   endloop
 endfacet
 facet normal  0.000000e+00  0.000000e+00  1.000000e+00
   outer loop
     vertex  8.820552e+01 -1.324701e+02  1.524003e+01
     vertex  8.851628e+01 -1.331855e+02  1.524003e+01
     vertex  8.870753e+01 -1.335257e+02  1.524003e+01
   endloop
 endfacet
 facet normal  0.000000e+00  0.000000e+00  1.000000e+00
   outer loop
     vertex  8.820552e+01 -1.324701e+02  1.524003e+01
     vertex  8.834868e+01 -1.328331e+02  1.524003e+01
     vertex  8.851628e+01 -1.331855e+02  1.524003e+01
   endloop
 endfacet
 facet normal  0.000000e+00  0.000000e+00  1.000000e+00
   outer loop
     vertex  8.820552e+01 -1.324701e+02  1.524003e+01
     vertex  8.870753e+01 -1.335257e+02  1.524003e+01
     vertex  8.941382e+01 -1.344571e+02  1.524003e+01
   endloop
 endfacet
 facet normal -6.171538e-17 -6.066330e-17  1.000000e+00
   outer loop
     vertex  1.559443e+02 -6.430737e+01  1.524003e+01
     vertex  1.562582e+02 -6.462666e+01  1.524003e+01
     vertex  1.719497e+02 -5.130810e+01  1.524003e+01
   endloop
 endfacet
 facet normal  0.000000e+00  0.000000e+00  1.000000e+00
   outer loop
     vertex  8.799507e+01 -1.317190e+02  1.524003e+01
     vertex  8.820552e+01 -1.324701e+02  1.524003e+01
     vertex  8.941382e+01 -1.344571e+02  1.524003e+01
   endloop
 endfacet
 facet normal  0.000000e+00  0.000000e+00  1.000000e+00
   outer loop
     vertex  8.799507e+01 -1.317190e+02  1.524003e+01
     vertex  8.808747e+01 -1.320982e+02  1.524003e+01
     vertex  8.820552e+01 -1.324701e+02  1.524003e+01
   endloop
 endfacet
 facet normal  0.000000e+00  0.000000e+00  1.000000e+00
   outer loop
     vertex  8.799507e+01 -1.317190e+02  1.524003e+01
     vertex  8.941382e+01 -1.344571e+02  1.524003e+01
     vertex  9.359055e+01 -1.362713e+02  1.524003e+01
   endloop
 endfacet
 facet normal -5.767635e-17 -6.563637e-17  1.000000e+00
   outer loop
     vertex  1.556085e+02 -6.401225e+01  1.524003e+01
     vertex  1.559443e+02 -6.430737e+01  1.524003e+01
     vertex  1.719497e+02 -5.130810e+01  1.524003e+01
   endloop
 endfacet
 facet normal  5.002575e-15 -6.574597e-15  1.000000e+00
   outer loop
     vertex  1.552525e+02 -6.374275e+01  1.524003e+01
     vertex  1.556085e+02 -6.401225e+01  1.524003e+01
     vertex  1.719497e+02 -5.130810e+01  1.524003e+01
   endloop
 endfacet
 facet normal  0.000000e+00  0.000000e+00  1.000000e+00
   outer loop
     vertex  8.787554e+01 -1.305563e+02  1.524003e+01
     vertex  8.799507e+01 -1.317190e+02  1.524003e+01
     vertex  9.359055e+01 -1.362713e+02  1.524003e+01
   endloop
 endfacet
 facet normal  0.000000e+00  0.000000e+00  1.000000e+00
   outer loop
     vertex  8.787554e+01 -1.305563e+02  1.524003e+01
     vertex  8.792877e+01 -1.313345e+02  1.524003e+01
     vertex  8.799507e+01 -1.317190e+02  1.524003e+01
   endloop
 endfacet
 facet normal  0.000000e+00  0.000000e+00  1.000000e+00
   outer loop
     vertex  8.787554e+01 -1.305563e+02  1.524003e+01
     vertex  8.788886e+01 -1.309463e+02  1.524003e+01
     vertex  8.792877e+01 -1.313345e+02  1.524003e+01
   endloop
 endfacet
 facet normal -0.000000e+00  0.000000e+00  1.000000e+00
   outer loop
     vertex  8.787554e+01 -1.305563e+02  1.524003e+01
     vertex  9.359055e+01 -1.362713e+02  1.524003e+01
     vertex  1.042002e+02 -1.219802e+02  1.524003e+01
   endloop
 endfacet
 facet normal -2.488674e-15  3.484645e-15  1.000000e+00
   outer loop
     vertex  1.548783e+02 -6.350021e+01  1.524003e+01
     vertex  1.552525e+02 -6.374275e+01  1.524003e+01
     vertex  1.719497e+02 -5.130810e+01  1.524003e+01
   endloop
 endfacet
 facet normal -0.000000e+00  0.000000e+00  1.000000e+00
   outer loop
     vertex  1.544437e+02 -6.326376e+01  1.524003e+01
     vertex  1.548783e+02 -6.350021e+01  1.524003e+01
     vertex  1.719497e+02 -5.130810e+01  1.524003e+01
   endloop
 endfacet
 facet normal  2.385042e-15 -3.492279e-15  1.000000e+00
   outer loop
     vertex  1.539923e+02 -6.306344e+01  1.524003e+01
     vertex  1.544437e+02 -6.326376e+01  1.524003e+01
     vertex  1.719497e+02 -5.130810e+01  1.524003e+01
   endloop
 endfacet
 facet normal -2.451803e-15  3.896484e-15  1.000000e+00
   outer loop
     vertex  1.535269e+02 -6.290039e+01  1.524003e+01
     vertex  1.539923e+02 -6.306344e+01  1.524003e+01
     vertex  1.719497e+02 -5.130810e+01  1.524003e+01
   endloop
 endfacet
 facet normal -0.000000e+00  0.000000e+00  1.000000e+00
   outer loop
     vertex  1.530507e+02 -6.277548e+01  1.524003e+01
     vertex  1.535269e+02 -6.290039e+01  1.524003e+01
     vertex  1.719497e+02 -5.130810e+01  1.524003e+01
   endloop
 endfacet
 facet normal  2.838131e-15 -4.677440e-15  1.000000e+00
   outer loop
     vertex  1.525668e+02 -6.268933e+01  1.524003e+01
     vertex  1.530507e+02 -6.277548e+01  1.524003e+01
     vertex  1.719497e+02 -5.130810e+01  1.524003e+01
   endloop
 endfacet
 facet normal -6.235949e-15  1.077630e-14  1.000000e+00
   outer loop
     vertex  1.520783e+02 -6.264229e+01  1.524003e+01
     vertex  1.525668e+02 -6.268933e+01  1.524003e+01
     vertex  1.719497e+02 -5.130810e+01  1.524003e+01
   endloop
 endfacet
 facet normal  3.525624e-15 -6.337937e-15  1.000000e+00
   outer loop
     vertex  1.515885e+02 -6.263449e+01  1.524003e+01
     vertex  1.520783e+02 -6.264229e+01  1.524003e+01
     vertex  1.719497e+02 -5.130810e+01  1.524003e+01
   endloop
 endfacet
 facet normal -4.113700e-15  7.395109e-15  1.000000e+00
   outer loop
     vertex  1.511005e+02 -6.266576e+01  1.524003e+01
     vertex  1.515885e+02 -6.263449e+01  1.524003e+01
     vertex  1.719497e+02 -5.130810e+01  1.524003e+01
   endloop
 endfacet
 facet normal  1.004591e-14 -1.859766e-14  1.000000e+00
   outer loop
     vertex  1.506173e+02 -6.273572e+01  1.524003e+01
     vertex  1.511005e+02 -6.266576e+01  1.524003e+01
     vertex  1.719497e+02 -5.130810e+01  1.524003e+01
   endloop
 endfacet
 facet normal -6.134340e-17  2.699564e-16  1.000000e+00
   outer loop
     vertex  1.501421e+02 -6.284370e+01  1.524003e+01
     vertex  1.506173e+02 -6.273572e+01  1.524003e+01
     vertex  1.719497e+02 -5.130810e+01  1.524003e+01
   endloop
 endfacet
 facet normal  0.000000e+00  0.000000e+00  1.000000e+00
   outer loop
     vertex  1.042002e+02 -8.388017e+01  1.524003e+01
     vertex  8.787554e+01 -1.305563e+02  1.524003e+01
     vertex  1.042002e+02 -1.219802e+02  1.524003e+01
   endloop
 endfacet
 facet normal  1.799146e-15 -4.483282e-15  1.000000e+00
   outer loop
     vertex  1.042002e+02 -8.388017e+01  1.524003e+01
     vertex  1.457182e+02 -6.761516e+01  1.524003e+01
     vertex  1.458177e+02 -6.717904e+01  1.524003e+01
   endloop
 endfacet
 facet normal -3.306122e-15  8.548413e-15  1.000000e+00
   outer loop
     vertex  1.042002e+02 -8.388017e+01  1.524003e+01
     vertex  1.456509e+02 -6.805678e+01  1.524003e+01
     vertex  1.457182e+02 -6.761516e+01  1.524003e+01
   endloop
 endfacet
 facet normal  1.527570e-15 -4.113863e-15  1.000000e+00
   outer loop
     vertex  1.042002e+02 -8.388017e+01  1.524003e+01
     vertex  1.456160e+02 -6.850154e+01  1.524003e+01
     vertex  1.456509e+02 -6.805678e+01  1.524003e+01
   endloop
 endfacet
 facet normal  0.000000e+00  0.000000e+00  1.000000e+00
   outer loop
     vertex  1.042002e+02 -8.388017e+01  1.524003e+01
     vertex  1.456136e+02 -6.894706e+01  1.524003e+01
     vertex  1.456160e+02 -6.850154e+01  1.524003e+01
   endloop
 endfacet
 facet normal  1.266609e-15 -3.512637e-15  1.000000e+00
   outer loop
     vertex  1.042002e+02 -8.388017e+01  1.524003e+01
     vertex  1.456488e+02 -6.944008e+01  1.524003e+01
     vertex  1.456136e+02 -6.894706e+01  1.524003e+01
   endloop
 endfacet
 facet normal -1.163786e-15  3.463526e-15  1.000000e+00
   outer loop
     vertex  1.042002e+02 -8.388017e+01  1.524003e+01
     vertex  1.457234e+02 -6.992787e+01  1.524003e+01
     vertex  1.456488e+02 -6.944008e+01  1.524003e+01
   endloop
 endfacet
 facet normal -1.153281e-15  3.432263e-15  1.000000e+00
   outer loop
     vertex  1.042002e+02 -8.388017e+01  1.524003e+01
     vertex  1.458369e+02 -7.040729e+01  1.524003e+01
     vertex  1.457234e+02 -6.992787e+01  1.524003e+01
   endloop
 endfacet
 facet normal  1.073240e-15 -3.448599e-15  1.000000e+00
   outer loop
     vertex  1.042002e+02 -8.388017e+01  1.524003e+01
     vertex  1.459883e+02 -7.087528e+01  1.524003e+01
     vertex  1.458369e+02 -7.040729e+01  1.524003e+01
   endloop
 endfacet
 facet normal  0.000000e+00  0.000000e+00  1.000000e+00
   outer loop
     vertex  1.042002e+02 -8.388017e+01  1.524003e+01
     vertex  1.461764e+02 -7.132888e+01  1.524003e+01
     vertex  1.459883e+02 -7.087528e+01  1.524003e+01
   endloop
 endfacet
 facet normal  1.055614e-15 -3.530362e-15  1.000000e+00
   outer loop
     vertex  1.042002e+02 -8.388017e+01  1.524003e+01
     vertex  1.463998e+02 -7.176525e+01  1.524003e+01
     vertex  1.461764e+02 -7.132888e+01  1.524003e+01
   endloop
 endfacet
 facet normal -2.044769e-15  7.269108e-15  1.000000e+00
   outer loop
     vertex  1.042002e+02 -8.388017e+01  1.524003e+01
     vertex  1.466569e+02 -7.218166e+01  1.524003e+01
     vertex  1.463998e+02 -7.176525e+01  1.524003e+01
   endloop
 endfacet
 facet normal  9.988213e-16 -3.776805e-15  1.000000e+00
   outer loop
     vertex  1.042002e+02 -8.388017e+01  1.524003e+01
     vertex  1.469459e+02 -7.257556e+01  1.524003e+01
     vertex  1.466569e+02 -7.218166e+01  1.524003e+01
   endloop
 endfacet
 facet normal  0.000000e+00  0.000000e+00  1.000000e+00
   outer loop
     vertex  1.042002e+02 -8.388017e+01  1.524003e+01
     vertex  1.472648e+02 -7.294454e+01  1.524003e+01
     vertex  1.469459e+02 -7.257556e+01  1.524003e+01
   endloop
 endfacet
 facet normal -1.049352e-15  4.132358e-15  1.000000e+00
   outer loop
     vertex  1.042002e+02 -8.388017e+01  1.524003e+01
     vertex  1.476114e+02 -7.328639e+01  1.524003e+01
     vertex  1.472648e+02 -7.294454e+01  1.524003e+01
   endloop
 endfacet
 facet normal  2.117153e-15 -8.843356e-15  1.000000e+00
   outer loop
     vertex  1.042002e+02 -8.388017e+01  1.524003e+01
     vertex  1.479834e+02 -7.359908e+01  1.524003e+01
     vertex  1.476114e+02 -7.328639e+01  1.524003e+01
   endloop
 endfacet
 facet normal -1.083524e-15  4.787088e-15  1.000000e+00
   outer loop
     vertex  1.042002e+02 -8.388017e+01  1.524003e+01
     vertex  1.483781e+02 -7.388080e+01  1.524003e+01
     vertex  1.479834e+02 -7.359908e+01  1.524003e+01
   endloop
 endfacet
 facet normal  0.000000e+00  0.000000e+00  1.000000e+00
   outer loop
     vertex  1.042002e+02 -8.388017e+01  1.524003e+01
     vertex  1.487947e+02 -7.413081e+01  1.524003e+01
     vertex  1.483781e+02 -7.388080e+01  1.524003e+01
   endloop
 endfacet
 facet normal  0.000000e+00  0.000000e+00  1.000000e+00
   outer loop
     vertex  9.359055e+01 -5.130810e+01  1.524003e+01
     vertex  1.492274e+02 -6.316996e+01  1.524003e+01
     vertex  1.496778e+02 -6.298882e+01  1.524003e+01
   endloop
 endfacet
 facet normal  0.000000e+00  0.000000e+00  1.000000e+00
   outer loop
     vertex  9.359055e+01 -5.130810e+01  1.524003e+01
     vertex  1.487935e+02 -6.338574e+01  1.524003e+01
     vertex  1.492274e+02 -6.316996e+01  1.524003e+01
   endloop
 endfacet
 facet normal  0.000000e+00  0.000000e+00  1.000000e+00
   outer loop
     vertex  9.359055e+01 -5.130810e+01  1.524003e+01
     vertex  1.484113e+02 -6.361350e+01  1.524003e+01
     vertex  1.487935e+02 -6.338574e+01  1.524003e+01
   endloop
 endfacet
 facet normal -1.159116e-15 -5.163876e-15  1.000000e+00
   outer loop
     vertex  9.359055e+01 -5.130810e+01  1.524003e+01
     vertex  1.480392e+02 -6.387399e+01  1.524003e+01
     vertex  1.484113e+02 -6.361350e+01  1.524003e+01
   endloop
 endfacet
 facet normal  2.254378e-15  9.626981e-15  1.000000e+00
   outer loop
     vertex  9.359055e+01 -5.130810e+01  1.524003e+01
     vertex  1.476881e+02 -6.416080e+01  1.524003e+01
     vertex  1.480392e+02 -6.387399e+01  1.524003e+01
   endloop
 endfacet
 facet normal -1.109831e-15 -4.533117e-15  1.000000e+00
   outer loop
     vertex  9.359055e+01 -5.130810e+01  1.524003e+01
     vertex  1.473597e+02 -6.447226e+01  1.524003e+01
     vertex  1.476881e+02 -6.416080e+01  1.524003e+01
   endloop
 endfacet
 facet normal  0.000000e+00  0.000000e+00  1.000000e+00
   outer loop
     vertex  9.359055e+01 -5.130810e+01  1.524003e+01
     vertex  1.470556e+02 -6.480655e+01  1.524003e+01
     vertex  1.473597e+02 -6.447226e+01  1.524003e+01
   endloop
 endfacet
 facet normal -1.054102e-15 -4.175121e-15  1.000000e+00
   outer loop
     vertex  9.359055e+01 -5.130810e+01  1.524003e+01
     vertex  1.467775e+02 -6.516179e+01  1.524003e+01
     vertex  1.470556e+02 -6.480655e+01  1.524003e+01
   endloop
 endfacet
 facet normal  1.081159e-15  4.022552e-15  1.000000e+00
   outer loop
     vertex  9.359055e+01 -5.130810e+01  1.524003e+01
     vertex  1.465266e+02 -6.553595e+01  1.524003e+01
     vertex  1.467775e+02 -6.516179e+01  1.524003e+01
   endloop
 endfacet
 facet normal  0.000000e+00  0.000000e+00  1.000000e+00
   outer loop
     vertex  9.359055e+01 -5.130810e+01  1.524003e+01
     vertex  1.042002e+02 -8.388017e+01  1.524003e+01
     vertex  1.458177e+02 -6.717904e+01  1.524003e+01
   endloop
 endfacet
 facet normal -2.118270e-15 -7.881218e-15  1.000000e+00
   outer loop
     vertex  9.359055e+01 -5.130810e+01  1.524003e+01
     vertex  1.463042e+02 -6.592696e+01  1.524003e+01
     vertex  1.465266e+02 -6.553595e+01  1.524003e+01
   endloop
 endfacet
 facet normal  2.205324e-15  7.709078e-15  1.000000e+00
   outer loop
     vertex  9.359055e+01 -5.130810e+01  1.524003e+01
     vertex  1.461113e+02 -6.633263e+01  1.524003e+01
     vertex  1.463042e+02 -6.592696e+01  1.524003e+01
   endloop
 endfacet
 facet normal  1.093806e-15  3.823580e-15  1.000000e+00
   outer loop
     vertex  9.359055e+01 -5.130810e+01  1.524003e+01
     vertex  1.459489e+02 -6.675075e+01  1.524003e+01
     vertex  1.461113e+02 -6.633263e+01  1.524003e+01
   endloop
 endfacet
 facet normal -1.153043e-15 -3.794366e-15  1.000000e+00
   outer loop
     vertex  9.359055e+01 -5.130810e+01  1.524003e+01
     vertex  1.458177e+02 -6.717904e+01  1.524003e+01
     vertex  1.459489e+02 -6.675075e+01  1.524003e+01
   endloop
 endfacet
 facet normal  0.000000e+00  0.000000e+00  1.000000e+00
   outer loop
     vertex  8.787554e+01 -5.702311e+01  1.524003e+01
     vertex  8.787554e+01 -1.305563e+02  1.524003e+01
     vertex  1.042002e+02 -8.388017e+01  1.524003e+01
   endloop
 endfacet
 facet normal -0.000000e+00  0.000000e+00  1.000000e+00
   outer loop
     vertex  8.787554e+01 -5.702311e+01  1.524003e+01
     vertex  1.042002e+02 -8.388017e+01  1.524003e+01
     vertex  9.359055e+01 -5.130810e+01  1.524003e+01
   endloop
 endfacet
 facet normal -0.000000e+00  0.000000e+00  1.000000e+00
   outer loop
     vertex  9.281236e+01 -5.136133e+01  1.524003e+01
     vertex  8.787554e+01 -5.702311e+01  1.524003e+01
     vertex  9.359055e+01 -5.130810e+01  1.524003e+01
   endloop
 endfacet
 facet normal  0.000000e+00  0.000000e+00  1.000000e+00
   outer loop
     vertex  9.281236e+01 -5.136133e+01  1.524003e+01
     vertex  8.788886e+01 -5.663311e+01  1.524003e+01
     vertex  8.787554e+01 -5.702311e+01  1.524003e+01
   endloop
 endfacet
 facet normal  0.000000e+00  0.000000e+00  1.000000e+00
   outer loop
     vertex  9.281236e+01 -5.136133e+01  1.524003e+01
     vertex  9.359055e+01 -5.130810e+01  1.524003e+01
     vertex  9.320055e+01 -5.132143e+01  1.524003e+01
   endloop
 endfacet
 facet normal  0.000000e+00  0.000000e+00  1.000000e+00
   outer loop
     vertex  9.167671e+01 -5.163808e+01  1.524003e+01
     vertex  9.242780e+01 -5.142764e+01  1.524003e+01
     vertex  9.204866e+01 -5.152003e+01  1.524003e+01
   endloop
 endfacet
 facet normal  0.000000e+00  0.000000e+00  1.000000e+00
   outer loop
     vertex  9.167671e+01 -5.163808e+01  1.524003e+01
     vertex  9.281236e+01 -5.136133e+01  1.524003e+01
     vertex  9.242780e+01 -5.142764e+01  1.524003e+01
   endloop
 endfacet
 facet normal  0.000000e+00  0.000000e+00  1.000000e+00
   outer loop
     vertex  8.834868e+01 -5.474625e+01  1.524003e+01
     vertex  8.792877e+01 -5.624492e+01  1.524003e+01
     vertex  8.788886e+01 -5.663311e+01  1.524003e+01
   endloop
 endfacet
 facet normal  0.000000e+00  0.000000e+00  1.000000e+00
   outer loop
     vertex  8.834868e+01 -5.474625e+01  1.524003e+01
     vertex  8.799507e+01 -5.586036e+01  1.524003e+01
     vertex  8.792877e+01 -5.624492e+01  1.524003e+01
   endloop
 endfacet
 facet normal  0.000000e+00  0.000000e+00  1.000000e+00
   outer loop
     vertex  8.834868e+01 -5.474625e+01  1.524003e+01
     vertex  8.808747e+01 -5.548122e+01  1.524003e+01
     vertex  8.799507e+01 -5.586036e+01  1.524003e+01
   endloop
 endfacet
 facet normal  0.000000e+00  0.000000e+00  1.000000e+00
   outer loop
     vertex  8.834868e+01 -5.474625e+01  1.524003e+01
     vertex  8.820552e+01 -5.510927e+01  1.524003e+01
     vertex  8.808747e+01 -5.548122e+01  1.524003e+01
   endloop
 endfacet
 facet normal  0.000000e+00  0.000000e+00  1.000000e+00
   outer loop
     vertex  9.131368e+01 -5.178124e+01  1.524003e+01
     vertex  9.281236e+01 -5.136133e+01  1.524003e+01
     vertex  9.167671e+01 -5.163808e+01  1.524003e+01
   endloop
 endfacet
 facet normal  0.000000e+00  0.000000e+00  1.000000e+00
   outer loop
     vertex  9.062112e+01 -5.214010e+01  1.524003e+01
     vertex  9.281236e+01 -5.136133e+01  1.524003e+01
     vertex  9.131368e+01 -5.178124e+01  1.524003e+01
   endloop
 endfacet
 facet normal  0.000000e+00  0.000000e+00  1.000000e+00
   outer loop
     vertex  9.062112e+01 -5.214010e+01  1.524003e+01
     vertex  9.131368e+01 -5.178124e+01  1.524003e+01
     vertex  9.096127e+01 -5.194884e+01  1.524003e+01
   endloop
 endfacet
 facet normal  0.000000e+00  0.000000e+00  1.000000e+00
   outer loop
     vertex  8.892156e+01 -5.372738e+01  1.524003e+01
     vertex  8.870753e+01 -5.405369e+01  1.524003e+01
     vertex  8.851628e+01 -5.439384e+01  1.524003e+01
   endloop
 endfacet
 facet normal  0.000000e+00  0.000000e+00  1.000000e+00
   outer loop
     vertex  8.998388e+01 -5.258992e+01  1.524003e+01
     vertex  9.062112e+01 -5.214010e+01  1.524003e+01
     vertex  9.029482e+01 -5.235412e+01  1.524003e+01
   endloop
 endfacet
 facet normal  0.000000e+00  0.000000e+00  1.000000e+00
   outer loop
     vertex  8.915735e+01 -5.341644e+01  1.524003e+01
     vertex  8.892156e+01 -5.372738e+01  1.524003e+01
     vertex  8.851628e+01 -5.439384e+01  1.524003e+01
   endloop
 endfacet
 facet normal  0.000000e+00  0.000000e+00  1.000000e+00
   outer loop
     vertex  8.915735e+01 -5.341644e+01  1.524003e+01
     vertex  8.851628e+01 -5.439384e+01  1.524003e+01
     vertex  8.834868e+01 -5.474625e+01  1.524003e+01
   endloop
 endfacet
 facet normal -0.000000e+00  0.000000e+00  1.000000e+00
   outer loop
     vertex  8.968975e+01 -5.284638e+01  1.524003e+01
     vertex  8.788886e+01 -5.663311e+01  1.524003e+01
     vertex  9.281236e+01 -5.136133e+01  1.524003e+01
   endloop
 endfacet
 facet normal  0.000000e+00  0.000000e+00  1.000000e+00
   outer loop
     vertex  8.968975e+01 -5.284638e+01  1.524003e+01
     vertex  8.834868e+01 -5.474625e+01  1.524003e+01
     vertex  8.788886e+01 -5.663311e+01  1.524003e+01
   endloop
 endfacet
 facet normal  0.000000e+00  0.000000e+00  1.000000e+00
   outer loop
     vertex  8.968975e+01 -5.284638e+01  1.524003e+01
     vertex  9.281236e+01 -5.136133e+01  1.524003e+01
     vertex  9.062112e+01 -5.214010e+01  1.524003e+01
   endloop
 endfacet
 facet normal  0.000000e+00  0.000000e+00  1.000000e+00
   outer loop
     vertex  8.968975e+01 -5.284638e+01  1.524003e+01
     vertex  9.062112e+01 -5.214010e+01  1.524003e+01
     vertex  8.998388e+01 -5.258992e+01  1.524003e+01
   endloop
 endfacet
 facet normal -0.000000e+00  0.000000e+00  1.000000e+00
   outer loop
     vertex  8.941382e+01 -5.312232e+01  1.524003e+01
     vertex  8.834868e+01 -5.474625e+01  1.524003e+01
     vertex  8.968975e+01 -5.284638e+01  1.524003e+01
   endloop
 endfacet
 facet normal  0.000000e+00  0.000000e+00  1.000000e+00
   outer loop
     vertex  8.941382e+01 -5.312232e+01  1.524003e+01
     vertex  8.915735e+01 -5.341644e+01  1.524003e+01
     vertex  8.834868e+01 -5.474625e+01  1.524003e+01
   endloop
 endfacet
 facet normal -0.000000e+00  1.539891e-16  1.000000e+00
   outer loop
     vertex  9.359055e+01 -5.130810e+01  1.524003e+01
     vertex  1.501421e+02 -6.284370e+01  1.524003e+01
     vertex  1.719497e+02 -5.130810e+01  1.524003e+01
   endloop
 endfacet
 facet normal -1.529875e-15 -7.345997e-15  1.000000e+00
   outer loop
     vertex  9.359055e+01 -5.130810e+01  1.524003e+01
     vertex  1.496778e+02 -6.298882e+01  1.524003e+01
     vertex  1.501421e+02 -6.284370e+01  1.524003e+01
   endloop
 endfacet
 facet normal  0.000000e+00  1.860825e-16  1.000000e+00
   outer loop
     vertex  1.613503e+02 -8.388017e+01  1.524003e+01
     vertex  1.492012e+02 -7.433409e+01  1.524003e+01
     vertex  1.042002e+02 -8.388017e+01  1.524003e+01
   endloop
 endfacet
 facet normal  1.329282e-15 -6.080262e-15  1.000000e+00
   outer loop
     vertex  1.492012e+02 -7.433409e+01  1.524003e+01
     vertex  1.487947e+02 -7.413081e+01  1.524003e+01
     vertex  1.042002e+02 -8.388017e+01  1.524003e+01
   endloop
 endfacet
 facet normal  3.414111e-02 -9.994170e-01  0.000000e+00
   outer loop
     vertex  1.719497e+02 -1.362713e+02  4.699009e+00
     vertex  1.723397e+02 -1.362579e+02  4.699009e+00
     vertex  1.723397e+02 -1.362579e+02  1.524003e+01
   endloop
 endfacet
 facet normal  3.414111e-02 -9.994170e-01  0.000000e+00
   outer loop
     vertex  1.719497e+02 -1.362713e+02  4.699009e+00
     vertex  1.723397e+02 -1.362579e+02  1.524003e+01
     vertex  1.719497e+02 -1.362713e+02  1.524003e+01
   endloop
 endfacet
 facet normal -1.699104e-01 -9.854595e-01  0.000000e+00
   outer loop
     vertex  9.242780e+01 -1.361517e+02  4.699009e+00
     vertex  9.281236e+01 -1.362180e+02  4.699009e+00
     vertex  9.281236e+01 -1.362180e+02  1.524003e+01
   endloop
 endfacet
 facet normal -1.699104e-01 -9.854595e-01  0.000000e+00
   outer loop
     vertex  9.242780e+01 -1.361517e+02  4.699009e+00
     vertex  9.281236e+01 -1.362180e+02  1.524003e+01
     vertex  9.242780e+01 -1.361517e+02  1.524003e+01
   endloop
 endfacet
 facet normal  1.022641e-01 -9.947573e-01  0.000000e+00
   outer loop
     vertex  1.723397e+02 -1.362579e+02  4.699009e+00
     vertex  1.727279e+02 -1.362180e+02  4.699009e+00
     vertex  1.727279e+02 -1.362180e+02  1.524003e+01
   endloop
 endfacet
 facet normal  1.022641e-01 -9.947573e-01  0.000000e+00
   outer loop
     vertex  1.723397e+02 -1.362579e+02  4.699009e+00
     vertex  1.727279e+02 -1.362180e+02  1.524003e+01
     vertex  1.723397e+02 -1.362579e+02  1.524003e+01
   endloop
 endfacet
 facet normal -2.367644e-01 -9.715671e-01  0.000000e+00
   outer loop
     vertex  9.204866e+01 -1.360593e+02  4.699009e+00
     vertex  9.242780e+01 -1.361517e+02  4.699009e+00
     vertex  9.242780e+01 -1.361517e+02  1.524003e+01
   endloop
 endfacet
 facet normal -2.367644e-01 -9.715671e-01  0.000000e+00
   outer loop
     vertex  9.204866e+01 -1.360593e+02  4.699009e+00
     vertex  9.242780e+01 -1.361517e+02  1.524003e+01
     vertex  9.204866e+01 -1.360593e+02  1.524003e+01
   endloop
 endfacet
 facet normal  1.699104e-01 -9.854595e-01  0.000000e+00
   outer loop
     vertex  1.731125e+02 -1.361517e+02  4.699009e+00
     vertex  1.731125e+02 -1.361517e+02  1.524003e+01
     vertex  1.727279e+02 -1.362180e+02  1.524003e+01
   endloop
 endfacet
 facet normal  1.699104e-01 -9.854595e-01  0.000000e+00
   outer loop
     vertex  1.727279e+02 -1.362180e+02  4.699009e+00
     vertex  1.731125e+02 -1.361517e+02  4.699009e+00
     vertex  1.727279e+02 -1.362180e+02  1.524003e+01
   endloop
 endfacet
 facet normal -3.025146e-01 -9.531448e-01  0.000000e+00
   outer loop
     vertex  9.167671e+01 -1.359413e+02  4.699009e+00
     vertex  9.204866e+01 -1.360593e+02  4.699009e+00
     vertex  9.204866e+01 -1.360593e+02  1.524003e+01
   endloop
 endfacet
 facet normal -3.025146e-01 -9.531448e-01  0.000000e+00
   outer loop
     vertex  9.167671e+01 -1.359413e+02  4.699009e+00
     vertex  9.204866e+01 -1.360593e+02  1.524003e+01
     vertex  9.167671e+01 -1.359413e+02  1.524003e+01
   endloop
 endfacet
 facet normal  2.367644e-01 -9.715671e-01  0.000000e+00
   outer loop
     vertex  1.731125e+02 -1.361517e+02  4.699009e+00
     vertex  1.734916e+02 -1.360593e+02  4.699009e+00
     vertex  1.734916e+02 -1.360593e+02  1.524003e+01
   endloop
 endfacet
 facet normal  2.367644e-01 -9.715671e-01  0.000000e+00
   outer loop
     vertex  1.731125e+02 -1.361517e+02  4.699009e+00
     vertex  1.734916e+02 -1.360593e+02  1.524003e+01
     vertex  1.731125e+02 -1.361517e+02  1.524003e+01
   endloop
 endfacet
 facet normal -3.668542e-01 -9.302784e-01  0.000000e+00
   outer loop
     vertex  9.131368e+01 -1.357981e+02  4.699009e+00
     vertex  9.167671e+01 -1.359413e+02  4.699009e+00
     vertex  9.167671e+01 -1.359413e+02  1.524003e+01
   endloop
 endfacet
 facet normal -3.668542e-01 -9.302784e-01  0.000000e+00
   outer loop
     vertex  9.131368e+01 -1.357981e+02  4.699009e+00
     vertex  9.167671e+01 -1.359413e+02  1.524003e+01
     vertex  9.131368e+01 -1.357981e+02  1.524003e+01
   endloop
 endfacet
 facet normal  3.025146e-01 -9.531448e-01  0.000000e+00
   outer loop
     vertex  1.734916e+02 -1.360593e+02  4.699009e+00
     vertex  1.738635e+02 -1.359413e+02  4.699009e+00
     vertex  1.738635e+02 -1.359413e+02  1.524003e+01
   endloop
 endfacet
 facet normal  3.025146e-01 -9.531448e-01  0.000000e+00
   outer loop
     vertex  1.734916e+02 -1.360593e+02  4.699009e+00
     vertex  1.738635e+02 -1.359413e+02  1.524003e+01
     vertex  1.734916e+02 -1.360593e+02  1.524003e+01
   endloop
 endfacet
 facet normal -4.294834e-01 -9.030747e-01  0.000000e+00
   outer loop
     vertex  9.096127e+01 -1.356305e+02  4.699009e+00
     vertex  9.131368e+01 -1.357981e+02  4.699009e+00
     vertex  9.131368e+01 -1.357981e+02  1.524003e+01
   endloop
 endfacet
 facet normal -4.294834e-01 -9.030747e-01  0.000000e+00
   outer loop
     vertex  9.096127e+01 -1.356305e+02  4.699009e+00
     vertex  9.131368e+01 -1.357981e+02  1.524003e+01
     vertex  9.096127e+01 -1.356305e+02  1.524003e+01
   endloop
 endfacet
 facet normal  3.668542e-01 -9.302784e-01  0.000000e+00
   outer loop
     vertex  1.738635e+02 -1.359413e+02  4.699009e+00
     vertex  1.742266e+02 -1.357981e+02  4.699009e+00
     vertex  1.742266e+02 -1.357981e+02  1.524003e+01
   endloop
 endfacet
 facet normal  3.668542e-01 -9.302784e-01  0.000000e+00
   outer loop
     vertex  1.738635e+02 -1.359413e+02  4.699009e+00
     vertex  1.742266e+02 -1.357981e+02  1.524003e+01
     vertex  1.738635e+02 -1.359413e+02  1.524003e+01
   endloop
 endfacet
 facet normal -4.901102e-01 -8.716605e-01  0.000000e+00
   outer loop
     vertex  9.062112e+01 -1.354393e+02  4.699009e+00
     vertex  9.096127e+01 -1.356305e+02  4.699009e+00
     vertex  9.096127e+01 -1.356305e+02  1.524003e+01
   endloop
 endfacet
 facet normal -4.901102e-01 -8.716605e-01  0.000000e+00
   outer loop
     vertex  9.062112e+01 -1.354393e+02  4.699009e+00
     vertex  9.096127e+01 -1.356305e+02  1.524003e+01
     vertex  9.062112e+01 -1.354393e+02  1.524003e+01
   endloop
 endfacet
 facet normal  4.294834e-01 -9.030747e-01  0.000000e+00
   outer loop
     vertex  1.742266e+02 -1.357981e+02  4.699009e+00
     vertex  1.745790e+02 -1.356305e+02  4.699009e+00
     vertex  1.745790e+02 -1.356305e+02  1.524003e+01
   endloop
 endfacet
 facet normal  4.294834e-01 -9.030747e-01  0.000000e+00
   outer loop
     vertex  1.742266e+02 -1.357981e+02  4.699009e+00
     vertex  1.745790e+02 -1.356305e+02  1.524003e+01
     vertex  1.742266e+02 -1.357981e+02  1.524003e+01
   endloop
 endfacet
 facet normal -5.484519e-01 -8.361821e-01  0.000000e+00
   outer loop
     vertex  9.029482e+01 -1.352253e+02  4.699009e+00
     vertex  9.062112e+01 -1.354393e+02  4.699009e+00
     vertex  9.062112e+01 -1.354393e+02  1.524003e+01
   endloop
 endfacet
 facet normal -5.484519e-01 -8.361821e-01  0.000000e+00
   outer loop
     vertex  9.029482e+01 -1.352253e+02  4.699009e+00
     vertex  9.062112e+01 -1.354393e+02  1.524003e+01
     vertex  9.029482e+01 -1.352253e+02  1.524003e+01
   endloop
 endfacet
 facet normal  4.901102e-01 -8.716605e-01  0.000000e+00
   outer loop
     vertex  1.745790e+02 -1.356305e+02  4.699009e+00
     vertex  1.749191e+02 -1.354393e+02  4.699009e+00
     vertex  1.749191e+02 -1.354393e+02  1.524003e+01
   endloop
 endfacet
 facet normal  4.901102e-01 -8.716605e-01  0.000000e+00
   outer loop
     vertex  1.745790e+02 -1.356305e+02  4.699009e+00
     vertex  1.749191e+02 -1.354393e+02  1.524003e+01
     vertex  1.745790e+02 -1.356305e+02  1.524003e+01
   endloop
 endfacet
 facet normal -6.042364e-01 -7.968051e-01  0.000000e+00
   outer loop
     vertex  8.998388e+01 -1.349895e+02  4.699009e+00
     vertex  9.029482e+01 -1.352253e+02  4.699009e+00
     vertex  9.029482e+01 -1.352253e+02  1.524003e+01
   endloop
 endfacet
 facet normal -6.042364e-01 -7.968051e-01  0.000000e+00
   outer loop
     vertex  8.998388e+01 -1.349895e+02  4.699009e+00
     vertex  9.029482e+01 -1.352253e+02  1.524003e+01
     vertex  8.998388e+01 -1.349895e+02  1.524003e+01
   endloop
 endfacet
 facet normal  5.484519e-01 -8.361821e-01  0.000000e+00
   outer loop
     vertex  1.749191e+02 -1.354393e+02  4.699009e+00
     vertex  1.752454e+02 -1.352253e+02  4.699009e+00
     vertex  1.752454e+02 -1.352253e+02  1.524003e+01
   endloop
 endfacet
 facet normal  5.484519e-01 -8.361821e-01  0.000000e+00
   outer loop
     vertex  1.749191e+02 -1.354393e+02  4.699009e+00
     vertex  1.752454e+02 -1.352253e+02  1.524003e+01
     vertex  1.749191e+02 -1.354393e+02  1.524003e+01
   endloop
 endfacet
 facet normal -6.572037e-01 -7.537130e-01  0.000000e+00
   outer loop
     vertex  8.968975e+01 -1.347330e+02  4.699009e+00
     vertex  8.998388e+01 -1.349895e+02  4.699009e+00
     vertex  8.998388e+01 -1.349895e+02  1.524003e+01
   endloop
 endfacet
 facet normal -6.572037e-01 -7.537130e-01  0.000000e+00
   outer loop
     vertex  8.968975e+01 -1.347330e+02  4.699009e+00
     vertex  8.998388e+01 -1.349895e+02  1.524003e+01
     vertex  8.968975e+01 -1.347330e+02  1.524003e+01
   endloop
 endfacet
 facet normal  6.042364e-01 -7.968051e-01  0.000000e+00
   outer loop
     vertex  1.752454e+02 -1.352253e+02  4.699009e+00
     vertex  1.755564e+02 -1.349895e+02  4.699009e+00
     vertex  1.755564e+02 -1.349895e+02  1.524003e+01
   endloop
 endfacet
 facet normal  6.042364e-01 -7.968051e-01  0.000000e+00
   outer loop
     vertex  1.752454e+02 -1.352253e+02  4.699009e+00
     vertex  1.755564e+02 -1.349895e+02  1.524003e+01
     vertex  1.752454e+02 -1.352253e+02  1.524003e+01
   endloop
 endfacet
 facet normal -7.071068e-01 -7.071068e-01  0.000000e+00
   outer loop
     vertex  8.941382e+01 -1.344571e+02  4.699009e+00
     vertex  8.968975e+01 -1.347330e+02  4.699009e+00
     vertex  8.968975e+01 -1.347330e+02  1.524003e+01
   endloop
 endfacet
 facet normal -7.071068e-01 -7.071068e-01  0.000000e+00
   outer loop
     vertex  8.941382e+01 -1.344571e+02  4.699009e+00
     vertex  8.968975e+01 -1.347330e+02  1.524003e+01
     vertex  8.941382e+01 -1.344571e+02  1.524003e+01
   endloop
 endfacet
 facet normal  6.572037e-01 -7.537130e-01  0.000000e+00
   outer loop
     vertex  1.755564e+02 -1.349895e+02  4.699009e+00
     vertex  1.758505e+02 -1.347330e+02  4.699009e+00
     vertex  1.758505e+02 -1.347330e+02  1.524003e+01
   endloop
 endfacet
 facet normal  6.572037e-01 -7.537130e-01  0.000000e+00
   outer loop
     vertex  1.755564e+02 -1.349895e+02  4.699009e+00
     vertex  1.758505e+02 -1.347330e+02  1.524003e+01
     vertex  1.755564e+02 -1.349895e+02  1.524003e+01
   endloop
 endfacet
 facet normal -7.537130e-01 -6.572037e-01  0.000000e+00
   outer loop
     vertex  8.915735e+01 -1.341629e+02  4.699009e+00
     vertex  8.941382e+01 -1.344571e+02  4.699009e+00
     vertex  8.941382e+01 -1.344571e+02  1.524003e+01
   endloop
 endfacet
 facet normal -7.537130e-01 -6.572037e-01  0.000000e+00
   outer loop
     vertex  8.915735e+01 -1.341629e+02  4.699009e+00
     vertex  8.941382e+01 -1.344571e+02  1.524003e+01
     vertex  8.915735e+01 -1.341629e+02  1.524003e+01
   endloop
 endfacet
 facet normal  7.071068e-01 -7.071068e-01  0.000000e+00
   outer loop
     vertex  1.758505e+02 -1.347330e+02  4.699009e+00
     vertex  1.761264e+02 -1.344571e+02  4.699009e+00
     vertex  1.761264e+02 -1.344571e+02  1.524003e+01
   endloop
 endfacet
 facet normal  7.071068e-01 -7.071068e-01  0.000000e+00
   outer loop
     vertex  1.758505e+02 -1.347330e+02  4.699009e+00
     vertex  1.761264e+02 -1.344571e+02  1.524003e+01
     vertex  1.758505e+02 -1.347330e+02  1.524003e+01
   endloop
 endfacet
 facet normal -7.968051e-01 -6.042364e-01  0.000000e+00
   outer loop
     vertex  8.892156e+01 -1.338520e+02  4.699009e+00
     vertex  8.915735e+01 -1.341629e+02  4.699009e+00
     vertex  8.915735e+01 -1.341629e+02  1.524003e+01
   endloop
 endfacet
 facet normal -7.968051e-01 -6.042364e-01  0.000000e+00
   outer loop
     vertex  8.892156e+01 -1.338520e+02  4.699009e+00
     vertex  8.915735e+01 -1.341629e+02  1.524003e+01
     vertex  8.892156e+01 -1.338520e+02  1.524003e+01
   endloop
 endfacet
 facet normal  7.537130e-01 -6.572037e-01  0.000000e+00
   outer loop
     vertex  1.761264e+02 -1.344571e+02  4.699009e+00
     vertex  1.763829e+02 -1.341629e+02  4.699009e+00
     vertex  1.763829e+02 -1.341629e+02  1.524003e+01
   endloop
 endfacet
 facet normal  7.537130e-01 -6.572037e-01  0.000000e+00
   outer loop
     vertex  1.761264e+02 -1.344571e+02  4.699009e+00
     vertex  1.763829e+02 -1.341629e+02  1.524003e+01
     vertex  1.761264e+02 -1.344571e+02  1.524003e+01
   endloop
 endfacet
 facet normal -8.361821e-01 -5.484519e-01  0.000000e+00
   outer loop
     vertex  8.870753e+01 -1.335257e+02  4.699009e+00
     vertex  8.892156e+01 -1.338520e+02  4.699009e+00
     vertex  8.892156e+01 -1.338520e+02  1.524003e+01
   endloop
 endfacet
 facet normal -8.361821e-01 -5.484519e-01  0.000000e+00
   outer loop
     vertex  8.870753e+01 -1.335257e+02  4.699009e+00
     vertex  8.892156e+01 -1.338520e+02  1.524003e+01
     vertex  8.870753e+01 -1.335257e+02  1.524003e+01
   endloop
 endfacet
 facet normal  7.968051e-01 -6.042364e-01  0.000000e+00
   outer loop
     vertex  1.763829e+02 -1.341629e+02  4.699009e+00
     vertex  1.766187e+02 -1.338520e+02  4.699009e+00
     vertex  1.766187e+02 -1.338520e+02  1.524003e+01
   endloop
 endfacet
 facet normal  7.968051e-01 -6.042364e-01  0.000000e+00
   outer loop
     vertex  1.763829e+02 -1.341629e+02  4.699009e+00
     vertex  1.766187e+02 -1.338520e+02  1.524003e+01
     vertex  1.763829e+02 -1.341629e+02  1.524003e+01
   endloop
 endfacet
 facet normal -8.716605e-01 -4.901102e-01  0.000000e+00
   outer loop
     vertex  8.870753e+01 -1.335257e+02  4.699009e+00
     vertex  8.870753e+01 -1.335257e+02  1.524003e+01
     vertex  8.851628e+01 -1.331855e+02  1.524003e+01
   endloop
 endfacet
 facet normal -8.716605e-01 -4.901102e-01  0.000000e+00
   outer loop
     vertex  8.851628e+01 -1.331855e+02  4.699009e+00
     vertex  8.870753e+01 -1.335257e+02  4.699009e+00
     vertex  8.851628e+01 -1.331855e+02  1.524003e+01
   endloop
 endfacet
 facet normal  8.361821e-01 -5.484519e-01  0.000000e+00
   outer loop
     vertex  1.766187e+02 -1.338520e+02  4.699009e+00
     vertex  1.768327e+02 -1.335257e+02  4.699009e+00
     vertex  1.768327e+02 -1.335257e+02  1.524003e+01
   endloop
 endfacet
 facet normal  8.361821e-01 -5.484519e-01  0.000000e+00
   outer loop
     vertex  1.766187e+02 -1.338520e+02  4.699009e+00
     vertex  1.768327e+02 -1.335257e+02  1.524003e+01
     vertex  1.766187e+02 -1.338520e+02  1.524003e+01
   endloop
 endfacet
 facet normal -9.030747e-01 -4.294834e-01  0.000000e+00
   outer loop
     vertex  8.834868e+01 -1.328331e+02  4.699009e+00
     vertex  8.851628e+01 -1.331855e+02  4.699009e+00
     vertex  8.851628e+01 -1.331855e+02  1.524003e+01
   endloop
 endfacet
 facet normal -9.030747e-01 -4.294834e-01  0.000000e+00
   outer loop
     vertex  8.834868e+01 -1.328331e+02  4.699009e+00
     vertex  8.851628e+01 -1.331855e+02  1.524003e+01
     vertex  8.834868e+01 -1.328331e+02  1.524003e+01
   endloop
 endfacet
 facet normal  8.716605e-01 -4.901102e-01  0.000000e+00
   outer loop
     vertex  1.768327e+02 -1.335257e+02  4.699009e+00
     vertex  1.770240e+02 -1.331855e+02  4.699009e+00
     vertex  1.770240e+02 -1.331855e+02  1.524003e+01
   endloop
 endfacet
 facet normal  8.716605e-01 -4.901102e-01  0.000000e+00
   outer loop
     vertex  1.768327e+02 -1.335257e+02  4.699009e+00
     vertex  1.770240e+02 -1.331855e+02  1.524003e+01
     vertex  1.768327e+02 -1.335257e+02  1.524003e+01
   endloop
 endfacet
 facet normal -9.302784e-01 -3.668542e-01  0.000000e+00
   outer loop
     vertex  8.820552e+01 -1.324701e+02  4.699009e+00
     vertex  8.834868e+01 -1.328331e+02  4.699009e+00
     vertex  8.834868e+01 -1.328331e+02  1.524003e+01
   endloop
 endfacet
 facet normal -9.302784e-01 -3.668542e-01  0.000000e+00
   outer loop
     vertex  8.820552e+01 -1.324701e+02  4.699009e+00
     vertex  8.834868e+01 -1.328331e+02  1.524003e+01
     vertex  8.820552e+01 -1.324701e+02  1.524003e+01
   endloop
 endfacet
 facet normal  9.030747e-01 -4.294834e-01  0.000000e+00
   outer loop
     vertex  1.770240e+02 -1.331855e+02  4.699009e+00
     vertex  1.771916e+02 -1.328331e+02  4.699009e+00
     vertex  1.771916e+02 -1.328331e+02  1.524003e+01
   endloop
 endfacet
 facet normal  9.030747e-01 -4.294834e-01  0.000000e+00
   outer loop
     vertex  1.770240e+02 -1.331855e+02  4.699009e+00
     vertex  1.771916e+02 -1.328331e+02  1.524003e+01
     vertex  1.770240e+02 -1.331855e+02  1.524003e+01
   endloop
 endfacet
 facet normal -9.531448e-01 -3.025146e-01  0.000000e+00
   outer loop
     vertex  8.808747e+01 -1.320982e+02  4.699009e+00
     vertex  8.820552e+01 -1.324701e+02  4.699009e+00
     vertex  8.820552e+01 -1.324701e+02  1.524003e+01
   endloop
 endfacet
 facet normal -9.531448e-01 -3.025146e-01  0.000000e+00
   outer loop
     vertex  8.808747e+01 -1.320982e+02  4.699009e+00
     vertex  8.820552e+01 -1.324701e+02  1.524003e+01
     vertex  8.808747e+01 -1.320982e+02  1.524003e+01
   endloop
 endfacet
 facet normal  9.302784e-01 -3.668542e-01  0.000000e+00
   outer loop
     vertex  1.771916e+02 -1.328331e+02  4.699009e+00
     vertex  1.773347e+02 -1.324701e+02  4.699009e+00
     vertex  1.773347e+02 -1.324701e+02  1.524003e+01
   endloop
 endfacet
 facet normal  9.302784e-01 -3.668542e-01  0.000000e+00
   outer loop
     vertex  1.771916e+02 -1.328331e+02  4.699009e+00
     vertex  1.773347e+02 -1.324701e+02  1.524003e+01
     vertex  1.771916e+02 -1.328331e+02  1.524003e+01
   endloop
 endfacet
 facet normal -9.715671e-01 -2.367644e-01  0.000000e+00
   outer loop
     vertex  8.799507e+01 -1.317190e+02  4.699009e+00
     vertex  8.808747e+01 -1.320982e+02  4.699009e+00
     vertex  8.808747e+01 -1.320982e+02  1.524003e+01
   endloop
 endfacet
 facet normal -9.715671e-01 -2.367644e-01  0.000000e+00
   outer loop
     vertex  8.799507e+01 -1.317190e+02  4.699009e+00
     vertex  8.808747e+01 -1.320982e+02  1.524003e+01
     vertex  8.799507e+01 -1.317190e+02  1.524003e+01
   endloop
 endfacet
 facet normal  9.531448e-01 -3.025146e-01  0.000000e+00
   outer loop
     vertex  1.773347e+02 -1.324701e+02  4.699009e+00
     vertex  1.774528e+02 -1.320982e+02  4.699009e+00
     vertex  1.774528e+02 -1.320982e+02  1.524003e+01
   endloop
 endfacet
 facet normal  9.531448e-01 -3.025146e-01  0.000000e+00
   outer loop
     vertex  1.773347e+02 -1.324701e+02  4.699009e+00
     vertex  1.774528e+02 -1.320982e+02  1.524003e+01
     vertex  1.773347e+02 -1.324701e+02  1.524003e+01
   endloop
 endfacet
 facet normal -9.854595e-01 -1.699104e-01  0.000000e+00
   outer loop
     vertex  8.792877e+01 -1.313345e+02  4.699009e+00
     vertex  8.799507e+01 -1.317190e+02  4.699009e+00
     vertex  8.799507e+01 -1.317190e+02  1.524003e+01
   endloop
 endfacet
 facet normal -9.854595e-01 -1.699104e-01  0.000000e+00
   outer loop
     vertex  8.792877e+01 -1.313345e+02  4.699009e+00
     vertex  8.799507e+01 -1.317190e+02  1.524003e+01
     vertex  8.792877e+01 -1.313345e+02  1.524003e+01
   endloop
 endfacet
 facet normal  9.715671e-01 -2.367644e-01  0.000000e+00
   outer loop
     vertex  1.774528e+02 -1.320982e+02  4.699009e+00
     vertex  1.775452e+02 -1.317190e+02  4.699009e+00
     vertex  1.775452e+02 -1.317190e+02  1.524003e+01
   endloop
 endfacet
 facet normal  9.715671e-01 -2.367644e-01  0.000000e+00
   outer loop
     vertex  1.774528e+02 -1.320982e+02  4.699009e+00
     vertex  1.775452e+02 -1.317190e+02  1.524003e+01
     vertex  1.774528e+02 -1.320982e+02  1.524003e+01
   endloop
 endfacet
 facet normal -9.947573e-01 -1.022641e-01  0.000000e+00
   outer loop
     vertex  8.788886e+01 -1.309463e+02  4.699009e+00
     vertex  8.792877e+01 -1.313345e+02  4.699009e+00
     vertex  8.792877e+01 -1.313345e+02  1.524003e+01
   endloop
 endfacet
 facet normal -9.947573e-01 -1.022641e-01  0.000000e+00
   outer loop
     vertex  8.788886e+01 -1.309463e+02  4.699009e+00
     vertex  8.792877e+01 -1.313345e+02  1.524003e+01
     vertex  8.788886e+01 -1.309463e+02  1.524003e+01
   endloop
 endfacet
 facet normal  9.854595e-01 -1.699104e-01  0.000000e+00
   outer loop
     vertex  1.775452e+02 -1.317190e+02  4.699009e+00
     vertex  1.776115e+02 -1.313345e+02  4.699009e+00
     vertex  1.776115e+02 -1.313345e+02  1.524003e+01
   endloop
 endfacet
 facet normal  9.854595e-01 -1.699104e-01  0.000000e+00
   outer loop
     vertex  1.775452e+02 -1.317190e+02  4.699009e+00
     vertex  1.776115e+02 -1.313345e+02  1.524003e+01
     vertex  1.775452e+02 -1.317190e+02  1.524003e+01
   endloop
 endfacet
 facet normal -9.994170e-01 -3.414111e-02  0.000000e+00
   outer loop
     vertex  8.787554e+01 -1.305563e+02  4.699009e+00
     vertex  8.788886e+01 -1.309463e+02  4.699009e+00
     vertex  8.788886e+01 -1.309463e+02  1.524003e+01
   endloop
 endfacet
 facet normal -9.994170e-01 -3.414111e-02  0.000000e+00
   outer loop
     vertex  8.787554e+01 -1.305563e+02  4.699009e+00
     vertex  8.788886e+01 -1.309463e+02  1.524003e+01
     vertex  8.787554e+01 -1.305563e+02  1.524003e+01
   endloop
 endfacet
 facet normal  9.947573e-01 -1.022641e-01  0.000000e+00
   outer loop
     vertex  1.776115e+02 -1.313345e+02  4.699009e+00
     vertex  1.776514e+02 -1.309463e+02  4.699009e+00
     vertex  1.776514e+02 -1.309463e+02  1.524003e+01
   endloop
 endfacet
 facet normal  9.947573e-01 -1.022641e-01  0.000000e+00
   outer loop
     vertex  1.776115e+02 -1.313345e+02  4.699009e+00
     vertex  1.776514e+02 -1.309463e+02  1.524003e+01
     vertex  1.776115e+02 -1.313345e+02  1.524003e+01
   endloop
 endfacet
 facet normal -1.000000e+00  0.000000e+00  0.000000e+00
   outer loop
     vertex  8.787554e+01 -5.702311e+01  4.699009e+00
     vertex  8.787554e+01 -1.305563e+02  4.699009e+00
     vertex  8.787554e+01 -1.305563e+02  1.524003e+01
   endloop
 endfacet
 facet normal -1.000000e+00  0.000000e+00  0.000000e+00
   outer loop
     vertex  8.787554e+01 -5.702311e+01  4.699009e+00
     vertex  8.787554e+01 -1.305563e+02  1.524003e+01
     vertex  8.787554e+01 -5.702311e+01  1.524003e+01
   endloop
 endfacet
 facet normal  9.994170e-01 -3.414111e-02  0.000000e+00
   outer loop
     vertex  1.776514e+02 -1.309463e+02  4.699009e+00
     vertex  1.776647e+02 -1.305563e+02  4.699009e+00
     vertex  1.776647e+02 -1.305563e+02  1.524003e+01
   endloop
 endfacet
 facet normal  9.994170e-01 -3.414111e-02  0.000000e+00
   outer loop
     vertex  1.776514e+02 -1.309463e+02  4.699009e+00
     vertex  1.776647e+02 -1.305563e+02  1.524003e+01
     vertex  1.776514e+02 -1.309463e+02  1.524003e+01
   endloop
 endfacet
 facet normal -9.994170e-01  3.414111e-02  0.000000e+00
   outer loop
     vertex  8.788886e+01 -5.663311e+01  4.699009e+00
     vertex  8.787554e+01 -5.702311e+01  4.699009e+00
     vertex  8.787554e+01 -5.702311e+01  1.524003e+01
   endloop
 endfacet
 facet normal -9.994170e-01  3.414111e-02  0.000000e+00
   outer loop
     vertex  8.788886e+01 -5.663311e+01  4.699009e+00
     vertex  8.787554e+01 -5.702311e+01  1.524003e+01
     vertex  8.788886e+01 -5.663311e+01  1.524003e+01
   endloop
 endfacet
 facet normal  1.000000e+00  0.000000e+00  0.000000e+00
   outer loop
     vertex  1.776647e+02 -1.305563e+02  4.699009e+00
     vertex  1.776647e+02 -5.702311e+01  4.699009e+00
     vertex  1.776647e+02 -5.702311e+01  1.524003e+01
   endloop
 endfacet
 facet normal  1.000000e+00  0.000000e+00  0.000000e+00
   outer loop
     vertex  1.776647e+02 -1.305563e+02  4.699009e+00
     vertex  1.776647e+02 -5.702311e+01  1.524003e+01
     vertex  1.776647e+02 -1.305563e+02  1.524003e+01
   endloop
 endfacet
 facet normal -9.947573e-01  1.022641e-01  0.000000e+00
   outer loop
     vertex  8.792877e+01 -5.624492e+01  4.699009e+00
     vertex  8.788886e+01 -5.663311e+01  4.699009e+00
     vertex  8.788886e+01 -5.663311e+01  1.524003e+01
   endloop
 endfacet
 facet normal -9.947573e-01  1.022641e-01  0.000000e+00
   outer loop
     vertex  8.792877e+01 -5.624492e+01  4.699009e+00
     vertex  8.788886e+01 -5.663311e+01  1.524003e+01
     vertex  8.792877e+01 -5.624492e+01  1.524003e+01
   endloop
 endfacet
 facet normal  9.994170e-01  3.414111e-02  0.000000e+00
   outer loop
     vertex  1.776647e+02 -5.702311e+01  4.699009e+00
     vertex  1.776514e+02 -5.663311e+01  4.699009e+00
     vertex  1.776514e+02 -5.663311e+01  1.524003e+01
   endloop
 endfacet
 facet normal  9.994170e-01  3.414111e-02 -0.000000e+00
   outer loop
     vertex  1.776647e+02 -5.702311e+01  4.699009e+00
     vertex  1.776514e+02 -5.663311e+01  1.524003e+01
     vertex  1.776647e+02 -5.702311e+01  1.524003e+01
   endloop
 endfacet
 facet normal -9.854595e-01  1.699104e-01  0.000000e+00
   outer loop
     vertex  8.799507e+01 -5.586036e+01  4.699009e+00
     vertex  8.792877e+01 -5.624492e+01  4.699009e+00
     vertex  8.792877e+01 -5.624492e+01  1.524003e+01
   endloop
 endfacet
 facet normal -9.854595e-01  1.699104e-01  0.000000e+00
   outer loop
     vertex  8.799507e+01 -5.586036e+01  4.699009e+00
     vertex  8.792877e+01 -5.624492e+01  1.524003e+01
     vertex  8.799507e+01 -5.586036e+01  1.524003e+01
   endloop
 endfacet
 facet normal  9.947573e-01  1.022641e-01  0.000000e+00
   outer loop
     vertex  1.776514e+02 -5.663311e+01  4.699009e+00
     vertex  1.776115e+02 -5.624492e+01  4.699009e+00
     vertex  1.776115e+02 -5.624492e+01  1.524003e+01
   endloop
 endfacet
 facet normal  9.947573e-01  1.022641e-01 -0.000000e+00
   outer loop
     vertex  1.776514e+02 -5.663311e+01  4.699009e+00
     vertex  1.776115e+02 -5.624492e+01  1.524003e+01
     vertex  1.776514e+02 -5.663311e+01  1.524003e+01
   endloop
 endfacet
 facet normal -9.715671e-01  2.367644e-01  0.000000e+00
   outer loop
     vertex  8.808747e+01 -5.548122e+01  4.699009e+00
     vertex  8.799507e+01 -5.586036e+01  4.699009e+00
     vertex  8.799507e+01 -5.586036e+01  1.524003e+01
   endloop
 endfacet
 facet normal -9.715671e-01  2.367644e-01  0.000000e+00
   outer loop
     vertex  8.808747e+01 -5.548122e+01  4.699009e+00
     vertex  8.799507e+01 -5.586036e+01  1.524003e+01
     vertex  8.808747e+01 -5.548122e+01  1.524003e+01
   endloop
 endfacet
 facet normal  9.854595e-01  1.699104e-01  0.000000e+00
   outer loop
     vertex  1.776115e+02 -5.624492e+01  4.699009e+00
     vertex  1.775452e+02 -5.586036e+01  4.699009e+00
     vertex  1.775452e+02 -5.586036e+01  1.524003e+01
   endloop
 endfacet
 facet normal  9.854595e-01  1.699104e-01 -0.000000e+00
   outer loop
     vertex  1.776115e+02 -5.624492e+01  4.699009e+00
     vertex  1.775452e+02 -5.586036e+01  1.524003e+01
     vertex  1.776115e+02 -5.624492e+01  1.524003e+01
   endloop
 endfacet
 facet normal -9.531448e-01  3.025146e-01  0.000000e+00
   outer loop
     vertex  8.820552e+01 -5.510927e+01  4.699009e+00
     vertex  8.808747e+01 -5.548122e+01  4.699009e+00
     vertex  8.808747e+01 -5.548122e+01  1.524003e+01
   endloop
 endfacet
 facet normal -9.531448e-01  3.025146e-01  0.000000e+00
   outer loop
     vertex  8.820552e+01 -5.510927e+01  4.699009e+00
     vertex  8.808747e+01 -5.548122e+01  1.524003e+01
     vertex  8.820552e+01 -5.510927e+01  1.524003e+01
   endloop
 endfacet
 facet normal  9.715671e-01  2.367644e-01  0.000000e+00
   outer loop
     vertex  1.775452e+02 -5.586036e+01  4.699009e+00
     vertex  1.774528e+02 -5.548122e+01  4.699009e+00
     vertex  1.774528e+02 -5.548122e+01  1.524003e+01
   endloop
 endfacet
 facet normal  9.715671e-01  2.367644e-01 -0.000000e+00
   outer loop
     vertex  1.775452e+02 -5.586036e+01  4.699009e+00
     vertex  1.774528e+02 -5.548122e+01  1.524003e+01
     vertex  1.775452e+02 -5.586036e+01  1.524003e+01
   endloop
 endfacet
 facet normal -9.302784e-01  3.668542e-01  0.000000e+00
   outer loop
     vertex  8.834868e+01 -5.474625e+01  4.699009e+00
     vertex  8.820552e+01 -5.510927e+01  4.699009e+00
     vertex  8.820552e+01 -5.510927e+01  1.524003e+01
   endloop
 endfacet
 facet normal -9.302784e-01  3.668542e-01  0.000000e+00
   outer loop
     vertex  8.834868e+01 -5.474625e+01  4.699009e+00
     vertex  8.820552e+01 -5.510927e+01  1.524003e+01
     vertex  8.834868e+01 -5.474625e+01  1.524003e+01
   endloop
 endfacet
 facet normal  9.531448e-01  3.025146e-01  0.000000e+00
   outer loop
     vertex  1.774528e+02 -5.548122e+01  4.699009e+00
     vertex  1.773347e+02 -5.510927e+01  4.699009e+00
     vertex  1.773347e+02 -5.510927e+01  1.524003e+01
   endloop
 endfacet
 facet normal  9.531448e-01  3.025146e-01 -0.000000e+00
   outer loop
     vertex  1.774528e+02 -5.548122e+01  4.699009e+00
     vertex  1.773347e+02 -5.510927e+01  1.524003e+01
     vertex  1.774528e+02 -5.548122e+01  1.524003e+01
   endloop
 endfacet
 facet normal -9.030747e-01  4.294834e-01  0.000000e+00
   outer loop
     vertex  8.851628e+01 -5.439384e+01  4.699009e+00
     vertex  8.834868e+01 -5.474625e+01  4.699009e+00
     vertex  8.834868e+01 -5.474625e+01  1.524003e+01
   endloop
 endfacet
 facet normal -9.030747e-01  4.294834e-01  0.000000e+00
   outer loop
     vertex  8.851628e+01 -5.439384e+01  4.699009e+00
     vertex  8.834868e+01 -5.474625e+01  1.524003e+01
     vertex  8.851628e+01 -5.439384e+01  1.524003e+01
   endloop
 endfacet
 facet normal  9.302784e-01  3.668542e-01  0.000000e+00
   outer loop
     vertex  1.773347e+02 -5.510927e+01  4.699009e+00
     vertex  1.771916e+02 -5.474625e+01  4.699009e+00
     vertex  1.771916e+02 -5.474625e+01  1.524003e+01
   endloop
 endfacet
 facet normal  9.302784e-01  3.668542e-01 -0.000000e+00
   outer loop
     vertex  1.773347e+02 -5.510927e+01  4.699009e+00
     vertex  1.771916e+02 -5.474625e+01  1.524003e+01
     vertex  1.773347e+02 -5.510927e+01  1.524003e+01
   endloop
 endfacet
 facet normal -8.716605e-01  4.901102e-01  0.000000e+00
   outer loop
     vertex  8.870753e+01 -5.405369e+01  4.699009e+00
     vertex  8.851628e+01 -5.439384e+01  4.699009e+00
     vertex  8.851628e+01 -5.439384e+01  1.524003e+01
   endloop
 endfacet
 facet normal -8.716605e-01  4.901102e-01  0.000000e+00
   outer loop
     vertex  8.870753e+01 -5.405369e+01  4.699009e+00
     vertex  8.851628e+01 -5.439384e+01  1.524003e+01
     vertex  8.870753e+01 -5.405369e+01  1.524003e+01
   endloop
 endfacet
 facet normal  9.030747e-01  4.294834e-01  0.000000e+00
   outer loop
     vertex  1.771916e+02 -5.474625e+01  4.699009e+00
     vertex  1.770240e+02 -5.439384e+01  4.699009e+00
     vertex  1.770240e+02 -5.439384e+01  1.524003e+01
   endloop
 endfacet
 facet normal  9.030747e-01  4.294834e-01 -0.000000e+00
   outer loop
     vertex  1.771916e+02 -5.474625e+01  4.699009e+00
     vertex  1.770240e+02 -5.439384e+01  1.524003e+01
     vertex  1.771916e+02 -5.474625e+01  1.524003e+01
   endloop
 endfacet
 facet normal -8.361821e-01  5.484519e-01  0.000000e+00
   outer loop
     vertex  8.892156e+01 -5.372738e+01  4.699009e+00
     vertex  8.870753e+01 -5.405369e+01  4.699009e+00
     vertex  8.870753e+01 -5.405369e+01  1.524003e+01
   endloop
 endfacet
 facet normal -8.361821e-01  5.484519e-01  0.000000e+00
   outer loop
     vertex  8.892156e+01 -5.372738e+01  4.699009e+00
     vertex  8.870753e+01 -5.405369e+01  1.524003e+01
     vertex  8.892156e+01 -5.372738e+01  1.524003e+01
   endloop
 endfacet
 facet normal  8.716605e-01  4.901102e-01  0.000000e+00
   outer loop
     vertex  1.770240e+02 -5.439384e+01  4.699009e+00
     vertex  1.768327e+02 -5.405369e+01  4.699009e+00
     vertex  1.768327e+02 -5.405369e+01  1.524003e+01
   endloop
 endfacet
 facet normal  8.716605e-01  4.901102e-01 -0.000000e+00
   outer loop
     vertex  1.770240e+02 -5.439384e+01  4.699009e+00
     vertex  1.768327e+02 -5.405369e+01  1.524003e+01
     vertex  1.770240e+02 -5.439384e+01  1.524003e+01
   endloop
 endfacet
 facet normal -7.968051e-01  6.042364e-01  0.000000e+00
   outer loop
     vertex  8.915735e+01 -5.341644e+01  4.699009e+00
     vertex  8.892156e+01 -5.372738e+01  4.699009e+00
     vertex  8.892156e+01 -5.372738e+01  1.524003e+01
   endloop
 endfacet
 facet normal -7.968051e-01  6.042364e-01  0.000000e+00
   outer loop
     vertex  8.915735e+01 -5.341644e+01  4.699009e+00
     vertex  8.892156e+01 -5.372738e+01  1.524003e+01
     vertex  8.915735e+01 -5.341644e+01  1.524003e+01
   endloop
 endfacet
 facet normal  8.361821e-01  5.484519e-01  0.000000e+00
   outer loop
     vertex  1.768327e+02 -5.405369e+01  4.699009e+00
     vertex  1.766187e+02 -5.372738e+01  4.699009e+00
     vertex  1.766187e+02 -5.372738e+01  1.524003e+01
   endloop
 endfacet
 facet normal  8.361821e-01  5.484519e-01 -0.000000e+00
   outer loop
     vertex  1.768327e+02 -5.405369e+01  4.699009e+00
     vertex  1.766187e+02 -5.372738e+01  1.524003e+01
     vertex  1.768327e+02 -5.405369e+01  1.524003e+01
   endloop
 endfacet
 facet normal -7.537130e-01  6.572037e-01  0.000000e+00
   outer loop
     vertex  8.941382e+01 -5.312232e+01  4.699009e+00
     vertex  8.915735e+01 -5.341644e+01  4.699009e+00
     vertex  8.915735e+01 -5.341644e+01  1.524003e+01
   endloop
 endfacet
 facet normal -7.537130e-01  6.572037e-01  0.000000e+00
   outer loop
     vertex  8.941382e+01 -5.312232e+01  4.699009e+00
     vertex  8.915735e+01 -5.341644e+01  1.524003e+01
     vertex  8.941382e+01 -5.312232e+01  1.524003e+01
   endloop
 endfacet
 facet normal  7.968051e-01  6.042364e-01  0.000000e+00
   outer loop
     vertex  1.766187e+02 -5.372738e+01  4.699009e+00
     vertex  1.763829e+02 -5.341644e+01  4.699009e+00
     vertex  1.763829e+02 -5.341644e+01  1.524003e+01
   endloop
 endfacet
 facet normal  7.968051e-01  6.042364e-01 -0.000000e+00
   outer loop
     vertex  1.766187e+02 -5.372738e+01  4.699009e+00
     vertex  1.763829e+02 -5.341644e+01  1.524003e+01
     vertex  1.766187e+02 -5.372738e+01  1.524003e+01
   endloop
 endfacet
 facet normal -7.071068e-01  7.071068e-01  0.000000e+00
   outer loop
     vertex  8.968975e+01 -5.284638e+01  4.699009e+00
     vertex  8.941382e+01 -5.312232e+01  4.699009e+00
     vertex  8.941382e+01 -5.312232e+01  1.524003e+01
   endloop
 endfacet
 facet normal -7.071068e-01  7.071068e-01  0.000000e+00
   outer loop
     vertex  8.968975e+01 -5.284638e+01  4.699009e+00
     vertex  8.941382e+01 -5.312232e+01  1.524003e+01
     vertex  8.968975e+01 -5.284638e+01  1.524003e+01
   endloop
 endfacet
 facet normal  7.537130e-01  6.572037e-01  0.000000e+00
   outer loop
     vertex  1.763829e+02 -5.341644e+01  4.699009e+00
     vertex  1.761264e+02 -5.312232e+01  4.699009e+00
     vertex  1.761264e+02 -5.312232e+01  1.524003e+01
   endloop
 endfacet
 facet normal  7.537130e-01  6.572037e-01 -0.000000e+00
   outer loop
     vertex  1.763829e+02 -5.341644e+01  4.699009e+00
     vertex  1.761264e+02 -5.312232e+01  1.524003e+01
     vertex  1.763829e+02 -5.341644e+01  1.524003e+01
   endloop
 endfacet
 facet normal -6.572037e-01  7.537130e-01  0.000000e+00
   outer loop
     vertex  8.998388e+01 -5.258992e+01  4.699009e+00
     vertex  8.968975e+01 -5.284638e+01  4.699009e+00
     vertex  8.968975e+01 -5.284638e+01  1.524003e+01
   endloop
 endfacet
 facet normal -6.572037e-01  7.537130e-01  0.000000e+00
   outer loop
     vertex  8.998388e+01 -5.258992e+01  4.699009e+00
     vertex  8.968975e+01 -5.284638e+01  1.524003e+01
     vertex  8.998388e+01 -5.258992e+01  1.524003e+01
   endloop
 endfacet
 facet normal  7.071068e-01  7.071068e-01  0.000000e+00
   outer loop
     vertex  1.761264e+02 -5.312232e+01  4.699009e+00
     vertex  1.758505e+02 -5.284638e+01  4.699009e+00
     vertex  1.758505e+02 -5.284638e+01  1.524003e+01
   endloop
 endfacet
 facet normal  7.071068e-01  7.071068e-01 -0.000000e+00
   outer loop
     vertex  1.761264e+02 -5.312232e+01  4.699009e+00
     vertex  1.758505e+02 -5.284638e+01  1.524003e+01
     vertex  1.761264e+02 -5.312232e+01  1.524003e+01
   endloop
 endfacet
 facet normal -6.042364e-01  7.968051e-01  0.000000e+00
   outer loop
     vertex  9.029482e+01 -5.235412e+01  4.699009e+00
     vertex  8.998388e+01 -5.258992e+01  4.699009e+00
     vertex  8.998388e+01 -5.258992e+01  1.524003e+01
   endloop
 endfacet
 facet normal -6.042364e-01  7.968051e-01  0.000000e+00
   outer loop
     vertex  9.029482e+01 -5.235412e+01  4.699009e+00
     vertex  8.998388e+01 -5.258992e+01  1.524003e+01
     vertex  9.029482e+01 -5.235412e+01  1.524003e+01
   endloop
 endfacet
 facet normal  6.572037e-01  7.537130e-01  0.000000e+00
   outer loop
     vertex  1.758505e+02 -5.284638e+01  4.699009e+00
     vertex  1.755564e+02 -5.258992e+01  4.699009e+00
     vertex  1.755564e+02 -5.258992e+01  1.524003e+01
   endloop
 endfacet
 facet normal  6.572037e-01  7.537130e-01 -0.000000e+00
   outer loop
     vertex  1.758505e+02 -5.284638e+01  4.699009e+00
     vertex  1.755564e+02 -5.258992e+01  1.524003e+01
     vertex  1.758505e+02 -5.284638e+01  1.524003e+01
   endloop
 endfacet
 facet normal -5.484519e-01  8.361821e-01  0.000000e+00
   outer loop
     vertex  9.062112e+01 -5.214010e+01  4.699009e+00
     vertex  9.029482e+01 -5.235412e+01  4.699009e+00
     vertex  9.029482e+01 -5.235412e+01  1.524003e+01
   endloop
 endfacet
 facet normal -5.484519e-01  8.361821e-01  0.000000e+00
   outer loop
     vertex  9.062112e+01 -5.214010e+01  4.699009e+00
     vertex  9.029482e+01 -5.235412e+01  1.524003e+01
     vertex  9.062112e+01 -5.214010e+01  1.524003e+01
   endloop
 endfacet
 facet normal  6.042364e-01  7.968051e-01  0.000000e+00
   outer loop
     vertex  1.755564e+02 -5.258992e+01  4.699009e+00
     vertex  1.752454e+02 -5.235412e+01  4.699009e+00
     vertex  1.752454e+02 -5.235412e+01  1.524003e+01
   endloop
 endfacet
 facet normal  6.042364e-01  7.968051e-01 -0.000000e+00
   outer loop
     vertex  1.755564e+02 -5.258992e+01  4.699009e+00
     vertex  1.752454e+02 -5.235412e+01  1.524003e+01
     vertex  1.755564e+02 -5.258992e+01  1.524003e+01
   endloop
 endfacet
 facet normal -4.901102e-01  8.716605e-01  0.000000e+00
   outer loop
     vertex  9.096127e+01 -5.194884e+01  4.699009e+00
     vertex  9.062112e+01 -5.214010e+01  4.699009e+00
     vertex  9.062112e+01 -5.214010e+01  1.524003e+01
   endloop
 endfacet
 facet normal -4.901102e-01  8.716605e-01  0.000000e+00
   outer loop
     vertex  9.096127e+01 -5.194884e+01  4.699009e+00
     vertex  9.062112e+01 -5.214010e+01  1.524003e+01
     vertex  9.096127e+01 -5.194884e+01  1.524003e+01
   endloop
 endfacet
 facet normal  5.484519e-01  8.361821e-01  0.000000e+00
   outer loop
     vertex  1.752454e+02 -5.235412e+01  4.699009e+00
     vertex  1.749191e+02 -5.214010e+01  4.699009e+00
     vertex  1.749191e+02 -5.214010e+01  1.524003e+01
   endloop
 endfacet
 facet normal  5.484519e-01  8.361821e-01 -0.000000e+00
   outer loop
     vertex  1.752454e+02 -5.235412e+01  4.699009e+00
     vertex  1.749191e+02 -5.214010e+01  1.524003e+01
     vertex  1.752454e+02 -5.235412e+01  1.524003e+01
   endloop
 endfacet
 facet normal -4.294834e-01  9.030747e-01  0.000000e+00
   outer loop
     vertex  9.131368e+01 -5.178124e+01  4.699009e+00
     vertex  9.096127e+01 -5.194884e+01  4.699009e+00
     vertex  9.096127e+01 -5.194884e+01  1.524003e+01
   endloop
 endfacet
 facet normal -4.294834e-01  9.030747e-01  0.000000e+00
   outer loop
     vertex  9.131368e+01 -5.178124e+01  4.699009e+00
     vertex  9.096127e+01 -5.194884e+01  1.524003e+01
     vertex  9.131368e+01 -5.178124e+01  1.524003e+01
   endloop
 endfacet
 facet normal  4.901102e-01  8.716605e-01 -0.000000e+00
   outer loop
     vertex  1.745790e+02 -5.194884e+01  4.699009e+00
     vertex  1.745790e+02 -5.194884e+01  1.524003e+01
     vertex  1.749191e+02 -5.214010e+01  1.524003e+01
   endloop
 endfacet
 facet normal  4.901102e-01  8.716605e-01 -0.000000e+00
   outer loop
     vertex  1.749191e+02 -5.214010e+01  4.699009e+00
     vertex  1.745790e+02 -5.194884e+01  4.699009e+00
     vertex  1.749191e+02 -5.214010e+01  1.524003e+01
   endloop
 endfacet
 facet normal -3.668542e-01  9.302784e-01  0.000000e+00
   outer loop
     vertex  9.167671e+01 -5.163808e+01  4.699009e+00
     vertex  9.131368e+01 -5.178124e+01  4.699009e+00
     vertex  9.131368e+01 -5.178124e+01  1.524003e+01
   endloop
 endfacet
 facet normal -3.668542e-01  9.302784e-01  0.000000e+00
   outer loop
     vertex  9.167671e+01 -5.163808e+01  4.699009e+00
     vertex  9.131368e+01 -5.178124e+01  1.524003e+01
     vertex  9.167671e+01 -5.163808e+01  1.524003e+01
   endloop
 endfacet
 facet normal  4.294834e-01  9.030747e-01  0.000000e+00
   outer loop
     vertex  1.745790e+02 -5.194884e+01  4.699009e+00
     vertex  1.742266e+02 -5.178124e+01  4.699009e+00
     vertex  1.742266e+02 -5.178124e+01  1.524003e+01
   endloop
 endfacet
 facet normal  4.294834e-01  9.030747e-01 -0.000000e+00
   outer loop
     vertex  1.745790e+02 -5.194884e+01  4.699009e+00
     vertex  1.742266e+02 -5.178124e+01  1.524003e+01
     vertex  1.745790e+02 -5.194884e+01  1.524003e+01
   endloop
 endfacet
 facet normal -3.025146e-01  9.531448e-01  0.000000e+00
   outer loop
     vertex  9.204866e+01 -5.152003e+01  4.699009e+00
     vertex  9.167671e+01 -5.163808e+01  4.699009e+00
     vertex  9.167671e+01 -5.163808e+01  1.524003e+01
   endloop
 endfacet
 facet normal -3.025146e-01  9.531448e-01  0.000000e+00
   outer loop
     vertex  9.204866e+01 -5.152003e+01  4.699009e+00
     vertex  9.167671e+01 -5.163808e+01  1.524003e+01
     vertex  9.204866e+01 -5.152003e+01  1.524003e+01
   endloop
 endfacet
 facet normal  3.668542e-01  9.302784e-01  0.000000e+00
   outer loop
     vertex  1.742266e+02 -5.178124e+01  4.699009e+00
     vertex  1.738635e+02 -5.163808e+01  4.699009e+00
     vertex  1.738635e+02 -5.163808e+01  1.524003e+01
   endloop
 endfacet
 facet normal  3.668542e-01  9.302784e-01 -0.000000e+00
   outer loop
     vertex  1.742266e+02 -5.178124e+01  4.699009e+00
     vertex  1.738635e+02 -5.163808e+01  1.524003e+01
     vertex  1.742266e+02 -5.178124e+01  1.524003e+01
   endloop
 endfacet
 facet normal -2.367644e-01  9.715671e-01  0.000000e+00
   outer loop
     vertex  9.242780e+01 -5.142764e+01  4.699009e+00
     vertex  9.204866e+01 -5.152003e+01  4.699009e+00
     vertex  9.204866e+01 -5.152003e+01  1.524003e+01
   endloop
 endfacet
 facet normal -2.367644e-01  9.715671e-01  0.000000e+00
   outer loop
     vertex  9.242780e+01 -5.142764e+01  4.699009e+00
     vertex  9.204866e+01 -5.152003e+01  1.524003e+01
     vertex  9.242780e+01 -5.142764e+01  1.524003e+01
   endloop
 endfacet
 facet normal  3.025146e-01  9.531448e-01  0.000000e+00
   outer loop
     vertex  1.738635e+02 -5.163808e+01  4.699009e+00
     vertex  1.734916e+02 -5.152003e+01  4.699009e+00
     vertex  1.734916e+02 -5.152003e+01  1.524003e+01
   endloop
 endfacet
 facet normal  3.025146e-01  9.531448e-01 -0.000000e+00
   outer loop
     vertex  1.738635e+02 -5.163808e+01  4.699009e+00
     vertex  1.734916e+02 -5.152003e+01  1.524003e+01
     vertex  1.738635e+02 -5.163808e+01  1.524003e+01
   endloop
 endfacet
 facet normal -1.699104e-01  9.854595e-01  0.000000e+00
   outer loop
     vertex  9.281236e+01 -5.136133e+01  4.699009e+00
     vertex  9.242780e+01 -5.142764e+01  4.699009e+00
     vertex  9.242780e+01 -5.142764e+01  1.524003e+01
   endloop
 endfacet
 facet normal -1.699104e-01  9.854595e-01  0.000000e+00
   outer loop
     vertex  9.281236e+01 -5.136133e+01  4.699009e+00
     vertex  9.242780e+01 -5.142764e+01  1.524003e+01
     vertex  9.281236e+01 -5.136133e+01  1.524003e+01
   endloop
 endfacet
 facet normal  2.367644e-01  9.715671e-01  0.000000e+00
   outer loop
     vertex  1.734916e+02 -5.152003e+01  4.699009e+00
     vertex  1.731125e+02 -5.142764e+01  4.699009e+00
     vertex  1.731125e+02 -5.142764e+01  1.524003e+01
   endloop
 endfacet
 facet normal  2.367644e-01  9.715671e-01 -0.000000e+00
   outer loop
     vertex  1.734916e+02 -5.152003e+01  4.699009e+00
     vertex  1.731125e+02 -5.142764e+01  1.524003e+01
     vertex  1.734916e+02 -5.152003e+01  1.524003e+01
   endloop
 endfacet
 facet normal -1.022641e-01  9.947573e-01  0.000000e+00
   outer loop
     vertex  9.320055e+01 -5.132143e+01  4.699009e+00
     vertex  9.281236e+01 -5.136133e+01  4.699009e+00
     vertex  9.281236e+01 -5.136133e+01  1.524003e+01
   endloop
 endfacet
 facet normal -1.022641e-01  9.947573e-01  0.000000e+00
   outer loop
     vertex  9.320055e+01 -5.132143e+01  4.699009e+00
     vertex  9.281236e+01 -5.136133e+01  1.524003e+01
     vertex  9.320055e+01 -5.132143e+01  1.524003e+01
   endloop
 endfacet
 facet normal  1.699104e-01  9.854595e-01  0.000000e+00
   outer loop
     vertex  1.731125e+02 -5.142764e+01  4.699009e+00
     vertex  1.727279e+02 -5.136133e+01  4.699009e+00
     vertex  1.727279e+02 -5.136133e+01  1.524003e+01
   endloop
 endfacet
 facet normal  1.699104e-01  9.854595e-01 -0.000000e+00
   outer loop
     vertex  1.731125e+02 -5.142764e+01  4.699009e+00
     vertex  1.727279e+02 -5.136133e+01  1.524003e+01
     vertex  1.731125e+02 -5.142764e+01  1.524003e+01
   endloop
 endfacet
 facet normal -3.414111e-02  9.994170e-01  0.000000e+00
   outer loop
     vertex  9.359055e+01 -5.130810e+01  4.699009e+00
     vertex  9.320055e+01 -5.132143e+01  4.699009e+00
     vertex  9.320055e+01 -5.132143e+01  1.524003e+01
   endloop
 endfacet
 facet normal -3.414111e-02  9.994170e-01  0.000000e+00
   outer loop
     vertex  9.359055e+01 -5.130810e+01  4.699009e+00
     vertex  9.320055e+01 -5.132143e+01  1.524003e+01
     vertex  9.359055e+01 -5.130810e+01  1.524003e+01
   endloop
 endfacet
 facet normal  1.022641e-01  9.947573e-01  0.000000e+00
   outer loop
     vertex  1.727279e+02 -5.136133e+01  4.699009e+00
     vertex  1.723397e+02 -5.132143e+01  4.699009e+00
     vertex  1.723397e+02 -5.132143e+01  1.524003e+01
   endloop
 endfacet
 facet normal  1.022641e-01  9.947573e-01 -0.000000e+00
   outer loop
     vertex  1.727279e+02 -5.136133e+01  4.699009e+00
     vertex  1.723397e+02 -5.132143e+01  1.524003e+01
     vertex  1.727279e+02 -5.136133e+01  1.524003e+01
   endloop
 endfacet
 facet normal  0.000000e+00  1.000000e+00 -0.000000e+00
   outer loop
     vertex  1.156871e+02 -5.130810e+01  9.837494e+00
     vertex  9.359055e+01 -5.130810e+01  1.524003e+01
     vertex  1.157362e+02 -5.130810e+01  9.886549e+00
   endloop
 endfacet
 facet normal  0.000000e+00  1.000000e+00 -0.000000e+00
   outer loop
     vertex  1.156415e+02 -5.130810e+01  9.785205e+00
     vertex  9.359055e+01 -5.130810e+01  1.524003e+01
     vertex  1.156871e+02 -5.130810e+01  9.837494e+00
   endloop
 endfacet
 facet normal  0.000000e+00  1.000000e+00  0.000000e+00
   outer loop
     vertex  1.157884e+02 -5.130810e+01  9.932143e+00
     vertex  1.157362e+02 -5.130810e+01  9.886549e+00
     vertex  9.359055e+01 -5.130810e+01  1.524003e+01
   endloop
 endfacet
 facet normal  0.000000e+00  1.000000e+00 -0.000000e+00
   outer loop
     vertex  1.155996e+02 -5.130810e+01  9.729927e+00
     vertex  9.359055e+01 -5.130810e+01  1.524003e+01
     vertex  1.156415e+02 -5.130810e+01  9.785205e+00
   endloop
 endfacet
 facet normal  0.000000e+00  1.000000e+00  0.000000e+00
   outer loop
     vertex  1.158437e+02 -5.130810e+01  9.974061e+00
     vertex  1.157884e+02 -5.130810e+01  9.932143e+00
     vertex  9.359055e+01 -5.130810e+01  1.524003e+01
   endloop
 endfacet
 facet normal  0.000000e+00  1.000000e+00  0.000000e+00
   outer loop
     vertex  1.159017e+02 -5.130810e+01  1.001211e+01
     vertex  1.158437e+02 -5.130810e+01  9.974061e+00
     vertex  9.359055e+01 -5.130810e+01  1.524003e+01
   endloop
 endfacet
 facet normal  0.000000e+00  1.000000e+00 -0.000000e+00
   outer loop
     vertex  1.155615e+02 -5.130810e+01  9.671917e+00
     vertex  9.359055e+01 -5.130810e+01  1.524003e+01
     vertex  1.155996e+02 -5.130810e+01  9.729927e+00
   endloop
 endfacet
 facet normal  0.000000e+00  1.000000e+00 -0.000000e+00
   outer loop
     vertex  1.155275e+02 -5.130810e+01  9.611445e+00
     vertex  9.359055e+01 -5.130810e+01  1.524003e+01
     vertex  1.155615e+02 -5.130810e+01  9.671917e+00
   endloop
 endfacet
 facet normal  0.000000e+00  1.000000e+00  0.000000e+00
   outer loop
     vertex  1.159622e+02 -5.130810e+01  1.004611e+01
     vertex  1.159017e+02 -5.130810e+01  1.001211e+01
     vertex  9.359055e+01 -5.130810e+01  1.524003e+01
   endloop
 endfacet
 facet normal  0.000000e+00  1.000000e+00 -0.000000e+00
   outer loop
     vertex  1.154977e+02 -5.130810e+01  9.548795e+00
     vertex  9.359055e+01 -5.130810e+01  1.524003e+01
     vertex  1.155275e+02 -5.130810e+01  9.611445e+00
   endloop
 endfacet
 facet normal  0.000000e+00  1.000000e+00  0.000000e+00
   outer loop
     vertex  1.160249e+02 -5.130810e+01  1.007591e+01
     vertex  1.159622e+02 -5.130810e+01  1.004611e+01
     vertex  9.359055e+01 -5.130810e+01  1.524003e+01
   endloop
 endfacet
 facet normal  0.000000e+00  1.000000e+00  0.000000e+00
   outer loop
     vertex  1.160894e+02 -5.130810e+01  1.010136e+01
     vertex  1.160249e+02 -5.130810e+01  1.007591e+01
     vertex  9.359055e+01 -5.130810e+01  1.524003e+01
   endloop
 endfacet
 facet normal  0.000000e+00  1.000000e+00 -0.000000e+00
   outer loop
     vertex  1.154723e+02 -5.130810e+01  9.484257e+00
     vertex  9.359055e+01 -5.130810e+01  1.524003e+01
     vertex  1.154977e+02 -5.130810e+01  9.548795e+00
   endloop
 endfacet
 facet normal  0.000000e+00  1.000000e+00 -0.000000e+00
   outer loop
     vertex  1.154513e+02 -5.130810e+01  9.418132e+00
     vertex  9.359055e+01 -5.130810e+01  1.524003e+01
     vertex  1.154723e+02 -5.130810e+01  9.484257e+00
   endloop
 endfacet
 facet normal  0.000000e+00  1.000000e+00  0.000000e+00
   outer loop
     vertex  1.161555e+02 -5.130810e+01  1.012234e+01
     vertex  1.160894e+02 -5.130810e+01  1.010136e+01
     vertex  9.359055e+01 -5.130810e+01  1.524003e+01
   endloop
 endfacet
 facet normal  0.000000e+00  1.000000e+00 -0.000000e+00
   outer loop
     vertex  1.154349e+02 -5.130810e+01  9.350730e+00
     vertex  9.359055e+01 -5.130810e+01  1.524003e+01
     vertex  1.154513e+02 -5.130810e+01  9.418132e+00
   endloop
 endfacet
 facet normal  0.000000e+00  1.000000e+00  0.000000e+00
   outer loop
     vertex  1.162229e+02 -5.130810e+01  1.013877e+01
     vertex  1.161555e+02 -5.130810e+01  1.012234e+01
     vertex  9.359055e+01 -5.130810e+01  1.524003e+01
   endloop
 endfacet
 facet normal  0.000000e+00  1.000000e+00 -0.000000e+00
   outer loop
     vertex  1.154231e+02 -5.130810e+01  9.282364e+00
     vertex  9.359055e+01 -5.130810e+01  1.524003e+01
     vertex  1.154349e+02 -5.130810e+01  9.350730e+00
   endloop
 endfacet
 facet normal  0.000000e+00  1.000000e+00  0.000000e+00
   outer loop
     vertex  1.162913e+02 -5.130810e+01  1.015056e+01
     vertex  1.162229e+02 -5.130810e+01  1.013877e+01
     vertex  9.359055e+01 -5.130810e+01  1.524003e+01
   endloop
 endfacet
 facet normal  0.000000e+00  1.000000e+00  0.000000e+00
   outer loop
     vertex  1.163603e+02 -5.130810e+01  1.015765e+01
     vertex  1.162913e+02 -5.130810e+01  1.015056e+01
     vertex  9.359055e+01 -5.130810e+01  1.524003e+01
   endloop
 endfacet
 facet normal  0.000000e+00  1.000000e+00  0.000000e+00
   outer loop
     vertex  1.154160e+02 -5.130810e+01  9.213353e+00
     vertex  9.359055e+01 -5.130810e+01  4.699009e+00
     vertex  9.359055e+01 -5.130810e+01  1.524003e+01
   endloop
 endfacet
 facet normal  0.000000e+00  1.000000e+00 -0.000000e+00
   outer loop
     vertex  1.154160e+02 -5.130810e+01  9.213353e+00
     vertex  9.359055e+01 -5.130810e+01  1.524003e+01
     vertex  1.154231e+02 -5.130810e+01  9.282364e+00
   endloop
 endfacet
 facet normal  0.000000e+00  1.000000e+00  0.000000e+00
   outer loop
     vertex  1.164296e+02 -5.130810e+01  1.016002e+01
     vertex  1.163603e+02 -5.130810e+01  1.015765e+01
     vertex  9.359055e+01 -5.130810e+01  1.524003e+01
   endloop
 endfacet
 facet normal  0.000000e+00  1.000000e+00 -0.000000e+00
   outer loop
     vertex  1.154136e+02 -5.130810e+01  9.144018e+00
     vertex  9.359055e+01 -5.130810e+01  4.699009e+00
     vertex  1.154160e+02 -5.130810e+01  9.213353e+00
   endloop
 endfacet
 facet normal  0.000000e+00  1.000000e+00 -0.000000e+00
   outer loop
     vertex  1.154136e+02 -5.130810e+01  8.178816e+00
     vertex  9.359055e+01 -5.130810e+01  4.699009e+00
     vertex  1.154136e+02 -5.130810e+01  9.144018e+00
   endloop
 endfacet
 facet normal  0.000000e+00  1.000000e+00  0.000000e+00
   outer loop
     vertex  1.154160e+02 -5.130810e+01  8.109482e+00
     vertex  9.359055e+01 -5.130810e+01  4.699009e+00
     vertex  1.154136e+02 -5.130810e+01  8.178816e+00
   endloop
 endfacet
 facet normal  0.000000e+00  1.000000e+00  0.000000e+00
   outer loop
     vertex  1.154231e+02 -5.130810e+01  8.040471e+00
     vertex  9.359055e+01 -5.130810e+01  4.699009e+00
     vertex  1.154160e+02 -5.130810e+01  8.109482e+00
   endloop
 endfacet
 facet normal  0.000000e+00  1.000000e+00  0.000000e+00
   outer loop
     vertex  1.154349e+02 -5.130810e+01  7.972105e+00
     vertex  9.359055e+01 -5.130810e+01  4.699009e+00
     vertex  1.154231e+02 -5.130810e+01  8.040471e+00
   endloop
 endfacet
 facet normal  0.000000e+00  1.000000e+00  0.000000e+00
   outer loop
     vertex  1.154513e+02 -5.130810e+01  7.904702e+00
     vertex  9.359055e+01 -5.130810e+01  4.699009e+00
     vertex  1.154349e+02 -5.130810e+01  7.972105e+00
   endloop
 endfacet
 facet normal  0.000000e+00  1.000000e+00  0.000000e+00
   outer loop
     vertex  1.154723e+02 -5.130810e+01  7.838578e+00
     vertex  9.359055e+01 -5.130810e+01  4.699009e+00
     vertex  1.154513e+02 -5.130810e+01  7.904702e+00
   endloop
 endfacet
 facet normal  0.000000e+00  1.000000e+00  0.000000e+00
   outer loop
     vertex  1.154977e+02 -5.130810e+01  7.774040e+00
     vertex  9.359055e+01 -5.130810e+01  4.699009e+00
     vertex  1.154723e+02 -5.130810e+01  7.838578e+00
   endloop
 endfacet
 facet normal  0.000000e+00  1.000000e+00  0.000000e+00
   outer loop
     vertex  1.155275e+02 -5.130810e+01  7.711389e+00
     vertex  9.359055e+01 -5.130810e+01  4.699009e+00
     vertex  1.154977e+02 -5.130810e+01  7.774040e+00
   endloop
 endfacet
 facet normal  0.000000e+00  1.000000e+00  0.000000e+00
   outer loop
     vertex  1.155615e+02 -5.130810e+01  7.650918e+00
     vertex  9.359055e+01 -5.130810e+01  4.699009e+00
     vertex  1.155275e+02 -5.130810e+01  7.711389e+00
   endloop
 endfacet
 facet normal  0.000000e+00  1.000000e+00  0.000000e+00
   outer loop
     vertex  1.155996e+02 -5.130810e+01  7.592908e+00
     vertex  9.359055e+01 -5.130810e+01  4.699009e+00
     vertex  1.155615e+02 -5.130810e+01  7.650918e+00
   endloop
 endfacet
 facet normal  0.000000e+00  1.000000e+00  0.000000e+00
   outer loop
     vertex  1.156415e+02 -5.130810e+01  7.537630e+00
     vertex  9.359055e+01 -5.130810e+01  4.699009e+00
     vertex  1.155996e+02 -5.130810e+01  7.592908e+00
   endloop
 endfacet
 facet normal  0.000000e+00  1.000000e+00  0.000000e+00
   outer loop
     vertex  1.156871e+02 -5.130810e+01  7.485341e+00
     vertex  9.359055e+01 -5.130810e+01  4.699009e+00
     vertex  1.156415e+02 -5.130810e+01  7.537630e+00
   endloop
 endfacet
 facet normal  0.000000e+00  1.000000e+00  0.000000e+00
   outer loop
     vertex  1.157362e+02 -5.130810e+01  7.436286e+00
     vertex  9.359055e+01 -5.130810e+01  4.699009e+00
     vertex  1.156871e+02 -5.130810e+01  7.485341e+00
   endloop
 endfacet
 facet normal  0.000000e+00  1.000000e+00  0.000000e+00
   outer loop
     vertex  1.157884e+02 -5.130810e+01  7.390692e+00
     vertex  9.359055e+01 -5.130810e+01  4.699009e+00
     vertex  1.157362e+02 -5.130810e+01  7.436286e+00
   endloop
 endfacet
 facet normal  0.000000e+00  1.000000e+00  0.000000e+00
   outer loop
     vertex  1.158437e+02 -5.130810e+01  7.348773e+00
     vertex  9.359055e+01 -5.130810e+01  4.699009e+00
     vertex  1.157884e+02 -5.130810e+01  7.390692e+00
   endloop
 endfacet
 facet normal  0.000000e+00  1.000000e+00  0.000000e+00
   outer loop
     vertex  1.159017e+02 -5.130810e+01  7.310725e+00
     vertex  9.359055e+01 -5.130810e+01  4.699009e+00
     vertex  1.158437e+02 -5.130810e+01  7.348773e+00
   endloop
 endfacet
 facet normal  0.000000e+00  1.000000e+00  0.000000e+00
   outer loop
     vertex  1.159622e+02 -5.130810e+01  7.276723e+00
     vertex  9.359055e+01 -5.130810e+01  4.699009e+00
     vertex  1.159017e+02 -5.130810e+01  7.310725e+00
   endloop
 endfacet
 facet normal  0.000000e+00  1.000000e+00  0.000000e+00
   outer loop
     vertex  1.160249e+02 -5.130810e+01  7.246928e+00
     vertex  9.359055e+01 -5.130810e+01  4.699009e+00
     vertex  1.159622e+02 -5.130810e+01  7.276723e+00
   endloop
 endfacet
 facet normal  0.000000e+00  1.000000e+00  0.000000e+00
   outer loop
     vertex  1.160894e+02 -5.130810e+01  7.221477e+00
     vertex  9.359055e+01 -5.130810e+01  4.699009e+00
     vertex  1.160249e+02 -5.130810e+01  7.246928e+00
   endloop
 endfacet
 facet normal  0.000000e+00  1.000000e+00  0.000000e+00
   outer loop
     vertex  1.161555e+02 -5.130810e+01  7.200490e+00
     vertex  9.359055e+01 -5.130810e+01  4.699009e+00
     vertex  1.160894e+02 -5.130810e+01  7.221477e+00
   endloop
 endfacet
 facet normal  0.000000e+00  1.000000e+00  0.000000e+00
   outer loop
     vertex  1.162229e+02 -5.130810e+01  7.184065e+00
     vertex  9.359055e+01 -5.130810e+01  4.699009e+00
     vertex  1.161555e+02 -5.130810e+01  7.200490e+00
   endloop
 endfacet
 facet normal  0.000000e+00  1.000000e+00  0.000000e+00
   outer loop
     vertex  1.162913e+02 -5.130810e+01  7.172277e+00
     vertex  9.359055e+01 -5.130810e+01  4.699009e+00
     vertex  1.162229e+02 -5.130810e+01  7.184065e+00
   endloop
 endfacet
 facet normal  0.000000e+00  1.000000e+00  0.000000e+00
   outer loop
     vertex  1.233976e+02 -5.130810e+01  1.016002e+01
     vertex  1.164296e+02 -5.130810e+01  1.016002e+01
     vertex  9.359055e+01 -5.130810e+01  1.524003e+01
   endloop
 endfacet
 facet normal  0.000000e+00  1.000000e+00  0.000000e+00
   outer loop
     vertex  1.234670e+02 -5.130810e+01  1.015765e+01
     vertex  1.233976e+02 -5.130810e+01  1.016002e+01
     vertex  9.359055e+01 -5.130810e+01  1.524003e+01
   endloop
 endfacet
 facet normal  0.000000e+00  1.000000e+00  0.000000e+00
   outer loop
     vertex  1.719497e+02 -5.130810e+01  1.524003e+01
     vertex  1.234670e+02 -5.130810e+01  1.015765e+01
     vertex  9.359055e+01 -5.130810e+01  1.524003e+01
   endloop
 endfacet
 facet normal  0.000000e+00  1.000000e+00  0.000000e+00
   outer loop
     vertex  1.719497e+02 -5.130810e+01  1.524003e+01
     vertex  1.244136e+02 -5.130810e+01  9.144018e+00
     vertex  1.244113e+02 -5.130810e+01  9.213353e+00
   endloop
 endfacet
 facet normal  0.000000e+00  1.000000e+00  0.000000e+00
   outer loop
     vertex  1.719497e+02 -5.130810e+01  1.524003e+01
     vertex  1.244113e+02 -5.130810e+01  9.213353e+00
     vertex  1.244042e+02 -5.130810e+01  9.282364e+00
   endloop
 endfacet
 facet normal  0.000000e+00  1.000000e+00  0.000000e+00
   outer loop
     vertex  1.719497e+02 -5.130810e+01  1.524003e+01
     vertex  1.244042e+02 -5.130810e+01  9.282364e+00
     vertex  1.243924e+02 -5.130810e+01  9.350730e+00
   endloop
 endfacet
 facet normal  0.000000e+00  1.000000e+00  0.000000e+00
   outer loop
     vertex  1.719497e+02 -5.130810e+01  1.524003e+01
     vertex  1.243924e+02 -5.130810e+01  9.350730e+00
     vertex  1.243760e+02 -5.130810e+01  9.418132e+00
   endloop
 endfacet
 facet normal  0.000000e+00  1.000000e+00  0.000000e+00
   outer loop
     vertex  1.719497e+02 -5.130810e+01  1.524003e+01
     vertex  1.243760e+02 -5.130810e+01  9.418132e+00
     vertex  1.243550e+02 -5.130810e+01  9.484257e+00
   endloop
 endfacet
 facet normal  0.000000e+00  1.000000e+00  0.000000e+00
   outer loop
     vertex  1.719497e+02 -5.130810e+01  1.524003e+01
     vertex  1.243550e+02 -5.130810e+01  9.484257e+00
     vertex  1.243295e+02 -5.130810e+01  9.548795e+00
   endloop
 endfacet
 facet normal  0.000000e+00  1.000000e+00  0.000000e+00
   outer loop
     vertex  1.719497e+02 -5.130810e+01  1.524003e+01
     vertex  1.243295e+02 -5.130810e+01  9.548795e+00
     vertex  1.242997e+02 -5.130810e+01  9.611445e+00
   endloop
 endfacet
 facet normal  0.000000e+00  1.000000e+00  0.000000e+00
   outer loop
     vertex  1.719497e+02 -5.130810e+01  1.524003e+01
     vertex  1.242997e+02 -5.130810e+01  9.611445e+00
     vertex  1.242657e+02 -5.130810e+01  9.671917e+00
   endloop
 endfacet
 facet normal  0.000000e+00  1.000000e+00  0.000000e+00
   outer loop
     vertex  1.719497e+02 -5.130810e+01  1.524003e+01
     vertex  1.242657e+02 -5.130810e+01  9.671917e+00
     vertex  1.242277e+02 -5.130810e+01  9.729927e+00
   endloop
 endfacet
 facet normal  0.000000e+00  1.000000e+00  0.000000e+00
   outer loop
     vertex  1.719497e+02 -5.130810e+01  1.524003e+01
     vertex  1.242277e+02 -5.130810e+01  9.729927e+00
     vertex  1.241858e+02 -5.130810e+01  9.785205e+00
   endloop
 endfacet
 facet normal  0.000000e+00  1.000000e+00  0.000000e+00
   outer loop
     vertex  1.719497e+02 -5.130810e+01  1.524003e+01
     vertex  1.241858e+02 -5.130810e+01  9.785205e+00
     vertex  1.241402e+02 -5.130810e+01  9.837494e+00
   endloop
 endfacet
 facet normal  0.000000e+00  1.000000e+00  0.000000e+00
   outer loop
     vertex  1.719497e+02 -5.130810e+01  1.524003e+01
     vertex  1.241402e+02 -5.130810e+01  9.837494e+00
     vertex  1.240911e+02 -5.130810e+01  9.886549e+00
   endloop
 endfacet
 facet normal  0.000000e+00  1.000000e+00  0.000000e+00
   outer loop
     vertex  1.719497e+02 -5.130810e+01  1.524003e+01
     vertex  1.240911e+02 -5.130810e+01  9.886549e+00
     vertex  1.240388e+02 -5.130810e+01  9.932143e+00
   endloop
 endfacet
 facet normal  0.000000e+00  1.000000e+00  0.000000e+00
   outer loop
     vertex  1.719497e+02 -5.130810e+01  1.524003e+01
     vertex  1.240388e+02 -5.130810e+01  9.932143e+00
     vertex  1.239836e+02 -5.130810e+01  9.974061e+00
   endloop
 endfacet
 facet normal  0.000000e+00  1.000000e+00  0.000000e+00
   outer loop
     vertex  1.719497e+02 -5.130810e+01  1.524003e+01
     vertex  1.239836e+02 -5.130810e+01  9.974061e+00
     vertex  1.239255e+02 -5.130810e+01  1.001211e+01
   endloop
 endfacet
 facet normal  0.000000e+00  1.000000e+00  0.000000e+00
   outer loop
     vertex  1.719497e+02 -5.130810e+01  1.524003e+01
     vertex  1.239255e+02 -5.130810e+01  1.001211e+01
     vertex  1.238651e+02 -5.130810e+01  1.004611e+01
   endloop
 endfacet
 facet normal  0.000000e+00  1.000000e+00  0.000000e+00
   outer loop
     vertex  1.719497e+02 -5.130810e+01  1.524003e+01
     vertex  1.238651e+02 -5.130810e+01  1.004611e+01
     vertex  1.238024e+02 -5.130810e+01  1.007591e+01
   endloop
 endfacet
 facet normal  0.000000e+00  1.000000e+00  0.000000e+00
   outer loop
     vertex  1.719497e+02 -5.130810e+01  1.524003e+01
     vertex  1.238024e+02 -5.130810e+01  1.007591e+01
     vertex  1.237379e+02 -5.130810e+01  1.010136e+01
   endloop
 endfacet
 facet normal  0.000000e+00  1.000000e+00  0.000000e+00
   outer loop
     vertex  1.719497e+02 -5.130810e+01  1.524003e+01
     vertex  1.237379e+02 -5.130810e+01  1.010136e+01
     vertex  1.236718e+02 -5.130810e+01  1.012234e+01
   endloop
 endfacet
 facet normal  0.000000e+00  1.000000e+00  0.000000e+00
   outer loop
     vertex  1.719497e+02 -5.130810e+01  1.524003e+01
     vertex  1.236718e+02 -5.130810e+01  1.012234e+01
     vertex  1.236044e+02 -5.130810e+01  1.013877e+01
   endloop
 endfacet
 facet normal  0.000000e+00  1.000000e+00  0.000000e+00
   outer loop
     vertex  1.719497e+02 -5.130810e+01  1.524003e+01
     vertex  1.236044e+02 -5.130810e+01  1.013877e+01
     vertex  1.235360e+02 -5.130810e+01  1.015056e+01
   endloop
 endfacet
 facet normal  0.000000e+00  1.000000e+00  0.000000e+00
   outer loop
     vertex  1.719497e+02 -5.130810e+01  1.524003e+01
     vertex  1.235360e+02 -5.130810e+01  1.015056e+01
     vertex  1.234670e+02 -5.130810e+01  1.015765e+01
   endloop
 endfacet
 facet normal  0.000000e+00  1.000000e+00  0.000000e+00
   outer loop
     vertex  1.719497e+02 -5.130810e+01  4.699009e+00
     vertex  1.239255e+02 -5.130810e+01  7.310725e+00
     vertex  1.239836e+02 -5.130810e+01  7.348773e+00
   endloop
 endfacet
 facet normal  0.000000e+00  1.000000e+00  0.000000e+00
   outer loop
     vertex  1.719497e+02 -5.130810e+01  4.699009e+00
     vertex  1.239836e+02 -5.130810e+01  7.348773e+00
     vertex  1.240388e+02 -5.130810e+01  7.390692e+00
   endloop
 endfacet
 facet normal  0.000000e+00  1.000000e+00  0.000000e+00
   outer loop
     vertex  1.719497e+02 -5.130810e+01  4.699009e+00
     vertex  1.240388e+02 -5.130810e+01  7.390692e+00
     vertex  1.240911e+02 -5.130810e+01  7.436286e+00
   endloop
 endfacet
 facet normal  0.000000e+00  1.000000e+00  0.000000e+00
   outer loop
     vertex  1.719497e+02 -5.130810e+01  4.699009e+00
     vertex  1.240911e+02 -5.130810e+01  7.436286e+00
     vertex  1.241402e+02 -5.130810e+01  7.485341e+00
   endloop
 endfacet
 facet normal  0.000000e+00  1.000000e+00  0.000000e+00
   outer loop
     vertex  1.719497e+02 -5.130810e+01  4.699009e+00
     vertex  1.241402e+02 -5.130810e+01  7.485341e+00
     vertex  1.241858e+02 -5.130810e+01  7.537630e+00
   endloop
 endfacet
 facet normal  0.000000e+00  1.000000e+00  0.000000e+00
   outer loop
     vertex  1.719497e+02 -5.130810e+01  4.699009e+00
     vertex  1.241858e+02 -5.130810e+01  7.537630e+00
     vertex  1.242277e+02 -5.130810e+01  7.592908e+00
   endloop
 endfacet
 facet normal  0.000000e+00  1.000000e+00  0.000000e+00
   outer loop
     vertex  1.719497e+02 -5.130810e+01  4.699009e+00
     vertex  1.242277e+02 -5.130810e+01  7.592908e+00
     vertex  1.242657e+02 -5.130810e+01  7.650918e+00
   endloop
 endfacet
 facet normal  0.000000e+00  1.000000e+00  0.000000e+00
   outer loop
     vertex  1.719497e+02 -5.130810e+01  4.699009e+00
     vertex  1.242657e+02 -5.130810e+01  7.650918e+00
     vertex  1.242997e+02 -5.130810e+01  7.711389e+00
   endloop
 endfacet
 facet normal  0.000000e+00  1.000000e+00  0.000000e+00
   outer loop
     vertex  1.719497e+02 -5.130810e+01  4.699009e+00
     vertex  1.242997e+02 -5.130810e+01  7.711389e+00
     vertex  1.243295e+02 -5.130810e+01  7.774040e+00
   endloop
 endfacet
 facet normal  0.000000e+00  1.000000e+00  0.000000e+00
   outer loop
     vertex  1.719497e+02 -5.130810e+01  4.699009e+00
     vertex  1.243295e+02 -5.130810e+01  7.774040e+00
     vertex  1.243550e+02 -5.130810e+01  7.838578e+00
   endloop
 endfacet
 facet normal  0.000000e+00  1.000000e+00  0.000000e+00
   outer loop
     vertex  1.719497e+02 -5.130810e+01  4.699009e+00
     vertex  1.243550e+02 -5.130810e+01  7.838578e+00
     vertex  1.243760e+02 -5.130810e+01  7.904702e+00
   endloop
 endfacet
 facet normal  0.000000e+00  1.000000e+00  0.000000e+00
   outer loop
     vertex  1.719497e+02 -5.130810e+01  4.699009e+00
     vertex  1.243760e+02 -5.130810e+01  7.904702e+00
     vertex  1.243924e+02 -5.130810e+01  7.972105e+00
   endloop
 endfacet
 facet normal  0.000000e+00  1.000000e+00  0.000000e+00
   outer loop
     vertex  1.719497e+02 -5.130810e+01  4.699009e+00
     vertex  1.243924e+02 -5.130810e+01  7.972105e+00
     vertex  1.244042e+02 -5.130810e+01  8.040471e+00
   endloop
 endfacet
 facet normal  0.000000e+00  1.000000e+00  0.000000e+00
   outer loop
     vertex  1.719497e+02 -5.130810e+01  4.699009e+00
     vertex  1.244042e+02 -5.130810e+01  8.040471e+00
     vertex  1.244113e+02 -5.130810e+01  8.109482e+00
   endloop
 endfacet
 facet normal  0.000000e+00  1.000000e+00  0.000000e+00
   outer loop
     vertex  1.719497e+02 -5.130810e+01  4.699009e+00
     vertex  1.244113e+02 -5.130810e+01  8.109482e+00
     vertex  1.244136e+02 -5.130810e+01  8.178816e+00
   endloop
 endfacet
 facet normal  0.000000e+00  1.000000e+00  0.000000e+00
   outer loop
     vertex  1.719497e+02 -5.130810e+01  4.699009e+00
     vertex  1.244136e+02 -5.130810e+01  8.178816e+00
     vertex  1.244136e+02 -5.130810e+01  9.144018e+00
   endloop
 endfacet
 facet normal  0.000000e+00  1.000000e+00 -0.000000e+00
   outer loop
     vertex  1.719497e+02 -5.130810e+01  4.699009e+00
     vertex  1.244136e+02 -5.130810e+01  9.144018e+00
     vertex  1.719497e+02 -5.130810e+01  1.524003e+01
   endloop
 endfacet
 facet normal  0.000000e+00  1.000000e+00  0.000000e+00
   outer loop
     vertex  1.719497e+02 -5.130810e+01  4.699009e+00
     vertex  9.359055e+01 -5.130810e+01  4.699009e+00
     vertex  1.164296e+02 -5.130810e+01  7.162814e+00
   endloop
 endfacet
 facet normal  0.000000e+00  1.000000e+00  0.000000e+00
   outer loop
     vertex  1.164296e+02 -5.130810e+01  7.162814e+00
     vertex  9.359055e+01 -5.130810e+01  4.699009e+00
     vertex  1.163603e+02 -5.130810e+01  7.165183e+00
   endloop
 endfacet
 facet normal  0.000000e+00  1.000000e+00  0.000000e+00
   outer loop
     vertex  1.163603e+02 -5.130810e+01  7.165183e+00
     vertex  9.359055e+01 -5.130810e+01  4.699009e+00
     vertex  1.162913e+02 -5.130810e+01  7.172277e+00
   endloop
 endfacet
 facet normal  0.000000e+00  1.000000e+00  0.000000e+00
   outer loop
     vertex  1.719497e+02 -5.130810e+01  4.699009e+00
     vertex  1.164296e+02 -5.130810e+01  7.162814e+00
     vertex  1.233976e+02 -5.130810e+01  7.162814e+00
   endloop
 endfacet
 facet normal  0.000000e+00  1.000000e+00  0.000000e+00
   outer loop
     vertex  1.719497e+02 -5.130810e+01  4.699009e+00
     vertex  1.233976e+02 -5.130810e+01  7.162814e+00
     vertex  1.234670e+02 -5.130810e+01  7.165183e+00
   endloop
 endfacet
 facet normal  0.000000e+00  1.000000e+00  0.000000e+00
   outer loop
     vertex  1.719497e+02 -5.130810e+01  4.699009e+00
     vertex  1.234670e+02 -5.130810e+01  7.165183e+00
     vertex  1.235360e+02 -5.130810e+01  7.172277e+00
   endloop
 endfacet
 facet normal  0.000000e+00  1.000000e+00  0.000000e+00
   outer loop
     vertex  1.719497e+02 -5.130810e+01  4.699009e+00
     vertex  1.235360e+02 -5.130810e+01  7.172277e+00
     vertex  1.236044e+02 -5.130810e+01  7.184065e+00
   endloop
 endfacet
 facet normal  0.000000e+00  1.000000e+00  0.000000e+00
   outer loop
     vertex  1.719497e+02 -5.130810e+01  4.699009e+00
     vertex  1.236044e+02 -5.130810e+01  7.184065e+00
     vertex  1.236718e+02 -5.130810e+01  7.200490e+00
   endloop
 endfacet
 facet normal  0.000000e+00  1.000000e+00  0.000000e+00
   outer loop
     vertex  1.719497e+02 -5.130810e+01  4.699009e+00
     vertex  1.236718e+02 -5.130810e+01  7.200490e+00
     vertex  1.237379e+02 -5.130810e+01  7.221477e+00
   endloop
 endfacet
 facet normal  0.000000e+00  1.000000e+00  0.000000e+00
   outer loop
     vertex  1.719497e+02 -5.130810e+01  4.699009e+00
     vertex  1.237379e+02 -5.130810e+01  7.221477e+00
     vertex  1.238024e+02 -5.130810e+01  7.246928e+00
   endloop
 endfacet
 facet normal  0.000000e+00  1.000000e+00  0.000000e+00
   outer loop
     vertex  1.719497e+02 -5.130810e+01  4.699009e+00
     vertex  1.238024e+02 -5.130810e+01  7.246928e+00
     vertex  1.238651e+02 -5.130810e+01  7.276723e+00
   endloop
 endfacet
 facet normal  0.000000e+00  1.000000e+00  0.000000e+00
   outer loop
     vertex  1.719497e+02 -5.130810e+01  4.699009e+00
     vertex  1.238651e+02 -5.130810e+01  7.276723e+00
     vertex  1.239255e+02 -5.130810e+01  7.310725e+00
   endloop
 endfacet
 facet normal  3.414111e-02  9.994170e-01  0.000000e+00
   outer loop
     vertex  1.723397e+02 -5.132143e+01  4.699009e+00
     vertex  1.719497e+02 -5.130810e+01  4.699009e+00
     vertex  1.719497e+02 -5.130810e+01  1.524003e+01
   endloop
 endfacet
 facet normal  3.414111e-02  9.994170e-01 -0.000000e+00
   outer loop
     vertex  1.723397e+02 -5.132143e+01  4.699009e+00
     vertex  1.719497e+02 -5.130810e+01  1.524003e+01
     vertex  1.723397e+02 -5.132143e+01  1.524003e+01
   endloop
 endfacet
 facet normal -3.414111e-02 -9.994170e-01  0.000000e+00
   outer loop
     vertex  1.722530e+02 -5.258847e+01  4.699009e+00
     vertex  1.719497e+02 -5.257811e+01  1.397003e+01
     vertex  1.719497e+02 -5.257811e+01  4.699009e+00
   endloop
 endfacet
 facet normal -3.414111e-02 -9.994170e-01  0.000000e+00
   outer loop
     vertex  1.722530e+02 -5.258847e+01  4.699009e+00
     vertex  1.722530e+02 -5.258847e+01  1.397003e+01
     vertex  1.719497e+02 -5.257811e+01  1.397003e+01
   endloop
 endfacet
 facet normal -1.022641e-01 -9.947573e-01  0.000000e+00
   outer loop
     vertex  1.725550e+02 -5.261951e+01  4.699009e+00
     vertex  1.722530e+02 -5.258847e+01  1.397003e+01
     vertex  1.722530e+02 -5.258847e+01  4.699009e+00
   endloop
 endfacet
 facet normal -1.022641e-01 -9.947573e-01  0.000000e+00
   outer loop
     vertex  1.725550e+02 -5.261951e+01  4.699009e+00
     vertex  1.725550e+02 -5.261951e+01  1.397003e+01
     vertex  1.722530e+02 -5.258847e+01  1.397003e+01
   endloop
 endfacet
 facet normal -1.699104e-01 -9.854595e-01  0.000000e+00
   outer loop
     vertex  1.728541e+02 -5.267108e+01  4.699009e+00
     vertex  1.725550e+02 -5.261951e+01  1.397003e+01
     vertex  1.725550e+02 -5.261951e+01  4.699009e+00
   endloop
 endfacet
 facet normal -1.699104e-01 -9.854595e-01  0.000000e+00
   outer loop
     vertex  1.728541e+02 -5.267108e+01  4.699009e+00
     vertex  1.728541e+02 -5.267108e+01  1.397003e+01
     vertex  1.725550e+02 -5.261951e+01  1.397003e+01
   endloop
 endfacet
 facet normal -2.367644e-01 -9.715671e-01  0.000000e+00
   outer loop
     vertex  1.731490e+02 -5.274294e+01  4.699009e+00
     vertex  1.728541e+02 -5.267108e+01  1.397003e+01
     vertex  1.728541e+02 -5.267108e+01  4.699009e+00
   endloop
 endfacet
 facet normal -2.367644e-01 -9.715671e-01  0.000000e+00
   outer loop
     vertex  1.731490e+02 -5.274294e+01  4.699009e+00
     vertex  1.731490e+02 -5.274294e+01  1.397003e+01
     vertex  1.728541e+02 -5.267108e+01  1.397003e+01
   endloop
 endfacet
 facet normal -3.025146e-01 -9.531448e-01  0.000000e+00
   outer loop
     vertex  1.734383e+02 -5.283476e+01  4.699009e+00
     vertex  1.731490e+02 -5.274294e+01  1.397003e+01
     vertex  1.731490e+02 -5.274294e+01  4.699009e+00
   endloop
 endfacet
 facet normal -3.025146e-01 -9.531448e-01  0.000000e+00
   outer loop
     vertex  1.734383e+02 -5.283476e+01  4.699009e+00
     vertex  1.734383e+02 -5.283476e+01  1.397003e+01
     vertex  1.731490e+02 -5.274294e+01  1.397003e+01
   endloop
 endfacet
 facet normal -3.668542e-01 -9.302784e-01  0.000000e+00
   outer loop
     vertex  1.737206e+02 -5.294610e+01  4.699009e+00
     vertex  1.734383e+02 -5.283476e+01  1.397003e+01
     vertex  1.734383e+02 -5.283476e+01  4.699009e+00
   endloop
 endfacet
 facet normal -3.668542e-01 -9.302784e-01  0.000000e+00
   outer loop
     vertex  1.737206e+02 -5.294610e+01  4.699009e+00
     vertex  1.737206e+02 -5.294610e+01  1.397003e+01
     vertex  1.734383e+02 -5.283476e+01  1.397003e+01
   endloop
 endfacet
 facet normal -4.294834e-01 -9.030747e-01  0.000000e+00
   outer loop
     vertex  1.739947e+02 -5.307646e+01  4.699009e+00
     vertex  1.737206e+02 -5.294610e+01  1.397003e+01
     vertex  1.737206e+02 -5.294610e+01  4.699009e+00
   endloop
 endfacet
 facet normal -4.294834e-01 -9.030747e-01  0.000000e+00
   outer loop
     vertex  1.739947e+02 -5.307646e+01  4.699009e+00
     vertex  1.739947e+02 -5.307646e+01  1.397003e+01
     vertex  1.737206e+02 -5.294610e+01  1.397003e+01
   endloop
 endfacet
 facet normal -4.901102e-01 -8.716605e-01  0.000000e+00
   outer loop
     vertex  1.742593e+02 -5.322521e+01  4.699009e+00
     vertex  1.739947e+02 -5.307646e+01  1.397003e+01
     vertex  1.739947e+02 -5.307646e+01  4.699009e+00
   endloop
 endfacet
 facet normal -4.901102e-01 -8.716605e-01  0.000000e+00
   outer loop
     vertex  1.742593e+02 -5.322521e+01  4.699009e+00
     vertex  1.742593e+02 -5.322521e+01  1.397003e+01
     vertex  1.739947e+02 -5.307646e+01  1.397003e+01
   endloop
 endfacet
 facet normal -5.484519e-01 -8.361821e-01  0.000000e+00
   outer loop
     vertex  1.742593e+02 -5.322521e+01  4.699009e+00
     vertex  1.745131e+02 -5.339168e+01  1.397003e+01
     vertex  1.742593e+02 -5.322521e+01  1.397003e+01
   endloop
 endfacet
 facet normal -5.484519e-01 -8.361821e-01  0.000000e+00
   outer loop
     vertex  1.745131e+02 -5.339168e+01  4.699009e+00
     vertex  1.745131e+02 -5.339168e+01  1.397003e+01
     vertex  1.742593e+02 -5.322521e+01  4.699009e+00
   endloop
 endfacet
 facet normal -6.042364e-01 -7.968051e-01  0.000000e+00
   outer loop
     vertex  1.747549e+02 -5.357507e+01  4.699009e+00
     vertex  1.745131e+02 -5.339168e+01  1.397003e+01
     vertex  1.745131e+02 -5.339168e+01  4.699009e+00
   endloop
 endfacet
 facet normal -6.042364e-01 -7.968051e-01  0.000000e+00
   outer loop
     vertex  1.747549e+02 -5.357507e+01  4.699009e+00
     vertex  1.747549e+02 -5.357507e+01  1.397003e+01
     vertex  1.745131e+02 -5.339168e+01  1.397003e+01
   endloop
 endfacet
 facet normal -6.572037e-01 -7.537130e-01  0.000000e+00
   outer loop
     vertex  1.749837e+02 -5.377454e+01  4.699009e+00
     vertex  1.747549e+02 -5.357507e+01  1.397003e+01
     vertex  1.747549e+02 -5.357507e+01  4.699009e+00
   endloop
 endfacet
 facet normal -6.572037e-01 -7.537130e-01  0.000000e+00
   outer loop
     vertex  1.749837e+02 -5.377454e+01  4.699009e+00
     vertex  1.749837e+02 -5.377454e+01  1.397003e+01
     vertex  1.747549e+02 -5.357507e+01  1.397003e+01
   endloop
 endfacet
 facet normal -7.071068e-01 -7.071068e-01  0.000000e+00
   outer loop
     vertex  1.751983e+02 -5.398916e+01  4.699009e+00
     vertex  1.749837e+02 -5.377454e+01  1.397003e+01
     vertex  1.749837e+02 -5.377454e+01  4.699009e+00
   endloop
 endfacet
 facet normal -7.071068e-01 -7.071068e-01  0.000000e+00
   outer loop
     vertex  1.751983e+02 -5.398916e+01  4.699009e+00
     vertex  1.751983e+02 -5.398916e+01  1.397003e+01
     vertex  1.749837e+02 -5.377454e+01  1.397003e+01
   endloop
 endfacet
 facet normal -7.537130e-01 -6.572037e-01  0.000000e+00
   outer loop
     vertex  1.753978e+02 -5.421792e+01  4.699009e+00
     vertex  1.751983e+02 -5.398916e+01  1.397003e+01
     vertex  1.751983e+02 -5.398916e+01  4.699009e+00
   endloop
 endfacet
 facet normal -7.537130e-01 -6.572037e-01  0.000000e+00
   outer loop
     vertex  1.753978e+02 -5.421792e+01  4.699009e+00
     vertex  1.753978e+02 -5.421792e+01  1.397003e+01
     vertex  1.751983e+02 -5.398916e+01  1.397003e+01
   endloop
 endfacet
 facet normal -7.968051e-01 -6.042364e-01  0.000000e+00
   outer loop
     vertex  1.755811e+02 -5.445976e+01  4.699009e+00
     vertex  1.753978e+02 -5.421792e+01  1.397003e+01
     vertex  1.753978e+02 -5.421792e+01  4.699009e+00
   endloop
 endfacet
 facet normal -7.968051e-01 -6.042364e-01  0.000000e+00
   outer loop
     vertex  1.755811e+02 -5.445976e+01  4.699009e+00
     vertex  1.755811e+02 -5.445976e+01  1.397003e+01
     vertex  1.753978e+02 -5.421792e+01  1.397003e+01
   endloop
 endfacet
 facet normal -8.361821e-01 -5.484519e-01  0.000000e+00
   outer loop
     vertex  1.757476e+02 -5.471356e+01  4.699009e+00
     vertex  1.755811e+02 -5.445976e+01  1.397003e+01
     vertex  1.755811e+02 -5.445976e+01  4.699009e+00
   endloop
 endfacet
 facet normal -8.361821e-01 -5.484519e-01  0.000000e+00
   outer loop
     vertex  1.757476e+02 -5.471356e+01  4.699009e+00
     vertex  1.757476e+02 -5.471356e+01  1.397003e+01
     vertex  1.755811e+02 -5.445976e+01  1.397003e+01
   endloop
 endfacet
 facet normal -8.716605e-01 -4.901102e-01  0.000000e+00
   outer loop
     vertex  1.758964e+02 -5.497812e+01  4.699009e+00
     vertex  1.757476e+02 -5.471356e+01  1.397003e+01
     vertex  1.757476e+02 -5.471356e+01  4.699009e+00
   endloop
 endfacet
 facet normal -8.716605e-01 -4.901102e-01  0.000000e+00
   outer loop
     vertex  1.758964e+02 -5.497812e+01  4.699009e+00
     vertex  1.758964e+02 -5.497812e+01  1.397003e+01
     vertex  1.757476e+02 -5.471356e+01  1.397003e+01
   endloop
 endfacet
 facet normal -9.030747e-01 -4.294834e-01  0.000000e+00
   outer loop
     vertex  1.760267e+02 -5.525222e+01  4.699009e+00
     vertex  1.758964e+02 -5.497812e+01  1.397003e+01
     vertex  1.758964e+02 -5.497812e+01  4.699009e+00
   endloop
 endfacet
 facet normal -9.030747e-01 -4.294834e-01  0.000000e+00
   outer loop
     vertex  1.760267e+02 -5.525222e+01  4.699009e+00
     vertex  1.760267e+02 -5.525222e+01  1.397003e+01
     vertex  1.758964e+02 -5.497812e+01  1.397003e+01
   endloop
 endfacet
 facet normal -9.302784e-01 -3.668542e-01  0.000000e+00
   outer loop
     vertex  1.761381e+02 -5.553457e+01  4.699009e+00
     vertex  1.760267e+02 -5.525222e+01  1.397003e+01
     vertex  1.760267e+02 -5.525222e+01  4.699009e+00
   endloop
 endfacet
 facet normal -9.302784e-01 -3.668542e-01  0.000000e+00
   outer loop
     vertex  1.761381e+02 -5.553457e+01  4.699009e+00
     vertex  1.761381e+02 -5.553457e+01  1.397003e+01
     vertex  1.760267e+02 -5.525222e+01  1.397003e+01
   endloop
 endfacet
 facet normal -9.531448e-01 -3.025146e-01  0.000000e+00
   outer loop
     vertex  1.762299e+02 -5.582386e+01  4.699009e+00
     vertex  1.761381e+02 -5.553457e+01  1.397003e+01
     vertex  1.761381e+02 -5.553457e+01  4.699009e+00
   endloop
 endfacet
 facet normal -9.531448e-01 -3.025146e-01  0.000000e+00
   outer loop
     vertex  1.762299e+02 -5.582386e+01  4.699009e+00
     vertex  1.762299e+02 -5.582386e+01  1.397003e+01
     vertex  1.761381e+02 -5.553457e+01  1.397003e+01
   endloop
 endfacet
 facet normal -9.715671e-01 -2.367644e-01  0.000000e+00
   outer loop
     vertex  1.763017e+02 -5.611875e+01  4.699009e+00
     vertex  1.762299e+02 -5.582386e+01  1.397003e+01
     vertex  1.762299e+02 -5.582386e+01  4.699009e+00
   endloop
 endfacet
 facet normal -9.715671e-01 -2.367644e-01  0.000000e+00
   outer loop
     vertex  1.763017e+02 -5.611875e+01  4.699009e+00
     vertex  1.763017e+02 -5.611875e+01  1.397003e+01
     vertex  1.762299e+02 -5.582386e+01  1.397003e+01
   endloop
 endfacet
 facet normal -9.854595e-01 -1.699104e-01  0.000000e+00
   outer loop
     vertex  1.763533e+02 -5.641785e+01  4.699009e+00
     vertex  1.763017e+02 -5.611875e+01  1.397003e+01
     vertex  1.763017e+02 -5.611875e+01  4.699009e+00
   endloop
 endfacet
 facet normal -9.854595e-01 -1.699104e-01  0.000000e+00
   outer loop
     vertex  1.763533e+02 -5.641785e+01  4.699009e+00
     vertex  1.763533e+02 -5.641785e+01  1.397003e+01
     vertex  1.763017e+02 -5.611875e+01  1.397003e+01
   endloop
 endfacet
 facet normal -9.947573e-01 -1.022641e-01  0.000000e+00
   outer loop
     vertex  1.763844e+02 -5.671978e+01  4.699009e+00
     vertex  1.763533e+02 -5.641785e+01  1.397003e+01
     vertex  1.763533e+02 -5.641785e+01  4.699009e+00
   endloop
 endfacet
 facet normal -9.947573e-01 -1.022641e-01  0.000000e+00
   outer loop
     vertex  1.763844e+02 -5.671978e+01  4.699009e+00
     vertex  1.763844e+02 -5.671978e+01  1.397003e+01
     vertex  1.763533e+02 -5.641785e+01  1.397003e+01
   endloop
 endfacet
 facet normal -9.994170e-01 -3.414111e-02  0.000000e+00
   outer loop
     vertex  1.763947e+02 -5.702311e+01  4.699009e+00
     vertex  1.763844e+02 -5.671978e+01  1.397003e+01
     vertex  1.763844e+02 -5.671978e+01  4.699009e+00
   endloop
 endfacet
 facet normal -9.994170e-01 -3.414111e-02  0.000000e+00
   outer loop
     vertex  1.763947e+02 -5.702311e+01  4.699009e+00
     vertex  1.763947e+02 -5.702311e+01  1.397003e+01
     vertex  1.763844e+02 -5.671978e+01  1.397003e+01
   endloop
 endfacet
 facet normal -1.000000e+00  0.000000e+00  0.000000e+00
   outer loop
     vertex  1.763947e+02 -1.305563e+02  1.397003e+01
     vertex  1.763947e+02 -5.702311e+01  1.397003e+01
     vertex  1.763947e+02 -5.702311e+01  4.699009e+00
   endloop
 endfacet
 facet normal -1.000000e+00  0.000000e+00  0.000000e+00
   outer loop
     vertex  1.763947e+02 -1.305563e+02  4.699009e+00
     vertex  1.763947e+02 -1.305563e+02  1.397003e+01
     vertex  1.763947e+02 -5.702311e+01  4.699009e+00
   endloop
 endfacet
 facet normal -9.994170e-01  3.414111e-02  0.000000e+00
   outer loop
     vertex  1.763844e+02 -1.308596e+02  4.699009e+00
     vertex  1.763947e+02 -1.305563e+02  1.397003e+01
     vertex  1.763947e+02 -1.305563e+02  4.699009e+00
   endloop
 endfacet
 facet normal -9.994170e-01  3.414111e-02  0.000000e+00
   outer loop
     vertex  1.763844e+02 -1.308596e+02  4.699009e+00
     vertex  1.763844e+02 -1.308596e+02  1.397003e+01
     vertex  1.763947e+02 -1.305563e+02  1.397003e+01
   endloop
 endfacet
 facet normal -9.947573e-01  1.022641e-01  0.000000e+00
   outer loop
     vertex  1.763533e+02 -1.311615e+02  4.699009e+00
     vertex  1.763844e+02 -1.308596e+02  1.397003e+01
     vertex  1.763844e+02 -1.308596e+02  4.699009e+00
   endloop
 endfacet
 facet normal -9.947573e-01  1.022641e-01  0.000000e+00
   outer loop
     vertex  1.763533e+02 -1.311615e+02  4.699009e+00
     vertex  1.763533e+02 -1.311615e+02  1.397003e+01
     vertex  1.763844e+02 -1.308596e+02  1.397003e+01
   endloop
 endfacet
 facet normal -9.854595e-01  1.699104e-01  0.000000e+00
   outer loop
     vertex  1.763017e+02 -1.314606e+02  4.699009e+00
     vertex  1.763533e+02 -1.311615e+02  1.397003e+01
     vertex  1.763533e+02 -1.311615e+02  4.699009e+00
   endloop
 endfacet
 facet normal -9.854595e-01  1.699104e-01  0.000000e+00
   outer loop
     vertex  1.763017e+02 -1.314606e+02  4.699009e+00
     vertex  1.763017e+02 -1.314606e+02  1.397003e+01
     vertex  1.763533e+02 -1.311615e+02  1.397003e+01
   endloop
 endfacet
 facet normal -9.715671e-01  2.367644e-01  0.000000e+00
   outer loop
     vertex  1.762299e+02 -1.317555e+02  4.699009e+00
     vertex  1.763017e+02 -1.314606e+02  1.397003e+01
     vertex  1.763017e+02 -1.314606e+02  4.699009e+00
   endloop
 endfacet
 facet normal -9.715671e-01  2.367644e-01  0.000000e+00
   outer loop
     vertex  1.762299e+02 -1.317555e+02  4.699009e+00
     vertex  1.762299e+02 -1.317555e+02  1.397003e+01
     vertex  1.763017e+02 -1.314606e+02  1.397003e+01
   endloop
 endfacet
 facet normal -9.531448e-01  3.025146e-01  0.000000e+00
   outer loop
     vertex  1.761381e+02 -1.320448e+02  4.699009e+00
     vertex  1.762299e+02 -1.317555e+02  1.397003e+01
     vertex  1.762299e+02 -1.317555e+02  4.699009e+00
   endloop
 endfacet
 facet normal -9.531448e-01  3.025146e-01  0.000000e+00
   outer loop
     vertex  1.761381e+02 -1.320448e+02  4.699009e+00
     vertex  1.761381e+02 -1.320448e+02  1.397003e+01
     vertex  1.762299e+02 -1.317555e+02  1.397003e+01
   endloop
 endfacet
 facet normal -9.302784e-01  3.668542e-01  0.000000e+00
   outer loop
     vertex  1.760267e+02 -1.323272e+02  4.699009e+00
     vertex  1.761381e+02 -1.320448e+02  1.397003e+01
     vertex  1.761381e+02 -1.320448e+02  4.699009e+00
   endloop
 endfacet
 facet normal -9.302784e-01  3.668542e-01  0.000000e+00
   outer loop
     vertex  1.760267e+02 -1.323272e+02  4.699009e+00
     vertex  1.760267e+02 -1.323272e+02  1.397003e+01
     vertex  1.761381e+02 -1.320448e+02  1.397003e+01
   endloop
 endfacet
 facet normal -9.030747e-01  4.294834e-01  0.000000e+00
   outer loop
     vertex  1.758964e+02 -1.326013e+02  4.699009e+00
     vertex  1.760267e+02 -1.323272e+02  1.397003e+01
     vertex  1.760267e+02 -1.323272e+02  4.699009e+00
   endloop
 endfacet
 facet normal -9.030747e-01  4.294834e-01  0.000000e+00
   outer loop
     vertex  1.758964e+02 -1.326013e+02  4.699009e+00
     vertex  1.758964e+02 -1.326013e+02  1.397003e+01
     vertex  1.760267e+02 -1.323272e+02  1.397003e+01
   endloop
 endfacet
 facet normal -8.716605e-01  4.901102e-01  0.000000e+00
   outer loop
     vertex  1.757476e+02 -1.328658e+02  4.699009e+00
     vertex  1.758964e+02 -1.326013e+02  1.397003e+01
     vertex  1.758964e+02 -1.326013e+02  4.699009e+00
   endloop
 endfacet
 facet normal -8.716605e-01  4.901102e-01  0.000000e+00
   outer loop
     vertex  1.757476e+02 -1.328658e+02  4.699009e+00
     vertex  1.757476e+02 -1.328658e+02  1.397003e+01
     vertex  1.758964e+02 -1.326013e+02  1.397003e+01
   endloop
 endfacet
 facet normal -8.361821e-01  5.484519e-01  0.000000e+00
   outer loop
     vertex  1.755811e+02 -1.331196e+02  4.699009e+00
     vertex  1.757476e+02 -1.328658e+02  1.397003e+01
     vertex  1.757476e+02 -1.328658e+02  4.699009e+00
   endloop
 endfacet
 facet normal -8.361821e-01  5.484519e-01  0.000000e+00
   outer loop
     vertex  1.755811e+02 -1.331196e+02  4.699009e+00
     vertex  1.755811e+02 -1.331196e+02  1.397003e+01
     vertex  1.757476e+02 -1.328658e+02  1.397003e+01
   endloop
 endfacet
 facet normal -7.968051e-01  6.042364e-01  0.000000e+00
   outer loop
     vertex  1.753978e+02 -1.333615e+02  4.699009e+00
     vertex  1.755811e+02 -1.331196e+02  1.397003e+01
     vertex  1.755811e+02 -1.331196e+02  4.699009e+00
   endloop
 endfacet
 facet normal -7.968051e-01  6.042364e-01  0.000000e+00
   outer loop
     vertex  1.753978e+02 -1.333615e+02  4.699009e+00
     vertex  1.753978e+02 -1.333615e+02  1.397003e+01
     vertex  1.755811e+02 -1.331196e+02  1.397003e+01
   endloop
 endfacet
 facet normal -7.537130e-01  6.572037e-01  0.000000e+00
   outer loop
     vertex  1.751983e+02 -1.335902e+02  4.699009e+00
     vertex  1.753978e+02 -1.333615e+02  1.397003e+01
     vertex  1.753978e+02 -1.333615e+02  4.699009e+00
   endloop
 endfacet
 facet normal -7.537130e-01  6.572037e-01  0.000000e+00
   outer loop
     vertex  1.751983e+02 -1.335902e+02  4.699009e+00
     vertex  1.751983e+02 -1.335902e+02  1.397003e+01
     vertex  1.753978e+02 -1.333615e+02  1.397003e+01
   endloop
 endfacet
 facet normal -7.071068e-01  7.071068e-01  0.000000e+00
   outer loop
     vertex  1.749837e+02 -1.338048e+02  4.699009e+00
     vertex  1.751983e+02 -1.335902e+02  1.397003e+01
     vertex  1.751983e+02 -1.335902e+02  4.699009e+00
   endloop
 endfacet
 facet normal -7.071068e-01  7.071068e-01  0.000000e+00
   outer loop
     vertex  1.749837e+02 -1.338048e+02  4.699009e+00
     vertex  1.749837e+02 -1.338048e+02  1.397003e+01
     vertex  1.751983e+02 -1.335902e+02  1.397003e+01
   endloop
 endfacet
 facet normal -6.572037e-01  7.537130e-01  0.000000e+00
   outer loop
     vertex  1.747549e+02 -1.340043e+02  4.699009e+00
     vertex  1.749837e+02 -1.338048e+02  1.397003e+01
     vertex  1.749837e+02 -1.338048e+02  4.699009e+00
   endloop
 endfacet
 facet normal -6.572037e-01  7.537130e-01  0.000000e+00
   outer loop
     vertex  1.747549e+02 -1.340043e+02  4.699009e+00
     vertex  1.747549e+02 -1.340043e+02  1.397003e+01
     vertex  1.749837e+02 -1.338048e+02  1.397003e+01
   endloop
 endfacet
 facet normal -6.042364e-01  7.968051e-01  0.000000e+00
   outer loop
     vertex  1.745131e+02 -1.341877e+02  4.699009e+00
     vertex  1.747549e+02 -1.340043e+02  1.397003e+01
     vertex  1.747549e+02 -1.340043e+02  4.699009e+00
   endloop
 endfacet
 facet normal -6.042364e-01  7.968051e-01  0.000000e+00
   outer loop
     vertex  1.745131e+02 -1.341877e+02  4.699009e+00
     vertex  1.745131e+02 -1.341877e+02  1.397003e+01
     vertex  1.747549e+02 -1.340043e+02  1.397003e+01
   endloop
 endfacet
 facet normal -5.484519e-01  8.361821e-01  0.000000e+00
   outer loop
     vertex  1.742593e+02 -1.343542e+02  4.699009e+00
     vertex  1.745131e+02 -1.341877e+02  1.397003e+01
     vertex  1.745131e+02 -1.341877e+02  4.699009e+00
   endloop
 endfacet
 facet normal -5.484519e-01  8.361821e-01  0.000000e+00
   outer loop
     vertex  1.742593e+02 -1.343542e+02  4.699009e+00
     vertex  1.742593e+02 -1.343542e+02  1.397003e+01
     vertex  1.745131e+02 -1.341877e+02  1.397003e+01
   endloop
 endfacet
 facet normal -4.901102e-01  8.716605e-01  0.000000e+00
   outer loop
     vertex  1.739947e+02 -1.345029e+02  4.699009e+00
     vertex  1.742593e+02 -1.343542e+02  1.397003e+01
     vertex  1.742593e+02 -1.343542e+02  4.699009e+00
   endloop
 endfacet
 facet normal -4.901102e-01  8.716605e-01  0.000000e+00
   outer loop
     vertex  1.739947e+02 -1.345029e+02  4.699009e+00
     vertex  1.739947e+02 -1.345029e+02  1.397003e+01
     vertex  1.742593e+02 -1.343542e+02  1.397003e+01
   endloop
 endfacet
 facet normal -4.294834e-01  9.030747e-01  0.000000e+00
   outer loop
     vertex  1.737206e+02 -1.346333e+02  4.699009e+00
     vertex  1.739947e+02 -1.345029e+02  1.397003e+01
     vertex  1.739947e+02 -1.345029e+02  4.699009e+00
   endloop
 endfacet
 facet normal -4.294834e-01  9.030747e-01  0.000000e+00
   outer loop
     vertex  1.737206e+02 -1.346333e+02  4.699009e+00
     vertex  1.737206e+02 -1.346333e+02  1.397003e+01
     vertex  1.739947e+02 -1.345029e+02  1.397003e+01
   endloop
 endfacet
 facet normal -3.668542e-01  9.302784e-01  0.000000e+00
   outer loop
     vertex  1.734383e+02 -1.347446e+02  4.699009e+00
     vertex  1.737206e+02 -1.346333e+02  1.397003e+01
     vertex  1.737206e+02 -1.346333e+02  4.699009e+00
   endloop
 endfacet
 facet normal -3.668542e-01  9.302784e-01  0.000000e+00
   outer loop
     vertex  1.734383e+02 -1.347446e+02  4.699009e+00
     vertex  1.734383e+02 -1.347446e+02  1.397003e+01
     vertex  1.737206e+02 -1.346333e+02  1.397003e+01
   endloop
 endfacet
 facet normal -3.025146e-01  9.531448e-01  0.000000e+00
   outer loop
     vertex  1.731490e+02 -1.348364e+02  4.699009e+00
     vertex  1.734383e+02 -1.347446e+02  1.397003e+01
     vertex  1.734383e+02 -1.347446e+02  4.699009e+00
   endloop
 endfacet
 facet normal -3.025146e-01  9.531448e-01  0.000000e+00
   outer loop
     vertex  1.731490e+02 -1.348364e+02  4.699009e+00
     vertex  1.731490e+02 -1.348364e+02  1.397003e+01
     vertex  1.734383e+02 -1.347446e+02  1.397003e+01
   endloop
 endfacet
 facet normal -2.367644e-01  9.715671e-01  0.000000e+00
   outer loop
     vertex  1.728541e+02 -1.349083e+02  4.699009e+00
     vertex  1.731490e+02 -1.348364e+02  1.397003e+01
     vertex  1.731490e+02 -1.348364e+02  4.699009e+00
   endloop
 endfacet
 facet normal -2.367644e-01  9.715671e-01  0.000000e+00
   outer loop
     vertex  1.728541e+02 -1.349083e+02  4.699009e+00
     vertex  1.728541e+02 -1.349083e+02  1.397003e+01
     vertex  1.731490e+02 -1.348364e+02  1.397003e+01
   endloop
 endfacet
 facet normal -1.699104e-01  9.854595e-01  0.000000e+00
   outer loop
     vertex  1.725550e+02 -1.349599e+02  4.699009e+00
     vertex  1.728541e+02 -1.349083e+02  1.397003e+01
     vertex  1.728541e+02 -1.349083e+02  4.699009e+00
   endloop
 endfacet
 facet normal -1.699104e-01  9.854595e-01  0.000000e+00
   outer loop
     vertex  1.725550e+02 -1.349599e+02  4.699009e+00
     vertex  1.725550e+02 -1.349599e+02  1.397003e+01
     vertex  1.728541e+02 -1.349083e+02  1.397003e+01
   endloop
 endfacet
 facet normal -1.022641e-01  9.947573e-01  0.000000e+00
   outer loop
     vertex  1.722530e+02 -1.349909e+02  4.699009e+00
     vertex  1.725550e+02 -1.349599e+02  1.397003e+01
     vertex  1.725550e+02 -1.349599e+02  4.699009e+00
   endloop
 endfacet
 facet normal -1.022641e-01  9.947573e-01  0.000000e+00
   outer loop
     vertex  1.722530e+02 -1.349909e+02  4.699009e+00
     vertex  1.722530e+02 -1.349909e+02  1.397003e+01
     vertex  1.725550e+02 -1.349599e+02  1.397003e+01
   endloop
 endfacet
 facet normal -3.414111e-02  9.994170e-01  0.000000e+00
   outer loop
     vertex  1.719497e+02 -1.350013e+02  4.699009e+00
     vertex  1.722530e+02 -1.349909e+02  1.397003e+01
     vertex  1.722530e+02 -1.349909e+02  4.699009e+00
   endloop
 endfacet
 facet normal -3.414111e-02  9.994170e-01  0.000000e+00
   outer loop
     vertex  1.719497e+02 -1.350013e+02  4.699009e+00
     vertex  1.719497e+02 -1.350013e+02  1.397003e+01
     vertex  1.722530e+02 -1.349909e+02  1.397003e+01
   endloop
 endfacet
 facet normal -0.000000e+00  1.000000e+00  0.000000e+00
   outer loop
     vertex  9.359055e+01 -1.350013e+02  1.397003e+01
     vertex  1.719497e+02 -1.350013e+02  1.397003e+01
     vertex  1.719497e+02 -1.350013e+02  4.699009e+00
   endloop
 endfacet
 facet normal  0.000000e+00  1.000000e+00  0.000000e+00
   outer loop
     vertex  9.359055e+01 -1.350013e+02  4.699009e+00
     vertex  9.359055e+01 -1.350013e+02  1.397003e+01
     vertex  1.719497e+02 -1.350013e+02  4.699009e+00
   endloop
 endfacet
 facet normal  3.414111e-02  9.994170e-01  0.000000e+00
   outer loop
     vertex  9.328721e+01 -1.349909e+02  4.699009e+00
     vertex  9.359055e+01 -1.350013e+02  1.397003e+01
     vertex  9.359055e+01 -1.350013e+02  4.699009e+00
   endloop
 endfacet
 facet normal  3.414111e-02  9.994170e-01 -0.000000e+00
   outer loop
     vertex  9.328721e+01 -1.349909e+02  4.699009e+00
     vertex  9.328721e+01 -1.349909e+02  1.397003e+01
     vertex  9.359055e+01 -1.350013e+02  1.397003e+01
   endloop
 endfacet
 facet normal  1.022641e-01  9.947573e-01  0.000000e+00
   outer loop
     vertex  9.298529e+01 -1.349599e+02  4.699009e+00
     vertex  9.328721e+01 -1.349909e+02  1.397003e+01
     vertex  9.328721e+01 -1.349909e+02  4.699009e+00
   endloop
 endfacet
 facet normal  1.022641e-01  9.947573e-01 -0.000000e+00
   outer loop
     vertex  9.298529e+01 -1.349599e+02  4.699009e+00
     vertex  9.298529e+01 -1.349599e+02  1.397003e+01
     vertex  9.328721e+01 -1.349909e+02  1.397003e+01
   endloop
 endfacet
 facet normal  1.699104e-01  9.854595e-01  0.000000e+00
   outer loop
     vertex  9.268619e+01 -1.349083e+02  4.699009e+00
     vertex  9.298529e+01 -1.349599e+02  1.397003e+01
     vertex  9.298529e+01 -1.349599e+02  4.699009e+00
   endloop
 endfacet
 facet normal  1.699104e-01  9.854595e-01 -0.000000e+00
   outer loop
     vertex  9.268619e+01 -1.349083e+02  4.699009e+00
     vertex  9.268619e+01 -1.349083e+02  1.397003e+01
     vertex  9.298529e+01 -1.349599e+02  1.397003e+01
   endloop
 endfacet
 facet normal  2.367644e-01  9.715671e-01  0.000000e+00
   outer loop
     vertex  9.239130e+01 -1.348364e+02  4.699009e+00
     vertex  9.268619e+01 -1.349083e+02  1.397003e+01
     vertex  9.268619e+01 -1.349083e+02  4.699009e+00
   endloop
 endfacet
 facet normal  2.367644e-01  9.715671e-01 -0.000000e+00
   outer loop
     vertex  9.239130e+01 -1.348364e+02  4.699009e+00
     vertex  9.239130e+01 -1.348364e+02  1.397003e+01
     vertex  9.268619e+01 -1.349083e+02  1.397003e+01
   endloop
 endfacet
 facet normal  3.025146e-01  9.531448e-01  0.000000e+00
   outer loop
     vertex  9.210201e+01 -1.347446e+02  4.699009e+00
     vertex  9.239130e+01 -1.348364e+02  1.397003e+01
     vertex  9.239130e+01 -1.348364e+02  4.699009e+00
   endloop
 endfacet
 facet normal  3.025146e-01  9.531448e-01 -0.000000e+00
   outer loop
     vertex  9.210201e+01 -1.347446e+02  4.699009e+00
     vertex  9.210201e+01 -1.347446e+02  1.397003e+01
     vertex  9.239130e+01 -1.348364e+02  1.397003e+01
   endloop
 endfacet
 facet normal  3.668542e-01  9.302784e-01  0.000000e+00
   outer loop
     vertex  9.181965e+01 -1.346333e+02  4.699009e+00
     vertex  9.210201e+01 -1.347446e+02  1.397003e+01
     vertex  9.210201e+01 -1.347446e+02  4.699009e+00
   endloop
 endfacet
 facet normal  3.668542e-01  9.302784e-01 -0.000000e+00
   outer loop
     vertex  9.181965e+01 -1.346333e+02  4.699009e+00
     vertex  9.181965e+01 -1.346333e+02  1.397003e+01
     vertex  9.210201e+01 -1.347446e+02  1.397003e+01
   endloop
 endfacet
 facet normal  4.294834e-01  9.030747e-01  0.000000e+00
   outer loop
     vertex  9.154556e+01 -1.345029e+02  4.699009e+00
     vertex  9.181965e+01 -1.346333e+02  1.397003e+01
     vertex  9.181965e+01 -1.346333e+02  4.699009e+00
   endloop
 endfacet
 facet normal  4.294834e-01  9.030747e-01 -0.000000e+00
   outer loop
     vertex  9.154556e+01 -1.345029e+02  4.699009e+00
     vertex  9.154556e+01 -1.345029e+02  1.397003e+01
     vertex  9.181965e+01 -1.346333e+02  1.397003e+01
   endloop
 endfacet
 facet normal  4.901102e-01  8.716605e-01  0.000000e+00
   outer loop
     vertex  9.128100e+01 -1.343542e+02  4.699009e+00
     vertex  9.154556e+01 -1.345029e+02  1.397003e+01
     vertex  9.154556e+01 -1.345029e+02  4.699009e+00
   endloop
 endfacet
 facet normal  4.901102e-01  8.716605e-01 -0.000000e+00
   outer loop
     vertex  9.128100e+01 -1.343542e+02  4.699009e+00
     vertex  9.128100e+01 -1.343542e+02  1.397003e+01
     vertex  9.154556e+01 -1.345029e+02  1.397003e+01
   endloop
 endfacet
 facet normal  5.484519e-01  8.361821e-01  0.000000e+00
   outer loop
     vertex  9.102720e+01 -1.341877e+02  4.699009e+00
     vertex  9.128100e+01 -1.343542e+02  1.397003e+01
     vertex  9.128100e+01 -1.343542e+02  4.699009e+00
   endloop
 endfacet
 facet normal  5.484519e-01  8.361821e-01 -0.000000e+00
   outer loop
     vertex  9.102720e+01 -1.341877e+02  4.699009e+00
     vertex  9.102720e+01 -1.341877e+02  1.397003e+01
     vertex  9.128100e+01 -1.343542e+02  1.397003e+01
   endloop
 endfacet
 facet normal  6.042364e-01  7.968051e-01  0.000000e+00
   outer loop
     vertex  9.078536e+01 -1.340043e+02  4.699009e+00
     vertex  9.102720e+01 -1.341877e+02  1.397003e+01
     vertex  9.102720e+01 -1.341877e+02  4.699009e+00
   endloop
 endfacet
 facet normal  6.042364e-01  7.968051e-01 -0.000000e+00
   outer loop
     vertex  9.078536e+01 -1.340043e+02  4.699009e+00
     vertex  9.078536e+01 -1.340043e+02  1.397003e+01
     vertex  9.102720e+01 -1.341877e+02  1.397003e+01
   endloop
 endfacet
 facet normal  6.572037e-01  7.537130e-01  0.000000e+00
   outer loop
     vertex  9.055660e+01 -1.338048e+02  4.699009e+00
     vertex  9.078536e+01 -1.340043e+02  1.397003e+01
     vertex  9.078536e+01 -1.340043e+02  4.699009e+00
   endloop
 endfacet
 facet normal  6.572037e-01  7.537130e-01 -0.000000e+00
   outer loop
     vertex  9.055660e+01 -1.338048e+02  4.699009e+00
     vertex  9.055660e+01 -1.338048e+02  1.397003e+01
     vertex  9.078536e+01 -1.340043e+02  1.397003e+01
   endloop
 endfacet
 facet normal  7.071068e-01  7.071068e-01  0.000000e+00
   outer loop
     vertex  9.034198e+01 -1.335902e+02  4.699009e+00
     vertex  9.055660e+01 -1.338048e+02  1.397003e+01
     vertex  9.055660e+01 -1.338048e+02  4.699009e+00
   endloop
 endfacet
 facet normal  7.071068e-01  7.071068e-01 -0.000000e+00
   outer loop
     vertex  9.034198e+01 -1.335902e+02  4.699009e+00
     vertex  9.034198e+01 -1.335902e+02  1.397003e+01
     vertex  9.055660e+01 -1.338048e+02  1.397003e+01
   endloop
 endfacet
 facet normal  7.537130e-01  6.572037e-01  0.000000e+00
   outer loop
     vertex  9.014251e+01 -1.333615e+02  4.699009e+00
     vertex  9.034198e+01 -1.335902e+02  1.397003e+01
     vertex  9.034198e+01 -1.335902e+02  4.699009e+00
   endloop
 endfacet
 facet normal  7.537130e-01  6.572037e-01 -0.000000e+00
   outer loop
     vertex  9.014251e+01 -1.333615e+02  4.699009e+00
     vertex  9.014251e+01 -1.333615e+02  1.397003e+01
     vertex  9.034198e+01 -1.335902e+02  1.397003e+01
   endloop
 endfacet
 facet normal  7.968051e-01  6.042364e-01  0.000000e+00
   outer loop
     vertex  8.995911e+01 -1.331196e+02  4.699009e+00
     vertex  9.014251e+01 -1.333615e+02  1.397003e+01
     vertex  9.014251e+01 -1.333615e+02  4.699009e+00
   endloop
 endfacet
 facet normal  7.968051e-01  6.042364e-01 -0.000000e+00
   outer loop
     vertex  8.995911e+01 -1.331196e+02  4.699009e+00
     vertex  8.995911e+01 -1.331196e+02  1.397003e+01
     vertex  9.014251e+01 -1.333615e+02  1.397003e+01
   endloop
 endfacet
 facet normal  8.361821e-01  5.484519e-01  0.000000e+00
   outer loop
     vertex  8.979265e+01 -1.328658e+02  4.699009e+00
     vertex  8.995911e+01 -1.331196e+02  1.397003e+01
     vertex  8.995911e+01 -1.331196e+02  4.699009e+00
   endloop
 endfacet
 facet normal  8.361821e-01  5.484519e-01 -0.000000e+00
   outer loop
     vertex  8.979265e+01 -1.328658e+02  4.699009e+00
     vertex  8.979265e+01 -1.328658e+02  1.397003e+01
     vertex  8.995911e+01 -1.331196e+02  1.397003e+01
   endloop
 endfacet
 facet normal  8.716605e-01  4.901102e-01  0.000000e+00
   outer loop
     vertex  8.964389e+01 -1.326013e+02  4.699009e+00
     vertex  8.979265e+01 -1.328658e+02  1.397003e+01
     vertex  8.979265e+01 -1.328658e+02  4.699009e+00
   endloop
 endfacet
 facet normal  8.716605e-01  4.901102e-01 -0.000000e+00
   outer loop
     vertex  8.964389e+01 -1.326013e+02  4.699009e+00
     vertex  8.964389e+01 -1.326013e+02  1.397003e+01
     vertex  8.979265e+01 -1.328658e+02  1.397003e+01
   endloop
 endfacet
 facet normal  9.030747e-01  4.294834e-01  0.000000e+00
   outer loop
     vertex  8.951354e+01 -1.323272e+02  4.699009e+00
     vertex  8.964389e+01 -1.326013e+02  1.397003e+01
     vertex  8.964389e+01 -1.326013e+02  4.699009e+00
   endloop
 endfacet
 facet normal  9.030747e-01  4.294834e-01 -0.000000e+00
   outer loop
     vertex  8.951354e+01 -1.323272e+02  4.699009e+00
     vertex  8.951354e+01 -1.323272e+02  1.397003e+01
     vertex  8.964389e+01 -1.326013e+02  1.397003e+01
   endloop
 endfacet
 facet normal  9.302784e-01  3.668542e-01  0.000000e+00
   outer loop
     vertex  8.940219e+01 -1.320448e+02  4.699009e+00
     vertex  8.951354e+01 -1.323272e+02  1.397003e+01
     vertex  8.951354e+01 -1.323272e+02  4.699009e+00
   endloop
 endfacet
 facet normal  9.302784e-01  3.668542e-01 -0.000000e+00
   outer loop
     vertex  8.940219e+01 -1.320448e+02  4.699009e+00
     vertex  8.940219e+01 -1.320448e+02  1.397003e+01
     vertex  8.951354e+01 -1.323272e+02  1.397003e+01
   endloop
 endfacet
 facet normal  9.531448e-01  3.025146e-01  0.000000e+00
   outer loop
     vertex  8.931038e+01 -1.317555e+02  4.699009e+00
     vertex  8.940219e+01 -1.320448e+02  1.397003e+01
     vertex  8.940219e+01 -1.320448e+02  4.699009e+00
   endloop
 endfacet
 facet normal  9.531448e-01  3.025146e-01 -0.000000e+00
   outer loop
     vertex  8.931038e+01 -1.317555e+02  4.699009e+00
     vertex  8.931038e+01 -1.317555e+02  1.397003e+01
     vertex  8.940219e+01 -1.320448e+02  1.397003e+01
   endloop
 endfacet
 facet normal  9.715671e-01  2.367644e-01  0.000000e+00
   outer loop
     vertex  8.923851e+01 -1.314606e+02  4.699009e+00
     vertex  8.931038e+01 -1.317555e+02  1.397003e+01
     vertex  8.931038e+01 -1.317555e+02  4.699009e+00
   endloop
 endfacet
 facet normal  9.715671e-01  2.367644e-01 -0.000000e+00
   outer loop
     vertex  8.923851e+01 -1.314606e+02  4.699009e+00
     vertex  8.923851e+01 -1.314606e+02  1.397003e+01
     vertex  8.931038e+01 -1.317555e+02  1.397003e+01
   endloop
 endfacet
 facet normal  9.854595e-01  1.699104e-01  0.000000e+00
   outer loop
     vertex  8.918694e+01 -1.311615e+02  4.699009e+00
     vertex  8.923851e+01 -1.314606e+02  1.397003e+01
     vertex  8.923851e+01 -1.314606e+02  4.699009e+00
   endloop
 endfacet
 facet normal  9.854595e-01  1.699104e-01 -0.000000e+00
   outer loop
     vertex  8.918694e+01 -1.311615e+02  4.699009e+00
     vertex  8.918694e+01 -1.311615e+02  1.397003e+01
     vertex  8.923851e+01 -1.314606e+02  1.397003e+01
   endloop
 endfacet
 facet normal  9.947573e-01  1.022641e-01  0.000000e+00
   outer loop
     vertex  8.915590e+01 -1.308596e+02  4.699009e+00
     vertex  8.918694e+01 -1.311615e+02  1.397003e+01
     vertex  8.918694e+01 -1.311615e+02  4.699009e+00
   endloop
 endfacet
 facet normal  9.947573e-01  1.022641e-01 -0.000000e+00
   outer loop
     vertex  8.915590e+01 -1.308596e+02  4.699009e+00
     vertex  8.915590e+01 -1.308596e+02  1.397003e+01
     vertex  8.918694e+01 -1.311615e+02  1.397003e+01
   endloop
 endfacet
 facet normal  9.994170e-01  3.414111e-02  0.000000e+00
   outer loop
     vertex  8.914554e+01 -1.305563e+02  4.699009e+00
     vertex  8.915590e+01 -1.308596e+02  1.397003e+01
     vertex  8.915590e+01 -1.308596e+02  4.699009e+00
   endloop
 endfacet
 facet normal  9.994170e-01  3.414111e-02 -0.000000e+00
   outer loop
     vertex  8.914554e+01 -1.305563e+02  4.699009e+00
     vertex  8.914554e+01 -1.305563e+02  1.397003e+01
     vertex  8.915590e+01 -1.308596e+02  1.397003e+01
   endloop
 endfacet
 facet normal  1.000000e+00  0.000000e+00  0.000000e+00
   outer loop
     vertex  8.914554e+01 -5.702311e+01  1.397003e+01
     vertex  8.914554e+01 -1.305563e+02  1.397003e+01
     vertex  8.914554e+01 -1.305563e+02  4.699009e+00
   endloop
 endfacet
 facet normal  1.000000e+00  0.000000e+00 -0.000000e+00
   outer loop
     vertex  8.914554e+01 -5.702311e+01  4.699009e+00
     vertex  8.914554e+01 -5.702311e+01  1.397003e+01
     vertex  8.914554e+01 -1.305563e+02  4.699009e+00
   endloop
 endfacet
 facet normal  9.994170e-01 -3.414111e-02  0.000000e+00
   outer loop
     vertex  8.915590e+01 -5.671978e+01  4.699009e+00
     vertex  8.914554e+01 -5.702311e+01  1.397003e+01
     vertex  8.914554e+01 -5.702311e+01  4.699009e+00
   endloop
 endfacet
 facet normal  9.994170e-01 -3.414111e-02  0.000000e+00
   outer loop
     vertex  8.915590e+01 -5.671978e+01  4.699009e+00
     vertex  8.915590e+01 -5.671978e+01  1.397003e+01
     vertex  8.914554e+01 -5.702311e+01  1.397003e+01
   endloop
 endfacet
 facet normal  9.947573e-01 -1.022641e-01  0.000000e+00
   outer loop
     vertex  8.918694e+01 -5.641785e+01  4.699009e+00
     vertex  8.915590e+01 -5.671978e+01  1.397003e+01
     vertex  8.915590e+01 -5.671978e+01  4.699009e+00
   endloop
 endfacet
 facet normal  9.947573e-01 -1.022641e-01  0.000000e+00
   outer loop
     vertex  8.918694e+01 -5.641785e+01  4.699009e+00
     vertex  8.918694e+01 -5.641785e+01  1.397003e+01
     vertex  8.915590e+01 -5.671978e+01  1.397003e+01
   endloop
 endfacet
 facet normal  9.854595e-01 -1.699104e-01  0.000000e+00
   outer loop
     vertex  8.923851e+01 -5.611875e+01  4.699009e+00
     vertex  8.918694e+01 -5.641785e+01  1.397003e+01
     vertex  8.918694e+01 -5.641785e+01  4.699009e+00
   endloop
 endfacet
 facet normal  9.854595e-01 -1.699104e-01  0.000000e+00
   outer loop
     vertex  8.923851e+01 -5.611875e+01  4.699009e+00
     vertex  8.923851e+01 -5.611875e+01  1.397003e+01
     vertex  8.918694e+01 -5.641785e+01  1.397003e+01
   endloop
 endfacet
 facet normal  9.715671e-01 -2.367644e-01  0.000000e+00
   outer loop
     vertex  8.931038e+01 -5.582386e+01  4.699009e+00
     vertex  8.923851e+01 -5.611875e+01  1.397003e+01
     vertex  8.923851e+01 -5.611875e+01  4.699009e+00
   endloop
 endfacet
 facet normal  9.715671e-01 -2.367644e-01  0.000000e+00
   outer loop
     vertex  8.931038e+01 -5.582386e+01  4.699009e+00
     vertex  8.931038e+01 -5.582386e+01  1.397003e+01
     vertex  8.923851e+01 -5.611875e+01  1.397003e+01
   endloop
 endfacet
 facet normal  9.531448e-01 -3.025146e-01  0.000000e+00
   outer loop
     vertex  8.940219e+01 -5.553457e+01  4.699009e+00
     vertex  8.931038e+01 -5.582386e+01  1.397003e+01
     vertex  8.931038e+01 -5.582386e+01  4.699009e+00
   endloop
 endfacet
 facet normal  9.531448e-01 -3.025146e-01  0.000000e+00
   outer loop
     vertex  8.940219e+01 -5.553457e+01  4.699009e+00
     vertex  8.940219e+01 -5.553457e+01  1.397003e+01
     vertex  8.931038e+01 -5.582386e+01  1.397003e+01
   endloop
 endfacet
 facet normal  9.302784e-01 -3.668542e-01  0.000000e+00
   outer loop
     vertex  8.951354e+01 -5.525222e+01  4.699009e+00
     vertex  8.940219e+01 -5.553457e+01  1.397003e+01
     vertex  8.940219e+01 -5.553457e+01  4.699009e+00
   endloop
 endfacet
 facet normal  9.302784e-01 -3.668542e-01  0.000000e+00
   outer loop
     vertex  8.951354e+01 -5.525222e+01  4.699009e+00
     vertex  8.951354e+01 -5.525222e+01  1.397003e+01
     vertex  8.940219e+01 -5.553457e+01  1.397003e+01
   endloop
 endfacet
 facet normal  9.030747e-01 -4.294834e-01  0.000000e+00
   outer loop
     vertex  8.964389e+01 -5.497812e+01  4.699009e+00
     vertex  8.951354e+01 -5.525222e+01  1.397003e+01
     vertex  8.951354e+01 -5.525222e+01  4.699009e+00
   endloop
 endfacet
 facet normal  9.030747e-01 -4.294834e-01  0.000000e+00
   outer loop
     vertex  8.964389e+01 -5.497812e+01  4.699009e+00
     vertex  8.964389e+01 -5.497812e+01  1.397003e+01
     vertex  8.951354e+01 -5.525222e+01  1.397003e+01
   endloop
 endfacet
 facet normal  8.716605e-01 -4.901102e-01  0.000000e+00
   outer loop
     vertex  8.979265e+01 -5.471356e+01  4.699009e+00
     vertex  8.964389e+01 -5.497812e+01  1.397003e+01
     vertex  8.964389e+01 -5.497812e+01  4.699009e+00
   endloop
 endfacet
 facet normal  8.716605e-01 -4.901102e-01  0.000000e+00
   outer loop
     vertex  8.979265e+01 -5.471356e+01  4.699009e+00
     vertex  8.979265e+01 -5.471356e+01  1.397003e+01
     vertex  8.964389e+01 -5.497812e+01  1.397003e+01
   endloop
 endfacet
 facet normal  8.361821e-01 -5.484519e-01  0.000000e+00
   outer loop
     vertex  8.995911e+01 -5.445976e+01  4.699009e+00
     vertex  8.979265e+01 -5.471356e+01  1.397003e+01
     vertex  8.979265e+01 -5.471356e+01  4.699009e+00
   endloop
 endfacet
 facet normal  8.361821e-01 -5.484519e-01  0.000000e+00
   outer loop
     vertex  8.995911e+01 -5.445976e+01  4.699009e+00
     vertex  8.995911e+01 -5.445976e+01  1.397003e+01
     vertex  8.979265e+01 -5.471356e+01  1.397003e+01
   endloop
 endfacet
 facet normal  7.968051e-01 -6.042364e-01  0.000000e+00
   outer loop
     vertex  9.014251e+01 -5.421792e+01  4.699009e+00
     vertex  8.995911e+01 -5.445976e+01  1.397003e+01
     vertex  8.995911e+01 -5.445976e+01  4.699009e+00
   endloop
 endfacet
 facet normal  7.968051e-01 -6.042364e-01  0.000000e+00
   outer loop
     vertex  9.014251e+01 -5.421792e+01  4.699009e+00
     vertex  9.014251e+01 -5.421792e+01  1.397003e+01
     vertex  8.995911e+01 -5.445976e+01  1.397003e+01
   endloop
 endfacet
 facet normal  7.537130e-01 -6.572037e-01  0.000000e+00
   outer loop
     vertex  9.034198e+01 -5.398916e+01  4.699009e+00
     vertex  9.014251e+01 -5.421792e+01  1.397003e+01
     vertex  9.014251e+01 -5.421792e+01  4.699009e+00
   endloop
 endfacet
 facet normal  7.537130e-01 -6.572037e-01  0.000000e+00
   outer loop
     vertex  9.034198e+01 -5.398916e+01  4.699009e+00
     vertex  9.034198e+01 -5.398916e+01  1.397003e+01
     vertex  9.014251e+01 -5.421792e+01  1.397003e+01
   endloop
 endfacet
 facet normal  7.071068e-01 -7.071068e-01  0.000000e+00
   outer loop
     vertex  9.055660e+01 -5.377454e+01  4.699009e+00
     vertex  9.034198e+01 -5.398916e+01  1.397003e+01
     vertex  9.034198e+01 -5.398916e+01  4.699009e+00
   endloop
 endfacet
 facet normal  7.071068e-01 -7.071068e-01  0.000000e+00
   outer loop
     vertex  9.055660e+01 -5.377454e+01  4.699009e+00
     vertex  9.055660e+01 -5.377454e+01  1.397003e+01
     vertex  9.034198e+01 -5.398916e+01  1.397003e+01
   endloop
 endfacet
 facet normal  6.572037e-01 -7.537130e-01  0.000000e+00
   outer loop
     vertex  9.078536e+01 -5.357507e+01  4.699009e+00
     vertex  9.055660e+01 -5.377454e+01  1.397003e+01
     vertex  9.055660e+01 -5.377454e+01  4.699009e+00
   endloop
 endfacet
 facet normal  6.572037e-01 -7.537130e-01  0.000000e+00
   outer loop
     vertex  9.078536e+01 -5.357507e+01  4.699009e+00
     vertex  9.078536e+01 -5.357507e+01  1.397003e+01
     vertex  9.055660e+01 -5.377454e+01  1.397003e+01
   endloop
 endfacet
 facet normal  6.042364e-01 -7.968051e-01  0.000000e+00
   outer loop
     vertex  9.102720e+01 -5.339168e+01  4.699009e+00
     vertex  9.078536e+01 -5.357507e+01  1.397003e+01
     vertex  9.078536e+01 -5.357507e+01  4.699009e+00
   endloop
 endfacet
 facet normal  6.042364e-01 -7.968051e-01  0.000000e+00
   outer loop
     vertex  9.102720e+01 -5.339168e+01  4.699009e+00
     vertex  9.102720e+01 -5.339168e+01  1.397003e+01
     vertex  9.078536e+01 -5.357507e+01  1.397003e+01
   endloop
 endfacet
 facet normal  5.484519e-01 -8.361821e-01  0.000000e+00
   outer loop
     vertex  9.128100e+01 -5.322521e+01  4.699009e+00
     vertex  9.102720e+01 -5.339168e+01  1.397003e+01
     vertex  9.102720e+01 -5.339168e+01  4.699009e+00
   endloop
 endfacet
 facet normal  5.484519e-01 -8.361821e-01  0.000000e+00
   outer loop
     vertex  9.128100e+01 -5.322521e+01  4.699009e+00
     vertex  9.128100e+01 -5.322521e+01  1.397003e+01
     vertex  9.102720e+01 -5.339168e+01  1.397003e+01
   endloop
 endfacet
 facet normal  4.901102e-01 -8.716605e-01  0.000000e+00
   outer loop
     vertex  9.154556e+01 -5.307646e+01  4.699009e+00
     vertex  9.128100e+01 -5.322521e+01  1.397003e+01
     vertex  9.128100e+01 -5.322521e+01  4.699009e+00
   endloop
 endfacet
 facet normal  4.901102e-01 -8.716605e-01  0.000000e+00
   outer loop
     vertex  9.154556e+01 -5.307646e+01  4.699009e+00
     vertex  9.154556e+01 -5.307646e+01  1.397003e+01
     vertex  9.128100e+01 -5.322521e+01  1.397003e+01
   endloop
 endfacet
 facet normal  4.294834e-01 -9.030747e-01  0.000000e+00
   outer loop
     vertex  9.181965e+01 -5.294610e+01  4.699009e+00
     vertex  9.154556e+01 -5.307646e+01  1.397003e+01
     vertex  9.154556e+01 -5.307646e+01  4.699009e+00
   endloop
 endfacet
 facet normal  4.294834e-01 -9.030747e-01  0.000000e+00
   outer loop
     vertex  9.181965e+01 -5.294610e+01  4.699009e+00
     vertex  9.181965e+01 -5.294610e+01  1.397003e+01
     vertex  9.154556e+01 -5.307646e+01  1.397003e+01
   endloop
 endfacet
 facet normal  3.668542e-01 -9.302784e-01  0.000000e+00
   outer loop
     vertex  9.210201e+01 -5.283476e+01  4.699009e+00
     vertex  9.181965e+01 -5.294610e+01  1.397003e+01
     vertex  9.181965e+01 -5.294610e+01  4.699009e+00
   endloop
 endfacet
 facet normal  3.668542e-01 -9.302784e-01  0.000000e+00
   outer loop
     vertex  9.210201e+01 -5.283476e+01  4.699009e+00
     vertex  9.210201e+01 -5.283476e+01  1.397003e+01
     vertex  9.181965e+01 -5.294610e+01  1.397003e+01
   endloop
 endfacet
 facet normal  3.025146e-01 -9.531448e-01  0.000000e+00
   outer loop
     vertex  9.239130e+01 -5.274294e+01  4.699009e+00
     vertex  9.210201e+01 -5.283476e+01  1.397003e+01
     vertex  9.210201e+01 -5.283476e+01  4.699009e+00
   endloop
 endfacet
 facet normal  3.025146e-01 -9.531448e-01  0.000000e+00
   outer loop
     vertex  9.239130e+01 -5.274294e+01  4.699009e+00
     vertex  9.239130e+01 -5.274294e+01  1.397003e+01
     vertex  9.210201e+01 -5.283476e+01  1.397003e+01
   endloop
 endfacet
 facet normal  2.367644e-01 -9.715671e-01  0.000000e+00
   outer loop
     vertex  9.268619e+01 -5.267108e+01  4.699009e+00
     vertex  9.239130e+01 -5.274294e+01  1.397003e+01
     vertex  9.239130e+01 -5.274294e+01  4.699009e+00
   endloop
 endfacet
 facet normal  2.367644e-01 -9.715671e-01  0.000000e+00
   outer loop
     vertex  9.268619e+01 -5.267108e+01  4.699009e+00
     vertex  9.268619e+01 -5.267108e+01  1.397003e+01
     vertex  9.239130e+01 -5.274294e+01  1.397003e+01
   endloop
 endfacet
 facet normal  1.699104e-01 -9.854595e-01  0.000000e+00
   outer loop
     vertex  9.298529e+01 -5.261951e+01  4.699009e+00
     vertex  9.268619e+01 -5.267108e+01  1.397003e+01
     vertex  9.268619e+01 -5.267108e+01  4.699009e+00
   endloop
 endfacet
 facet normal  1.699104e-01 -9.854595e-01  0.000000e+00
   outer loop
     vertex  9.298529e+01 -5.261951e+01  4.699009e+00
     vertex  9.298529e+01 -5.261951e+01  1.397003e+01
     vertex  9.268619e+01 -5.267108e+01  1.397003e+01
   endloop
 endfacet
 facet normal  1.022641e-01 -9.947573e-01  0.000000e+00
   outer loop
     vertex  9.328721e+01 -5.258847e+01  4.699009e+00
     vertex  9.298529e+01 -5.261951e+01  1.397003e+01
     vertex  9.298529e+01 -5.261951e+01  4.699009e+00
   endloop
 endfacet
 facet normal  1.022641e-01 -9.947573e-01  0.000000e+00
   outer loop
     vertex  9.328721e+01 -5.258847e+01  4.699009e+00
     vertex  9.328721e+01 -5.258847e+01  1.397003e+01
     vertex  9.298529e+01 -5.261951e+01  1.397003e+01
   endloop
 endfacet
 facet normal  3.414111e-02 -9.994170e-01  0.000000e+00
   outer loop
     vertex  9.359055e+01 -5.257811e+01  4.699009e+00
     vertex  9.328721e+01 -5.258847e+01  1.397003e+01
     vertex  9.328721e+01 -5.258847e+01  4.699009e+00
   endloop
 endfacet
 facet normal  3.414111e-02 -9.994170e-01  0.000000e+00
   outer loop
     vertex  9.359055e+01 -5.257811e+01  4.699009e+00
     vertex  9.359055e+01 -5.257811e+01  1.397003e+01
     vertex  9.328721e+01 -5.258847e+01  1.397003e+01
   endloop
 endfacet
 facet normal  0.000000e+00 -1.000000e+00  0.000000e+00
   outer loop
     vertex  1.156871e+02 -5.257811e+01  9.837494e+00
     vertex  1.157362e+02 -5.257811e+01  9.886549e+00
     vertex  9.359055e+01 -5.257811e+01  1.397003e+01
   endloop
 endfacet
 facet normal  0.000000e+00 -1.000000e+00  0.000000e+00
   outer loop
     vertex  1.156415e+02 -5.257811e+01  9.785205e+00
     vertex  1.156871e+02 -5.257811e+01  9.837494e+00
     vertex  9.359055e+01 -5.257811e+01  1.397003e+01
   endloop
 endfacet
 facet normal -0.000000e+00 -1.000000e+00  0.000000e+00
   outer loop
     vertex  1.157884e+02 -5.257811e+01  9.932143e+00
     vertex  9.359055e+01 -5.257811e+01  1.397003e+01
     vertex  1.157362e+02 -5.257811e+01  9.886549e+00
   endloop
 endfacet
 facet normal  0.000000e+00 -1.000000e+00  0.000000e+00
   outer loop
     vertex  1.155996e+02 -5.257811e+01  9.729927e+00
     vertex  1.156415e+02 -5.257811e+01  9.785205e+00
     vertex  9.359055e+01 -5.257811e+01  1.397003e+01
   endloop
 endfacet
 facet normal -0.000000e+00 -1.000000e+00  0.000000e+00
   outer loop
     vertex  1.158437e+02 -5.257811e+01  9.974061e+00
     vertex  9.359055e+01 -5.257811e+01  1.397003e+01
     vertex  1.157884e+02 -5.257811e+01  9.932143e+00
   endloop
 endfacet
 facet normal -0.000000e+00 -1.000000e+00  0.000000e+00
   outer loop
     vertex  1.159017e+02 -5.257811e+01  1.001211e+01
     vertex  9.359055e+01 -5.257811e+01  1.397003e+01
     vertex  1.158437e+02 -5.257811e+01  9.974061e+00
   endloop
 endfacet
 facet normal  0.000000e+00 -1.000000e+00  0.000000e+00
   outer loop
     vertex  1.155615e+02 -5.257811e+01  9.671917e+00
     vertex  1.155996e+02 -5.257811e+01  9.729927e+00
     vertex  9.359055e+01 -5.257811e+01  1.397003e+01
   endloop
 endfacet
 facet normal  0.000000e+00 -1.000000e+00  0.000000e+00
   outer loop
     vertex  1.155275e+02 -5.257811e+01  9.611445e+00
     vertex  1.155615e+02 -5.257811e+01  9.671917e+00
     vertex  9.359055e+01 -5.257811e+01  1.397003e+01
   endloop
 endfacet
 facet normal -0.000000e+00 -1.000000e+00  0.000000e+00
   outer loop
     vertex  1.159622e+02 -5.257811e+01  1.004611e+01
     vertex  9.359055e+01 -5.257811e+01  1.397003e+01
     vertex  1.159017e+02 -5.257811e+01  1.001211e+01
   endloop
 endfacet
 facet normal -0.000000e+00 -1.000000e+00  0.000000e+00
   outer loop
     vertex  1.160249e+02 -5.257811e+01  1.007591e+01
     vertex  9.359055e+01 -5.257811e+01  1.397003e+01
     vertex  1.159622e+02 -5.257811e+01  1.004611e+01
   endloop
 endfacet
 facet normal  0.000000e+00 -1.000000e+00  0.000000e+00
   outer loop
     vertex  1.154977e+02 -5.257811e+01  9.548795e+00
     vertex  1.155275e+02 -5.257811e+01  9.611445e+00
     vertex  9.359055e+01 -5.257811e+01  1.397003e+01
   endloop
 endfacet
 facet normal -0.000000e+00 -1.000000e+00  0.000000e+00
   outer loop
     vertex  1.160894e+02 -5.257811e+01  1.010136e+01
     vertex  9.359055e+01 -5.257811e+01  1.397003e+01
     vertex  1.160249e+02 -5.257811e+01  1.007591e+01
   endloop
 endfacet
 facet normal  0.000000e+00 -1.000000e+00  0.000000e+00
   outer loop
     vertex  1.154723e+02 -5.257811e+01  9.484257e+00
     vertex  1.154977e+02 -5.257811e+01  9.548795e+00
     vertex  9.359055e+01 -5.257811e+01  1.397003e+01
   endloop
 endfacet
 facet normal -0.000000e+00 -1.000000e+00  0.000000e+00
   outer loop
     vertex  1.161555e+02 -5.257811e+01  1.012234e+01
     vertex  9.359055e+01 -5.257811e+01  1.397003e+01
     vertex  1.160894e+02 -5.257811e+01  1.010136e+01
   endloop
 endfacet
 facet normal  0.000000e+00 -1.000000e+00  0.000000e+00
   outer loop
     vertex  1.154513e+02 -5.257811e+01  9.418132e+00
     vertex  1.154723e+02 -5.257811e+01  9.484257e+00
     vertex  9.359055e+01 -5.257811e+01  1.397003e+01
   endloop
 endfacet
 facet normal  0.000000e+00 -1.000000e+00  0.000000e+00
   outer loop
     vertex  1.154349e+02 -5.257811e+01  9.350730e+00
     vertex  1.154513e+02 -5.257811e+01  9.418132e+00
     vertex  9.359055e+01 -5.257811e+01  1.397003e+01
   endloop
 endfacet
 facet normal -0.000000e+00 -1.000000e+00  0.000000e+00
   outer loop
     vertex  1.162229e+02 -5.257811e+01  1.013877e+01
     vertex  9.359055e+01 -5.257811e+01  1.397003e+01
     vertex  1.161555e+02 -5.257811e+01  1.012234e+01
   endloop
 endfacet
 facet normal  0.000000e+00 -1.000000e+00  0.000000e+00
   outer loop
     vertex  1.154231e+02 -5.257811e+01  9.282364e+00
     vertex  1.154349e+02 -5.257811e+01  9.350730e+00
     vertex  9.359055e+01 -5.257811e+01  1.397003e+01
   endloop
 endfacet
 facet normal -0.000000e+00 -1.000000e+00  0.000000e+00
   outer loop
     vertex  1.162913e+02 -5.257811e+01  1.015056e+01
     vertex  9.359055e+01 -5.257811e+01  1.397003e+01
     vertex  1.162229e+02 -5.257811e+01  1.013877e+01
   endloop
 endfacet
 facet normal  0.000000e+00 -1.000000e+00  0.000000e+00
   outer loop
     vertex  1.154160e+02 -5.257811e+01  9.213353e+00
     vertex  1.154231e+02 -5.257811e+01  9.282364e+00
     vertex  9.359055e+01 -5.257811e+01  1.397003e+01
   endloop
 endfacet
 facet normal -0.000000e+00 -1.000000e+00  0.000000e+00
   outer loop
     vertex  1.163603e+02 -5.257811e+01  1.015765e+01
     vertex  9.359055e+01 -5.257811e+01  1.397003e+01
     vertex  1.162913e+02 -5.257811e+01  1.015056e+01
   endloop
 endfacet
 facet normal -0.000000e+00 -1.000000e+00  0.000000e+00
   outer loop
     vertex  1.154136e+02 -5.257811e+01  9.144018e+00
     vertex  9.359055e+01 -5.257811e+01  1.397003e+01
     vertex  9.359055e+01 -5.257811e+01  4.699009e+00
   endloop
 endfacet
 facet normal  0.000000e+00 -1.000000e+00  0.000000e+00
   outer loop
     vertex  1.154136e+02 -5.257811e+01  9.144018e+00
     vertex  1.154160e+02 -5.257811e+01  9.213353e+00
     vertex  9.359055e+01 -5.257811e+01  1.397003e+01
   endloop
 endfacet
 facet normal -0.000000e+00 -1.000000e+00  0.000000e+00
   outer loop
     vertex  1.164296e+02 -5.257811e+01  1.016002e+01
     vertex  9.359055e+01 -5.257811e+01  1.397003e+01
     vertex  1.163603e+02 -5.257811e+01  1.015765e+01
   endloop
 endfacet
 facet normal -0.000000e+00 -1.000000e+00  0.000000e+00
   outer loop
     vertex  1.154136e+02 -5.257811e+01  8.178816e+00
     vertex  1.154136e+02 -5.257811e+01  9.144018e+00
     vertex  9.359055e+01 -5.257811e+01  4.699009e+00
   endloop
 endfacet
 facet normal -0.000000e+00 -1.000000e+00  0.000000e+00
   outer loop
     vertex  1.154160e+02 -5.257811e+01  8.109482e+00
     vertex  1.154136e+02 -5.257811e+01  8.178816e+00
     vertex  9.359055e+01 -5.257811e+01  4.699009e+00
   endloop
 endfacet
 facet normal -0.000000e+00 -1.000000e+00  0.000000e+00
   outer loop
     vertex  1.154231e+02 -5.257811e+01  8.040471e+00
     vertex  1.154160e+02 -5.257811e+01  8.109482e+00
     vertex  9.359055e+01 -5.257811e+01  4.699009e+00
   endloop
 endfacet
 facet normal -0.000000e+00 -1.000000e+00  0.000000e+00
   outer loop
     vertex  1.154349e+02 -5.257811e+01  7.972105e+00
     vertex  1.154231e+02 -5.257811e+01  8.040471e+00
     vertex  9.359055e+01 -5.257811e+01  4.699009e+00
   endloop
 endfacet
 facet normal -0.000000e+00 -1.000000e+00  0.000000e+00
   outer loop
     vertex  1.154513e+02 -5.257811e+01  7.904702e+00
     vertex  1.154349e+02 -5.257811e+01  7.972105e+00
     vertex  9.359055e+01 -5.257811e+01  4.699009e+00
   endloop
 endfacet
 facet normal -0.000000e+00 -1.000000e+00  0.000000e+00
   outer loop
     vertex  1.154723e+02 -5.257811e+01  7.838578e+00
     vertex  1.154513e+02 -5.257811e+01  7.904702e+00
     vertex  9.359055e+01 -5.257811e+01  4.699009e+00
   endloop
 endfacet
 facet normal -0.000000e+00 -1.000000e+00  0.000000e+00
   outer loop
     vertex  1.154977e+02 -5.257811e+01  7.774040e+00
     vertex  1.154723e+02 -5.257811e+01  7.838578e+00
     vertex  9.359055e+01 -5.257811e+01  4.699009e+00
   endloop
 endfacet
 facet normal -0.000000e+00 -1.000000e+00  0.000000e+00
   outer loop
     vertex  1.155275e+02 -5.257811e+01  7.711389e+00
     vertex  1.154977e+02 -5.257811e+01  7.774040e+00
     vertex  9.359055e+01 -5.257811e+01  4.699009e+00
   endloop
 endfacet
 facet normal -0.000000e+00 -1.000000e+00  0.000000e+00
   outer loop
     vertex  1.155615e+02 -5.257811e+01  7.650918e+00
     vertex  1.155275e+02 -5.257811e+01  7.711389e+00
     vertex  9.359055e+01 -5.257811e+01  4.699009e+00
   endloop
 endfacet
 facet normal -0.000000e+00 -1.000000e+00  0.000000e+00
   outer loop
     vertex  1.155996e+02 -5.257811e+01  7.592908e+00
     vertex  1.155615e+02 -5.257811e+01  7.650918e+00
     vertex  9.359055e+01 -5.257811e+01  4.699009e+00
   endloop
 endfacet
 facet normal -0.000000e+00 -1.000000e+00  0.000000e+00
   outer loop
     vertex  1.156415e+02 -5.257811e+01  7.537630e+00
     vertex  1.155996e+02 -5.257811e+01  7.592908e+00
     vertex  9.359055e+01 -5.257811e+01  4.699009e+00
   endloop
 endfacet
 facet normal -0.000000e+00 -1.000000e+00  0.000000e+00
   outer loop
     vertex  1.156871e+02 -5.257811e+01  7.485341e+00
     vertex  1.156415e+02 -5.257811e+01  7.537630e+00
     vertex  9.359055e+01 -5.257811e+01  4.699009e+00
   endloop
 endfacet
 facet normal -0.000000e+00 -1.000000e+00  0.000000e+00
   outer loop
     vertex  1.157362e+02 -5.257811e+01  7.436286e+00
     vertex  1.156871e+02 -5.257811e+01  7.485341e+00
     vertex  9.359055e+01 -5.257811e+01  4.699009e+00
   endloop
 endfacet
 facet normal -0.000000e+00 -1.000000e+00  0.000000e+00
   outer loop
     vertex  1.157884e+02 -5.257811e+01  7.390692e+00
     vertex  1.157362e+02 -5.257811e+01  7.436286e+00
     vertex  9.359055e+01 -5.257811e+01  4.699009e+00
   endloop
 endfacet
 facet normal -0.000000e+00 -1.000000e+00  0.000000e+00
   outer loop
     vertex  1.158437e+02 -5.257811e+01  7.348773e+00
     vertex  1.157884e+02 -5.257811e+01  7.390692e+00
     vertex  9.359055e+01 -5.257811e+01  4.699009e+00
   endloop
 endfacet
 facet normal -0.000000e+00 -1.000000e+00  0.000000e+00
   outer loop
     vertex  1.159017e+02 -5.257811e+01  7.310725e+00
     vertex  1.158437e+02 -5.257811e+01  7.348773e+00
     vertex  9.359055e+01 -5.257811e+01  4.699009e+00
   endloop
 endfacet
 facet normal -0.000000e+00 -1.000000e+00  0.000000e+00
   outer loop
     vertex  1.159622e+02 -5.257811e+01  7.276723e+00
     vertex  1.159017e+02 -5.257811e+01  7.310725e+00
     vertex  9.359055e+01 -5.257811e+01  4.699009e+00
   endloop
 endfacet
 facet normal -0.000000e+00 -1.000000e+00  0.000000e+00
   outer loop
     vertex  1.160249e+02 -5.257811e+01  7.246928e+00
     vertex  1.159622e+02 -5.257811e+01  7.276723e+00
     vertex  9.359055e+01 -5.257811e+01  4.699009e+00
   endloop
 endfacet
 facet normal -0.000000e+00 -1.000000e+00  0.000000e+00
   outer loop
     vertex  1.160894e+02 -5.257811e+01  7.221477e+00
     vertex  1.160249e+02 -5.257811e+01  7.246928e+00
     vertex  9.359055e+01 -5.257811e+01  4.699009e+00
   endloop
 endfacet
 facet normal -0.000000e+00 -1.000000e+00  0.000000e+00
   outer loop
     vertex  1.161555e+02 -5.257811e+01  7.200490e+00
     vertex  1.160894e+02 -5.257811e+01  7.221477e+00
     vertex  9.359055e+01 -5.257811e+01  4.699009e+00
   endloop
 endfacet
 facet normal -0.000000e+00 -1.000000e+00  0.000000e+00
   outer loop
     vertex  1.162229e+02 -5.257811e+01  7.184065e+00
     vertex  1.161555e+02 -5.257811e+01  7.200490e+00
     vertex  9.359055e+01 -5.257811e+01  4.699009e+00
   endloop
 endfacet
 facet normal -0.000000e+00 -1.000000e+00  0.000000e+00
   outer loop
     vertex  1.162913e+02 -5.257811e+01  7.172277e+00
     vertex  1.162229e+02 -5.257811e+01  7.184065e+00
     vertex  9.359055e+01 -5.257811e+01  4.699009e+00
   endloop
 endfacet
 facet normal  0.000000e+00 -1.000000e+00  0.000000e+00
   outer loop
     vertex  1.233976e+02 -5.257811e+01  1.016002e+01
     vertex  9.359055e+01 -5.257811e+01  1.397003e+01
     vertex  1.164296e+02 -5.257811e+01  1.016002e+01
   endloop
 endfacet
 facet normal  0.000000e+00 -1.000000e+00  0.000000e+00
   outer loop
     vertex  1.234670e+02 -5.257811e+01  1.015765e+01
     vertex  9.359055e+01 -5.257811e+01  1.397003e+01
     vertex  1.233976e+02 -5.257811e+01  1.016002e+01
   endloop
 endfacet
 facet normal -0.000000e+00 -1.000000e+00  0.000000e+00
   outer loop
     vertex  1.719497e+02 -5.257811e+01  1.397003e+01
     vertex  9.359055e+01 -5.257811e+01  1.397003e+01
     vertex  1.234670e+02 -5.257811e+01  1.015765e+01
   endloop
 endfacet
 facet normal  0.000000e+00 -1.000000e+00  0.000000e+00
   outer loop
     vertex  1.719497e+02 -5.257811e+01  1.397003e+01
     vertex  1.244113e+02 -5.257811e+01  9.213353e+00
     vertex  1.244136e+02 -5.257811e+01  9.144018e+00
   endloop
 endfacet
 facet normal  0.000000e+00 -1.000000e+00  0.000000e+00
   outer loop
     vertex  1.719497e+02 -5.257811e+01  1.397003e+01
     vertex  1.244042e+02 -5.257811e+01  9.282364e+00
     vertex  1.244113e+02 -5.257811e+01  9.213353e+00
   endloop
 endfacet
 facet normal  0.000000e+00 -1.000000e+00  0.000000e+00
   outer loop
     vertex  1.719497e+02 -5.257811e+01  1.397003e+01
     vertex  1.243924e+02 -5.257811e+01  9.350730e+00
     vertex  1.244042e+02 -5.257811e+01  9.282364e+00
   endloop
 endfacet
 facet normal  0.000000e+00 -1.000000e+00  0.000000e+00
   outer loop
     vertex  1.719497e+02 -5.257811e+01  1.397003e+01
     vertex  1.243760e+02 -5.257811e+01  9.418132e+00
     vertex  1.243924e+02 -5.257811e+01  9.350730e+00
   endloop
 endfacet
 facet normal  0.000000e+00 -1.000000e+00  0.000000e+00
   outer loop
     vertex  1.719497e+02 -5.257811e+01  1.397003e+01
     vertex  1.243550e+02 -5.257811e+01  9.484257e+00
     vertex  1.243760e+02 -5.257811e+01  9.418132e+00
   endloop
 endfacet
 facet normal  0.000000e+00 -1.000000e+00  0.000000e+00
   outer loop
     vertex  1.719497e+02 -5.257811e+01  1.397003e+01
     vertex  1.243295e+02 -5.257811e+01  9.548795e+00
     vertex  1.243550e+02 -5.257811e+01  9.484257e+00
   endloop
 endfacet
 facet normal  0.000000e+00 -1.000000e+00  0.000000e+00
   outer loop
     vertex  1.719497e+02 -5.257811e+01  1.397003e+01
     vertex  1.242997e+02 -5.257811e+01  9.611445e+00
     vertex  1.243295e+02 -5.257811e+01  9.548795e+00
   endloop
 endfacet
 facet normal  0.000000e+00 -1.000000e+00  0.000000e+00
   outer loop
     vertex  1.719497e+02 -5.257811e+01  1.397003e+01
     vertex  1.242657e+02 -5.257811e+01  9.671917e+00
     vertex  1.242997e+02 -5.257811e+01  9.611445e+00
   endloop
 endfacet
 facet normal  0.000000e+00 -1.000000e+00  0.000000e+00
   outer loop
     vertex  1.719497e+02 -5.257811e+01  1.397003e+01
     vertex  1.242277e+02 -5.257811e+01  9.729927e+00
     vertex  1.242657e+02 -5.257811e+01  9.671917e+00
   endloop
 endfacet
 facet normal  0.000000e+00 -1.000000e+00  0.000000e+00
   outer loop
     vertex  1.719497e+02 -5.257811e+01  1.397003e+01
     vertex  1.241858e+02 -5.257811e+01  9.785205e+00
     vertex  1.242277e+02 -5.257811e+01  9.729927e+00
   endloop
 endfacet
 facet normal  0.000000e+00 -1.000000e+00  0.000000e+00
   outer loop
     vertex  1.719497e+02 -5.257811e+01  1.397003e+01
     vertex  1.241402e+02 -5.257811e+01  9.837494e+00
     vertex  1.241858e+02 -5.257811e+01  9.785205e+00
   endloop
 endfacet
 facet normal  0.000000e+00 -1.000000e+00  0.000000e+00
   outer loop
     vertex  1.719497e+02 -5.257811e+01  1.397003e+01
     vertex  1.240911e+02 -5.257811e+01  9.886549e+00
     vertex  1.241402e+02 -5.257811e+01  9.837494e+00
   endloop
 endfacet
 facet normal  0.000000e+00 -1.000000e+00  0.000000e+00
   outer loop
     vertex  1.719497e+02 -5.257811e+01  1.397003e+01
     vertex  1.240388e+02 -5.257811e+01  9.932143e+00
     vertex  1.240911e+02 -5.257811e+01  9.886549e+00
   endloop
 endfacet
 facet normal  0.000000e+00 -1.000000e+00  0.000000e+00
   outer loop
     vertex  1.719497e+02 -5.257811e+01  1.397003e+01
     vertex  1.239836e+02 -5.257811e+01  9.974061e+00
     vertex  1.240388e+02 -5.257811e+01  9.932143e+00
   endloop
 endfacet
 facet normal  0.000000e+00 -1.000000e+00  0.000000e+00
   outer loop
     vertex  1.719497e+02 -5.257811e+01  1.397003e+01
     vertex  1.239255e+02 -5.257811e+01  1.001211e+01
     vertex  1.239836e+02 -5.257811e+01  9.974061e+00
   endloop
 endfacet
 facet normal  0.000000e+00 -1.000000e+00  0.000000e+00
   outer loop
     vertex  1.719497e+02 -5.257811e+01  1.397003e+01
     vertex  1.238651e+02 -5.257811e+01  1.004611e+01
     vertex  1.239255e+02 -5.257811e+01  1.001211e+01
   endloop
 endfacet
 facet normal  0.000000e+00 -1.000000e+00  0.000000e+00
   outer loop
     vertex  1.719497e+02 -5.257811e+01  1.397003e+01
     vertex  1.238024e+02 -5.257811e+01  1.007591e+01
     vertex  1.238651e+02 -5.257811e+01  1.004611e+01
   endloop
 endfacet
 facet normal  0.000000e+00 -1.000000e+00  0.000000e+00
   outer loop
     vertex  1.719497e+02 -5.257811e+01  1.397003e+01
     vertex  1.237379e+02 -5.257811e+01  1.010136e+01
     vertex  1.238024e+02 -5.257811e+01  1.007591e+01
   endloop
 endfacet
 facet normal  0.000000e+00 -1.000000e+00  0.000000e+00
   outer loop
     vertex  1.719497e+02 -5.257811e+01  1.397003e+01
     vertex  1.236718e+02 -5.257811e+01  1.012234e+01
     vertex  1.237379e+02 -5.257811e+01  1.010136e+01
   endloop
 endfacet
 facet normal  0.000000e+00 -1.000000e+00  0.000000e+00
   outer loop
     vertex  1.719497e+02 -5.257811e+01  1.397003e+01
     vertex  1.236044e+02 -5.257811e+01  1.013877e+01
     vertex  1.236718e+02 -5.257811e+01  1.012234e+01
   endloop
 endfacet
 facet normal  0.000000e+00 -1.000000e+00  0.000000e+00
   outer loop
     vertex  1.719497e+02 -5.257811e+01  1.397003e+01
     vertex  1.235360e+02 -5.257811e+01  1.015056e+01
     vertex  1.236044e+02 -5.257811e+01  1.013877e+01
   endloop
 endfacet
 facet normal  0.000000e+00 -1.000000e+00  0.000000e+00
   outer loop
     vertex  1.719497e+02 -5.257811e+01  1.397003e+01
     vertex  1.234670e+02 -5.257811e+01  1.015765e+01
     vertex  1.235360e+02 -5.257811e+01  1.015056e+01
   endloop
 endfacet
 facet normal  0.000000e+00 -1.000000e+00  0.000000e+00
   outer loop
     vertex  1.719497e+02 -5.257811e+01  4.699009e+00
     vertex  1.239836e+02 -5.257811e+01  7.348773e+00
     vertex  1.239255e+02 -5.257811e+01  7.310725e+00
   endloop
 endfacet
 facet normal  0.000000e+00 -1.000000e+00  0.000000e+00
   outer loop
     vertex  1.719497e+02 -5.257811e+01  4.699009e+00
     vertex  1.240388e+02 -5.257811e+01  7.390692e+00
     vertex  1.239836e+02 -5.257811e+01  7.348773e+00
   endloop
 endfacet
 facet normal  0.000000e+00 -1.000000e+00  0.000000e+00
   outer loop
     vertex  1.719497e+02 -5.257811e+01  4.699009e+00
     vertex  1.240911e+02 -5.257811e+01  7.436286e+00
     vertex  1.240388e+02 -5.257811e+01  7.390692e+00
   endloop
 endfacet
 facet normal  0.000000e+00 -1.000000e+00  0.000000e+00
   outer loop
     vertex  1.719497e+02 -5.257811e+01  4.699009e+00
     vertex  1.241402e+02 -5.257811e+01  7.485341e+00
     vertex  1.240911e+02 -5.257811e+01  7.436286e+00
   endloop
 endfacet
 facet normal  0.000000e+00 -1.000000e+00  0.000000e+00
   outer loop
     vertex  1.719497e+02 -5.257811e+01  4.699009e+00
     vertex  1.241858e+02 -5.257811e+01  7.537630e+00
     vertex  1.241402e+02 -5.257811e+01  7.485341e+00
   endloop
 endfacet
 facet normal  0.000000e+00 -1.000000e+00  0.000000e+00
   outer loop
     vertex  1.719497e+02 -5.257811e+01  4.699009e+00
     vertex  1.719497e+02 -5.257811e+01  1.397003e+01
     vertex  1.244136e+02 -5.257811e+01  9.144018e+00
   endloop
 endfacet
 facet normal  0.000000e+00 -1.000000e+00  0.000000e+00
   outer loop
     vertex  1.719497e+02 -5.257811e+01  4.699009e+00
     vertex  1.242277e+02 -5.257811e+01  7.592908e+00
     vertex  1.241858e+02 -5.257811e+01  7.537630e+00
   endloop
 endfacet
 facet normal  0.000000e+00 -1.000000e+00  0.000000e+00
   outer loop
     vertex  1.719497e+02 -5.257811e+01  4.699009e+00
     vertex  1.242657e+02 -5.257811e+01  7.650918e+00
     vertex  1.242277e+02 -5.257811e+01  7.592908e+00
   endloop
 endfacet
 facet normal  0.000000e+00 -1.000000e+00  0.000000e+00
   outer loop
     vertex  1.719497e+02 -5.257811e+01  4.699009e+00
     vertex  1.242997e+02 -5.257811e+01  7.711389e+00
     vertex  1.242657e+02 -5.257811e+01  7.650918e+00
   endloop
 endfacet
 facet normal  0.000000e+00 -1.000000e+00  0.000000e+00
   outer loop
     vertex  1.719497e+02 -5.257811e+01  4.699009e+00
     vertex  1.243295e+02 -5.257811e+01  7.774040e+00
     vertex  1.242997e+02 -5.257811e+01  7.711389e+00
   endloop
 endfacet
 facet normal  0.000000e+00 -1.000000e+00  0.000000e+00
   outer loop
     vertex  1.719497e+02 -5.257811e+01  4.699009e+00
     vertex  1.243550e+02 -5.257811e+01  7.838578e+00
     vertex  1.243295e+02 -5.257811e+01  7.774040e+00
   endloop
 endfacet
 facet normal  0.000000e+00 -1.000000e+00  0.000000e+00
   outer loop
     vertex  1.719497e+02 -5.257811e+01  4.699009e+00
     vertex  1.243760e+02 -5.257811e+01  7.904702e+00
     vertex  1.243550e+02 -5.257811e+01  7.838578e+00
   endloop
 endfacet
 facet normal  0.000000e+00 -1.000000e+00  0.000000e+00
   outer loop
     vertex  1.719497e+02 -5.257811e+01  4.699009e+00
     vertex  1.243924e+02 -5.257811e+01  7.972105e+00
     vertex  1.243760e+02 -5.257811e+01  7.904702e+00
   endloop
 endfacet
 facet normal  0.000000e+00 -1.000000e+00  0.000000e+00
   outer loop
     vertex  1.719497e+02 -5.257811e+01  4.699009e+00
     vertex  1.244042e+02 -5.257811e+01  8.040471e+00
     vertex  1.243924e+02 -5.257811e+01  7.972105e+00
   endloop
 endfacet
 facet normal  0.000000e+00 -1.000000e+00  0.000000e+00
   outer loop
     vertex  1.719497e+02 -5.257811e+01  4.699009e+00
     vertex  1.244113e+02 -5.257811e+01  8.109482e+00
     vertex  1.244042e+02 -5.257811e+01  8.040471e+00
   endloop
 endfacet
 facet normal  0.000000e+00 -1.000000e+00  0.000000e+00
   outer loop
     vertex  1.719497e+02 -5.257811e+01  4.699009e+00
     vertex  1.244136e+02 -5.257811e+01  8.178816e+00
     vertex  1.244113e+02 -5.257811e+01  8.109482e+00
   endloop
 endfacet
 facet normal  0.000000e+00 -1.000000e+00  0.000000e+00
   outer loop
     vertex  1.719497e+02 -5.257811e+01  4.699009e+00
     vertex  1.244136e+02 -5.257811e+01  9.144018e+00
     vertex  1.244136e+02 -5.257811e+01  8.178816e+00
   endloop
 endfacet
 facet normal  0.000000e+00 -1.000000e+00  0.000000e+00
   outer loop
     vertex  1.719497e+02 -5.257811e+01  4.699009e+00
     vertex  1.164296e+02 -5.257811e+01  7.162814e+00
     vertex  9.359055e+01 -5.257811e+01  4.699009e+00
   endloop
 endfacet
 facet normal -0.000000e+00 -1.000000e+00  0.000000e+00
   outer loop
     vertex  1.164296e+02 -5.257811e+01  7.162814e+00
     vertex  1.163603e+02 -5.257811e+01  7.165183e+00
     vertex  9.359055e+01 -5.257811e+01  4.699009e+00
   endloop
 endfacet
 facet normal -0.000000e+00 -1.000000e+00  0.000000e+00
   outer loop
     vertex  1.163603e+02 -5.257811e+01  7.165183e+00
     vertex  1.162913e+02 -5.257811e+01  7.172277e+00
     vertex  9.359055e+01 -5.257811e+01  4.699009e+00
   endloop
 endfacet
 facet normal  0.000000e+00 -1.000000e+00  0.000000e+00
   outer loop
     vertex  1.719497e+02 -5.257811e+01  4.699009e+00
     vertex  1.233976e+02 -5.257811e+01  7.162814e+00
     vertex  1.164296e+02 -5.257811e+01  7.162814e+00
   endloop
 endfacet
 facet normal  0.000000e+00 -1.000000e+00  0.000000e+00
   outer loop
     vertex  1.719497e+02 -5.257811e+01  4.699009e+00
     vertex  1.234670e+02 -5.257811e+01  7.165183e+00
     vertex  1.233976e+02 -5.257811e+01  7.162814e+00
   endloop
 endfacet
 facet normal  0.000000e+00 -1.000000e+00  0.000000e+00
   outer loop
     vertex  1.719497e+02 -5.257811e+01  4.699009e+00
     vertex  1.235360e+02 -5.257811e+01  7.172277e+00
     vertex  1.234670e+02 -5.257811e+01  7.165183e+00
   endloop
 endfacet
 facet normal  0.000000e+00 -1.000000e+00  0.000000e+00
   outer loop
     vertex  1.719497e+02 -5.257811e+01  4.699009e+00
     vertex  1.236044e+02 -5.257811e+01  7.184065e+00
     vertex  1.235360e+02 -5.257811e+01  7.172277e+00
   endloop
 endfacet
 facet normal  0.000000e+00 -1.000000e+00  0.000000e+00
   outer loop
     vertex  1.719497e+02 -5.257811e+01  4.699009e+00
     vertex  1.236718e+02 -5.257811e+01  7.200490e+00
     vertex  1.236044e+02 -5.257811e+01  7.184065e+00
   endloop
 endfacet
 facet normal  0.000000e+00 -1.000000e+00  0.000000e+00
   outer loop
     vertex  1.719497e+02 -5.257811e+01  4.699009e+00
     vertex  1.237379e+02 -5.257811e+01  7.221477e+00
     vertex  1.236718e+02 -5.257811e+01  7.200490e+00
   endloop
 endfacet
 facet normal  0.000000e+00 -1.000000e+00  0.000000e+00
   outer loop
     vertex  1.719497e+02 -5.257811e+01  4.699009e+00
     vertex  1.238024e+02 -5.257811e+01  7.246928e+00
     vertex  1.237379e+02 -5.257811e+01  7.221477e+00
   endloop
 endfacet
 facet normal  0.000000e+00 -1.000000e+00  0.000000e+00
   outer loop
     vertex  1.719497e+02 -5.257811e+01  4.699009e+00
     vertex  1.238651e+02 -5.257811e+01  7.276723e+00
     vertex  1.238024e+02 -5.257811e+01  7.246928e+00
   endloop
 endfacet
 facet normal  0.000000e+00 -1.000000e+00  0.000000e+00
   outer loop
     vertex  1.719497e+02 -5.257811e+01  4.699009e+00
     vertex  1.239255e+02 -5.257811e+01  7.310725e+00
     vertex  1.238651e+02 -5.257811e+01  7.276723e+00
   endloop
 endfacet
 facet normal  1.000000e+00  0.000000e+00  0.000000e+00
   outer loop
     vertex  1.042002e+02 -8.388017e+01  1.397003e+01
     vertex  1.042002e+02 -1.219802e+02  1.524003e+01
     vertex  1.042002e+02 -1.219802e+02  1.397003e+01
   endloop
 endfacet
 facet normal  1.000000e+00  0.000000e+00 -0.000000e+00
   outer loop
     vertex  1.042002e+02 -8.388017e+01  1.397003e+01
     vertex  1.042002e+02 -8.388017e+01  1.524003e+01
     vertex  1.042002e+02 -1.219802e+02  1.524003e+01
   endloop
 endfacet
 facet normal  0.000000e+00  1.000000e+00  0.000000e+00
   outer loop
     vertex  1.042002e+02 -1.219802e+02  1.397003e+01
     vertex  1.613503e+02 -1.219802e+02  1.524003e+01
     vertex  1.613503e+02 -1.219802e+02  1.397003e+01
   endloop
 endfacet
 facet normal  0.000000e+00  1.000000e+00  0.000000e+00
   outer loop
     vertex  1.042002e+02 -1.219802e+02  1.397003e+01
     vertex  1.042002e+02 -1.219802e+02  1.524003e+01
     vertex  1.613503e+02 -1.219802e+02  1.524003e+01
   endloop
 endfacet
 facet normal  0.000000e+00 -1.000000e+00  0.000000e+00
   outer loop
     vertex  1.613503e+02 -8.388017e+01  1.397003e+01
     vertex  1.042002e+02 -8.388017e+01  1.524003e+01
     vertex  1.042002e+02 -8.388017e+01  1.397003e+01
   endloop
 endfacet
 facet normal  0.000000e+00 -1.000000e+00  0.000000e+00
   outer loop
     vertex  1.613503e+02 -8.388017e+01  1.397003e+01
     vertex  1.613503e+02 -8.388017e+01  1.524003e+01
     vertex  1.042002e+02 -8.388017e+01  1.524003e+01
   endloop
 endfacet
 facet normal -1.000000e+00  0.000000e+00  0.000000e+00
   outer loop
     vertex  1.613503e+02 -1.219802e+02  1.397003e+01
     vertex  1.613503e+02 -8.388017e+01  1.524003e+01
     vertex  1.613503e+02 -8.388017e+01  1.397003e+01
   endloop
 endfacet
 facet normal -1.000000e+00  0.000000e+00  0.000000e+00
   outer loop
     vertex  1.613503e+02 -1.219802e+02  1.397003e+01
     vertex  1.613503e+02 -1.219802e+02  1.524003e+01
     vertex  1.613503e+02 -8.388017e+01  1.524003e+01
   endloop
 endfacet
 facet normal -9.993108e-01 -3.711909e-02  0.000000e+00
   outer loop
     vertex  1.578442e+02 -6.830353e+01  1.524003e+01
     vertex  1.578611e+02 -6.875794e+01  1.397003e+01
     vertex  1.578611e+02 -6.875794e+01  1.524003e+01
   endloop
 endfacet
 facet normal -9.993108e-01 -3.711909e-02 -0.000000e+00
   outer loop
     vertex  1.578442e+02 -6.830353e+01  1.524003e+01
     vertex  1.578442e+02 -6.830353e+01  1.397003e+01
     vertex  1.578611e+02 -6.875794e+01  1.397003e+01
   endloop
 endfacet
 facet normal -9.936336e-01 -1.126601e-01  0.000000e+00
   outer loop
     vertex  1.577909e+02 -6.783324e+01  1.524003e+01
     vertex  1.578442e+02 -6.830353e+01  1.397003e+01
     vertex  1.578442e+02 -6.830353e+01  1.524003e+01
   endloop
 endfacet
 facet normal -9.936336e-01 -1.126601e-01 -0.000000e+00
   outer loop
     vertex  1.577909e+02 -6.783324e+01  1.524003e+01
     vertex  1.577909e+02 -6.783324e+01  1.397003e+01
     vertex  1.578442e+02 -6.830353e+01  1.397003e+01
   endloop
 endfacet
 facet normal -9.822792e-01 -1.874237e-01  0.000000e+00
   outer loop
     vertex  1.577060e+02 -6.738818e+01  1.524003e+01
     vertex  1.577909e+02 -6.783324e+01  1.397003e+01
     vertex  1.577909e+02 -6.783324e+01  1.524003e+01
   endloop
 endfacet
 facet normal -9.822792e-01 -1.874237e-01 -0.000000e+00
   outer loop
     vertex  1.577060e+02 -6.738818e+01  1.524003e+01
     vertex  1.577060e+02 -6.738818e+01  1.397003e+01
     vertex  1.577909e+02 -6.783324e+01  1.397003e+01
   endloop
 endfacet
 facet normal -9.657529e-01 -2.594635e-01  0.000000e+00
   outer loop
     vertex  1.575886e+02 -6.695132e+01  1.524003e+01
     vertex  1.577060e+02 -6.738818e+01  1.397003e+01
     vertex  1.577060e+02 -6.738818e+01  1.524003e+01
   endloop
 endfacet
 facet normal -9.657529e-01 -2.594635e-01 -0.000000e+00
   outer loop
     vertex  1.575886e+02 -6.695132e+01  1.524003e+01
     vertex  1.575886e+02 -6.695132e+01  1.397003e+01
     vertex  1.577060e+02 -6.738818e+01  1.397003e+01
   endloop
 endfacet
 facet normal -9.439905e-01 -3.299725e-01 -0.000000e+00
   outer loop
     vertex  1.574396e+02 -6.652499e+01  1.524003e+01
     vertex  1.574396e+02 -6.652499e+01  1.397003e+01
     vertex  1.575886e+02 -6.695132e+01  1.397003e+01
   endloop
 endfacet
 facet normal -9.439905e-01 -3.299725e-01  0.000000e+00
   outer loop
     vertex  1.574396e+02 -6.652499e+01  1.524003e+01
     vertex  1.575886e+02 -6.695132e+01  1.397003e+01
     vertex  1.575886e+02 -6.695132e+01  1.524003e+01
   endloop
 endfacet
 facet normal -9.171342e-01 -3.985785e-01 -0.000000e+00
   outer loop
     vertex  1.572599e+02 -6.611143e+01  1.524003e+01
     vertex  1.572599e+02 -6.611143e+01  1.397003e+01
     vertex  1.574396e+02 -6.652499e+01  1.397003e+01
   endloop
 endfacet
 facet normal -9.171342e-01 -3.985785e-01  0.000000e+00
   outer loop
     vertex  1.572599e+02 -6.611143e+01  1.524003e+01
     vertex  1.574396e+02 -6.652499e+01  1.397003e+01
     vertex  1.574396e+02 -6.652499e+01  1.524003e+01
   endloop
 endfacet
 facet normal -8.853518e-01 -4.649218e-01 -0.000000e+00
   outer loop
     vertex  1.570505e+02 -6.571280e+01  1.524003e+01
     vertex  1.570505e+02 -6.571280e+01  1.397003e+01
     vertex  1.572599e+02 -6.611143e+01  1.397003e+01
   endloop
 endfacet
 facet normal -8.853518e-01 -4.649218e-01  0.000000e+00
   outer loop
     vertex  1.570505e+02 -6.571280e+01  1.524003e+01
     vertex  1.572599e+02 -6.611143e+01  1.397003e+01
     vertex  1.572599e+02 -6.611143e+01  1.524003e+01
   endloop
 endfacet
 facet normal -8.488358e-01 -5.286565e-01  0.000000e+00
   outer loop
     vertex  1.568129e+02 -6.533116e+01  1.524003e+01
     vertex  1.570505e+02 -6.571280e+01  1.397003e+01
     vertex  1.570505e+02 -6.571280e+01  1.524003e+01
   endloop
 endfacet
 facet normal -8.488358e-01 -5.286565e-01 -0.000000e+00
   outer loop
     vertex  1.568129e+02 -6.533116e+01  1.524003e+01
     vertex  1.568129e+02 -6.533116e+01  1.397003e+01
     vertex  1.570505e+02 -6.571280e+01  1.397003e+01
   endloop
 endfacet
 facet normal -8.078026e-01 -5.894531e-01  0.000000e+00
   outer loop
     vertex  1.565482e+02 -6.496850e+01  1.524003e+01
     vertex  1.568129e+02 -6.533116e+01  1.397003e+01
     vertex  1.568129e+02 -6.533116e+01  1.524003e+01
   endloop
 endfacet
 facet normal -8.078026e-01 -5.894531e-01 -0.000000e+00
   outer loop
     vertex  1.565482e+02 -6.496850e+01  1.524003e+01
     vertex  1.565482e+02 -6.496850e+01  1.397003e+01
     vertex  1.568129e+02 -6.533116e+01  1.397003e+01
   endloop
 endfacet
 facet normal -7.624906e-01 -6.469993e-01  0.000000e+00
   outer loop
     vertex  1.562582e+02 -6.462666e+01  1.524003e+01
     vertex  1.565482e+02 -6.496850e+01  1.397003e+01
     vertex  1.565482e+02 -6.496850e+01  1.524003e+01
   endloop
 endfacet
 facet normal -7.624906e-01 -6.469993e-01 -0.000000e+00
   outer loop
     vertex  1.562582e+02 -6.462666e+01  1.524003e+01
     vertex  1.562582e+02 -6.462666e+01  1.397003e+01
     vertex  1.565482e+02 -6.496850e+01  1.397003e+01
   endloop
 endfacet
 facet normal -7.131594e-01 -7.010019e-01  0.000000e+00
   outer loop
     vertex  1.559443e+02 -6.430737e+01  1.524003e+01
     vertex  1.562582e+02 -6.462666e+01  1.397003e+01
     vertex  1.562582e+02 -6.462666e+01  1.524003e+01
   endloop
 endfacet
 facet normal -7.131594e-01 -7.010019e-01 -0.000000e+00
   outer loop
     vertex  1.559443e+02 -6.430737e+01  1.524003e+01
     vertex  1.559443e+02 -6.430737e+01  1.397003e+01
     vertex  1.562582e+02 -6.462666e+01  1.397003e+01
   endloop
 endfacet
 facet normal -6.600881e-01 -7.511882e-01 -0.000000e+00
   outer loop
     vertex  1.559443e+02 -6.430737e+01  1.524003e+01
     vertex  1.556085e+02 -6.401225e+01  1.397003e+01
     vertex  1.559443e+02 -6.430737e+01  1.397003e+01
   endloop
 endfacet
 facet normal -6.600881e-01 -7.511882e-01 -0.000000e+00
   outer loop
     vertex  1.556085e+02 -6.401225e+01  1.524003e+01
     vertex  1.556085e+02 -6.401225e+01  1.397003e+01
     vertex  1.559443e+02 -6.430737e+01  1.524003e+01
   endloop
 endfacet
 facet normal -6.035738e-01 -7.973071e-01 -0.000000e+00
   outer loop
     vertex  1.556085e+02 -6.401225e+01  1.524003e+01
     vertex  1.552525e+02 -6.374275e+01  1.397003e+01
     vertex  1.556085e+02 -6.401225e+01  1.397003e+01
   endloop
 endfacet
 facet normal -6.035738e-01 -7.973071e-01 -0.000000e+00
   outer loop
     vertex  1.552525e+02 -6.374275e+01  1.524003e+01
     vertex  1.552525e+02 -6.374275e+01  1.397003e+01
     vertex  1.556085e+02 -6.401225e+01  1.524003e+01
   endloop
 endfacet
 facet normal -5.439299e-01 -8.391306e-01 -0.000000e+00
   outer loop
     vertex  1.552525e+02 -6.374275e+01  1.524003e+01
     vertex  1.548783e+02 -6.350021e+01  1.397003e+01
     vertex  1.552525e+02 -6.374275e+01  1.397003e+01
   endloop
 endfacet
 facet normal -5.439299e-01 -8.391306e-01 -0.000000e+00
   outer loop
     vertex  1.548783e+02 -6.350021e+01  1.524003e+01
     vertex  1.548783e+02 -6.350021e+01  1.397003e+01
     vertex  1.552525e+02 -6.374275e+01  1.524003e+01
   endloop
 endfacet
 facet normal -4.779423e-01 -8.783912e-01  0.000000e+00
   outer loop
     vertex  1.544437e+02 -6.326376e+01  1.524003e+01
     vertex  1.548783e+02 -6.350021e+01  1.397003e+01
     vertex  1.548783e+02 -6.350021e+01  1.524003e+01
   endloop
 endfacet
 facet normal -4.779423e-01 -8.783912e-01 -0.000000e+00
   outer loop
     vertex  1.544437e+02 -6.326376e+01  1.524003e+01
     vertex  1.544437e+02 -6.326376e+01  1.397003e+01
     vertex  1.548783e+02 -6.350021e+01  1.397003e+01
   endloop
 endfacet
 facet normal -4.055542e-01 -9.140710e-01 -0.000000e+00
   outer loop
     vertex  1.539923e+02 -6.306344e+01  1.524003e+01
     vertex  1.539923e+02 -6.306344e+01  1.397003e+01
     vertex  1.544437e+02 -6.326376e+01  1.397003e+01
   endloop
 endfacet
 facet normal -4.055542e-01 -9.140710e-01  0.000000e+00
   outer loop
     vertex  1.539923e+02 -6.306344e+01  1.524003e+01
     vertex  1.544437e+02 -6.326376e+01  1.397003e+01
     vertex  1.544437e+02 -6.326376e+01  1.524003e+01
   endloop
 endfacet
 facet normal -3.306487e-01 -9.437539e-01 -0.000000e+00
   outer loop
     vertex  1.535269e+02 -6.290039e+01  1.524003e+01
     vertex  1.535269e+02 -6.290039e+01  1.397003e+01
     vertex  1.539923e+02 -6.306344e+01  1.397003e+01
   endloop
 endfacet
 facet normal -2.537237e-01 -9.672767e-01 -0.000000e+00
   outer loop
     vertex  1.535269e+02 -6.290039e+01  1.524003e+01
     vertex  1.530507e+02 -6.277548e+01  1.397003e+01
     vertex  1.535269e+02 -6.290039e+01  1.397003e+01
   endloop
 endfacet
 facet normal -3.306487e-01 -9.437539e-01  0.000000e+00
   outer loop
     vertex  1.535269e+02 -6.290039e+01  1.524003e+01
     vertex  1.539923e+02 -6.306344e+01  1.397003e+01
     vertex  1.539923e+02 -6.306344e+01  1.524003e+01
   endloop
 endfacet
 facet normal -2.537237e-01 -9.672767e-01 -0.000000e+00
   outer loop
     vertex  1.530507e+02 -6.277548e+01  1.524003e+01
     vertex  1.530507e+02 -6.277548e+01  1.397003e+01
     vertex  1.535269e+02 -6.290039e+01  1.524003e+01
   endloop
 endfacet
 facet normal -1.752866e-01 -9.845175e-01 -0.000000e+00
   outer loop
     vertex  1.525668e+02 -6.268933e+01  1.524003e+01
     vertex  1.525668e+02 -6.268933e+01  1.397003e+01
     vertex  1.530507e+02 -6.277548e+01  1.397003e+01
   endloop
 endfacet
 facet normal -1.752866e-01 -9.845175e-01  0.000000e+00
   outer loop
     vertex  1.525668e+02 -6.268933e+01  1.524003e+01
     vertex  1.530507e+02 -6.277548e+01  1.397003e+01
     vertex  1.530507e+02 -6.277548e+01  1.524003e+01
   endloop
 endfacet
 facet normal -9.585084e-02 -9.953957e-01 -0.000000e+00
   outer loop
     vertex  1.520783e+02 -6.264229e+01  1.524003e+01
     vertex  1.520783e+02 -6.264229e+01  1.397003e+01
     vertex  1.525668e+02 -6.268933e+01  1.397003e+01
   endloop
 endfacet
 facet normal -1.593261e-02 -9.998731e-01 -0.000000e+00
   outer loop
     vertex  1.520783e+02 -6.264229e+01  1.524003e+01
     vertex  1.515885e+02 -6.263449e+01  1.397003e+01
     vertex  1.520783e+02 -6.264229e+01  1.397003e+01
   endloop
 endfacet
 facet normal -9.585084e-02 -9.953957e-01  0.000000e+00
   outer loop
     vertex  1.520783e+02 -6.264229e+01  1.524003e+01
     vertex  1.525668e+02 -6.268933e+01  1.397003e+01
     vertex  1.525668e+02 -6.268933e+01  1.524003e+01
   endloop
 endfacet
 facet normal  6.395260e-02 -9.979529e-01  0.000000e+00
   outer loop
     vertex  1.515885e+02 -6.263449e+01  1.524003e+01
     vertex  1.511005e+02 -6.266576e+01  1.397003e+01
     vertex  1.515885e+02 -6.263449e+01  1.397003e+01
   endloop
 endfacet
 facet normal -1.593261e-02 -9.998731e-01 -0.000000e+00
   outer loop
     vertex  1.515885e+02 -6.263449e+01  1.524003e+01
     vertex  1.515885e+02 -6.263449e+01  1.397003e+01
     vertex  1.520783e+02 -6.264229e+01  1.524003e+01
   endloop
 endfacet
 facet normal  1.432934e-01 -9.896803e-01  0.000000e+00
   outer loop
     vertex  1.511005e+02 -6.266576e+01  1.524003e+01
     vertex  1.506173e+02 -6.273572e+01  1.397003e+01
     vertex  1.511005e+02 -6.266576e+01  1.397003e+01
   endloop
 endfacet
 facet normal  6.395260e-02 -9.979529e-01  0.000000e+00
   outer loop
     vertex  1.511005e+02 -6.266576e+01  1.524003e+01
     vertex  1.511005e+02 -6.266576e+01  1.397003e+01
     vertex  1.515885e+02 -6.263449e+01  1.524003e+01
   endloop
 endfacet
 facet normal  1.432934e-01 -9.896803e-01  0.000000e+00
   outer loop
     vertex  1.506173e+02 -6.273572e+01  1.524003e+01
     vertex  1.506173e+02 -6.273572e+01  1.397003e+01
     vertex  1.511005e+02 -6.266576e+01  1.524003e+01
   endloop
 endfacet
 facet normal  2.215856e-01 -9.751409e-01  0.000000e+00
   outer loop
     vertex  1.501421e+02 -6.284370e+01  1.524003e+01
     vertex  1.501421e+02 -6.284370e+01  1.397003e+01
     vertex  1.506173e+02 -6.273572e+01  1.397003e+01
   endloop
 endfacet
 facet normal  2.215856e-01 -9.751409e-01  0.000000e+00
   outer loop
     vertex  1.501421e+02 -6.284370e+01  1.524003e+01
     vertex  1.506173e+02 -6.273572e+01  1.397003e+01
     vertex  1.506173e+02 -6.273572e+01  1.524003e+01
   endloop
 endfacet
 facet normal  2.983360e-01 -9.544609e-01  0.000000e+00
   outer loop
     vertex  1.496778e+02 -6.298882e+01  1.524003e+01
     vertex  1.496778e+02 -6.298882e+01  1.397003e+01
     vertex  1.501421e+02 -6.284370e+01  1.397003e+01
   endloop
 endfacet
 facet normal  3.730650e-01 -9.278052e-01  0.000000e+00
   outer loop
     vertex  1.496778e+02 -6.298882e+01  1.524003e+01
     vertex  1.492274e+02 -6.316996e+01  1.397003e+01
     vertex  1.496778e+02 -6.298882e+01  1.397003e+01
   endloop
 endfacet
 facet normal  2.983360e-01 -9.544609e-01  0.000000e+00
   outer loop
     vertex  1.496778e+02 -6.298882e+01  1.524003e+01
     vertex  1.501421e+02 -6.284370e+01  1.397003e+01
     vertex  1.501421e+02 -6.284370e+01  1.524003e+01
   endloop
 endfacet
 facet normal  3.730650e-01 -9.278052e-01  0.000000e+00
   outer loop
     vertex  1.492274e+02 -6.316996e+01  1.524003e+01
     vertex  1.492274e+02 -6.316996e+01  1.397003e+01
     vertex  1.496778e+02 -6.298882e+01  1.524003e+01
   endloop
 endfacet
 facet normal  4.453100e-01 -8.953765e-01  0.000000e+00
   outer loop
     vertex  1.487935e+02 -6.338574e+01  1.524003e+01
     vertex  1.487935e+02 -6.338574e+01  1.397003e+01
     vertex  1.492274e+02 -6.316996e+01  1.397003e+01
   endloop
 endfacet
 facet normal  4.453100e-01 -8.953765e-01  0.000000e+00
   outer loop
     vertex  1.487935e+02 -6.338574e+01  1.524003e+01
     vertex  1.492274e+02 -6.316996e+01  1.397003e+01
     vertex  1.492274e+02 -6.316996e+01  1.524003e+01
   endloop
 endfacet
 facet normal  5.119155e-01 -8.590358e-01  0.000000e+00
   outer loop
     vertex  1.484113e+02 -6.361350e+01  1.524003e+01
     vertex  1.484113e+02 -6.361350e+01  1.397003e+01
     vertex  1.487935e+02 -6.338574e+01  1.397003e+01
   endloop
 endfacet
 facet normal  5.119155e-01 -8.590358e-01  0.000000e+00
   outer loop
     vertex  1.484113e+02 -6.361350e+01  1.524003e+01
     vertex  1.487935e+02 -6.338574e+01  1.397003e+01
     vertex  1.487935e+02 -6.338574e+01  1.524003e+01
   endloop
 endfacet
 facet normal  5.735406e-01 -8.191771e-01  0.000000e+00
   outer loop
     vertex  1.480392e+02 -6.387399e+01  1.524003e+01
     vertex  1.480392e+02 -6.387399e+01  1.397003e+01
     vertex  1.484113e+02 -6.361350e+01  1.397003e+01
   endloop
 endfacet
 facet normal  5.735406e-01 -8.191771e-01  0.000000e+00
   outer loop
     vertex  1.480392e+02 -6.387399e+01  1.524003e+01
     vertex  1.484113e+02 -6.361350e+01  1.397003e+01
     vertex  1.484113e+02 -6.361350e+01  1.524003e+01
   endloop
 endfacet
 facet normal  6.326121e-01 -7.744688e-01  0.000000e+00
   outer loop
     vertex  1.476881e+02 -6.416080e+01  1.524003e+01
     vertex  1.476881e+02 -6.416080e+01  1.397003e+01
     vertex  1.480392e+02 -6.387399e+01  1.397003e+01
   endloop
 endfacet
 facet normal  6.326121e-01 -7.744688e-01  0.000000e+00
   outer loop
     vertex  1.476881e+02 -6.416080e+01  1.524003e+01
     vertex  1.480392e+02 -6.387399e+01  1.397003e+01
     vertex  1.480392e+02 -6.387399e+01  1.524003e+01
   endloop
 endfacet
 facet normal  6.881197e-01 -7.255972e-01  0.000000e+00
   outer loop
     vertex  1.473597e+02 -6.447226e+01  1.524003e+01
     vertex  1.473597e+02 -6.447226e+01  1.397003e+01
     vertex  1.476881e+02 -6.416080e+01  1.397003e+01
   endloop
 endfacet
 facet normal  6.881197e-01 -7.255972e-01  0.000000e+00
   outer loop
     vertex  1.473597e+02 -6.447226e+01  1.524003e+01
     vertex  1.476881e+02 -6.416080e+01  1.397003e+01
     vertex  1.476881e+02 -6.416080e+01  1.524003e+01
   endloop
 endfacet
 facet normal  7.397818e-01 -6.728469e-01  0.000000e+00
   outer loop
     vertex  1.470556e+02 -6.480655e+01  1.524003e+01
     vertex  1.470556e+02 -6.480655e+01  1.397003e+01
     vertex  1.473597e+02 -6.447226e+01  1.397003e+01
   endloop
 endfacet
 facet normal  7.397818e-01 -6.728469e-01  0.000000e+00
   outer loop
     vertex  1.470556e+02 -6.480655e+01  1.524003e+01
     vertex  1.473597e+02 -6.447226e+01  1.397003e+01
     vertex  1.473597e+02 -6.447226e+01  1.524003e+01
   endloop
 endfacet
 facet normal  7.873385e-01 -6.165209e-01  0.000000e+00
   outer loop
     vertex  1.467775e+02 -6.516179e+01  1.524003e+01
     vertex  1.467775e+02 -6.516179e+01  1.397003e+01
     vertex  1.470556e+02 -6.480655e+01  1.397003e+01
   endloop
 endfacet
 facet normal  7.873385e-01 -6.165209e-01  0.000000e+00
   outer loop
     vertex  1.467775e+02 -6.516179e+01  1.524003e+01
     vertex  1.470556e+02 -6.480655e+01  1.397003e+01
     vertex  1.470556e+02 -6.480655e+01  1.524003e+01
   endloop
 endfacet
 facet normal  8.305535e-01 -5.569389e-01  0.000000e+00
   outer loop
     vertex  1.465266e+02 -6.553595e+01  1.524003e+01
     vertex  1.467775e+02 -6.516179e+01  1.397003e+01
     vertex  1.467775e+02 -6.516179e+01  1.524003e+01
   endloop
 endfacet
 facet normal  8.305535e-01 -5.569389e-01  0.000000e+00
   outer loop
     vertex  1.465266e+02 -6.553595e+01  1.524003e+01
     vertex  1.465266e+02 -6.553595e+01  1.397003e+01
     vertex  1.467775e+02 -6.516179e+01  1.397003e+01
   endloop
 endfacet
 facet normal  8.692145e-01 -4.944353e-01  0.000000e+00
   outer loop
     vertex  1.463042e+02 -6.592696e+01  1.524003e+01
     vertex  1.465266e+02 -6.553595e+01  1.397003e+01
     vertex  1.465266e+02 -6.553595e+01  1.524003e+01
   endloop
 endfacet
 facet normal  8.692145e-01 -4.944353e-01  0.000000e+00
   outer loop
     vertex  1.463042e+02 -6.592696e+01  1.524003e+01
     vertex  1.463042e+02 -6.592696e+01  1.397003e+01
     vertex  1.465266e+02 -6.553595e+01  1.397003e+01
   endloop
 endfacet
 facet normal  9.031344e-01 -4.293579e-01  0.000000e+00
   outer loop
     vertex  1.461113e+02 -6.633263e+01  1.524003e+01
     vertex  1.463042e+02 -6.592696e+01  1.397003e+01
     vertex  1.463042e+02 -6.592696e+01  1.524003e+01
   endloop
 endfacet
 facet normal  9.031344e-01 -4.293579e-01  0.000000e+00
   outer loop
     vertex  1.461113e+02 -6.633263e+01  1.524003e+01
     vertex  1.461113e+02 -6.633263e+01  1.397003e+01
     vertex  1.463042e+02 -6.592696e+01  1.397003e+01
   endloop
 endfacet
 facet normal  9.321526e-01 -3.620657e-01  0.000000e+00
   outer loop
     vertex  1.461113e+02 -6.633263e+01  1.524003e+01
     vertex  1.459489e+02 -6.675075e+01  1.397003e+01
     vertex  1.461113e+02 -6.633263e+01  1.397003e+01
   endloop
 endfacet
 facet normal  9.321526e-01 -3.620657e-01  0.000000e+00
   outer loop
     vertex  1.459489e+02 -6.675075e+01  1.524003e+01
     vertex  1.459489e+02 -6.675075e+01  1.397003e+01
     vertex  1.461113e+02 -6.633263e+01  1.524003e+01
   endloop
 endfacet
 facet normal  9.561348e-01 -2.929271e-01  0.000000e+00
   outer loop
     vertex  1.458177e+02 -6.717904e+01  1.524003e+01
     vertex  1.458177e+02 -6.717904e+01  1.397003e+01
     vertex  1.459489e+02 -6.675075e+01  1.397003e+01
   endloop
 endfacet
 facet normal  9.561348e-01 -2.929271e-01  0.000000e+00
   outer loop
     vertex  1.458177e+02 -6.717904e+01  1.524003e+01
     vertex  1.459489e+02 -6.675075e+01  1.397003e+01
     vertex  1.459489e+02 -6.675075e+01  1.524003e+01
   endloop
 endfacet
 facet normal  9.749742e-01 -2.223180e-01  0.000000e+00
   outer loop
     vertex  1.458177e+02 -6.717904e+01  1.524003e+01
     vertex  1.457182e+02 -6.761516e+01  1.397003e+01
     vertex  1.458177e+02 -6.717904e+01  1.397003e+01
   endloop
 endfacet
 facet normal  9.749742e-01 -2.223180e-01  0.000000e+00
   outer loop
     vertex  1.457182e+02 -6.761516e+01  1.524003e+01
     vertex  1.457182e+02 -6.761516e+01  1.397003e+01
     vertex  1.458177e+02 -6.717904e+01  1.524003e+01
   endloop
 endfacet
 facet normal  9.885918e-01 -1.506196e-01  0.000000e+00
   outer loop
     vertex  1.456509e+02 -6.805678e+01  1.524003e+01
     vertex  1.456509e+02 -6.805678e+01  1.397003e+01
     vertex  1.457182e+02 -6.761516e+01  1.397003e+01
   endloop
 endfacet
 facet normal  9.885918e-01 -1.506196e-01  0.000000e+00
   outer loop
     vertex  1.456509e+02 -6.805678e+01  1.524003e+01
     vertex  1.457182e+02 -6.761516e+01  1.397003e+01
     vertex  1.457182e+02 -6.761516e+01  1.524003e+01
   endloop
 endfacet
 facet normal  9.969364e-01 -7.821666e-02  0.000000e+00
   outer loop
     vertex  1.456160e+02 -6.850154e+01  1.524003e+01
     vertex  1.456160e+02 -6.850154e+01  1.397003e+01
     vertex  1.456509e+02 -6.805678e+01  1.397003e+01
   endloop
 endfacet
 facet normal  9.969364e-01 -7.821666e-02  0.000000e+00
   outer loop
     vertex  1.456160e+02 -6.850154e+01  1.524003e+01
     vertex  1.456509e+02 -6.805678e+01  1.397003e+01
     vertex  1.456509e+02 -6.805678e+01  1.524003e+01
   endloop
 endfacet
 facet normal  9.999849e-01 -5.495313e-03  0.000000e+00
   outer loop
     vertex  1.456136e+02 -6.894706e+01  1.524003e+01
     vertex  1.456136e+02 -6.894706e+01  1.397003e+01
     vertex  1.456160e+02 -6.850154e+01  1.397003e+01
   endloop
 endfacet
 facet normal  9.999849e-01 -5.495313e-03  0.000000e+00
   outer loop
     vertex  1.456136e+02 -6.894706e+01  1.524003e+01
     vertex  1.456160e+02 -6.850154e+01  1.397003e+01
     vertex  1.456160e+02 -6.850154e+01  1.524003e+01
   endloop
 endfacet
 facet normal  9.974635e-01  7.117915e-02  0.000000e+00
   outer loop
     vertex  1.456488e+02 -6.944008e+01  1.524003e+01
     vertex  1.456488e+02 -6.944008e+01  1.397003e+01
     vertex  1.456136e+02 -6.894706e+01  1.397003e+01
   endloop
 endfacet
 facet normal  9.974635e-01  7.117915e-02  0.000000e+00
   outer loop
     vertex  1.456488e+02 -6.944008e+01  1.524003e+01
     vertex  1.456136e+02 -6.894706e+01  1.397003e+01
     vertex  1.456136e+02 -6.894706e+01  1.524003e+01
   endloop
 endfacet
 facet normal  9.884868e-01  1.513068e-01  0.000000e+00
   outer loop
     vertex  1.457234e+02 -6.992787e+01  1.524003e+01
     vertex  1.457234e+02 -6.992787e+01  1.397003e+01
     vertex  1.456488e+02 -6.944008e+01  1.397003e+01
   endloop
 endfacet
 facet normal  9.884868e-01  1.513068e-01  0.000000e+00
   outer loop
     vertex  1.457234e+02 -6.992787e+01  1.524003e+01
     vertex  1.456488e+02 -6.944008e+01  1.397003e+01
     vertex  1.456488e+02 -6.944008e+01  1.524003e+01
   endloop
 endfacet
 facet normal  9.731142e-01  2.303231e-01  0.000000e+00
   outer loop
     vertex  1.458369e+02 -7.040729e+01  1.524003e+01
     vertex  1.458369e+02 -7.040729e+01  1.397003e+01
     vertex  1.457234e+02 -6.992787e+01  1.397003e+01
   endloop
 endfacet
 facet normal  9.731142e-01  2.303231e-01  0.000000e+00
   outer loop
     vertex  1.458369e+02 -7.040729e+01  1.524003e+01
     vertex  1.457234e+02 -6.992787e+01  1.397003e+01
     vertex  1.457234e+02 -6.992787e+01  1.524003e+01
   endloop
 endfacet
 facet normal  9.514764e-01  3.077217e-01  0.000000e+00
   outer loop
     vertex  1.459883e+02 -7.087528e+01  1.524003e+01
     vertex  1.459883e+02 -7.087528e+01  1.397003e+01
     vertex  1.458369e+02 -7.040729e+01  1.397003e+01
   endloop
 endfacet
 facet normal  9.514764e-01  3.077217e-01  0.000000e+00
   outer loop
     vertex  1.459883e+02 -7.087528e+01  1.524003e+01
     vertex  1.458369e+02 -7.040729e+01  1.397003e+01
     vertex  1.458369e+02 -7.040729e+01  1.524003e+01
   endloop
 endfacet
 facet normal  9.237439e-01  3.830108e-01  0.000000e+00
   outer loop
     vertex  1.461764e+02 -7.132888e+01  1.524003e+01
     vertex  1.461764e+02 -7.132888e+01  1.397003e+01
     vertex  1.459883e+02 -7.087528e+01  1.397003e+01
   endloop
 endfacet
 facet normal  9.237439e-01  3.830108e-01  0.000000e+00
   outer loop
     vertex  1.461764e+02 -7.132888e+01  1.524003e+01
     vertex  1.459883e+02 -7.087528e+01  1.397003e+01
     vertex  1.459883e+02 -7.087528e+01  1.524003e+01
   endloop
 endfacet
 facet normal  8.901253e-01  4.557158e-01  0.000000e+00
   outer loop
     vertex  1.463998e+02 -7.176525e+01  1.524003e+01
     vertex  1.463998e+02 -7.176525e+01  1.397003e+01
     vertex  1.461764e+02 -7.132888e+01  1.397003e+01
   endloop
 endfacet
 facet normal  8.901253e-01  4.557158e-01  0.000000e+00
   outer loop
     vertex  1.463998e+02 -7.176525e+01  1.524003e+01
     vertex  1.461764e+02 -7.132888e+01  1.397003e+01
     vertex  1.461764e+02 -7.132888e+01  1.524003e+01
   endloop
 endfacet
 facet normal  8.508663e-01  5.253823e-01  0.000000e+00
   outer loop
     vertex  1.466569e+02 -7.218166e+01  1.524003e+01
     vertex  1.466569e+02 -7.218166e+01  1.397003e+01
     vertex  1.463998e+02 -7.176525e+01  1.397003e+01
   endloop
 endfacet
 facet normal  8.508663e-01  5.253823e-01  0.000000e+00
   outer loop
     vertex  1.466569e+02 -7.218166e+01  1.524003e+01
     vertex  1.463998e+02 -7.176525e+01  1.397003e+01
     vertex  1.463998e+02 -7.176525e+01  1.524003e+01
   endloop
 endfacet
 facet normal  8.062470e-01  5.915791e-01  0.000000e+00
   outer loop
     vertex  1.469459e+02 -7.257556e+01  1.524003e+01
     vertex  1.469459e+02 -7.257556e+01  1.397003e+01
     vertex  1.466569e+02 -7.218166e+01  1.397003e+01
   endloop
 endfacet
 facet normal  7.565804e-01  6.539006e-01  0.000000e+00
   outer loop
     vertex  1.469459e+02 -7.257556e+01  1.524003e+01
     vertex  1.472648e+02 -7.294454e+01  1.397003e+01
     vertex  1.469459e+02 -7.257556e+01  1.397003e+01
   endloop
 endfacet
 facet normal  8.062470e-01  5.915791e-01  0.000000e+00
   outer loop
     vertex  1.469459e+02 -7.257556e+01  1.524003e+01
     vertex  1.466569e+02 -7.218166e+01  1.397003e+01
     vertex  1.466569e+02 -7.218166e+01  1.524003e+01
   endloop
 endfacet
 facet normal  7.565804e-01  6.539006e-01  0.000000e+00
   outer loop
     vertex  1.472648e+02 -7.294454e+01  1.524003e+01
     vertex  1.472648e+02 -7.294454e+01  1.397003e+01
     vertex  1.469459e+02 -7.257556e+01  1.524003e+01
   endloop
 endfacet
 facet normal  7.022101e-01  7.119698e-01  0.000000e+00
   outer loop
     vertex  1.476114e+02 -7.328639e+01  1.524003e+01
     vertex  1.476114e+02 -7.328639e+01  1.397003e+01
     vertex  1.472648e+02 -7.294454e+01  1.397003e+01
   endloop
 endfacet
 facet normal  6.435073e-01  7.654400e-01  0.000000e+00
   outer loop
     vertex  1.476114e+02 -7.328639e+01  1.524003e+01
     vertex  1.479834e+02 -7.359908e+01  1.397003e+01
     vertex  1.476114e+02 -7.328639e+01  1.397003e+01
   endloop
 endfacet
 facet normal  7.022101e-01  7.119698e-01  0.000000e+00
   outer loop
     vertex  1.476114e+02 -7.328639e+01  1.524003e+01
     vertex  1.472648e+02 -7.294454e+01  1.397003e+01
     vertex  1.472648e+02 -7.294454e+01  1.524003e+01
   endloop
 endfacet
 facet normal  6.435073e-01  7.654400e-01  0.000000e+00
   outer loop
     vertex  1.479834e+02 -7.359908e+01  1.524003e+01
     vertex  1.479834e+02 -7.359908e+01  1.397003e+01
     vertex  1.476114e+02 -7.328639e+01  1.524003e+01
   endloop
 endfacet
 facet normal  5.808688e-01  8.139972e-01  0.000000e+00
   outer loop
     vertex  1.483781e+02 -7.388080e+01  1.524003e+01
     vertex  1.483781e+02 -7.388080e+01  1.397003e+01
     vertex  1.479834e+02 -7.359908e+01  1.397003e+01
   endloop
 endfacet
 facet normal  5.808688e-01  8.139972e-01  0.000000e+00
   outer loop
     vertex  1.483781e+02 -7.388080e+01  1.524003e+01
     vertex  1.479834e+02 -7.359908e+01  1.397003e+01
     vertex  1.479834e+02 -7.359908e+01  1.524003e+01
   endloop
 endfacet
 facet normal  5.145875e-01  8.574379e-01  0.000000e+00
   outer loop
     vertex  1.487947e+02 -7.413081e+01  1.524003e+01
     vertex  1.487947e+02 -7.413081e+01  1.397003e+01
     vertex  1.483781e+02 -7.388080e+01  1.397003e+01
   endloop
 endfacet
 facet normal  5.145875e-01  8.574379e-01  0.000000e+00
   outer loop
     vertex  1.487947e+02 -7.413081e+01  1.524003e+01
     vertex  1.483781e+02 -7.388080e+01  1.397003e+01
     vertex  1.483781e+02 -7.388080e+01  1.524003e+01
   endloop
 endfacet
 facet normal  4.473057e-01  8.943811e-01  0.000000e+00
   outer loop
     vertex  1.492012e+02 -7.433409e+01  1.524003e+01
     vertex  1.492012e+02 -7.433409e+01  1.397003e+01
     vertex  1.487947e+02 -7.413081e+01  1.397003e+01
   endloop
 endfacet
 facet normal  4.473057e-01  8.943811e-01  0.000000e+00
   outer loop
     vertex  1.492012e+02 -7.433409e+01  1.524003e+01
     vertex  1.487947e+02 -7.413081e+01  1.397003e+01
     vertex  1.487947e+02 -7.413081e+01  1.524003e+01
   endloop
 endfacet
 facet normal  3.798209e-01  9.250601e-01  0.000000e+00
   outer loop
     vertex  1.496208e+02 -7.450641e+01  1.524003e+01
     vertex  1.496208e+02 -7.450641e+01  1.397003e+01
     vertex  1.492012e+02 -7.433409e+01  1.397003e+01
   endloop
 endfacet
 facet normal  3.103711e-01  9.506155e-01  0.000000e+00
   outer loop
     vertex  1.496208e+02 -7.450641e+01  1.524003e+01
     vertex  1.500514e+02 -7.464697e+01  1.397003e+01
     vertex  1.496208e+02 -7.450641e+01  1.397003e+01
   endloop
 endfacet
 facet normal  3.798209e-01  9.250601e-01  0.000000e+00
   outer loop
     vertex  1.496208e+02 -7.450641e+01  1.524003e+01
     vertex  1.492012e+02 -7.433409e+01  1.397003e+01
     vertex  1.492012e+02 -7.433409e+01  1.524003e+01
   endloop
 endfacet
 facet normal  3.103711e-01  9.506155e-01  0.000000e+00
   outer loop
     vertex  1.500514e+02 -7.464697e+01  1.524003e+01
     vertex  1.500514e+02 -7.464697e+01  1.397003e+01
     vertex  1.496208e+02 -7.450641e+01  1.524003e+01
   endloop
 endfacet
 facet normal  2.393414e-01  9.709355e-01  0.000000e+00
   outer loop
     vertex  1.504904e+02 -7.475519e+01  1.524003e+01
     vertex  1.504904e+02 -7.475519e+01  1.397003e+01
     vertex  1.500514e+02 -7.464697e+01  1.397003e+01
   endloop
 endfacet
 facet normal  1.671227e-01  9.859361e-01  0.000000e+00
   outer loop
     vertex  1.504904e+02 -7.475519e+01  1.524003e+01
     vertex  1.509355e+02 -7.483064e+01  1.397003e+01
     vertex  1.504904e+02 -7.475519e+01  1.397003e+01
   endloop
 endfacet
 facet normal  2.393414e-01  9.709355e-01  0.000000e+00
   outer loop
     vertex  1.504904e+02 -7.475519e+01  1.524003e+01
     vertex  1.500514e+02 -7.464697e+01  1.397003e+01
     vertex  1.500514e+02 -7.464697e+01  1.524003e+01
   endloop
 endfacet
 facet normal  1.671227e-01  9.859361e-01  0.000000e+00
   outer loop
     vertex  1.509355e+02 -7.483064e+01  1.524003e+01
     vertex  1.509355e+02 -7.483064e+01  1.397003e+01
     vertex  1.504904e+02 -7.475519e+01  1.524003e+01
   endloop
 endfacet
 facet normal  9.410897e-02  9.955619e-01  0.000000e+00
   outer loop
     vertex  1.513842e+02 -7.487306e+01  1.524003e+01
     vertex  1.513842e+02 -7.487306e+01  1.397003e+01
     vertex  1.509355e+02 -7.483064e+01  1.397003e+01
   endloop
 endfacet
 facet normal  9.410897e-02  9.955619e-01  0.000000e+00
   outer loop
     vertex  1.513842e+02 -7.487306e+01  1.524003e+01
     vertex  1.509355e+02 -7.483064e+01  1.397003e+01
     vertex  1.509355e+02 -7.483064e+01  1.524003e+01
   endloop
 endfacet
 facet normal  2.069614e-02  9.997858e-01  0.000000e+00
   outer loop
     vertex  1.518342e+02 -7.488237e+01  1.524003e+01
     vertex  1.513842e+02 -7.487306e+01  1.397003e+01
     vertex  1.513842e+02 -7.487306e+01  1.524003e+01
   endloop
 endfacet
 facet normal  2.069614e-02  9.997858e-01  0.000000e+00
   outer loop
     vertex  1.518342e+02 -7.488237e+01  1.524003e+01
     vertex  1.518342e+02 -7.488237e+01  1.397003e+01
     vertex  1.513842e+02 -7.487306e+01  1.397003e+01
   endloop
 endfacet
 facet normal -5.272053e-02  9.986093e-01  0.000000e+00
   outer loop
     vertex  1.518342e+02 -7.488237e+01  1.524003e+01
     vertex  1.522830e+02 -7.485868e+01  1.397003e+01
     vertex  1.518342e+02 -7.488237e+01  1.397003e+01
   endloop
 endfacet
 facet normal -5.272053e-02  9.986093e-01  0.000000e+00
   outer loop
     vertex  1.522830e+02 -7.485868e+01  1.524003e+01
     vertex  1.522830e+02 -7.485868e+01  1.397003e+01
     vertex  1.518342e+02 -7.488237e+01  1.524003e+01
   endloop
 endfacet
 facet normal -1.257482e-01  9.920622e-01  0.000000e+00
   outer loop
     vertex  1.522830e+02 -7.485868e+01  1.524003e+01
     vertex  1.527282e+02 -7.480224e+01  1.397003e+01
     vertex  1.522830e+02 -7.485868e+01  1.397003e+01
   endloop
 endfacet
 facet normal -1.257482e-01  9.920622e-01  0.000000e+00
   outer loop
     vertex  1.527282e+02 -7.480224e+01  1.524003e+01
     vertex  1.527282e+02 -7.480224e+01  1.397003e+01
     vertex  1.522830e+02 -7.485868e+01  1.524003e+01
   endloop
 endfacet
 facet normal -1.979987e-01  9.802023e-01  0.000000e+00
   outer loop
     vertex  1.531675e+02 -7.471351e+01  1.524003e+01
     vertex  1.527282e+02 -7.480224e+01  1.397003e+01
     vertex  1.527282e+02 -7.480224e+01  1.524003e+01
   endloop
 endfacet
 facet normal -1.979987e-01  9.802023e-01  0.000000e+00
   outer loop
     vertex  1.531675e+02 -7.471351e+01  1.524003e+01
     vertex  1.531675e+02 -7.471351e+01  1.397003e+01
     vertex  1.527282e+02 -7.480224e+01  1.397003e+01
   endloop
 endfacet
 facet normal -2.690902e-01  9.631150e-01  0.000000e+00
   outer loop
     vertex  1.531675e+02 -7.471351e+01  1.524003e+01
     vertex  1.535986e+02 -7.459308e+01  1.397003e+01
     vertex  1.531675e+02 -7.471351e+01  1.397003e+01
   endloop
 endfacet
 facet normal -2.690902e-01  9.631150e-01  0.000000e+00
   outer loop
     vertex  1.535986e+02 -7.459308e+01  1.524003e+01
     vertex  1.535986e+02 -7.459308e+01  1.397003e+01
     vertex  1.531675e+02 -7.471351e+01  1.524003e+01
   endloop
 endfacet
 facet normal -3.386493e-01  9.409127e-01  0.000000e+00
   outer loop
     vertex  1.540191e+02 -7.444172e+01  1.524003e+01
     vertex  1.535986e+02 -7.459308e+01  1.397003e+01
     vertex  1.535986e+02 -7.459308e+01  1.524003e+01
   endloop
 endfacet
 facet normal -3.386493e-01  9.409127e-01  0.000000e+00
   outer loop
     vertex  1.540191e+02 -7.444172e+01  1.524003e+01
     vertex  1.540191e+02 -7.444172e+01  1.397003e+01
     vertex  1.535986e+02 -7.459308e+01  1.397003e+01
   endloop
 endfacet
 facet normal -4.063130e-01  9.137339e-01  0.000000e+00
   outer loop
     vertex  1.544269e+02 -7.426037e+01  1.524003e+01
     vertex  1.540191e+02 -7.444172e+01  1.397003e+01
     vertex  1.540191e+02 -7.444172e+01  1.524003e+01
   endloop
 endfacet
 facet normal -4.063130e-01  9.137339e-01  0.000000e+00
   outer loop
     vertex  1.544269e+02 -7.426037e+01  1.524003e+01
     vertex  1.544269e+02 -7.426037e+01  1.397003e+01
     vertex  1.540191e+02 -7.444172e+01  1.397003e+01
   endloop
 endfacet
 facet normal -4.717305e-01  8.817428e-01  0.000000e+00
   outer loop
     vertex  1.544269e+02 -7.426037e+01  1.524003e+01
     vertex  1.548200e+02 -7.405010e+01  1.397003e+01
     vertex  1.544269e+02 -7.426037e+01  1.397003e+01
   endloop
 endfacet
 facet normal -4.717305e-01  8.817428e-01  0.000000e+00
   outer loop
     vertex  1.548200e+02 -7.405010e+01  1.524003e+01
     vertex  1.548200e+02 -7.405010e+01  1.397003e+01
     vertex  1.544269e+02 -7.426037e+01  1.524003e+01
   endloop
 endfacet
 facet normal -5.379697e-01  8.429642e-01  0.000000e+00
   outer loop
     vertex  1.552368e+02 -7.378405e+01  1.524003e+01
     vertex  1.548200e+02 -7.405010e+01  1.397003e+01
     vertex  1.548200e+02 -7.405010e+01  1.524003e+01
   endloop
 endfacet
 facet normal -5.379697e-01  8.429642e-01  0.000000e+00
   outer loop
     vertex  1.552368e+02 -7.378405e+01  1.524003e+01
     vertex  1.552368e+02 -7.378405e+01  1.397003e+01
     vertex  1.548200e+02 -7.405010e+01  1.397003e+01
   endloop
 endfacet
 facet normal -6.041679e-01  7.968570e-01  0.000000e+00
   outer loop
     vertex  1.556303e+02 -7.348575e+01  1.524003e+01
     vertex  1.552368e+02 -7.378405e+01  1.397003e+01
     vertex  1.552368e+02 -7.378405e+01  1.524003e+01
   endloop
 endfacet
 facet normal -6.041679e-01  7.968570e-01  0.000000e+00
   outer loop
     vertex  1.556303e+02 -7.348575e+01  1.524003e+01
     vertex  1.556303e+02 -7.348575e+01  1.397003e+01
     vertex  1.552368e+02 -7.378405e+01  1.397003e+01
   endloop
 endfacet
 facet normal -6.663361e-01  7.456515e-01  0.000000e+00
   outer loop
     vertex  1.559978e+02 -7.315729e+01  1.524003e+01
     vertex  1.556303e+02 -7.348575e+01  1.397003e+01
     vertex  1.556303e+02 -7.348575e+01  1.524003e+01
   endloop
 endfacet
 facet normal -6.663361e-01  7.456515e-01  0.000000e+00
   outer loop
     vertex  1.559978e+02 -7.315729e+01  1.524003e+01
     vertex  1.559978e+02 -7.315729e+01  1.397003e+01
     vertex  1.556303e+02 -7.348575e+01  1.397003e+01
   endloop
 endfacet
 facet normal -7.240913e-01  6.897041e-01  0.000000e+00
   outer loop
     vertex  1.563373e+02 -7.280095e+01  1.524003e+01
     vertex  1.563373e+02 -7.280095e+01  1.397003e+01
     vertex  1.559978e+02 -7.315729e+01  1.397003e+01
   endloop
 endfacet
 facet normal -7.240913e-01  6.897041e-01  0.000000e+00
   outer loop
     vertex  1.563373e+02 -7.280095e+01  1.524003e+01
     vertex  1.559978e+02 -7.315729e+01  1.397003e+01
     vertex  1.559978e+02 -7.315729e+01  1.524003e+01
   endloop
 endfacet
 facet normal -7.770817e-01  6.293998e-01  0.000000e+00
   outer loop
     vertex  1.566465e+02 -7.241915e+01  1.524003e+01
     vertex  1.566465e+02 -7.241915e+01  1.397003e+01
     vertex  1.563373e+02 -7.280095e+01  1.397003e+01
   endloop
 endfacet
 facet normal -7.770817e-01  6.293998e-01  0.000000e+00
   outer loop
     vertex  1.566465e+02 -7.241915e+01  1.524003e+01
     vertex  1.563373e+02 -7.280095e+01  1.397003e+01
     vertex  1.563373e+02 -7.280095e+01  1.524003e+01
   endloop
 endfacet
 facet normal -8.249891e-01  5.651487e-01  0.000000e+00
   outer loop
     vertex  1.569237e+02 -7.201449e+01  1.524003e+01
     vertex  1.569237e+02 -7.201449e+01  1.397003e+01
     vertex  1.566465e+02 -7.241915e+01  1.397003e+01
   endloop
 endfacet
 facet normal -8.675306e-01  4.973838e-01  0.000000e+00
   outer loop
     vertex  1.569237e+02 -7.201449e+01  1.524003e+01
     vertex  1.571673e+02 -7.158968e+01  1.397003e+01
     vertex  1.569237e+02 -7.201449e+01  1.397003e+01
   endloop
 endfacet
 facet normal -8.249891e-01  5.651487e-01  0.000000e+00
   outer loop
     vertex  1.569237e+02 -7.201449e+01  1.524003e+01
     vertex  1.566465e+02 -7.241915e+01  1.397003e+01
     vertex  1.566465e+02 -7.241915e+01  1.524003e+01
   endloop
 endfacet
 facet normal -8.675306e-01  4.973838e-01  0.000000e+00
   outer loop
     vertex  1.571673e+02 -7.158968e+01  1.524003e+01
     vertex  1.571673e+02 -7.158968e+01  1.397003e+01
     vertex  1.569237e+02 -7.201449e+01  1.524003e+01
   endloop
 endfacet
 facet normal -9.044604e-01  4.265575e-01  0.000000e+00
   outer loop
     vertex  1.573758e+02 -7.114755e+01  1.524003e+01
     vertex  1.573758e+02 -7.114755e+01  1.397003e+01
     vertex  1.571673e+02 -7.158968e+01  1.397003e+01
   endloop
 endfacet
 facet normal -9.044604e-01  4.265575e-01  0.000000e+00
   outer loop
     vertex  1.573758e+02 -7.114755e+01  1.524003e+01
     vertex  1.571673e+02 -7.158968e+01  1.397003e+01
     vertex  1.571673e+02 -7.158968e+01  1.524003e+01
   endloop
 endfacet
 facet normal -9.355709e-01  3.531390e-01  0.000000e+00
   outer loop
     vertex  1.575481e+02 -7.069100e+01  1.524003e+01
     vertex  1.575481e+02 -7.069100e+01  1.397003e+01
     vertex  1.573758e+02 -7.114755e+01  1.397003e+01
   endloop
 endfacet
 facet normal -9.355709e-01  3.531390e-01  0.000000e+00
   outer loop
     vertex  1.575481e+02 -7.069100e+01  1.524003e+01
     vertex  1.573758e+02 -7.114755e+01  1.397003e+01
     vertex  1.573758e+02 -7.114755e+01  1.524003e+01
   endloop
 endfacet
 facet normal -9.606937e-01  2.776104e-01  0.000000e+00
   outer loop
     vertex  1.576833e+02 -7.022303e+01  1.524003e+01
     vertex  1.576833e+02 -7.022303e+01  1.397003e+01
     vertex  1.575481e+02 -7.069100e+01  1.397003e+01
   endloop
 endfacet
 facet normal -9.606937e-01  2.776104e-01  0.000000e+00
   outer loop
     vertex  1.576833e+02 -7.022303e+01  1.524003e+01
     vertex  1.575481e+02 -7.069100e+01  1.397003e+01
     vertex  1.575481e+02 -7.069100e+01  1.524003e+01
   endloop
 endfacet
 facet normal -9.797010e-01  2.004643e-01  0.000000e+00
   outer loop
     vertex  1.577808e+02 -6.974668e+01  1.524003e+01
     vertex  1.577808e+02 -6.974668e+01  1.397003e+01
     vertex  1.576833e+02 -7.022303e+01  1.397003e+01
   endloop
 endfacet
 facet normal -9.925056e-01  1.221995e-01  0.000000e+00
   outer loop
     vertex  1.577808e+02 -6.974668e+01  1.524003e+01
     vertex  1.578401e+02 -6.926502e+01  1.397003e+01
     vertex  1.577808e+02 -6.974668e+01  1.397003e+01
   endloop
 endfacet
 facet normal -9.797010e-01  2.004643e-01  0.000000e+00
   outer loop
     vertex  1.577808e+02 -6.974668e+01  1.524003e+01
     vertex  1.576833e+02 -7.022303e+01  1.397003e+01
     vertex  1.576833e+02 -7.022303e+01  1.524003e+01
   endloop
 endfacet
 facet normal -9.925056e-01  1.221995e-01  0.000000e+00
   outer loop
     vertex  1.578401e+02 -6.926502e+01  1.524003e+01
     vertex  1.578401e+02 -6.926502e+01  1.397003e+01
     vertex  1.577808e+02 -6.974668e+01  1.524003e+01
   endloop
 endfacet
 facet normal -9.980833e-01  6.188439e-02  0.000000e+00
   outer loop
     vertex  1.578560e+02 -6.900880e+01  1.524003e+01
     vertex  1.578560e+02 -6.900880e+01  1.397003e+01
     vertex  1.578401e+02 -6.926502e+01  1.397003e+01
   endloop
 endfacet
 facet normal -9.980833e-01  6.188439e-02  0.000000e+00
   outer loop
     vertex  1.578560e+02 -6.900880e+01  1.524003e+01
     vertex  1.578401e+02 -6.926502e+01  1.397003e+01
     vertex  1.578401e+02 -6.926502e+01  1.524003e+01
   endloop
 endfacet
 facet normal -9.997902e-01  2.048241e-02  0.000000e+00
   outer loop
     vertex  1.578611e+02 -6.875794e+01  1.524003e+01
     vertex  1.578611e+02 -6.875794e+01  1.397003e+01
     vertex  1.578560e+02 -6.900880e+01  1.397003e+01
   endloop
 endfacet
 facet normal -9.997902e-01  2.048241e-02  0.000000e+00
   outer loop
     vertex  1.578611e+02 -6.875794e+01  1.524003e+01
     vertex  1.578560e+02 -6.900880e+01  1.397003e+01
     vertex  1.578560e+02 -6.900880e+01  1.524003e+01
   endloop
 endfacet
 facet normal  9.994170e-01 -4.768427e-17 -3.414111e-02
   outer loop
     vertex  1.154160e+02 -5.130810e+01  9.213353e+00
     vertex  1.154136e+02 -5.257811e+01  9.144018e+00
     vertex  1.154136e+02 -5.130810e+01  9.144018e+00
   endloop
 endfacet
 facet normal  9.994170e-01  0.000000e+00 -3.414111e-02
   outer loop
     vertex  1.154160e+02 -5.130810e+01  9.213353e+00
     vertex  1.154160e+02 -5.257811e+01  9.213353e+00
     vertex  1.154136e+02 -5.257811e+01  9.144018e+00
   endloop
 endfacet
 facet normal  9.947573e-01  0.000000e+00 -1.022641e-01
   outer loop
     vertex  1.154231e+02 -5.130810e+01  9.282364e+00
     vertex  1.154160e+02 -5.257811e+01  9.213353e+00
     vertex  1.154160e+02 -5.130810e+01  9.213353e+00
   endloop
 endfacet
 facet normal  9.947573e-01 -1.430372e-16 -1.022641e-01
   outer loop
     vertex  1.154231e+02 -5.130810e+01  9.282364e+00
     vertex  1.154231e+02 -5.257811e+01  9.282364e+00
     vertex  1.154160e+02 -5.257811e+01  9.213353e+00
   endloop
 endfacet
 facet normal  9.854595e-01 -2.374985e-16 -1.699104e-01
   outer loop
     vertex  1.154349e+02 -5.130810e+01  9.350730e+00
     vertex  1.154231e+02 -5.257811e+01  9.282364e+00
     vertex  1.154231e+02 -5.130810e+01  9.282364e+00
   endloop
 endfacet
 facet normal  9.854595e-01 -2.376542e-16 -1.699104e-01
   outer loop
     vertex  1.154349e+02 -5.130810e+01  9.350730e+00
     vertex  1.154349e+02 -5.257811e+01  9.350730e+00
     vertex  1.154231e+02 -5.257811e+01  9.282364e+00
   endloop
 endfacet
 facet normal  9.715671e-01 -3.297906e-16 -2.367644e-01
   outer loop
     vertex  1.154513e+02 -5.130810e+01  9.418132e+00
     vertex  1.154349e+02 -5.257811e+01  9.350730e+00
     vertex  1.154349e+02 -5.130810e+01  9.350730e+00
   endloop
 endfacet
 facet normal  9.715671e-01 -3.311632e-16 -2.367644e-01
   outer loop
     vertex  1.154513e+02 -5.130810e+01  9.418132e+00
     vertex  1.154513e+02 -5.257811e+01  9.418132e+00
     vertex  1.154349e+02 -5.257811e+01  9.350730e+00
   endloop
 endfacet
 facet normal  9.531448e-01 -4.233133e-16 -3.025146e-01
   outer loop
     vertex  1.154723e+02 -5.130810e+01  9.484257e+00
     vertex  1.154513e+02 -5.257811e+01  9.418132e+00
     vertex  1.154513e+02 -5.130810e+01  9.418132e+00
   endloop
 endfacet
 facet normal  9.531448e-01  0.000000e+00 -3.025146e-01
   outer loop
     vertex  1.154723e+02 -5.130810e+01  9.484257e+00
     vertex  1.154723e+02 -5.257811e+01  9.484257e+00
     vertex  1.154513e+02 -5.257811e+01  9.418132e+00
   endloop
 endfacet
 facet normal  9.302784e-01  0.000000e+00 -3.668542e-01
   outer loop
     vertex  1.154977e+02 -5.130810e+01  9.548795e+00
     vertex  1.154723e+02 -5.257811e+01  9.484257e+00
     vertex  1.154723e+02 -5.130810e+01  9.484257e+00
   endloop
 endfacet
 facet normal  9.302784e-01 -5.131202e-16 -3.668542e-01
   outer loop
     vertex  1.154977e+02 -5.130810e+01  9.548795e+00
     vertex  1.154977e+02 -5.257811e+01  9.548795e+00
     vertex  1.154723e+02 -5.257811e+01  9.484257e+00
   endloop
 endfacet
 facet normal  9.030747e-01 -6.029753e-16 -4.294834e-01
   outer loop
     vertex  1.155275e+02 -5.130810e+01  9.611445e+00
     vertex  1.154977e+02 -5.257811e+01  9.548795e+00
     vertex  1.154977e+02 -5.130810e+01  9.548795e+00
   endloop
 endfacet
 facet normal  9.030747e-01 -6.007199e-16 -4.294834e-01
   outer loop
     vertex  1.155275e+02 -5.130810e+01  9.611445e+00
     vertex  1.155275e+02 -5.257811e+01  9.611445e+00
     vertex  1.154977e+02 -5.257811e+01  9.548795e+00
   endloop
 endfacet
 facet normal  8.716605e-01 -6.841924e-16 -4.901102e-01
   outer loop
     vertex  1.155615e+02 -5.130810e+01  9.671917e+00
     vertex  1.155275e+02 -5.257811e+01  9.611445e+00
     vertex  1.155275e+02 -5.130810e+01  9.611445e+00
   endloop
 endfacet
 facet normal  8.716605e-01  0.000000e+00 -4.901102e-01
   outer loop
     vertex  1.155615e+02 -5.130810e+01  9.671917e+00
     vertex  1.155615e+02 -5.257811e+01  9.671917e+00
     vertex  1.155275e+02 -5.257811e+01  9.611445e+00
   endloop
 endfacet
 facet normal  8.361821e-01  0.000000e+00 -5.484519e-01
   outer loop
     vertex  1.155996e+02 -5.130810e+01  9.729927e+00
     vertex  1.155615e+02 -5.257811e+01  9.671917e+00
     vertex  1.155615e+02 -5.130810e+01  9.671917e+00
   endloop
 endfacet
 facet normal  8.361821e-01  0.000000e+00 -5.484519e-01
   outer loop
     vertex  1.155996e+02 -5.130810e+01  9.729927e+00
     vertex  1.155996e+02 -5.257811e+01  9.729927e+00
     vertex  1.155615e+02 -5.257811e+01  9.671917e+00
   endloop
 endfacet
 facet normal  7.968051e-01  0.000000e+00 -6.042364e-01
   outer loop
     vertex  1.156415e+02 -5.130810e+01  9.785205e+00
     vertex  1.155996e+02 -5.257811e+01  9.729927e+00
     vertex  1.155996e+02 -5.130810e+01  9.729927e+00
   endloop
 endfacet
 facet normal  7.968051e-01 -8.451475e-16 -6.042364e-01
   outer loop
     vertex  1.156415e+02 -5.130810e+01  9.785205e+00
     vertex  1.156415e+02 -5.257811e+01  9.785205e+00
     vertex  1.155996e+02 -5.257811e+01  9.729927e+00
   endloop
 endfacet
 facet normal  7.537130e-01 -9.155381e-16 -6.572037e-01
   outer loop
     vertex  1.156871e+02 -5.130810e+01  9.837494e+00
     vertex  1.156415e+02 -5.257811e+01  9.785205e+00
     vertex  1.156415e+02 -5.130810e+01  9.785205e+00
   endloop
 endfacet
 facet normal  7.537130e-01 -9.192330e-16 -6.572037e-01
   outer loop
     vertex  1.156871e+02 -5.130810e+01  9.837494e+00
     vertex  1.156871e+02 -5.257811e+01  9.837494e+00
     vertex  1.156415e+02 -5.257811e+01  9.785205e+00
   endloop
 endfacet
 facet normal  7.071068e-01 -9.893718e-16 -7.071068e-01
   outer loop
     vertex  1.157362e+02 -5.130810e+01  9.886549e+00
     vertex  1.156871e+02 -5.257811e+01  9.837494e+00
     vertex  1.156871e+02 -5.130810e+01  9.837494e+00
   endloop
 endfacet
 facet normal  7.071068e-01 -9.890326e-16 -7.071068e-01
   outer loop
     vertex  1.157362e+02 -5.130810e+01  9.886549e+00
     vertex  1.157362e+02 -5.257811e+01  9.886549e+00
     vertex  1.156871e+02 -5.257811e+01  9.837494e+00
   endloop
 endfacet
 facet normal  6.572037e-01 -1.053361e-15 -7.537130e-01
   outer loop
     vertex  1.157884e+02 -5.130810e+01  9.932143e+00
     vertex  1.157362e+02 -5.257811e+01  9.886549e+00
     vertex  1.157362e+02 -5.130810e+01  9.886549e+00
   endloop
 endfacet
 facet normal  6.572037e-01  0.000000e+00 -7.537130e-01
   outer loop
     vertex  1.157884e+02 -5.130810e+01  9.932143e+00
     vertex  1.157884e+02 -5.257811e+01  9.932143e+00
     vertex  1.157362e+02 -5.257811e+01  9.886549e+00
   endloop
 endfacet
 facet normal  6.042364e-01  0.000000e+00 -7.968051e-01
   outer loop
     vertex  1.158437e+02 -5.130810e+01  9.974061e+00
     vertex  1.157884e+02 -5.257811e+01  9.932143e+00
     vertex  1.157884e+02 -5.130810e+01  9.932143e+00
   endloop
 endfacet
 facet normal  6.042364e-01 -1.114494e-15 -7.968051e-01
   outer loop
     vertex  1.158437e+02 -5.130810e+01  9.974061e+00
     vertex  1.158437e+02 -5.257811e+01  9.974061e+00
     vertex  1.157884e+02 -5.257811e+01  9.932143e+00
   endloop
 endfacet
 facet normal  5.484519e-01 -1.166573e-15 -8.361821e-01
   outer loop
     vertex  1.159017e+02 -5.130810e+01  1.001211e+01
     vertex  1.158437e+02 -5.257811e+01  9.974061e+00
     vertex  1.158437e+02 -5.130810e+01  9.974061e+00
   endloop
 endfacet
 facet normal  5.484519e-01 -1.169571e-15 -8.361821e-01
   outer loop
     vertex  1.159017e+02 -5.130810e+01  1.001211e+01
     vertex  1.159017e+02 -5.257811e+01  1.001211e+01
     vertex  1.158437e+02 -5.257811e+01  9.974061e+00
   endloop
 endfacet
 facet normal  4.901102e-01 -1.215795e-15 -8.716605e-01
   outer loop
     vertex  1.159622e+02 -5.130810e+01  1.004611e+01
     vertex  1.159017e+02 -5.257811e+01  1.001211e+01
     vertex  1.159017e+02 -5.130810e+01  1.001211e+01
   endloop
 endfacet
 facet normal  4.901102e-01 -1.219194e-15 -8.716605e-01
   outer loop
     vertex  1.159622e+02 -5.130810e+01  1.004611e+01
     vertex  1.159622e+02 -5.257811e+01  1.004611e+01
     vertex  1.159017e+02 -5.257811e+01  1.001211e+01
   endloop
 endfacet
 facet normal  4.294834e-01 -1.265018e-15 -9.030747e-01
   outer loop
     vertex  1.160249e+02 -5.130810e+01  1.007591e+01
     vertex  1.159622e+02 -5.257811e+01  1.004611e+01
     vertex  1.159622e+02 -5.130810e+01  1.004611e+01
   endloop
 endfacet
 facet normal  4.294834e-01 -1.263134e-15 -9.030747e-01
   outer loop
     vertex  1.160249e+02 -5.130810e+01  1.007591e+01
     vertex  1.160249e+02 -5.257811e+01  1.007591e+01
     vertex  1.159622e+02 -5.257811e+01  1.004611e+01
   endloop
 endfacet
 facet normal  3.668542e-01 -1.301935e-15 -9.302784e-01
   outer loop
     vertex  1.160894e+02 -5.130810e+01  1.010136e+01
     vertex  1.160249e+02 -5.257811e+01  1.007591e+01
     vertex  1.160249e+02 -5.130810e+01  1.007591e+01
   endloop
 endfacet
 facet normal  3.668542e-01 -1.301184e-15 -9.302784e-01
   outer loop
     vertex  1.160894e+02 -5.130810e+01  1.010136e+01
     vertex  1.160894e+02 -5.257811e+01  1.010136e+01
     vertex  1.160249e+02 -5.257811e+01  1.007591e+01
   endloop
 endfacet
 facet normal  3.025146e-01 -1.333929e-15 -9.531448e-01
   outer loop
     vertex  1.161555e+02 -5.130810e+01  1.012234e+01
     vertex  1.160894e+02 -5.257811e+01  1.010136e+01
     vertex  1.160894e+02 -5.130810e+01  1.010136e+01
   endloop
 endfacet
 facet normal  3.025146e-01 -1.333167e-15 -9.531448e-01
   outer loop
     vertex  1.161555e+02 -5.130810e+01  1.012234e+01
     vertex  1.161555e+02 -5.257811e+01  1.012234e+01
     vertex  1.160894e+02 -5.257811e+01  1.010136e+01
   endloop
 endfacet
 facet normal  2.367644e-01 -1.358540e-15 -9.715671e-01
   outer loop
     vertex  1.162229e+02 -5.130810e+01  1.013877e+01
     vertex  1.161555e+02 -5.257811e+01  1.012234e+01
     vertex  1.161555e+02 -5.130810e+01  1.012234e+01
   endloop
 endfacet
 facet normal  2.367644e-01 -1.358934e-15 -9.715671e-01
   outer loop
     vertex  1.162229e+02 -5.130810e+01  1.013877e+01
     vertex  1.162229e+02 -5.257811e+01  1.013877e+01
     vertex  1.161555e+02 -5.257811e+01  1.012234e+01
   endloop
 endfacet
 facet normal  1.699104e-01 -1.378229e-15 -9.854595e-01
   outer loop
     vertex  1.162913e+02 -5.130810e+01  1.015056e+01
     vertex  1.162229e+02 -5.257811e+01  1.013877e+01
     vertex  1.162229e+02 -5.130810e+01  1.013877e+01
   endloop
 endfacet
 facet normal  1.699104e-01 -1.378366e-15 -9.854595e-01
   outer loop
     vertex  1.162913e+02 -5.130810e+01  1.015056e+01
     vertex  1.162913e+02 -5.257811e+01  1.015056e+01
     vertex  1.162229e+02 -5.257811e+01  1.013877e+01
   endloop
 endfacet
 facet normal  1.022641e-01 -1.391766e-15 -9.947573e-01
   outer loop
     vertex  1.163603e+02 -5.130810e+01  1.015765e+01
     vertex  1.162913e+02 -5.257811e+01  1.015056e+01
     vertex  1.162913e+02 -5.130810e+01  1.015056e+01
   endloop
 endfacet
 facet normal  1.022641e-01 -1.391370e-15 -9.947573e-01
   outer loop
     vertex  1.163603e+02 -5.130810e+01  1.015765e+01
     vertex  1.163603e+02 -5.257811e+01  1.015765e+01
     vertex  1.162913e+02 -5.257811e+01  1.015056e+01
   endloop
 endfacet
 facet normal  3.414111e-02 -1.397611e-15 -9.994170e-01
   outer loop
     vertex  1.164296e+02 -5.130810e+01  1.016002e+01
     vertex  1.163603e+02 -5.257811e+01  1.015765e+01
     vertex  1.163603e+02 -5.130810e+01  1.015765e+01
   endloop
 endfacet
 facet normal  3.414111e-02 -1.397888e-15 -9.994170e-01
   outer loop
     vertex  1.164296e+02 -5.130810e+01  1.016002e+01
     vertex  1.164296e+02 -5.257811e+01  1.016002e+01
     vertex  1.163603e+02 -5.257811e+01  1.015765e+01
   endloop
 endfacet
 facet normal -0.000000e+00 -1.398703e-15 -1.000000e+00
   outer loop
     vertex  1.233976e+02 -5.130810e+01  1.016002e+01
     vertex  1.164296e+02 -5.257811e+01  1.016002e+01
     vertex  1.164296e+02 -5.130810e+01  1.016002e+01
   endloop
 endfacet
 facet normal  0.000000e+00 -1.398703e-15 -1.000000e+00
   outer loop
     vertex  1.233976e+02 -5.130810e+01  1.016002e+01
     vertex  1.233976e+02 -5.257811e+01  1.016002e+01
     vertex  1.164296e+02 -5.257811e+01  1.016002e+01
   endloop
 endfacet
 facet normal -3.414111e-02 -1.397918e-15 -9.994170e-01
   outer loop
     vertex  1.234670e+02 -5.130810e+01  1.015765e+01
     vertex  1.233976e+02 -5.257811e+01  1.016002e+01
     vertex  1.233976e+02 -5.130810e+01  1.016002e+01
   endloop
 endfacet
 facet normal -3.414111e-02 -1.397888e-15 -9.994170e-01
   outer loop
     vertex  1.234670e+02 -5.130810e+01  1.015765e+01
     vertex  1.234670e+02 -5.257811e+01  1.015765e+01
     vertex  1.233976e+02 -5.257811e+01  1.016002e+01
   endloop
 endfacet
 facet normal -1.022641e-01 -1.391766e-15 -9.947573e-01
   outer loop
     vertex  1.235360e+02 -5.130810e+01  1.015056e+01
     vertex  1.234670e+02 -5.257811e+01  1.015765e+01
     vertex  1.234670e+02 -5.130810e+01  1.015765e+01
   endloop
 endfacet
 facet normal -1.022641e-01 -1.391370e-15 -9.947573e-01
   outer loop
     vertex  1.235360e+02 -5.130810e+01  1.015056e+01
     vertex  1.235360e+02 -5.257811e+01  1.015056e+01
     vertex  1.234670e+02 -5.257811e+01  1.015765e+01
   endloop
 endfacet
 facet normal -1.699104e-01 -1.379460e-15 -9.854595e-01
   outer loop
     vertex  1.236044e+02 -5.130810e+01  1.013877e+01
     vertex  1.235360e+02 -5.257811e+01  1.015056e+01
     vertex  1.235360e+02 -5.130810e+01  1.015056e+01
   endloop
 endfacet
 facet normal -1.699104e-01 -1.378366e-15 -9.854595e-01
   outer loop
     vertex  1.236044e+02 -5.130810e+01  1.013877e+01
     vertex  1.236044e+02 -5.257811e+01  1.013877e+01
     vertex  1.235360e+02 -5.257811e+01  1.015056e+01
   endloop
 endfacet
 facet normal -2.367644e-01 -1.358540e-15 -9.715671e-01
   outer loop
     vertex  1.236718e+02 -5.130810e+01  1.012234e+01
     vertex  1.236044e+02 -5.257811e+01  1.013877e+01
     vertex  1.236044e+02 -5.130810e+01  1.013877e+01
   endloop
 endfacet
 facet normal -2.367644e-01 -1.358934e-15 -9.715671e-01
   outer loop
     vertex  1.236718e+02 -5.130810e+01  1.012234e+01
     vertex  1.236718e+02 -5.257811e+01  1.012234e+01
     vertex  1.236044e+02 -5.257811e+01  1.013877e+01
   endloop
 endfacet
 facet normal -3.025146e-01 -1.333929e-15 -9.531448e-01
   outer loop
     vertex  1.237379e+02 -5.130810e+01  1.010136e+01
     vertex  1.236718e+02 -5.257811e+01  1.012234e+01
     vertex  1.236718e+02 -5.130810e+01  1.012234e+01
   endloop
 endfacet
 facet normal -3.025146e-01 -1.333167e-15 -9.531448e-01
   outer loop
     vertex  1.237379e+02 -5.130810e+01  1.010136e+01
     vertex  1.237379e+02 -5.257811e+01  1.010136e+01
     vertex  1.236718e+02 -5.257811e+01  1.012234e+01
   endloop
 endfacet
 facet normal -3.668542e-01 -1.301935e-15 -9.302784e-01
   outer loop
     vertex  1.238024e+02 -5.130810e+01  1.007591e+01
     vertex  1.237379e+02 -5.257811e+01  1.010136e+01
     vertex  1.237379e+02 -5.130810e+01  1.010136e+01
   endloop
 endfacet
 facet normal -3.668542e-01 -1.301184e-15 -9.302784e-01
   outer loop
     vertex  1.238024e+02 -5.130810e+01  1.007591e+01
     vertex  1.238024e+02 -5.257811e+01  1.007591e+01
     vertex  1.237379e+02 -5.257811e+01  1.010136e+01
   endloop
 endfacet
 facet normal -4.294834e-01 -1.262557e-15 -9.030747e-01
   outer loop
     vertex  1.238651e+02 -5.130810e+01  1.004611e+01
     vertex  1.238024e+02 -5.257811e+01  1.007591e+01
     vertex  1.238024e+02 -5.130810e+01  1.007591e+01
   endloop
 endfacet
 facet normal -4.294834e-01 -1.263134e-15 -9.030747e-01
   outer loop
     vertex  1.238651e+02 -5.130810e+01  1.004611e+01
     vertex  1.238651e+02 -5.257811e+01  1.004611e+01
     vertex  1.238024e+02 -5.257811e+01  1.007591e+01
   endloop
 endfacet
 facet normal -4.901102e-01 -1.220717e-15 -8.716605e-01
   outer loop
     vertex  1.239255e+02 -5.130810e+01  1.001211e+01
     vertex  1.238651e+02 -5.257811e+01  1.004611e+01
     vertex  1.238651e+02 -5.130810e+01  1.004611e+01
   endloop
 endfacet
 facet normal -4.901102e-01 -1.219194e-15 -8.716605e-01
   outer loop
     vertex  1.239255e+02 -5.130810e+01  1.001211e+01
     vertex  1.239255e+02 -5.257811e+01  1.001211e+01
     vertex  1.238651e+02 -5.257811e+01  1.004611e+01
   endloop
 endfacet
 facet normal -5.484519e-01 -1.171495e-15 -8.361821e-01
   outer loop
     vertex  1.239836e+02 -5.130810e+01  9.974061e+00
     vertex  1.239255e+02 -5.257811e+01  1.001211e+01
     vertex  1.239255e+02 -5.130810e+01  1.001211e+01
   endloop
 endfacet
 facet normal -5.484519e-01 -1.169571e-15 -8.361821e-01
   outer loop
     vertex  1.239836e+02 -5.130810e+01  9.974061e+00
     vertex  1.239836e+02 -5.257811e+01  9.974061e+00
     vertex  1.239255e+02 -5.257811e+01  1.001211e+01
   endloop
 endfacet
 facet normal -6.042364e-01 -1.112428e-15 -7.968051e-01
   outer loop
     vertex  1.240388e+02 -5.130810e+01  9.932143e+00
     vertex  1.239836e+02 -5.257811e+01  9.974061e+00
     vertex  1.239836e+02 -5.130810e+01  9.974061e+00
   endloop
 endfacet
 facet normal -6.042364e-01 -0.000000e+00 -7.968051e-01
   outer loop
     vertex  1.240388e+02 -5.130810e+01  9.932143e+00
     vertex  1.240388e+02 -5.257811e+01  9.932143e+00
     vertex  1.239836e+02 -5.257811e+01  9.974061e+00
   endloop
 endfacet
 facet normal -6.572037e-01  0.000000e+00 -7.537130e-01
   outer loop
     vertex  1.240911e+02 -5.130810e+01  9.886549e+00
     vertex  1.240388e+02 -5.257811e+01  9.932143e+00
     vertex  1.240388e+02 -5.130810e+01  9.932143e+00
   endloop
 endfacet
 facet normal -6.572037e-01 -1.054221e-15 -7.537130e-01
   outer loop
     vertex  1.240911e+02 -5.130810e+01  9.886549e+00
     vertex  1.240911e+02 -5.257811e+01  9.886549e+00
     vertex  1.240388e+02 -5.257811e+01  9.932143e+00
   endloop
 endfacet
 facet normal -7.071068e-01 -9.893718e-16 -7.071068e-01
   outer loop
     vertex  1.241402e+02 -5.130810e+01  9.837494e+00
     vertex  1.240911e+02 -5.257811e+01  9.886549e+00
     vertex  1.240911e+02 -5.130810e+01  9.886549e+00
   endloop
 endfacet
 facet normal -7.071068e-01 -9.890326e-16 -7.071068e-01
   outer loop
     vertex  1.241402e+02 -5.130810e+01  9.837494e+00
     vertex  1.241402e+02 -5.257811e+01  9.837494e+00
     vertex  1.240911e+02 -5.257811e+01  9.886549e+00
   endloop
 endfacet
 facet normal -7.537130e-01 -9.204603e-16 -6.572037e-01
   outer loop
     vertex  1.241858e+02 -5.130810e+01  9.785205e+00
     vertex  1.241402e+02 -5.257811e+01  9.837494e+00
     vertex  1.241402e+02 -5.130810e+01  9.837494e+00
   endloop
 endfacet
 facet normal -7.537130e-01 -9.192330e-16 -6.572037e-01
   outer loop
     vertex  1.241858e+02 -5.130810e+01  9.785205e+00
     vertex  1.241858e+02 -5.257811e+01  9.785205e+00
     vertex  1.241402e+02 -5.257811e+01  9.837494e+00
   endloop
 endfacet
 facet normal -7.968051e-01 -8.466266e-16 -6.042364e-01
   outer loop
     vertex  1.242277e+02 -5.130810e+01  9.729927e+00
     vertex  1.241858e+02 -5.257811e+01  9.785205e+00
     vertex  1.241858e+02 -5.130810e+01  9.785205e+00
   endloop
 endfacet
 facet normal -7.968051e-01 -0.000000e+00 -6.042364e-01
   outer loop
     vertex  1.242277e+02 -5.130810e+01  9.729927e+00
     vertex  1.242277e+02 -5.257811e+01  9.729927e+00
     vertex  1.241858e+02 -5.257811e+01  9.785205e+00
   endloop
 endfacet
 facet normal -8.361821e-01  0.000000e+00 -5.484519e-01
   outer loop
     vertex  1.242657e+02 -5.130810e+01  9.671917e+00
     vertex  1.242277e+02 -5.257811e+01  9.729927e+00
     vertex  1.242277e+02 -5.130810e+01  9.729927e+00
   endloop
 endfacet
 facet normal -8.361821e-01 -0.000000e+00 -5.484519e-01
   outer loop
     vertex  1.242657e+02 -5.130810e+01  9.671917e+00
     vertex  1.242657e+02 -5.257811e+01  9.671917e+00
     vertex  1.242277e+02 -5.257811e+01  9.729927e+00
   endloop
 endfacet
 facet normal -8.716605e-01  0.000000e+00 -4.901102e-01
   outer loop
     vertex  1.242997e+02 -5.130810e+01  9.611445e+00
     vertex  1.242657e+02 -5.257811e+01  9.671917e+00
     vertex  1.242657e+02 -5.130810e+01  9.671917e+00
   endloop
 endfacet
 facet normal -8.716605e-01 -6.855188e-16 -4.901102e-01
   outer loop
     vertex  1.242997e+02 -5.130810e+01  9.611445e+00
     vertex  1.242997e+02 -5.257811e+01  9.611445e+00
     vertex  1.242657e+02 -5.257811e+01  9.671917e+00
   endloop
 endfacet
 facet normal -9.030747e-01 -6.005142e-16 -4.294834e-01
   outer loop
     vertex  1.243295e+02 -5.130810e+01  9.548795e+00
     vertex  1.242997e+02 -5.257811e+01  9.611445e+00
     vertex  1.242997e+02 -5.130810e+01  9.611445e+00
   endloop
 endfacet
 facet normal -9.030747e-01 -6.007199e-16 -4.294834e-01
   outer loop
     vertex  1.243295e+02 -5.130810e+01  9.548795e+00
     vertex  1.243295e+02 -5.257811e+01  9.548795e+00
     vertex  1.242997e+02 -5.257811e+01  9.611445e+00
   endloop
 endfacet
 facet normal -9.302784e-01 -5.143749e-16 -3.668542e-01
   outer loop
     vertex  1.243550e+02 -5.130810e+01  9.484257e+00
     vertex  1.243295e+02 -5.257811e+01  9.548795e+00
     vertex  1.243295e+02 -5.130810e+01  9.548795e+00
   endloop
 endfacet
 facet normal -9.302784e-01 -0.000000e+00 -3.668542e-01
   outer loop
     vertex  1.243550e+02 -5.130810e+01  9.484257e+00
     vertex  1.243550e+02 -5.257811e+01  9.484257e+00
     vertex  1.243295e+02 -5.257811e+01  9.548795e+00
   endloop
 endfacet
 facet normal -9.531448e-01  0.000000e+00 -3.025146e-01
   outer loop
     vertex  1.243760e+02 -5.130810e+01  9.418132e+00
     vertex  1.243550e+02 -5.257811e+01  9.484257e+00
     vertex  1.243550e+02 -5.130810e+01  9.484257e+00
   endloop
 endfacet
 facet normal -9.531448e-01 -4.231281e-16 -3.025146e-01
   outer loop
     vertex  1.243760e+02 -5.130810e+01  9.418132e+00
     vertex  1.243760e+02 -5.257811e+01  9.418132e+00
     vertex  1.243550e+02 -5.257811e+01  9.484257e+00
   endloop
 endfacet
 facet normal -9.715671e-01 -3.322517e-16 -2.367644e-01
   outer loop
     vertex  1.243924e+02 -5.130810e+01  9.350730e+00
     vertex  1.243760e+02 -5.257811e+01  9.418132e+00
     vertex  1.243760e+02 -5.130810e+01  9.418132e+00
   endloop
 endfacet
 facet normal -9.715671e-01 -3.311632e-16 -2.367644e-01
   outer loop
     vertex  1.243924e+02 -5.130810e+01  9.350730e+00
     vertex  1.243924e+02 -5.257811e+01  9.350730e+00
     vertex  1.243760e+02 -5.257811e+01  9.418132e+00
   endloop
 endfacet
 facet normal -9.854595e-01 -2.374985e-16 -1.699104e-01
   outer loop
     vertex  1.244042e+02 -5.130810e+01  9.282364e+00
     vertex  1.243924e+02 -5.257811e+01  9.350730e+00
     vertex  1.243924e+02 -5.130810e+01  9.350730e+00
   endloop
 endfacet
 facet normal -9.854595e-01 -2.376542e-16 -1.699104e-01
   outer loop
     vertex  1.244042e+02 -5.130810e+01  9.282364e+00
     vertex  1.244042e+02 -5.257811e+01  9.282364e+00
     vertex  1.243924e+02 -5.257811e+01  9.350730e+00
   endloop
 endfacet
 facet normal -9.947573e-01 -1.427452e-16 -1.022641e-01
   outer loop
     vertex  1.244113e+02 -5.130810e+01  9.213353e+00
     vertex  1.244042e+02 -5.257811e+01  9.282364e+00
     vertex  1.244042e+02 -5.130810e+01  9.282364e+00
   endloop
 endfacet
 facet normal -9.947573e-01 -0.000000e+00 -1.022641e-01
   outer loop
     vertex  1.244113e+02 -5.130810e+01  9.213353e+00
     vertex  1.244113e+02 -5.257811e+01  9.213353e+00
     vertex  1.244042e+02 -5.257811e+01  9.282364e+00
   endloop
 endfacet
 facet normal -9.994170e-01  0.000000e+00 -3.414111e-02
   outer loop
     vertex  1.244136e+02 -5.130810e+01  9.144018e+00
     vertex  1.244113e+02 -5.257811e+01  9.213353e+00
     vertex  1.244113e+02 -5.130810e+01  9.213353e+00
   endloop
 endfacet
 facet normal -9.994170e-01 -4.775329e-17 -3.414111e-02
   outer loop
     vertex  1.244136e+02 -5.130810e+01  9.144018e+00
     vertex  1.244136e+02 -5.257811e+01  9.144018e+00
     vertex  1.244113e+02 -5.257811e+01  9.213353e+00
   endloop
 endfacet
 facet normal -1.000000e+00  0.000000e+00  0.000000e+00
   outer loop
     vertex  1.244136e+02 -5.130810e+01  8.178816e+00
     vertex  1.244136e+02 -5.257811e+01  9.144018e+00
     vertex  1.244136e+02 -5.130810e+01  9.144018e+00
   endloop
 endfacet
 facet normal -1.000000e+00  0.000000e+00  0.000000e+00
   outer loop
     vertex  1.244136e+02 -5.130810e+01  8.178816e+00
     vertex  1.244136e+02 -5.257811e+01  8.178816e+00
     vertex  1.244136e+02 -5.257811e+01  9.144018e+00
   endloop
 endfacet
 facet normal -9.994170e-01  4.768427e-17  3.414111e-02
   outer loop
     vertex  1.244113e+02 -5.130810e+01  8.109482e+00
     vertex  1.244136e+02 -5.257811e+01  8.178816e+00
     vertex  1.244136e+02 -5.130810e+01  8.178816e+00
   endloop
 endfacet
 facet normal -9.994170e-01  4.775329e-17  3.414111e-02
   outer loop
     vertex  1.244113e+02 -5.130810e+01  8.109482e+00
     vertex  1.244113e+02 -5.257811e+01  8.109482e+00
     vertex  1.244136e+02 -5.257811e+01  8.178816e+00
   endloop
 endfacet
 facet normal -9.947573e-01  1.427452e-16  1.022641e-01
   outer loop
     vertex  1.244042e+02 -5.130810e+01  8.040471e+00
     vertex  1.244113e+02 -5.257811e+01  8.109482e+00
     vertex  1.244113e+02 -5.130810e+01  8.109482e+00
   endloop
 endfacet
 facet normal -9.947573e-01  1.430372e-16  1.022641e-01
   outer loop
     vertex  1.244042e+02 -5.130810e+01  8.040471e+00
     vertex  1.244042e+02 -5.257811e+01  8.040471e+00
     vertex  1.244113e+02 -5.257811e+01  8.109482e+00
   endloop
 endfacet
 facet normal -9.854595e-01  2.374985e-16  1.699104e-01
   outer loop
     vertex  1.243924e+02 -5.130810e+01  7.972105e+00
     vertex  1.244042e+02 -5.257811e+01  8.040471e+00
     vertex  1.244042e+02 -5.130810e+01  8.040471e+00
   endloop
 endfacet
 facet normal -9.854595e-01  2.376542e-16  1.699104e-01
   outer loop
     vertex  1.243924e+02 -5.130810e+01  7.972105e+00
     vertex  1.243924e+02 -5.257811e+01  7.972105e+00
     vertex  1.244042e+02 -5.257811e+01  8.040471e+00
   endloop
 endfacet
 facet normal -9.715671e-01  3.322517e-16  2.367644e-01
   outer loop
     vertex  1.243760e+02 -5.130810e+01  7.904702e+00
     vertex  1.243924e+02 -5.257811e+01  7.972105e+00
     vertex  1.243924e+02 -5.130810e+01  7.972105e+00
   endloop
 endfacet
 facet normal -9.715671e-01  3.311632e-16  2.367644e-01
   outer loop
     vertex  1.243760e+02 -5.130810e+01  7.904702e+00
     vertex  1.243760e+02 -5.257811e+01  7.904702e+00
     vertex  1.243924e+02 -5.257811e+01  7.972105e+00
   endloop
 endfacet
 facet normal -9.531448e-01  4.233133e-16  3.025146e-01
   outer loop
     vertex  1.243550e+02 -5.130810e+01  7.838578e+00
     vertex  1.243760e+02 -5.257811e+01  7.904702e+00
     vertex  1.243760e+02 -5.130810e+01  7.904702e+00
   endloop
 endfacet
 facet normal -9.531448e-01  2.115641e-16  3.025146e-01
   outer loop
     vertex  1.243550e+02 -5.130810e+01  7.838578e+00
     vertex  1.243550e+02 -5.257811e+01  7.838578e+00
     vertex  1.243760e+02 -5.257811e+01  7.904702e+00
   endloop
 endfacet
 facet normal -9.302784e-01  2.584180e-16  3.668542e-01
   outer loop
     vertex  1.243295e+02 -5.130810e+01  7.774040e+00
     vertex  1.243550e+02 -5.257811e+01  7.838578e+00
     vertex  1.243550e+02 -5.130810e+01  7.838578e+00
   endloop
 endfacet
 facet normal -9.302784e-01  2.565601e-16  3.668542e-01
   outer loop
     vertex  1.243295e+02 -5.130810e+01  7.774040e+00
     vertex  1.243295e+02 -5.257811e+01  7.774040e+00
     vertex  1.243550e+02 -5.257811e+01  7.838578e+00
   endloop
 endfacet
 facet normal -9.030747e-01  3.002571e-16  4.294834e-01
   outer loop
     vertex  1.242997e+02 -5.130810e+01  7.711389e+00
     vertex  1.243295e+02 -5.257811e+01  7.774040e+00
     vertex  1.243295e+02 -5.130810e+01  7.774040e+00
   endloop
 endfacet
 facet normal -9.030747e-01  3.003600e-16  4.294834e-01
   outer loop
     vertex  1.242997e+02 -5.130810e+01  7.711389e+00
     vertex  1.242997e+02 -5.257811e+01  7.711389e+00
     vertex  1.243295e+02 -5.257811e+01  7.774040e+00
   endloop
 endfacet
 facet normal -8.716605e-01  3.445573e-16  4.901102e-01
   outer loop
     vertex  1.242657e+02 -5.130810e+01  7.650918e+00
     vertex  1.242997e+02 -5.257811e+01  7.711389e+00
     vertex  1.242997e+02 -5.130810e+01  7.711389e+00
   endloop
 endfacet
 facet normal -8.716605e-01  3.427594e-16  4.901102e-01
   outer loop
     vertex  1.242657e+02 -5.130810e+01  7.650918e+00
     vertex  1.242657e+02 -5.257811e+01  7.650918e+00
     vertex  1.242997e+02 -5.257811e+01  7.711389e+00
   endloop
 endfacet
 facet normal -8.361821e-01  3.839353e-16  5.484519e-01
   outer loop
     vertex  1.242277e+02 -5.130810e+01  7.592908e+00
     vertex  1.242657e+02 -5.257811e+01  7.650918e+00
     vertex  1.242657e+02 -5.130810e+01  7.650918e+00
   endloop
 endfacet
 facet normal -8.361821e-01  7.671215e-16  5.484519e-01
   outer loop
     vertex  1.242277e+02 -5.130810e+01  7.592908e+00
     vertex  1.242277e+02 -5.257811e+01  7.592908e+00
     vertex  1.242657e+02 -5.257811e+01  7.650918e+00
   endloop
 endfacet
 facet normal -7.968051e-01  8.417044e-16  6.042364e-01
   outer loop
     vertex  1.241858e+02 -5.130810e+01  7.537630e+00
     vertex  1.242277e+02 -5.257811e+01  7.592908e+00
     vertex  1.242277e+02 -5.130810e+01  7.592908e+00
   endloop
 endfacet
 facet normal -7.968051e-01  4.225737e-16  6.042364e-01
   outer loop
     vertex  1.241858e+02 -5.130810e+01  7.537630e+00
     vertex  1.241858e+02 -5.257811e+01  7.537630e+00
     vertex  1.242277e+02 -5.257811e+01  7.592908e+00
   endloop
 endfacet
 facet normal -7.537130e-01  4.577690e-16  6.572037e-01
   outer loop
     vertex  1.241402e+02 -5.130810e+01  7.485341e+00
     vertex  1.241858e+02 -5.257811e+01  7.537630e+00
     vertex  1.241858e+02 -5.130810e+01  7.537630e+00
   endloop
 endfacet
 facet normal -7.537130e-01  4.596165e-16  6.572037e-01
   outer loop
     vertex  1.241402e+02 -5.130810e+01  7.485341e+00
     vertex  1.241402e+02 -5.257811e+01  7.485341e+00
     vertex  1.241858e+02 -5.257811e+01  7.537630e+00
   endloop
 endfacet
 facet normal -7.071068e-01  4.922248e-16  7.071068e-01
   outer loop
     vertex  1.240911e+02 -5.130810e+01  7.436286e+00
     vertex  1.241402e+02 -5.257811e+01  7.485341e+00
     vertex  1.241402e+02 -5.130810e+01  7.485341e+00
   endloop
 endfacet
 facet normal -7.071068e-01  9.890326e-16  7.071068e-01
   outer loop
     vertex  1.240911e+02 -5.130810e+01  7.436286e+00
     vertex  1.240911e+02 -5.257811e+01  7.436286e+00
     vertex  1.241402e+02 -5.257811e+01  7.485341e+00
   endloop
 endfacet
 facet normal -6.572037e-01  1.053361e-15  7.537130e-01
   outer loop
     vertex  1.240388e+02 -5.130810e+01  7.390692e+00
     vertex  1.240911e+02 -5.257811e+01  7.436286e+00
     vertex  1.240911e+02 -5.130810e+01  7.436286e+00
   endloop
 endfacet
 facet normal -6.572037e-01  5.271105e-16  7.537130e-01
   outer loop
     vertex  1.240388e+02 -5.130810e+01  7.390692e+00
     vertex  1.240388e+02 -5.257811e+01  7.390692e+00
     vertex  1.240911e+02 -5.257811e+01  7.436286e+00
   endloop
 endfacet
 facet normal -6.042364e-01  5.562140e-16  7.968051e-01
   outer loop
     vertex  1.239836e+02 -5.130810e+01  7.348773e+00
     vertex  1.240388e+02 -5.257811e+01  7.390692e+00
     vertex  1.240388e+02 -5.130810e+01  7.390692e+00
   endloop
 endfacet
 facet normal -6.042364e-01  1.114494e-15  7.968051e-01
   outer loop
     vertex  1.239836e+02 -5.130810e+01  7.348773e+00
     vertex  1.239836e+02 -5.257811e+01  7.348773e+00
     vertex  1.240388e+02 -5.257811e+01  7.390692e+00
   endloop
 endfacet
 facet normal -5.484519e-01  1.171495e-15  8.361821e-01
   outer loop
     vertex  1.239255e+02 -5.130810e+01  7.310725e+00
     vertex  1.239836e+02 -5.257811e+01  7.348773e+00
     vertex  1.239836e+02 -5.130810e+01  7.348773e+00
   endloop
 endfacet
 facet normal -5.484519e-01  1.169571e-15  8.361821e-01
   outer loop
     vertex  1.239255e+02 -5.130810e+01  7.310725e+00
     vertex  1.239255e+02 -5.257811e+01  7.310725e+00
     vertex  1.239836e+02 -5.257811e+01  7.348773e+00
   endloop
 endfacet
 facet normal -4.901102e-01  1.220717e-15  8.716605e-01
   outer loop
     vertex  1.238651e+02 -5.130810e+01  7.276723e+00
     vertex  1.239255e+02 -5.257811e+01  7.310725e+00
     vertex  1.239255e+02 -5.130810e+01  7.310725e+00
   endloop
 endfacet
 facet normal -4.901102e-01  1.219194e-15  8.716605e-01
   outer loop
     vertex  1.238651e+02 -5.130810e+01  7.276723e+00
     vertex  1.238651e+02 -5.257811e+01  7.276723e+00
     vertex  1.239255e+02 -5.257811e+01  7.310725e+00
   endloop
 endfacet
 facet normal -4.294834e-01  1.262557e-15  9.030747e-01
   outer loop
     vertex  1.238024e+02 -5.130810e+01  7.246928e+00
     vertex  1.238651e+02 -5.257811e+01  7.276723e+00
     vertex  1.238651e+02 -5.130810e+01  7.276723e+00
   endloop
 endfacet
 facet normal -4.294834e-01  1.263134e-15  9.030747e-01
   outer loop
     vertex  1.238024e+02 -5.130810e+01  7.246928e+00
     vertex  1.238024e+02 -5.257811e+01  7.246928e+00
     vertex  1.238651e+02 -5.257811e+01  7.276723e+00
   endloop
 endfacet
 facet normal -3.668542e-01  1.299473e-15  9.302784e-01
   outer loop
     vertex  1.237379e+02 -5.130810e+01  7.221477e+00
     vertex  1.238024e+02 -5.257811e+01  7.246928e+00
     vertex  1.238024e+02 -5.130810e+01  7.246928e+00
   endloop
 endfacet
 facet normal -3.668542e-01  1.301184e-15  9.302784e-01
   outer loop
     vertex  1.237379e+02 -5.130810e+01  7.221477e+00
     vertex  1.237379e+02 -5.257811e+01  7.221477e+00
     vertex  1.238024e+02 -5.257811e+01  7.246928e+00
   endloop
 endfacet
 facet normal -3.025146e-01  1.333929e-15  9.531448e-01
   outer loop
     vertex  1.236718e+02 -5.130810e+01  7.200490e+00
     vertex  1.237379e+02 -5.257811e+01  7.221477e+00
     vertex  1.237379e+02 -5.130810e+01  7.221477e+00
   endloop
 endfacet
 facet normal -3.025146e-01  1.333167e-15  9.531448e-01
   outer loop
     vertex  1.236718e+02 -5.130810e+01  7.200490e+00
     vertex  1.236718e+02 -5.257811e+01  7.200490e+00
     vertex  1.237379e+02 -5.257811e+01  7.221477e+00
   endloop
 endfacet
 facet normal -2.367644e-01  1.358540e-15  9.715671e-01
   outer loop
     vertex  1.236044e+02 -5.130810e+01  7.184065e+00
     vertex  1.236718e+02 -5.257811e+01  7.200490e+00
     vertex  1.236718e+02 -5.130810e+01  7.200490e+00
   endloop
 endfacet
 facet normal -2.367644e-01  6.794671e-16  9.715671e-01
   outer loop
     vertex  1.236044e+02 -5.130810e+01  7.184065e+00
     vertex  1.236044e+02 -5.257811e+01  7.184065e+00
     vertex  1.236718e+02 -5.257811e+01  7.200490e+00
   endloop
 endfacet
 facet normal -1.699104e-01  6.891147e-16  9.854595e-01
   outer loop
     vertex  1.235360e+02 -5.130810e+01  7.172277e+00
     vertex  1.236044e+02 -5.257811e+01  7.184065e+00
     vertex  1.236044e+02 -5.130810e+01  7.184065e+00
   endloop
 endfacet
 facet normal -1.699104e-01  6.891828e-16  9.854595e-01
   outer loop
     vertex  1.235360e+02 -5.130810e+01  7.172277e+00
     vertex  1.235360e+02 -5.257811e+01  7.172277e+00
     vertex  1.236044e+02 -5.257811e+01  7.184065e+00
   endloop
 endfacet
 facet normal -1.022641e-01  6.952675e-16  9.947573e-01
   outer loop
     vertex  1.234670e+02 -5.130810e+01  7.165183e+00
     vertex  1.235360e+02 -5.257811e+01  7.172277e+00
     vertex  1.235360e+02 -5.130810e+01  7.172277e+00
   endloop
 endfacet
 facet normal -1.022641e-01  6.956852e-16  9.947573e-01
   outer loop
     vertex  1.234670e+02 -5.130810e+01  7.165183e+00
     vertex  1.234670e+02 -5.257811e+01  7.165183e+00
     vertex  1.235360e+02 -5.257811e+01  7.172277e+00
   endloop
 endfacet
 facet normal -3.414111e-02  6.989592e-16  9.994170e-01
   outer loop
     vertex  1.233976e+02 -5.130810e+01  7.162814e+00
     vertex  1.234670e+02 -5.257811e+01  7.165183e+00
     vertex  1.234670e+02 -5.130810e+01  7.165183e+00
   endloop
 endfacet
 facet normal -3.414111e-02  1.397888e-15  9.994170e-01
   outer loop
     vertex  1.233976e+02 -5.130810e+01  7.162814e+00
     vertex  1.233976e+02 -5.257811e+01  7.162814e+00
     vertex  1.234670e+02 -5.257811e+01  7.165183e+00
   endloop
 endfacet
 facet normal -0.000000e+00  1.398703e-15  1.000000e+00
   outer loop
     vertex  1.164296e+02 -5.130810e+01  7.162814e+00
     vertex  1.233976e+02 -5.257811e+01  7.162814e+00
     vertex  1.233976e+02 -5.130810e+01  7.162814e+00
   endloop
 endfacet
 facet normal  0.000000e+00  1.398703e-15  1.000000e+00
   outer loop
     vertex  1.164296e+02 -5.130810e+01  7.162814e+00
     vertex  1.164296e+02 -5.257811e+01  7.162814e+00
     vertex  1.233976e+02 -5.257811e+01  7.162814e+00
   endloop
 endfacet
 facet normal  3.414111e-02  1.397611e-15  9.994170e-01
   outer loop
     vertex  1.163603e+02 -5.130810e+01  7.165183e+00
     vertex  1.164296e+02 -5.257811e+01  7.162814e+00
     vertex  1.164296e+02 -5.130810e+01  7.162814e+00
   endloop
 endfacet
 facet normal  3.414111e-02  6.989440e-16  9.994170e-01
   outer loop
     vertex  1.163603e+02 -5.130810e+01  7.165183e+00
     vertex  1.163603e+02 -5.257811e+01  7.165183e+00
     vertex  1.164296e+02 -5.257811e+01  7.162814e+00
   endloop
 endfacet
 facet normal  1.022641e-01  6.952675e-16  9.947573e-01
   outer loop
     vertex  1.162913e+02 -5.130810e+01  7.172277e+00
     vertex  1.163603e+02 -5.257811e+01  7.165183e+00
     vertex  1.163603e+02 -5.130810e+01  7.165183e+00
   endloop
 endfacet
 facet normal  1.022641e-01  6.956852e-16  9.947573e-01
   outer loop
     vertex  1.162913e+02 -5.130810e+01  7.172277e+00
     vertex  1.162913e+02 -5.257811e+01  7.172277e+00
     vertex  1.163603e+02 -5.257811e+01  7.165183e+00
   endloop
 endfacet
 facet normal  1.699104e-01  6.903452e-16  9.854595e-01
   outer loop
     vertex  1.162229e+02 -5.130810e+01  7.184065e+00
     vertex  1.162913e+02 -5.257811e+01  7.172277e+00
     vertex  1.162913e+02 -5.130810e+01  7.172277e+00
   endloop
 endfacet
 facet normal  1.699104e-01  6.891828e-16  9.854595e-01
   outer loop
     vertex  1.162229e+02 -5.130810e+01  7.184065e+00
     vertex  1.162229e+02 -5.257811e+01  7.184065e+00
     vertex  1.162913e+02 -5.257811e+01  7.172277e+00
   endloop
 endfacet
 facet normal  2.367644e-01  6.817313e-16  9.715671e-01
   outer loop
     vertex  1.161555e+02 -5.130810e+01  7.200490e+00
     vertex  1.162229e+02 -5.257811e+01  7.184065e+00
     vertex  1.162229e+02 -5.130810e+01  7.184065e+00
   endloop
 endfacet
 facet normal  2.367644e-01  1.358934e-15  9.715671e-01
   outer loop
     vertex  1.161555e+02 -5.130810e+01  7.200490e+00
     vertex  1.161555e+02 -5.257811e+01  7.200490e+00
     vertex  1.162229e+02 -5.257811e+01  7.184065e+00
   endloop
 endfacet
 facet normal  3.025146e-01  1.333929e-15  9.531448e-01
   outer loop
     vertex  1.160894e+02 -5.130810e+01  7.221477e+00
     vertex  1.161555e+02 -5.257811e+01  7.200490e+00
     vertex  1.161555e+02 -5.130810e+01  7.200490e+00
   endloop
 endfacet
 facet normal  3.025146e-01  1.333167e-15  9.531448e-01
   outer loop
     vertex  1.160894e+02 -5.130810e+01  7.221477e+00
     vertex  1.160894e+02 -5.257811e+01  7.221477e+00
     vertex  1.161555e+02 -5.257811e+01  7.200490e+00
   endloop
 endfacet
 facet normal  3.668542e-01  1.301935e-15  9.302784e-01
   outer loop
     vertex  1.160249e+02 -5.130810e+01  7.246928e+00
     vertex  1.160894e+02 -5.257811e+01  7.221477e+00
     vertex  1.160894e+02 -5.130810e+01  7.221477e+00
   endloop
 endfacet
 facet normal  3.668542e-01  1.301184e-15  9.302784e-01
   outer loop
     vertex  1.160249e+02 -5.130810e+01  7.246928e+00
     vertex  1.160249e+02 -5.257811e+01  7.246928e+00
     vertex  1.160894e+02 -5.257811e+01  7.221477e+00
   endloop
 endfacet
 facet normal  4.294834e-01  1.262557e-15  9.030747e-01
   outer loop
     vertex  1.159622e+02 -5.130810e+01  7.276723e+00
     vertex  1.160249e+02 -5.257811e+01  7.246928e+00
     vertex  1.160249e+02 -5.130810e+01  7.246928e+00
   endloop
 endfacet
 facet normal  4.294834e-01  1.263134e-15  9.030747e-01
   outer loop
     vertex  1.159622e+02 -5.130810e+01  7.276723e+00
     vertex  1.159622e+02 -5.257811e+01  7.276723e+00
     vertex  1.160249e+02 -5.257811e+01  7.246928e+00
   endloop
 endfacet
 facet normal  4.901102e-01  1.215795e-15  8.716605e-01
   outer loop
     vertex  1.159017e+02 -5.130810e+01  7.310725e+00
     vertex  1.159622e+02 -5.257811e+01  7.276723e+00
     vertex  1.159622e+02 -5.130810e+01  7.276723e+00
   endloop
 endfacet
 facet normal  4.901102e-01  1.219194e-15  8.716605e-01
   outer loop
     vertex  1.159017e+02 -5.130810e+01  7.310725e+00
     vertex  1.159017e+02 -5.257811e+01  7.310725e+00
     vertex  1.159622e+02 -5.257811e+01  7.276723e+00
   endloop
 endfacet
 facet normal  5.484519e-01  1.166573e-15  8.361821e-01
   outer loop
     vertex  1.158437e+02 -5.130810e+01  7.348773e+00
     vertex  1.159017e+02 -5.257811e+01  7.310725e+00
     vertex  1.159017e+02 -5.130810e+01  7.310725e+00
   endloop
 endfacet
 facet normal  5.484519e-01  1.169571e-15  8.361821e-01
   outer loop
     vertex  1.158437e+02 -5.130810e+01  7.348773e+00
     vertex  1.158437e+02 -5.257811e+01  7.348773e+00
     vertex  1.159017e+02 -5.257811e+01  7.310725e+00
   endloop
 endfacet
 facet normal  6.042364e-01  1.117350e-15  7.968051e-01
   outer loop
     vertex  1.157884e+02 -5.130810e+01  7.390692e+00
     vertex  1.158437e+02 -5.257811e+01  7.348773e+00
     vertex  1.158437e+02 -5.130810e+01  7.348773e+00
   endloop
 endfacet
 facet normal  6.042364e-01  5.572470e-16  7.968051e-01
   outer loop
     vertex  1.157884e+02 -5.130810e+01  7.390692e+00
     vertex  1.157884e+02 -5.257811e+01  7.390692e+00
     vertex  1.158437e+02 -5.257811e+01  7.348773e+00
   endloop
 endfacet
 facet normal  6.572037e-01  5.266805e-16  7.537130e-01
   outer loop
     vertex  1.157362e+02 -5.130810e+01  7.436286e+00
     vertex  1.157884e+02 -5.257811e+01  7.390692e+00
     vertex  1.157884e+02 -5.130810e+01  7.390692e+00
   endloop
 endfacet
 facet normal  6.572037e-01  1.054221e-15  7.537130e-01
   outer loop
     vertex  1.157362e+02 -5.130810e+01  7.436286e+00
     vertex  1.157362e+02 -5.257811e+01  7.436286e+00
     vertex  1.157884e+02 -5.257811e+01  7.390692e+00
   endloop
 endfacet
 facet normal  7.071068e-01  9.893718e-16  7.071068e-01
   outer loop
     vertex  1.156871e+02 -5.130810e+01  7.485341e+00
     vertex  1.157362e+02 -5.257811e+01  7.436286e+00
     vertex  1.157362e+02 -5.130810e+01  7.436286e+00
   endloop
 endfacet
 facet normal  7.071068e-01  4.945163e-16  7.071068e-01
   outer loop
     vertex  1.156871e+02 -5.130810e+01  7.485341e+00
     vertex  1.156871e+02 -5.257811e+01  7.485341e+00
     vertex  1.157362e+02 -5.257811e+01  7.436286e+00
   endloop
 endfacet
 facet normal  7.537130e-01  4.577690e-16  6.572037e-01
   outer loop
     vertex  1.156415e+02 -5.130810e+01  7.537630e+00
     vertex  1.156871e+02 -5.257811e+01  7.485341e+00
     vertex  1.156871e+02 -5.130810e+01  7.485341e+00
   endloop
 endfacet
 facet normal  7.537130e-01  4.596165e-16  6.572037e-01
   outer loop
     vertex  1.156415e+02 -5.130810e+01  7.537630e+00
     vertex  1.156415e+02 -5.257811e+01  7.537630e+00
     vertex  1.156871e+02 -5.257811e+01  7.485341e+00
   endloop
 endfacet
 facet normal  7.968051e-01  4.233133e-16  6.042364e-01
   outer loop
     vertex  1.155996e+02 -5.130810e+01  7.592908e+00
     vertex  1.156415e+02 -5.257811e+01  7.537630e+00
     vertex  1.156415e+02 -5.130810e+01  7.537630e+00
   endloop
 endfacet
 facet normal  7.968051e-01  8.451475e-16  6.042364e-01
   outer loop
     vertex  1.155996e+02 -5.130810e+01  7.592908e+00
     vertex  1.155996e+02 -5.257811e+01  7.592908e+00
     vertex  1.156415e+02 -5.257811e+01  7.537630e+00
   endloop
 endfacet
 facet normal  8.361821e-01  7.629484e-16  5.484519e-01
   outer loop
     vertex  1.155615e+02 -5.130810e+01  7.650918e+00
     vertex  1.155996e+02 -5.257811e+01  7.592908e+00
     vertex  1.155996e+02 -5.130810e+01  7.592908e+00
   endloop
 endfacet
 facet normal  8.361821e-01  3.835607e-16  5.484519e-01
   outer loop
     vertex  1.155615e+02 -5.130810e+01  7.650918e+00
     vertex  1.155615e+02 -5.257811e+01  7.650918e+00
     vertex  1.155996e+02 -5.257811e+01  7.592908e+00
   endloop
 endfacet
 facet normal  8.716605e-01  3.396351e-16  4.901102e-01
   outer loop
     vertex  1.155275e+02 -5.130810e+01  7.711389e+00
     vertex  1.155615e+02 -5.257811e+01  7.650918e+00
     vertex  1.155615e+02 -5.130810e+01  7.650918e+00
   endloop
 endfacet
 facet normal  8.716605e-01  3.427594e-16  4.901102e-01
   outer loop
     vertex  1.155275e+02 -5.130810e+01  7.711389e+00
     vertex  1.155275e+02 -5.257811e+01  7.711389e+00
     vertex  1.155615e+02 -5.257811e+01  7.650918e+00
   endloop
 endfacet
 facet normal  9.030747e-01  3.027182e-16  4.294834e-01
   outer loop
     vertex  1.154977e+02 -5.130810e+01  7.774040e+00
     vertex  1.155275e+02 -5.257811e+01  7.711389e+00
     vertex  1.155275e+02 -5.130810e+01  7.711389e+00
   endloop
 endfacet
 facet normal  9.030747e-01  3.003600e-16  4.294834e-01
   outer loop
     vertex  1.154977e+02 -5.130810e+01  7.774040e+00
     vertex  1.154977e+02 -5.257811e+01  7.774040e+00
     vertex  1.155275e+02 -5.257811e+01  7.711389e+00
   endloop
 endfacet
 facet normal  9.302784e-01  2.559569e-16  3.668542e-01
   outer loop
     vertex  1.154723e+02 -5.130810e+01  7.838578e+00
     vertex  1.154977e+02 -5.257811e+01  7.774040e+00
     vertex  1.154977e+02 -5.130810e+01  7.774040e+00
   endloop
 endfacet
 facet normal  9.302784e-01  2.565601e-16  3.668542e-01
   outer loop
     vertex  1.154723e+02 -5.130810e+01  7.838578e+00
     vertex  1.154723e+02 -5.257811e+01  7.838578e+00
     vertex  1.154977e+02 -5.257811e+01  7.774040e+00
   endloop
 endfacet
 facet normal  9.531448e-01  2.116567e-16  3.025146e-01
   outer loop
     vertex  1.154513e+02 -5.130810e+01  7.904702e+00
     vertex  1.154723e+02 -5.257811e+01  7.838578e+00
     vertex  1.154723e+02 -5.130810e+01  7.838578e+00
   endloop
 endfacet
 facet normal  9.531448e-01  4.231281e-16  3.025146e-01
   outer loop
     vertex  1.154513e+02 -5.130810e+01  7.904702e+00
     vertex  1.154513e+02 -5.257811e+01  7.904702e+00
     vertex  1.154723e+02 -5.257811e+01  7.838578e+00
   endloop
 endfacet
 facet normal  9.715671e-01  3.297906e-16  2.367644e-01
   outer loop
     vertex  1.154349e+02 -5.130810e+01  7.972105e+00
     vertex  1.154513e+02 -5.257811e+01  7.904702e+00
     vertex  1.154513e+02 -5.130810e+01  7.904702e+00
   endloop
 endfacet
 facet normal  9.715671e-01  3.311632e-16  2.367644e-01
   outer loop
     vertex  1.154349e+02 -5.130810e+01  7.972105e+00
     vertex  1.154349e+02 -5.257811e+01  7.972105e+00
     vertex  1.154513e+02 -5.257811e+01  7.904702e+00
   endloop
 endfacet
 facet normal  9.854595e-01  2.374985e-16  1.699104e-01
   outer loop
     vertex  1.154231e+02 -5.130810e+01  8.040471e+00
     vertex  1.154349e+02 -5.257811e+01  7.972105e+00
     vertex  1.154349e+02 -5.130810e+01  7.972105e+00
   endloop
 endfacet
 facet normal  9.854595e-01  2.376542e-16  1.699104e-01
   outer loop
     vertex  1.154231e+02 -5.130810e+01  8.040471e+00
     vertex  1.154231e+02 -5.257811e+01  8.040471e+00
     vertex  1.154349e+02 -5.257811e+01  7.972105e+00
   endloop
 endfacet
 facet normal  9.947573e-01  1.427452e-16  1.022641e-01
   outer loop
     vertex  1.154160e+02 -5.130810e+01  8.109482e+00
     vertex  1.154231e+02 -5.257811e+01  8.040471e+00
     vertex  1.154231e+02 -5.130810e+01  8.040471e+00
   endloop
 endfacet
 facet normal  9.947573e-01  1.430372e-16  1.022641e-01
   outer loop
     vertex  1.154160e+02 -5.130810e+01  8.109482e+00
     vertex  1.154160e+02 -5.257811e+01  8.109482e+00
     vertex  1.154231e+02 -5.257811e+01  8.040471e+00
   endloop
 endfacet
 facet normal  9.994170e-01  4.768427e-17  3.414111e-02
   outer loop
     vertex  1.154136e+02 -5.130810e+01  8.178816e+00
     vertex  1.154160e+02 -5.257811e+01  8.109482e+00
     vertex  1.154160e+02 -5.130810e+01  8.109482e+00
   endloop
 endfacet
 facet normal  9.994170e-01  4.775329e-17  3.414111e-02
   outer loop
     vertex  1.154136e+02 -5.130810e+01  8.178816e+00
     vertex  1.154136e+02 -5.257811e+01  8.178816e+00
     vertex  1.154160e+02 -5.257811e+01  8.109482e+00
   endloop
 endfacet
 facet normal  1.000000e+00  0.000000e+00  0.000000e+00
   outer loop
     vertex  1.154136e+02 -5.130810e+01  9.144018e+00
     vertex  1.154136e+02 -5.257811e+01  8.178816e+00
     vertex  1.154136e+02 -5.130810e+01  8.178816e+00
   endloop
 endfacet
 facet normal  1.000000e+00  0.000000e+00  0.000000e+00
   outer loop
     vertex  1.154136e+02 -5.130810e+01  9.144018e+00
     vertex  1.154136e+02 -5.257811e+01  9.144018e+00
     vertex  1.154136e+02 -5.257811e+01  8.178816e+00
   endloop
 endfacet
 facet normal -1.698270e-16  2.239505e-16 -1.000000e+00
   outer loop
     vertex  1.703850e+02 -1.293862e+02  1.397003e+01
     vertex  1.747549e+02 -1.340043e+02  1.397003e+01
     vertex  1.745131e+02 -1.341877e+02  1.397003e+01
   endloop
 endfacet
 facet normal -1.551600e-16  2.365605e-16 -1.000000e+00
   outer loop
     vertex  1.703850e+02 -1.293862e+02  1.397003e+01
     vertex  1.745131e+02 -1.341877e+02  1.397003e+01
     vertex  1.742593e+02 -1.343542e+02  1.397003e+01
   endloop
 endfacet
 facet normal -1.397629e-16  2.485681e-16 -1.000000e+00
   outer loop
     vertex  1.703850e+02 -1.293862e+02  1.397003e+01
     vertex  1.742593e+02 -1.343542e+02  1.397003e+01
     vertex  1.739947e+02 -1.345029e+02  1.397003e+01
   endloop
 endfacet
 facet normal -1.236274e-16  2.599513e-16 -1.000000e+00
   outer loop
     vertex  1.703850e+02 -1.293862e+02  1.397003e+01
     vertex  1.739947e+02 -1.345029e+02  1.397003e+01
     vertex  1.737206e+02 -1.346333e+02  1.397003e+01
   endloop
 endfacet
 facet normal -1.067441e-16  2.706843e-16 -1.000000e+00
   outer loop
     vertex  1.703850e+02 -1.293862e+02  1.397003e+01
     vertex  1.737206e+02 -1.346333e+02  1.397003e+01
     vertex  1.734383e+02 -1.347446e+02  1.397003e+01
   endloop
 endfacet
 facet normal -8.910193e-17  2.807370e-16 -1.000000e+00
   outer loop
     vertex  1.703850e+02 -1.293862e+02  1.397003e+01
     vertex  1.734383e+02 -1.347446e+02  1.397003e+01
     vertex  1.731490e+02 -1.348364e+02  1.397003e+01
   endloop
 endfacet
 facet normal -7.068927e-17  2.900747e-16 -1.000000e+00
   outer loop
     vertex  1.703850e+02 -1.293862e+02  1.397003e+01
     vertex  1.731490e+02 -1.348364e+02  1.397003e+01
     vertex  1.728541e+02 -1.349083e+02  1.397003e+01
   endloop
 endfacet
 facet normal -5.149378e-17  2.986576e-16 -1.000000e+00
   outer loop
     vertex  1.703850e+02 -1.293862e+02  1.397003e+01
     vertex  1.728541e+02 -1.349083e+02  1.397003e+01
     vertex  1.725550e+02 -1.349599e+02  1.397003e+01
   endloop
 endfacet
 facet normal -4.182327e-15 -3.572931e-15 -1.000000e+00
   outer loop
     vertex  1.706125e+02 -1.291553e+02  1.397003e+01
     vertex  1.747549e+02 -1.340043e+02  1.397003e+01
     vertex  1.703850e+02 -1.293862e+02  1.397003e+01
   endloop
 endfacet
 facet normal  0.000000e+00  0.000000e+00 -1.000000e+00
   outer loop
     vertex  1.706125e+02 -1.291553e+02  1.397003e+01
     vertex  1.762299e+02 -1.317555e+02  1.397003e+01
     vertex  1.761381e+02 -1.320448e+02  1.397003e+01
   endloop
 endfacet
 facet normal  0.000000e+00  0.000000e+00 -1.000000e+00
   outer loop
     vertex  1.706125e+02 -1.291553e+02  1.397003e+01
     vertex  1.761381e+02 -1.320448e+02  1.397003e+01
     vertex  1.760267e+02 -1.323272e+02  1.397003e+01
   endloop
 endfacet
 facet normal  0.000000e+00  0.000000e+00 -1.000000e+00
   outer loop
     vertex  1.706125e+02 -1.291553e+02  1.397003e+01
     vertex  1.760267e+02 -1.323272e+02  1.397003e+01
     vertex  1.758964e+02 -1.326013e+02  1.397003e+01
   endloop
 endfacet
 facet normal  0.000000e+00  0.000000e+00 -1.000000e+00
   outer loop
     vertex  1.706125e+02 -1.291553e+02  1.397003e+01
     vertex  1.758964e+02 -1.326013e+02  1.397003e+01
     vertex  1.757476e+02 -1.328658e+02  1.397003e+01
   endloop
 endfacet
 facet normal  0.000000e+00  0.000000e+00 -1.000000e+00
   outer loop
     vertex  1.706125e+02 -1.291553e+02  1.397003e+01
     vertex  1.757476e+02 -1.328658e+02  1.397003e+01
     vertex  1.755811e+02 -1.331196e+02  1.397003e+01
   endloop
 endfacet
 facet normal  0.000000e+00  0.000000e+00 -1.000000e+00
   outer loop
     vertex  1.706125e+02 -1.291553e+02  1.397003e+01
     vertex  1.755811e+02 -1.331196e+02  1.397003e+01
     vertex  1.753978e+02 -1.333615e+02  1.397003e+01
   endloop
 endfacet
 facet normal  0.000000e+00  0.000000e+00 -1.000000e+00
   outer loop
     vertex  1.706125e+02 -1.291553e+02  1.397003e+01
     vertex  1.753978e+02 -1.333615e+02  1.397003e+01
     vertex  1.751983e+02 -1.335902e+02  1.397003e+01
   endloop
 endfacet
 facet normal  0.000000e+00  0.000000e+00 -1.000000e+00
   outer loop
     vertex  1.706125e+02 -1.291553e+02  1.397003e+01
     vertex  1.751983e+02 -1.335902e+02  1.397003e+01
     vertex  1.749837e+02 -1.338048e+02  1.397003e+01
   endloop
 endfacet
 facet normal  0.000000e+00  0.000000e+00 -1.000000e+00
   outer loop
     vertex  1.706125e+02 -1.291553e+02  1.397003e+01
     vertex  1.749837e+02 -1.338048e+02  1.397003e+01
     vertex  1.747549e+02 -1.340043e+02  1.397003e+01
   endloop
 endfacet
 facet normal -1.933047e-16  2.434461e-16 -1.000000e+00
   outer loop
     vertex  1.701302e+02 -1.295885e+02  1.397003e+01
     vertex  1.703850e+02 -1.293862e+02  1.397003e+01
     vertex  1.725550e+02 -1.349599e+02  1.397003e+01
   endloop
 endfacet
 facet normal -3.249016e-17  3.160425e-16 -1.000000e+00
   outer loop
     vertex  1.701302e+02 -1.295885e+02  1.397003e+01
     vertex  1.725550e+02 -1.349599e+02  1.397003e+01
     vertex  1.722530e+02 -1.349909e+02  1.397003e+01
   endloop
 endfacet
 facet normal -1.108369e-17  3.244542e-16 -1.000000e+00
   outer loop
     vertex  1.701302e+02 -1.295885e+02  1.397003e+01
     vertex  1.722530e+02 -1.349909e+02  1.397003e+01
     vertex  1.719497e+02 -1.350013e+02  1.397003e+01
   endloop
 endfacet
 facet normal  3.148623e-16 -1.075602e-17 -1.000000e+00
   outer loop
     vertex  1.708096e+02 -1.288996e+02  1.397003e+01
     vertex  1.763947e+02 -1.305563e+02  1.397003e+01
     vertex  1.763844e+02 -1.308596e+02  1.397003e+01
   endloop
 endfacet
 facet normal  3.075286e-16 -3.161490e-17 -1.000000e+00
   outer loop
     vertex  1.708096e+02 -1.288996e+02  1.397003e+01
     vertex  1.763844e+02 -1.308596e+02  1.397003e+01
     vertex  1.763533e+02 -1.311615e+02  1.397003e+01
   endloop
 endfacet
 facet normal  2.993677e-16 -5.161621e-17 -1.000000e+00
   outer loop
     vertex  1.708096e+02 -1.288996e+02  1.397003e+01
     vertex  1.763533e+02 -1.311615e+02  1.397003e+01
     vertex  1.763017e+02 -1.314606e+02  1.397003e+01
   endloop
 endfacet
 facet normal  2.904330e-16 -7.077659e-17 -1.000000e+00
   outer loop
     vertex  1.708096e+02 -1.288996e+02  1.397003e+01
     vertex  1.763017e+02 -1.314606e+02  1.397003e+01
     vertex  1.762299e+02 -1.317555e+02  1.397003e+01
   endloop
 endfacet
 facet normal -2.369555e-15 -5.119189e-15 -1.000000e+00
   outer loop
     vertex  1.708096e+02 -1.288996e+02  1.397003e+01
     vertex  1.762299e+02 -1.317555e+02  1.397003e+01
     vertex  1.706125e+02 -1.291553e+02  1.397003e+01
   endloop
 endfacet
 facet normal  5.122655e-15  2.050186e-15 -1.000000e+00
   outer loop
     vertex  1.698516e+02 -1.297589e+02  1.397003e+01
     vertex  1.701302e+02 -1.295885e+02  1.397003e+01
     vertex  1.719497e+02 -1.350013e+02  1.397003e+01
   endloop
 endfacet
 facet normal  1.890107e-15  5.299842e-15 -1.000000e+00
   outer loop
     vertex  1.709739e+02 -1.286230e+02  1.397003e+01
     vertex  1.763947e+02 -1.305563e+02  1.397003e+01
     vertex  1.708096e+02 -1.288996e+02  1.397003e+01
   endloop
 endfacet
 facet normal  0.000000e+00  0.000000e+00 -1.000000e+00
   outer loop
     vertex  1.695839e+02 -1.298825e+02  1.397003e+01
     vertex  1.698516e+02 -1.297589e+02  1.397003e+01
     vertex  1.719497e+02 -1.350013e+02  1.397003e+01
   endloop
 endfacet
 facet normal  1.867035e-15  5.235150e-15 -1.000000e+00
   outer loop
     vertex  1.711033e+02 -1.283298e+02  1.397003e+01
     vertex  1.763947e+02 -1.305563e+02  1.397003e+01
     vertex  1.709739e+02 -1.286230e+02  1.397003e+01
   endloop
 endfacet
 facet normal -5.485426e-15 -2.535270e-15 -1.000000e+00
   outer loop
     vertex  1.693033e+02 -1.299761e+02  1.397003e+01
     vertex  1.695839e+02 -1.298825e+02  1.397003e+01
     vertex  1.719497e+02 -1.350013e+02  1.397003e+01
   endloop
 endfacet
 facet normal -2.975521e-16  9.067617e-17 -1.000000e+00
   outer loop
     vertex  1.711963e+02 -1.280245e+02  1.397003e+01
     vertex  1.763947e+02 -1.305563e+02  1.397003e+01
     vertex  1.711033e+02 -1.283298e+02  1.397003e+01
   endloop
 endfacet
 facet normal  5.434241e-15  3.215293e-15 -1.000000e+00
   outer loop
     vertex  1.690132e+02 -1.300382e+02  1.397003e+01
     vertex  1.693033e+02 -1.299761e+02  1.397003e+01
     vertex  1.719497e+02 -1.350013e+02  1.397003e+01
   endloop
 endfacet
 facet normal -2.809538e-15 -5.067149e-15 -1.000000e+00
   outer loop
     vertex  1.712529e+02 -1.277053e+02  1.397003e+01
     vertex  1.763947e+02 -1.305563e+02  1.397003e+01
     vertex  1.711963e+02 -1.280245e+02  1.397003e+01
   endloop
 endfacet
 facet normal  5.662680e-15  3.350454e-15 -1.000000e+00
   outer loop
     vertex  1.687170e+02 -1.300677e+02  1.397003e+01
     vertex  1.690132e+02 -1.300382e+02  1.397003e+01
     vertex  1.719497e+02 -1.350013e+02  1.397003e+01
   endloop
 endfacet
 facet normal  0.000000e+00 -0.000000e+00 -1.000000e+00
   outer loop
     vertex  1.712703e+02 -1.274003e+02  1.397003e+01
     vertex  1.763947e+02 -1.305563e+02  1.397003e+01
     vertex  1.712529e+02 -1.277053e+02  1.397003e+01
   endloop
 endfacet
 facet normal -6.000511e-15 -4.291932e-15 -1.000000e+00
   outer loop
     vertex  1.684183e+02 -1.300640e+02  1.397003e+01
     vertex  1.687170e+02 -1.300677e+02  1.397003e+01
     vertex  1.719497e+02 -1.350013e+02  1.397003e+01
   endloop
 endfacet
 facet normal  0.000000e+00  0.000000e+00 -1.000000e+00
   outer loop
     vertex  1.712531e+02 -1.270975e+02  1.397003e+01
     vertex  1.763947e+02 -1.305563e+02  1.397003e+01
     vertex  1.712703e+02 -1.274003e+02  1.397003e+01
   endloop
 endfacet
 facet normal  0.000000e+00  0.000000e+00 -1.000000e+00
   outer loop
     vertex  1.681209e+02 -1.300269e+02  1.397003e+01
     vertex  1.684183e+02 -1.300640e+02  1.397003e+01
     vertex  1.719497e+02 -1.350013e+02  1.397003e+01
   endloop
 endfacet
 facet normal  0.000000e+00  0.000000e+00 -1.000000e+00
   outer loop
     vertex  1.711975e+02 -1.267806e+02  1.397003e+01
     vertex  1.763947e+02 -1.305563e+02  1.397003e+01
     vertex  1.712531e+02 -1.270975e+02  1.397003e+01
   endloop
 endfacet
 facet normal  0.000000e+00  0.000000e+00 -1.000000e+00
   outer loop
     vertex  1.678285e+02 -1.299563e+02  1.397003e+01
     vertex  1.681209e+02 -1.300269e+02  1.397003e+01
     vertex  1.719497e+02 -1.350013e+02  1.397003e+01
   endloop
 endfacet
 facet normal  0.000000e+00  0.000000e+00 -1.000000e+00
   outer loop
     vertex  1.711113e+02 -1.264925e+02  1.397003e+01
     vertex  1.763947e+02 -1.305563e+02  1.397003e+01
     vertex  1.711975e+02 -1.267806e+02  1.397003e+01
   endloop
 endfacet
 facet normal  0.000000e+00  0.000000e+00 -1.000000e+00
   outer loop
     vertex  1.675448e+02 -1.298527e+02  1.397003e+01
     vertex  1.678285e+02 -1.299563e+02  1.397003e+01
     vertex  1.719497e+02 -1.350013e+02  1.397003e+01
   endloop
 endfacet
 facet normal -7.375211e-15 -9.588657e-15 -1.000000e+00
   outer loop
     vertex  1.709937e+02 -1.262168e+02  1.397003e+01
     vertex  1.763947e+02 -1.305563e+02  1.397003e+01
     vertex  1.711113e+02 -1.264925e+02  1.397003e+01
   endloop
 endfacet
 facet normal  0.000000e+00  0.000000e+00 -1.000000e+00
   outer loop
     vertex  1.672735e+02 -1.297172e+02  1.397003e+01
     vertex  1.675448e+02 -1.298527e+02  1.397003e+01
     vertex  1.719497e+02 -1.350013e+02  1.397003e+01
   endloop
 endfacet
 facet normal  1.067825e-14  1.288098e-14 -1.000000e+00
   outer loop
     vertex  1.708466e+02 -1.259569e+02  1.397003e+01
     vertex  1.763947e+02 -1.305563e+02  1.397003e+01
     vertex  1.709937e+02 -1.262168e+02  1.397003e+01
   endloop
 endfacet
 facet normal  0.000000e+00  0.000000e+00 -1.000000e+00
   outer loop
     vertex  1.670086e+02 -1.295439e+02  1.397003e+01
     vertex  1.672735e+02 -1.297172e+02  1.397003e+01
     vertex  1.719497e+02 -1.350013e+02  1.397003e+01
   endloop
 endfacet
 facet normal  1.529187e-14  1.844630e-14 -1.000000e+00
   outer loop
     vertex  1.706720e+02 -1.257159e+02  1.397003e+01
     vertex  1.763947e+02 -1.305563e+02  1.397003e+01
     vertex  1.708466e+02 -1.259569e+02  1.397003e+01
   endloop
 endfacet
 facet normal  0.000000e+00  0.000000e+00 -1.000000e+00
   outer loop
     vertex  1.667652e+02 -1.293396e+02  1.397003e+01
     vertex  1.670086e+02 -1.295439e+02  1.397003e+01
     vertex  1.719497e+02 -1.350013e+02  1.397003e+01
   endloop
 endfacet
 facet normal -1.347230e-15 -1.225823e-15 -1.000000e+00
   outer loop
     vertex  1.704723e+02 -1.254964e+02  1.397003e+01
     vertex  1.763947e+02 -1.305563e+02  1.397003e+01
     vertex  1.706720e+02 -1.257159e+02  1.397003e+01
   endloop
 endfacet
 facet normal  0.000000e+00  0.000000e+00 -1.000000e+00
   outer loop
     vertex  1.613503e+02 -1.219802e+02  1.397003e+01
     vertex  1.691044e+02 -1.247783e+02  1.397003e+01
     vertex  1.687842e+02 -1.247366e+02  1.397003e+01
   endloop
 endfacet
 facet normal -5.654739e-15 -1.525091e-14 -1.000000e+00
   outer loop
     vertex  1.613503e+02 -1.219802e+02  1.397003e+01
     vertex  1.687842e+02 -1.247366e+02  1.397003e+01
     vertex  1.684626e+02 -1.247338e+02  1.397003e+01
   endloop
 endfacet
 facet normal  5.608795e-17 -5.002412e-16 -1.000000e+00
   outer loop
     vertex  1.613503e+02 -1.219802e+02  1.397003e+01
     vertex  1.684626e+02 -1.247338e+02  1.397003e+01
     vertex  1.681442e+02 -1.247695e+02  1.397003e+01
   endloop
 endfacet
 facet normal  3.728190e-15  8.443939e-15 -1.000000e+00
   outer loop
     vertex  1.613503e+02 -1.219802e+02  1.397003e+01
     vertex  1.681442e+02 -1.247695e+02  1.397003e+01
     vertex  1.678335e+02 -1.248427e+02  1.397003e+01
   endloop
 endfacet
 facet normal  0.000000e+00  0.000000e+00 -1.000000e+00
   outer loop
     vertex  1.613503e+02 -1.219802e+02  1.397003e+01
     vertex  1.678335e+02 -1.248427e+02  1.397003e+01
     vertex  1.675351e+02 -1.249520e+02  1.397003e+01
   endloop
 endfacet
 facet normal  0.000000e+00  0.000000e+00 -1.000000e+00
   outer loop
     vertex  1.613503e+02 -1.219802e+02  1.397003e+01
     vertex  1.675351e+02 -1.249520e+02  1.397003e+01
     vertex  1.672528e+02 -1.250952e+02  1.397003e+01
   endloop
 endfacet
 facet normal  0.000000e+00  0.000000e+00 -1.000000e+00
   outer loop
     vertex  1.613503e+02 -1.219802e+02  1.397003e+01
     vertex  1.672528e+02 -1.250952e+02  1.397003e+01
     vertex  1.670002e+02 -1.252629e+02  1.397003e+01
   endloop
 endfacet
 facet normal  0.000000e+00  0.000000e+00 -1.000000e+00
   outer loop
     vertex  1.613503e+02 -1.219802e+02  1.397003e+01
     vertex  1.670002e+02 -1.252629e+02  1.397003e+01
     vertex  1.667691e+02 -1.254572e+02  1.397003e+01
   endloop
 endfacet
 facet normal  3.246416e-15  5.059386e-15 -1.000000e+00
   outer loop
     vertex  1.613503e+02 -1.219802e+02  1.397003e+01
     vertex  1.667691e+02 -1.254572e+02  1.397003e+01
     vertex  1.665621e+02 -1.256756e+02  1.397003e+01
   endloop
 endfacet
 facet normal -3.651711e-15 -4.669596e-15 -1.000000e+00
   outer loop
     vertex  1.613503e+02 -1.219802e+02  1.397003e+01
     vertex  1.665621e+02 -1.256756e+02  1.397003e+01
     vertex  1.663817e+02 -1.259148e+02  1.397003e+01
   endloop
 endfacet
 facet normal  0.000000e+00  0.000000e+00 -1.000000e+00
   outer loop
     vertex  1.613503e+02 -1.219802e+02  1.397003e+01
     vertex  1.663817e+02 -1.259148e+02  1.397003e+01
     vertex  1.662297e+02 -1.261719e+02  1.397003e+01
   endloop
 endfacet
 facet normal -4.055165e-15 -4.720414e-15 -1.000000e+00
   outer loop
     vertex  1.613503e+02 -1.219802e+02  1.397003e+01
     vertex  1.662297e+02 -1.261719e+02  1.397003e+01
     vertex  1.661077e+02 -1.264434e+02  1.397003e+01
   endloop
 endfacet
 facet normal  4.820087e-15  4.739745e-15 -1.000000e+00
   outer loop
     vertex  1.613503e+02 -1.219802e+02  1.397003e+01
     vertex  1.661077e+02 -1.264434e+02  1.397003e+01
     vertex  1.660169e+02 -1.267259e+02  1.397003e+01
   endloop
 endfacet
 facet normal  0.000000e+00  0.000000e+00 -1.000000e+00
   outer loop
     vertex  1.613503e+02 -1.219802e+02  1.397003e+01
     vertex  1.660169e+02 -1.267259e+02  1.397003e+01
     vertex  1.659582e+02 -1.270158e+02  1.397003e+01
   endloop
 endfacet
 facet normal  0.000000e+00  0.000000e+00 -1.000000e+00
   outer loop
     vertex  1.613503e+02 -1.219802e+02  1.397003e+01
     vertex  1.659582e+02 -1.270158e+02  1.397003e+01
     vertex  1.659319e+02 -1.273095e+02  1.397003e+01
   endloop
 endfacet
 facet normal  0.000000e+00  0.000000e+00 -1.000000e+00
   outer loop
     vertex  1.613503e+02 -1.219802e+02  1.397003e+01
     vertex  1.659319e+02 -1.273095e+02  1.397003e+01
     vertex  1.659407e+02 -1.276359e+02  1.397003e+01
   endloop
 endfacet
 facet normal  0.000000e+00  0.000000e+00 -1.000000e+00
   outer loop
     vertex  1.613503e+02 -1.219802e+02  1.397003e+01
     vertex  1.659407e+02 -1.276359e+02  1.397003e+01
     vertex  1.659891e+02 -1.279576e+02  1.397003e+01
   endloop
 endfacet
 facet normal  0.000000e+00  0.000000e+00 -1.000000e+00
   outer loop
     vertex  1.613503e+02 -1.219802e+02  1.397003e+01
     vertex  1.659891e+02 -1.279576e+02  1.397003e+01
     vertex  1.660759e+02 -1.282698e+02  1.397003e+01
   endloop
 endfacet
 facet normal  0.000000e+00  0.000000e+00 -1.000000e+00
   outer loop
     vertex  1.613503e+02 -1.219802e+02  1.397003e+01
     vertex  1.660759e+02 -1.282698e+02  1.397003e+01
     vertex  1.661993e+02 -1.285682e+02  1.397003e+01
   endloop
 endfacet
 facet normal  0.000000e+00  0.000000e+00 -1.000000e+00
   outer loop
     vertex  1.613503e+02 -1.219802e+02  1.397003e+01
     vertex  1.661993e+02 -1.285682e+02  1.397003e+01
     vertex  1.663572e+02 -1.288485e+02  1.397003e+01
   endloop
 endfacet
 facet normal  1.977660e-14  4.292210e-15 -1.000000e+00
   outer loop
     vertex  1.613503e+02 -8.388017e+01  1.397003e+01
     vertex  1.704723e+02 -1.254964e+02  1.397003e+01
     vertex  1.702503e+02 -1.253011e+02  1.397003e+01
   endloop
 endfacet
 facet normal -8.622616e-15 -1.809824e-15 -1.000000e+00
   outer loop
     vertex  1.613503e+02 -8.388017e+01  1.397003e+01
     vertex  1.702503e+02 -1.253011e+02  1.397003e+01
     vertex  1.700088e+02 -1.251319e+02  1.397003e+01
   endloop
 endfacet
 facet normal  0.000000e+00  0.000000e+00 -1.000000e+00
   outer loop
     vertex  1.613503e+02 -8.388017e+01  1.397003e+01
     vertex  1.700088e+02 -1.251319e+02  1.397003e+01
     vertex  1.697214e+02 -1.249770e+02  1.397003e+01
   endloop
 endfacet
 facet normal  0.000000e+00  0.000000e+00 -1.000000e+00
   outer loop
     vertex  1.613503e+02 -8.388017e+01  1.397003e+01
     vertex  1.697214e+02 -1.249770e+02  1.397003e+01
     vertex  1.694184e+02 -1.248586e+02  1.397003e+01
   endloop
 endfacet
 facet normal  0.000000e+00  0.000000e+00 -1.000000e+00
   outer loop
     vertex  1.613503e+02 -8.388017e+01  1.397003e+01
     vertex  1.694184e+02 -1.248586e+02  1.397003e+01
     vertex  1.691044e+02 -1.247783e+02  1.397003e+01
   endloop
 endfacet
 facet normal  0.000000e+00  0.000000e+00 -1.000000e+00
   outer loop
     vertex  1.613503e+02 -8.388017e+01  1.397003e+01
     vertex  1.691044e+02 -1.247783e+02  1.397003e+01
     vertex  1.613503e+02 -1.219802e+02  1.397003e+01
   endloop
 endfacet
 facet normal -4.139212e-16 -1.334129e-16 -1.000000e+00
   outer loop
     vertex  1.613503e+02 -8.388017e+01  1.397003e+01
     vertex  1.763947e+02 -1.305563e+02  1.397003e+01
     vertex  1.704723e+02 -1.254964e+02  1.397003e+01
   endloop
 endfacet
 facet normal  0.000000e+00 -0.000000e+00 -1.000000e+00
   outer loop
     vertex  1.763947e+02 -5.702311e+01  1.397003e+01
     vertex  1.763947e+02 -1.305563e+02  1.397003e+01
     vertex  1.613503e+02 -8.388017e+01  1.397003e+01
   endloop
 endfacet
 facet normal  0.000000e+00 -0.000000e+00 -1.000000e+00
   outer loop
     vertex  1.706125e+02 -6.175520e+01  1.397003e+01
     vertex  1.763947e+02 -5.702311e+01  1.397003e+01
     vertex  1.613503e+02 -8.388017e+01  1.397003e+01
   endloop
 endfacet
 facet normal  0.000000e+00  0.000000e+00 -1.000000e+00
   outer loop
     vertex  1.706125e+02 -6.175520e+01  1.397003e+01
     vertex  1.613503e+02 -8.388017e+01  1.397003e+01
     vertex  1.703850e+02 -6.198608e+01  1.397003e+01
   endloop
 endfacet
 facet normal  0.000000e+00 -0.000000e+00 -1.000000e+00
   outer loop
     vertex  1.701302e+02 -6.218838e+01  1.397003e+01
     vertex  1.703850e+02 -6.198608e+01  1.397003e+01
     vertex  1.613503e+02 -8.388017e+01  1.397003e+01
   endloop
 endfacet
 facet normal  0.000000e+00 -0.000000e+00 -1.000000e+00
   outer loop
     vertex  1.708096e+02 -6.149946e+01  1.397003e+01
     vertex  1.763947e+02 -5.702311e+01  1.397003e+01
     vertex  1.706125e+02 -6.175520e+01  1.397003e+01
   endloop
 endfacet
 facet normal  0.000000e+00 -0.000000e+00 -1.000000e+00
   outer loop
     vertex  1.698516e+02 -6.235877e+01  1.397003e+01
     vertex  1.701302e+02 -6.218838e+01  1.397003e+01
     vertex  1.613503e+02 -8.388017e+01  1.397003e+01
   endloop
 endfacet
 facet normal -9.824614e-15  1.225810e-14 -1.000000e+00
   outer loop
     vertex  1.709739e+02 -6.122288e+01  1.397003e+01
     vertex  1.763947e+02 -5.702311e+01  1.397003e+01
     vertex  1.708096e+02 -6.149946e+01  1.397003e+01
   endloop
 endfacet
 facet normal  8.115215e-15 -3.205638e-15 -1.000000e+00
   outer loop
     vertex  1.695839e+02 -6.248236e+01  1.397003e+01
     vertex  1.698516e+02 -6.235877e+01  1.397003e+01
     vertex  1.613503e+02 -8.388017e+01  1.397003e+01
   endloop
 endfacet
 facet normal  6.635745e-15 -8.988014e-15 -1.000000e+00
   outer loop
     vertex  1.711033e+02 -6.092971e+01  1.397003e+01
     vertex  1.763947e+02 -5.702311e+01  1.397003e+01
     vertex  1.709739e+02 -6.122288e+01  1.397003e+01
   endloop
 endfacet
 facet normal -7.230820e-15  2.699303e-15 -1.000000e+00
   outer loop
     vertex  1.693033e+02 -6.257592e+01  1.397003e+01
     vertex  1.695839e+02 -6.248236e+01  1.397003e+01
     vertex  1.613503e+02 -8.388017e+01  1.397003e+01
   endloop
 endfacet
 facet normal  0.000000e+00 -0.000000e+00 -1.000000e+00
   outer loop
     vertex  1.711963e+02 -6.062439e+01  1.397003e+01
     vertex  1.763947e+02 -5.702311e+01  1.397003e+01
     vertex  1.711033e+02 -6.092971e+01  1.397003e+01
   endloop
 endfacet
 facet normal  0.000000e+00 -0.000000e+00 -1.000000e+00
   outer loop
     vertex  1.690132e+02 -6.263802e+01  1.397003e+01
     vertex  1.693033e+02 -6.257592e+01  1.397003e+01
     vertex  1.613503e+02 -8.388017e+01  1.397003e+01
   endloop
 endfacet
 facet normal -4.393970e-15  6.342620e-15 -1.000000e+00
   outer loop
     vertex  1.712529e+02 -6.030517e+01  1.397003e+01
     vertex  1.763947e+02 -5.702311e+01  1.397003e+01
     vertex  1.711963e+02 -6.062439e+01  1.397003e+01
   endloop
 endfacet
 facet normal  0.000000e+00 -0.000000e+00 -1.000000e+00
   outer loop
     vertex  1.687170e+02 -6.266758e+01  1.397003e+01
     vertex  1.690132e+02 -6.263802e+01  1.397003e+01
     vertex  1.613503e+02 -8.388017e+01  1.397003e+01
   endloop
 endfacet
 facet normal  3.499532e-15 -6.023808e-15 -1.000000e+00
   outer loop
     vertex  1.712703e+02 -6.000012e+01  1.397003e+01
     vertex  1.763947e+02 -5.702311e+01  1.397003e+01
     vertex  1.712529e+02 -6.030517e+01  1.397003e+01
   endloop
 endfacet
 facet normal  0.000000e+00  0.000000e+00 -1.000000e+00
   outer loop
     vertex  1.712531e+02 -5.969732e+01  1.397003e+01
     vertex  1.763947e+02 -5.702311e+01  1.397003e+01
     vertex  1.712703e+02 -6.000012e+01  1.397003e+01
   endloop
 endfacet
 facet normal  0.000000e+00  0.000000e+00 -1.000000e+00
   outer loop
     vertex  1.711975e+02 -5.938050e+01  1.397003e+01
     vertex  1.763947e+02 -5.702311e+01  1.397003e+01
     vertex  1.712531e+02 -5.969732e+01  1.397003e+01
   endloop
 endfacet
 facet normal  0.000000e+00  0.000000e+00 -1.000000e+00
   outer loop
     vertex  1.711113e+02 -5.909232e+01  1.397003e+01
     vertex  1.763947e+02 -5.702311e+01  1.397003e+01
     vertex  1.711975e+02 -5.938050e+01  1.397003e+01
   endloop
 endfacet
 facet normal  2.162493e-15 -5.521644e-15 -1.000000e+00
   outer loop
     vertex  1.709937e+02 -5.881665e+01  1.397003e+01
     vertex  1.763947e+02 -5.702311e+01  1.397003e+01
     vertex  1.711113e+02 -5.909232e+01  1.397003e+01
   endloop
 endfacet
 facet normal  0.000000e+00  0.000000e+00 -1.000000e+00
   outer loop
     vertex  1.708466e+02 -5.855677e+01  1.397003e+01
     vertex  1.762299e+02 -5.582386e+01  1.397003e+01
     vertex  1.763017e+02 -5.611875e+01  1.397003e+01
   endloop
 endfacet
 facet normal  0.000000e+00  0.000000e+00 -1.000000e+00
   outer loop
     vertex  1.708466e+02 -5.855677e+01  1.397003e+01
     vertex  1.763017e+02 -5.611875e+01  1.397003e+01
     vertex  1.763533e+02 -5.641785e+01  1.397003e+01
   endloop
 endfacet
 facet normal -1.633761e-15  5.910284e-15 -1.000000e+00
   outer loop
     vertex  1.708466e+02 -5.855677e+01  1.397003e+01
     vertex  1.763947e+02 -5.702311e+01  1.397003e+01
     vertex  1.709937e+02 -5.881665e+01  1.397003e+01
   endloop
 endfacet
 facet normal  0.000000e+00  0.000000e+00 -1.000000e+00
   outer loop
     vertex  1.708466e+02 -5.855677e+01  1.397003e+01
     vertex  1.763533e+02 -5.641785e+01  1.397003e+01
     vertex  1.763844e+02 -5.671978e+01  1.397003e+01
   endloop
 endfacet
 facet normal  0.000000e+00  0.000000e+00 -1.000000e+00
   outer loop
     vertex  1.708466e+02 -5.855677e+01  1.397003e+01
     vertex  1.763844e+02 -5.671978e+01  1.397003e+01
     vertex  1.763947e+02 -5.702311e+01  1.397003e+01
   endloop
 endfacet
 facet normal -3.548039e-15 -1.605398e-15 -1.000000e+00
   outer loop
     vertex  1.563373e+02 -7.280095e+01  1.397003e+01
     vertex  1.613503e+02 -8.388017e+01  1.397003e+01
     vertex  1.559978e+02 -7.315729e+01  1.397003e+01
   endloop
 endfacet
 facet normal  3.239721e-15  1.782817e-15 -1.000000e+00
   outer loop
     vertex  1.556303e+02 -7.348575e+01  1.397003e+01
     vertex  1.559978e+02 -7.315729e+01  1.397003e+01
     vertex  1.613503e+02 -8.388017e+01  1.397003e+01
   endloop
 endfacet
 facet normal -3.685485e-15 -1.667589e-15 -1.000000e+00
   outer loop
     vertex  1.566465e+02 -7.241915e+01  1.397003e+01
     vertex  1.613503e+02 -8.388017e+01  1.397003e+01
     vertex  1.563373e+02 -7.280095e+01  1.397003e+01
   endloop
 endfacet
 facet normal -3.185775e-15 -1.753131e-15 -1.000000e+00
   outer loop
     vertex  1.552368e+02 -7.378405e+01  1.397003e+01
     vertex  1.556303e+02 -7.348575e+01  1.397003e+01
     vertex  1.613503e+02 -8.388017e+01  1.397003e+01
   endloop
 endfacet
 facet normal  0.000000e+00  0.000000e+00 -1.000000e+00
   outer loop
     vertex  1.706720e+02 -5.831572e+01  1.397003e+01
     vertex  1.751983e+02 -5.398916e+01  1.397003e+01
     vertex  1.753978e+02 -5.421792e+01  1.397003e+01
   endloop
 endfacet
 facet normal  0.000000e+00  0.000000e+00 -1.000000e+00
   outer loop
     vertex  1.706720e+02 -5.831572e+01  1.397003e+01
     vertex  1.753978e+02 -5.421792e+01  1.397003e+01
     vertex  1.755811e+02 -5.445976e+01  1.397003e+01
   endloop
 endfacet
 facet normal  0.000000e+00  0.000000e+00 -1.000000e+00
   outer loop
     vertex  1.706720e+02 -5.831572e+01  1.397003e+01
     vertex  1.755811e+02 -5.445976e+01  1.397003e+01
     vertex  1.757476e+02 -5.471356e+01  1.397003e+01
   endloop
 endfacet
 facet normal  0.000000e+00  0.000000e+00 -1.000000e+00
   outer loop
     vertex  1.706720e+02 -5.831572e+01  1.397003e+01
     vertex  1.757476e+02 -5.471356e+01  1.397003e+01
     vertex  1.758964e+02 -5.497812e+01  1.397003e+01
   endloop
 endfacet
 facet normal  0.000000e+00  0.000000e+00 -1.000000e+00
   outer loop
     vertex  1.706720e+02 -5.831572e+01  1.397003e+01
     vertex  1.762299e+02 -5.582386e+01  1.397003e+01
     vertex  1.708466e+02 -5.855677e+01  1.397003e+01
   endloop
 endfacet
 facet normal  0.000000e+00  0.000000e+00 -1.000000e+00
   outer loop
     vertex  1.706720e+02 -5.831572e+01  1.397003e+01
     vertex  1.758964e+02 -5.497812e+01  1.397003e+01
     vertex  1.760267e+02 -5.525222e+01  1.397003e+01
   endloop
 endfacet
 facet normal  0.000000e+00  0.000000e+00 -1.000000e+00
   outer loop
     vertex  1.706720e+02 -5.831572e+01  1.397003e+01
     vertex  1.760267e+02 -5.525222e+01  1.397003e+01
     vertex  1.761381e+02 -5.553457e+01  1.397003e+01
   endloop
 endfacet
 facet normal  0.000000e+00  0.000000e+00 -1.000000e+00
   outer loop
     vertex  1.706720e+02 -5.831572e+01  1.397003e+01
     vertex  1.761381e+02 -5.553457e+01  1.397003e+01
     vertex  1.762299e+02 -5.582386e+01  1.397003e+01
   endloop
 endfacet
 facet normal  4.148728e-15  1.547731e-15 -1.000000e+00
   outer loop
     vertex  1.569237e+02 -7.201449e+01  1.397003e+01
     vertex  1.613503e+02 -8.388017e+01  1.397003e+01
     vertex  1.566465e+02 -7.241915e+01  1.397003e+01
   endloop
 endfacet
 facet normal  2.992408e-15  1.987931e-15 -1.000000e+00
   outer loop
     vertex  1.548200e+02 -7.405010e+01  1.397003e+01
     vertex  1.552368e+02 -7.378405e+01  1.397003e+01
     vertex  1.613503e+02 -8.388017e+01  1.397003e+01
   endloop
 endfacet
 facet normal  4.418388e-15  1.648331e-15 -1.000000e+00
   outer loop
     vertex  1.571673e+02 -7.158968e+01  1.397003e+01
     vertex  1.613503e+02 -8.388017e+01  1.397003e+01
     vertex  1.569237e+02 -7.201449e+01  1.397003e+01
   endloop
 endfacet
 facet normal -3.334477e-15 -2.215176e-15 -1.000000e+00
   outer loop
     vertex  1.544269e+02 -7.426037e+01  1.397003e+01
     vertex  1.548200e+02 -7.405010e+01  1.397003e+01
     vertex  1.613503e+02 -8.388017e+01  1.397003e+01
   endloop
 endfacet
 facet normal -2.011028e-16 -2.011028e-16 -1.000000e+00
   outer loop
     vertex  1.704723e+02 -5.809628e+01  1.397003e+01
     vertex  1.749837e+02 -5.377454e+01  1.397003e+01
     vertex  1.751983e+02 -5.398916e+01  1.397003e+01
   endloop
 endfacet
 facet normal -4.138439e-15  4.329493e-15 -1.000000e+00
   outer loop
     vertex  1.704723e+02 -5.809628e+01  1.397003e+01
     vertex  1.751983e+02 -5.398916e+01  1.397003e+01
     vertex  1.706720e+02 -5.831572e+01  1.397003e+01
   endloop
 endfacet
 facet normal -1.780015e-16  8.394824e-17 -1.000000e+00
   outer loop
     vertex  1.573758e+02 -7.114755e+01  1.397003e+01
     vertex  1.613503e+02 -8.388017e+01  1.397003e+01
     vertex  1.571673e+02 -7.158968e+01  1.397003e+01
   endloop
 endfacet
 facet normal -6.220432e-17  1.398877e-16 -1.000000e+00
   outer loop
     vertex  1.540191e+02 -7.444172e+01  1.397003e+01
     vertex  1.544269e+02 -7.426037e+01  1.397003e+01
     vertex  1.613503e+02 -8.388017e+01  1.397003e+01
   endloop
 endfacet
 facet normal -1.876224e-16 -2.151745e-16 -1.000000e+00
   outer loop
     vertex  1.747549e+02 -5.357507e+01  1.397003e+01
     vertex  1.749837e+02 -5.377454e+01  1.397003e+01
     vertex  1.704723e+02 -5.809628e+01  1.397003e+01
   endloop
 endfacet
 facet normal -2.023051e-16  7.636174e-17 -1.000000e+00
   outer loop
     vertex  1.575481e+02 -7.069100e+01  1.397003e+01
     vertex  1.613503e+02 -8.388017e+01  1.397003e+01
     vertex  1.573758e+02 -7.114755e+01  1.397003e+01
   endloop
 endfacet
 facet normal -2.670685e-18 -2.176786e-16 -1.000000e+00
   outer loop
     vertex  1.575481e+02 -7.069100e+01  1.397003e+01
     vertex  1.684183e+02 -6.266391e+01  1.397003e+01
     vertex  1.687170e+02 -6.266758e+01  1.397003e+01
   endloop
 endfacet
 facet normal -2.119122e-16  7.359216e-17 -1.000000e+00
   outer loop
     vertex  1.575481e+02 -7.069100e+01  1.397003e+01
     vertex  1.687170e+02 -6.266758e+01  1.397003e+01
     vertex  1.613503e+02 -8.388017e+01  1.397003e+01
   endloop
 endfacet
 facet normal  3.248255e-15  2.711259e-15 -1.000000e+00
   outer loop
     vertex  1.535986e+02 -7.459308e+01  1.397003e+01
     vertex  1.540191e+02 -7.444172e+01  1.397003e+01
     vertex  1.613503e+02 -8.388017e+01  1.397003e+01
   endloop
 endfacet
 facet normal  0.000000e+00  3.163559e-16 -1.000000e+00
   outer loop
     vertex  9.878482e+01 -1.293862e+02  1.397003e+01
     vertex  1.719497e+02 -1.350013e+02  1.397003e+01
     vertex  9.359055e+01 -1.350013e+02  1.397003e+01
   endloop
 endfacet
 facet normal -2.611405e-17 -2.391335e-17 -1.000000e+00
   outer loop
     vertex  9.878482e+01 -1.293862e+02  1.397003e+01
     vertex  1.667652e+02 -1.293396e+02  1.397003e+01
     vertex  1.719497e+02 -1.350013e+02  1.397003e+01
   endloop
 endfacet
 facet normal  2.080295e-17  7.648833e-15 -1.000000e+00
   outer loop
     vertex  9.901231e+01 -1.291553e+02  1.397003e+01
     vertex  1.665469e+02 -1.291068e+02  1.397003e+01
     vertex  1.667652e+02 -1.293396e+02  1.397003e+01
   endloop
 endfacet
 facet normal -2.086955e-17 -7.673321e-15 -1.000000e+00
   outer loop
     vertex  9.901231e+01 -1.291553e+02  1.397003e+01
     vertex  1.667652e+02 -1.293396e+02  1.397003e+01
     vertex  9.878482e+01 -1.293862e+02  1.397003e+01
   endloop
 endfacet
 facet normal -9.462405e-16  1.191686e-15 -1.000000e+00
   outer loop
     vertex  9.853004e+01 -1.295885e+02  1.397003e+01
     vertex  9.878482e+01 -1.293862e+02  1.397003e+01
     vertex  9.359055e+01 -1.350013e+02  1.397003e+01
   endloop
 endfacet
 facet normal  5.231772e-18 -6.873614e-15 -1.000000e+00
   outer loop
     vertex  9.920947e+01 -1.288996e+02  1.397003e+01
     vertex  1.663572e+02 -1.288485e+02  1.397003e+01
     vertex  1.665469e+02 -1.291068e+02  1.397003e+01
   endloop
 endfacet
 facet normal  2.631752e-17 -2.028905e-17 -1.000000e+00
   outer loop
     vertex  9.920947e+01 -1.288996e+02  1.397003e+01
     vertex  1.665469e+02 -1.291068e+02  1.397003e+01
     vertex  9.901231e+01 -1.291553e+02  1.397003e+01
   endloop
 endfacet
 facet normal  1.397807e-14 -1.242772e-14 -1.000000e+00
   outer loop
     vertex  9.825147e+01 -1.297589e+02  1.397003e+01
     vertex  9.853004e+01 -1.295885e+02  1.397003e+01
     vertex  9.359055e+01 -1.350013e+02  1.397003e+01
   endloop
 endfacet
 facet normal -2.658457e-17 -1.937997e-17 -1.000000e+00
   outer loop
     vertex  9.937376e+01 -1.286230e+02  1.397003e+01
     vertex  1.613503e+02 -1.219802e+02  1.397003e+01
     vertex  1.663572e+02 -1.288485e+02  1.397003e+01
   endloop
 endfacet
 facet normal -4.890637e-18  6.425424e-15 -1.000000e+00
   outer loop
     vertex  9.937376e+01 -1.286230e+02  1.397003e+01
     vertex  1.663572e+02 -1.288485e+02  1.397003e+01
     vertex  9.920947e+01 -1.288996e+02  1.397003e+01
   endloop
 endfacet
 facet normal -2.077458e-16  6.003203e-17 -1.000000e+00
   outer loop
     vertex  1.576833e+02 -7.022303e+01  1.397003e+01
     vertex  1.684183e+02 -6.266391e+01  1.397003e+01
     vertex  1.575481e+02 -7.069100e+01  1.397003e+01
   endloop
 endfacet
 facet normal -5.097112e-15  7.003596e-15 -1.000000e+00
   outer loop
     vertex  1.576833e+02 -7.022303e+01  1.397003e+01
     vertex  1.681209e+02 -6.262673e+01  1.397003e+01
     vertex  1.684183e+02 -6.266391e+01  1.397003e+01
   endloop
 endfacet
 facet normal -1.733930e-16 -2.286529e-16 -1.000000e+00
   outer loop
     vertex  1.745131e+02 -5.339168e+01  1.397003e+01
     vertex  1.747549e+02 -5.357507e+01  1.397003e+01
     vertex  1.704723e+02 -5.809628e+01  1.397003e+01
   endloop
 endfacet
 facet normal  0.000000e+00  0.000000e+00 -1.000000e+00
   outer loop
     vertex  1.531675e+02 -7.471351e+01  1.397003e+01
     vertex  1.535986e+02 -7.459308e+01  1.397003e+01
     vertex  1.613503e+02 -8.388017e+01  1.397003e+01
   endloop
 endfacet
 facet normal  0.000000e+00 -0.000000e+00 -1.000000e+00
   outer loop
     vertex  9.798376e+01 -1.298825e+02  1.397003e+01
     vertex  9.825147e+01 -1.297589e+02  1.397003e+01
     vertex  9.359055e+01 -1.350013e+02  1.397003e+01
   endloop
 endfacet
 facet normal -8.868776e-15  7.611660e-15 -1.000000e+00
   outer loop
     vertex  9.770317e+01 -1.299761e+02  1.397003e+01
     vertex  9.798376e+01 -1.298825e+02  1.397003e+01
     vertex  9.359055e+01 -1.350013e+02  1.397003e+01
   endloop
 endfacet
 facet normal -3.425962e-15 -3.058253e-15 -1.000000e+00
   outer loop
     vertex  1.527282e+02 -7.480224e+01  1.397003e+01
     vertex  1.531675e+02 -7.471351e+01  1.397003e+01
     vertex  1.613503e+02 -8.388017e+01  1.397003e+01
   endloop
 endfacet
 facet normal  4.542169e-15 -6.346968e-15 -1.000000e+00
   outer loop
     vertex  1.577808e+02 -6.974668e+01  1.397003e+01
     vertex  1.678285e+02 -6.255612e+01  1.397003e+01
     vertex  1.681209e+02 -6.262673e+01  1.397003e+01
   endloop
 endfacet
 facet normal  3.188848e-15 -4.381579e-15 -1.000000e+00
   outer loop
     vertex  1.577808e+02 -6.974668e+01  1.397003e+01
     vertex  1.681209e+02 -6.262673e+01  1.397003e+01
     vertex  1.576833e+02 -7.022303e+01  1.397003e+01
   endloop
 endfacet
 facet normal -1.584126e-16 -2.415194e-16 -1.000000e+00
   outer loop
     vertex  1.742593e+02 -5.322521e+01  1.397003e+01
     vertex  1.745131e+02 -5.339168e+01  1.397003e+01
     vertex  1.704723e+02 -5.809628e+01  1.397003e+01
   endloop
 endfacet
 facet normal  7.330649e-15 -5.645886e-15 -1.000000e+00
   outer loop
     vertex  9.741302e+01 -1.300382e+02  1.397003e+01
     vertex  9.770317e+01 -1.299761e+02  1.397003e+01
     vertex  9.359055e+01 -1.350013e+02  1.397003e+01
   endloop
 endfacet
 facet normal  6.496352e-15 -5.003331e-15 -1.000000e+00
   outer loop
     vertex  9.711682e+01 -1.300677e+02  1.397003e+01
     vertex  9.741302e+01 -1.300382e+02  1.397003e+01
     vertex  9.359055e+01 -1.350013e+02  1.397003e+01
   endloop
 endfacet
 facet normal  3.538954e-15  3.556929e-15 -1.000000e+00
   outer loop
     vertex  1.522830e+02 -7.485868e+01  1.397003e+01
     vertex  1.527282e+02 -7.480224e+01  1.397003e+01
     vertex  1.613503e+02 -8.388017e+01  1.397003e+01
   endloop
 endfacet
 facet normal -2.894274e-15  4.044294e-15 -1.000000e+00
   outer loop
     vertex  1.578401e+02 -6.926502e+01  1.397003e+01
     vertex  1.678285e+02 -6.255612e+01  1.397003e+01
     vertex  1.577808e+02 -6.974668e+01  1.397003e+01
   endloop
 endfacet
 facet normal -1.426778e-16 -2.537523e-16 -1.000000e+00
   outer loop
     vertex  1.739947e+02 -5.307646e+01  1.397003e+01
     vertex  1.742593e+02 -5.322521e+01  1.397003e+01
     vertex  1.704723e+02 -5.809628e+01  1.397003e+01
   endloop
 endfacet
 facet normal -5.900528e-15  3.857353e-15 -1.000000e+00
   outer loop
     vertex  9.681816e+01 -1.300640e+02  1.397003e+01
     vertex  9.711682e+01 -1.300677e+02  1.397003e+01
     vertex  9.359055e+01 -1.350013e+02  1.397003e+01
   endloop
 endfacet
 facet normal  4.673569e-15 -7.222906e-15 -1.000000e+00
   outer loop
     vertex  1.578560e+02 -6.900880e+01  1.397003e+01
     vertex  1.678285e+02 -6.255612e+01  1.397003e+01
     vertex  1.578401e+02 -6.926502e+01  1.397003e+01
   endloop
 endfacet
 facet normal  0.000000e+00  0.000000e+00 -1.000000e+00
   outer loop
     vertex  1.578560e+02 -6.900880e+01  1.397003e+01
     vertex  1.675448e+02 -6.245261e+01  1.397003e+01
     vertex  1.678285e+02 -6.255612e+01  1.397003e+01
   endloop
 endfacet
 facet normal  0.000000e+00  0.000000e+00 -1.000000e+00
   outer loop
     vertex  1.518342e+02 -7.488237e+01  1.397003e+01
     vertex  1.522830e+02 -7.485868e+01  1.397003e+01
     vertex  1.613503e+02 -8.388017e+01  1.397003e+01
   endloop
 endfacet
 facet normal -1.261836e-16 -2.653262e-16 -1.000000e+00
   outer loop
     vertex  1.737206e+02 -5.294610e+01  1.397003e+01
     vertex  1.739947e+02 -5.307646e+01  1.397003e+01
     vertex  1.704723e+02 -5.809628e+01  1.397003e+01
   endloop
 endfacet
 facet normal  0.000000e+00  0.000000e+00 -1.000000e+00
   outer loop
     vertex  1.578611e+02 -6.875794e+01  1.397003e+01
     vertex  1.672735e+02 -6.231710e+01  1.397003e+01
     vertex  1.675448e+02 -6.245261e+01  1.397003e+01
   endloop
 endfacet
 facet normal  0.000000e+00 -0.000000e+00 -1.000000e+00
   outer loop
     vertex  1.578611e+02 -6.875794e+01  1.397003e+01
     vertex  1.675448e+02 -6.245261e+01  1.397003e+01
     vertex  1.578560e+02 -6.900880e+01  1.397003e+01
   endloop
 endfacet
 facet normal  0.000000e+00 -0.000000e+00 -1.000000e+00
   outer loop
     vertex  9.652075e+01 -1.300269e+02  1.397003e+01
     vertex  9.681816e+01 -1.300640e+02  1.397003e+01
     vertex  9.359055e+01 -1.350013e+02  1.397003e+01
   endloop
 endfacet
 facet normal  1.049714e-14 -6.254870e-15 -1.000000e+00
   outer loop
     vertex  1.734383e+02 -5.283476e+01  1.397003e+01
     vertex  1.704723e+02 -5.809628e+01  1.397003e+01
     vertex  1.702503e+02 -5.790092e+01  1.397003e+01
   endloop
 endfacet
 facet normal -1.089239e-16 -2.762120e-16 -1.000000e+00
   outer loop
     vertex  1.734383e+02 -5.283476e+01  1.397003e+01
     vertex  1.737206e+02 -5.294610e+01  1.397003e+01
     vertex  1.704723e+02 -5.809628e+01  1.397003e+01
   endloop
 endfacet
 facet normal  4.035980e-15  4.268472e-15 -1.000000e+00
   outer loop
     vertex  1.513842e+02 -7.487306e+01  1.397003e+01
     vertex  1.518342e+02 -7.488237e+01  1.397003e+01
     vertex  1.613503e+02 -8.388017e+01  1.397003e+01
   endloop
 endfacet
 facet normal  0.000000e+00 -0.000000e+00 -1.000000e+00
   outer loop
     vertex  9.622833e+01 -1.299563e+02  1.397003e+01
     vertex  9.652075e+01 -1.300269e+02  1.397003e+01
     vertex  9.359055e+01 -1.350013e+02  1.397003e+01
   endloop
 endfacet
 facet normal -6.431235e-16  1.959858e-16 -1.000000e+00
   outer loop
     vertex  1.042002e+02 -1.219802e+02  1.397003e+01
     vertex  9.950315e+01 -1.283298e+02  1.397003e+01
     vertex  9.959619e+01 -1.280245e+02  1.397003e+01
   endloop
 endfacet
 facet normal  9.015147e-15 -7.160856e-15 -1.000000e+00
   outer loop
     vertex  1.042002e+02 -1.219802e+02  1.397003e+01
     vertex  9.959619e+01 -1.280245e+02  1.397003e+01
     vertex  9.965272e+01 -1.277053e+02  1.397003e+01
   endloop
 endfacet
 facet normal  0.000000e+00  0.000000e+00 -1.000000e+00
   outer loop
     vertex  1.042002e+02 -1.219802e+02  1.397003e+01
     vertex  9.965272e+01 -1.277053e+02  1.397003e+01
     vertex  9.967020e+01 -1.274003e+02  1.397003e+01
   endloop
 endfacet
 facet normal  0.000000e+00  0.000000e+00 -1.000000e+00
   outer loop
     vertex  1.042002e+02 -1.219802e+02  1.397003e+01
     vertex  9.967020e+01 -1.274003e+02  1.397003e+01
     vertex  9.965297e+01 -1.270975e+02  1.397003e+01
   endloop
 endfacet
 facet normal  5.267983e-15 -4.681216e-15 -1.000000e+00
   outer loop
     vertex  1.042002e+02 -1.219802e+02  1.397003e+01
     vertex  9.965297e+01 -1.270975e+02  1.397003e+01
     vertex  9.959731e+01 -1.267806e+02  1.397003e+01
   endloop
 endfacet
 facet normal  0.000000e+00 -2.674122e-16 -1.000000e+00
   outer loop
     vertex  1.042002e+02 -1.219802e+02  1.397003e+01
     vertex  1.613503e+02 -1.219802e+02  1.397003e+01
     vertex  9.937376e+01 -1.286230e+02  1.397003e+01
   endloop
 endfacet
 facet normal -9.376187e-16  4.138359e-16 -1.000000e+00
   outer loop
     vertex  1.042002e+02 -1.219802e+02  1.397003e+01
     vertex  9.937376e+01 -1.286230e+02  1.397003e+01
     vertex  9.950315e+01 -1.283298e+02  1.397003e+01
   endloop
 endfacet
 facet normal  0.000000e+00  0.000000e+00 -1.000000e+00
   outer loop
     vertex  1.578442e+02 -6.830353e+01  1.397003e+01
     vertex  1.672735e+02 -6.231710e+01  1.397003e+01
     vertex  1.578611e+02 -6.875794e+01  1.397003e+01
   endloop
 endfacet
 facet normal -9.506510e-15  9.485461e-15 -1.000000e+00
   outer loop
     vertex  9.951113e+01 -1.264925e+02  1.397003e+01
     vertex  1.042002e+02 -1.219802e+02  1.397003e+01
     vertex  9.959731e+01 -1.267806e+02  1.397003e+01
   endloop
 endfacet
 facet normal  9.275941e-17  2.922608e-16 -1.000000e+00
   outer loop
     vertex  1.731490e+02 -5.274294e+01  1.397003e+01
     vertex  1.734383e+02 -5.283476e+01  1.397003e+01
     vertex  1.702503e+02 -5.790092e+01  1.397003e+01
   endloop
 endfacet
 facet normal  0.000000e+00 -0.000000e+00 -1.000000e+00
   outer loop
     vertex  9.594463e+01 -1.298527e+02  1.397003e+01
     vertex  9.622833e+01 -1.299563e+02  1.397003e+01
     vertex  9.359055e+01 -1.350013e+02  1.397003e+01
   endloop
 endfacet
 facet normal -4.441677e-15 -5.111796e-15 -1.000000e+00
   outer loop
     vertex  1.509355e+02 -7.483064e+01  1.397003e+01
     vertex  1.513842e+02 -7.487306e+01  1.397003e+01
     vertex  1.613503e+02 -8.388017e+01  1.397003e+01
   endloop
 endfacet
 facet normal  0.000000e+00  0.000000e+00 -1.000000e+00
   outer loop
     vertex  1.577909e+02 -6.783324e+01  1.397003e+01
     vertex  1.670086e+02 -6.214381e+01  1.397003e+01
     vertex  1.672735e+02 -6.231710e+01  1.397003e+01
   endloop
 endfacet
 facet normal  0.000000e+00  0.000000e+00 -1.000000e+00
   outer loop
     vertex  1.577909e+02 -6.783324e+01  1.397003e+01
     vertex  1.672735e+02 -6.231710e+01  1.397003e+01
     vertex  1.578442e+02 -6.830353e+01  1.397003e+01
   endloop
 endfacet
 facet normal  8.524663e-15 -9.252485e-15 -1.000000e+00
   outer loop
     vertex  9.939358e+01 -1.262168e+02  1.397003e+01
     vertex  1.042002e+02 -1.219802e+02  1.397003e+01
     vertex  9.951113e+01 -1.264925e+02  1.397003e+01
   endloop
 endfacet
 facet normal  7.381628e-17  3.029064e-16 -1.000000e+00
   outer loop
     vertex  1.728541e+02 -5.267108e+01  1.397003e+01
     vertex  1.731490e+02 -5.274294e+01  1.397003e+01
     vertex  1.702503e+02 -5.790092e+01  1.397003e+01
   endloop
 endfacet
 facet normal  0.000000e+00 -0.000000e+00 -1.000000e+00
   outer loop
     vertex  9.567334e+01 -1.297172e+02  1.397003e+01
     vertex  9.594463e+01 -1.298527e+02  1.397003e+01
     vertex  9.359055e+01 -1.350013e+02  1.397003e+01
   endloop
 endfacet
 facet normal -4.958248e-15 -5.706303e-15 -1.000000e+00
   outer loop
     vertex  1.504904e+02 -7.475519e+01  1.397003e+01
     vertex  1.509355e+02 -7.483064e+01  1.397003e+01
     vertex  1.613503e+02 -8.388017e+01  1.397003e+01
   endloop
 endfacet
 facet normal -3.772474e-15  4.699409e-15 -1.000000e+00
   outer loop
     vertex  9.924645e+01 -1.259569e+02  1.397003e+01
     vertex  1.042002e+02 -1.219802e+02  1.397003e+01
     vertex  9.939358e+01 -1.262168e+02  1.397003e+01
   endloop
 endfacet
 facet normal  5.393315e-17  3.128057e-16 -1.000000e+00
   outer loop
     vertex  1.725550e+02 -5.261951e+01  1.397003e+01
     vertex  1.728541e+02 -5.267108e+01  1.397003e+01
     vertex  1.702503e+02 -5.790092e+01  1.397003e+01
   endloop
 endfacet
 facet normal  0.000000e+00  0.000000e+00 -1.000000e+00
   outer loop
     vertex  1.577060e+02 -6.738818e+01  1.397003e+01
     vertex  1.670086e+02 -6.214381e+01  1.397003e+01
     vertex  1.577909e+02 -6.783324e+01  1.397003e+01
   endloop
 endfacet
 facet normal -2.931645e-15  5.200241e-15 -1.000000e+00
   outer loop
     vertex  1.577060e+02 -6.738818e+01  1.397003e+01
     vertex  1.667652e+02 -6.193947e+01  1.397003e+01
     vertex  1.670086e+02 -6.214381e+01  1.397003e+01
   endloop
 endfacet
 facet normal  0.000000e+00  0.000000e+00 -1.000000e+00
   outer loop
     vertex  9.540849e+01 -1.295439e+02  1.397003e+01
     vertex  9.359055e+01 -1.350013e+02  1.397003e+01
     vertex  9.328721e+01 -1.349909e+02  1.397003e+01
   endloop
 endfacet
 facet normal  0.000000e+00  0.000000e+00 -1.000000e+00
   outer loop
     vertex  9.540849e+01 -1.295439e+02  1.397003e+01
     vertex  9.328721e+01 -1.349909e+02  1.397003e+01
     vertex  9.298529e+01 -1.349599e+02  1.397003e+01
   endloop
 endfacet
 facet normal  0.000000e+00  0.000000e+00 -1.000000e+00
   outer loop
     vertex  9.540849e+01 -1.295439e+02  1.397003e+01
     vertex  9.298529e+01 -1.349599e+02  1.397003e+01
     vertex  9.268619e+01 -1.349083e+02  1.397003e+01
   endloop
 endfacet
 facet normal  0.000000e+00  0.000000e+00 -1.000000e+00
   outer loop
     vertex  9.540849e+01 -1.295439e+02  1.397003e+01
     vertex  9.268619e+01 -1.349083e+02  1.397003e+01
     vertex  9.239130e+01 -1.348364e+02  1.397003e+01
   endloop
 endfacet
 facet normal  0.000000e+00 -0.000000e+00 -1.000000e+00
   outer loop
     vertex  9.540849e+01 -1.295439e+02  1.397003e+01
     vertex  9.567334e+01 -1.297172e+02  1.397003e+01
     vertex  9.359055e+01 -1.350013e+02  1.397003e+01
   endloop
 endfacet
 facet normal  3.309234e-17  3.219001e-16 -1.000000e+00
   outer loop
     vertex  1.722530e+02 -5.258847e+01  1.397003e+01
     vertex  1.725550e+02 -5.261951e+01  1.397003e+01
     vertex  1.702503e+02 -5.790092e+01  1.397003e+01
   endloop
 endfacet
 facet normal  3.740625e-15 -4.659735e-15 -1.000000e+00
   outer loop
     vertex  9.907184e+01 -1.257159e+02  1.397003e+01
     vertex  1.042002e+02 -1.219802e+02  1.397003e+01
     vertex  9.924645e+01 -1.259569e+02  1.397003e+01
   endloop
 endfacet
 facet normal  5.794070e-15  7.090382e-15 -1.000000e+00
   outer loop
     vertex  1.500514e+02 -7.464697e+01  1.397003e+01
     vertex  1.504904e+02 -7.475519e+01  1.397003e+01
     vertex  1.613503e+02 -8.388017e+01  1.397003e+01
   endloop
 endfacet
 facet normal  1.688065e-16  4.535231e-17 -1.000000e+00
   outer loop
     vertex  1.575886e+02 -6.695132e+01  1.397003e+01
     vertex  1.667652e+02 -6.193947e+01  1.397003e+01
     vertex  1.577060e+02 -6.738818e+01  1.397003e+01
   endloop
 endfacet
 facet normal  2.883750e-15 -4.925616e-15 -1.000000e+00
   outer loop
     vertex  1.575886e+02 -6.695132e+01  1.397003e+01
     vertex  1.665469e+02 -6.170664e+01  1.397003e+01
     vertex  1.667652e+02 -6.193947e+01  1.397003e+01
   endloop
 endfacet
 facet normal  1.909922e-16  2.727463e-16 -1.000000e+00
   outer loop
     vertex  1.719497e+02 -5.257811e+01  1.397003e+01
     vertex  1.702503e+02 -5.790092e+01  1.397003e+01
     vertex  1.700088e+02 -5.773181e+01  1.397003e+01
   endloop
 endfacet
 facet normal -4.983099e-15  2.221363e-15 -1.000000e+00
   outer loop
     vertex  1.719497e+02 -5.257811e+01  1.397003e+01
     vertex  1.700088e+02 -5.773181e+01  1.397003e+01
     vertex  1.697214e+02 -5.757685e+01  1.397003e+01
   endloop
 endfacet
 facet normal  0.000000e+00  0.000000e+00 -1.000000e+00
   outer loop
     vertex  1.719497e+02 -5.257811e+01  1.397003e+01
     vertex  1.697214e+02 -5.757685e+01  1.397003e+01
     vertex  1.694184e+02 -5.745851e+01  1.397003e+01
   endloop
 endfacet
 facet normal  0.000000e+00  0.000000e+00 -1.000000e+00
   outer loop
     vertex  1.719497e+02 -5.257811e+01  1.397003e+01
     vertex  1.694184e+02 -5.745851e+01  1.397003e+01
     vertex  1.691044e+02 -5.737813e+01  1.397003e+01
   endloop
 endfacet
 facet normal  0.000000e+00  0.000000e+00 -1.000000e+00
   outer loop
     vertex  1.719497e+02 -5.257811e+01  1.397003e+01
     vertex  1.691044e+02 -5.737813e+01  1.397003e+01
     vertex  1.687842e+02 -5.733645e+01  1.397003e+01
   endloop
 endfacet
 facet normal  0.000000e+00  0.000000e+00 -1.000000e+00
   outer loop
     vertex  1.719497e+02 -5.257811e+01  1.397003e+01
     vertex  1.687842e+02 -5.733645e+01  1.397003e+01
     vertex  1.684626e+02 -5.733367e+01  1.397003e+01
   endloop
 endfacet
 facet normal  0.000000e+00  0.000000e+00 -1.000000e+00
   outer loop
     vertex  1.719497e+02 -5.257811e+01  1.397003e+01
     vertex  1.684626e+02 -5.733367e+01  1.397003e+01
     vertex  1.681442e+02 -5.736937e+01  1.397003e+01
   endloop
 endfacet
 facet normal  0.000000e+00  0.000000e+00 -1.000000e+00
   outer loop
     vertex  1.719497e+02 -5.257811e+01  1.397003e+01
     vertex  1.681442e+02 -5.736937e+01  1.397003e+01
     vertex  1.678335e+02 -5.744259e+01  1.397003e+01
   endloop
 endfacet
 facet normal  0.000000e+00  0.000000e+00 -1.000000e+00
   outer loop
     vertex  1.719497e+02 -5.257811e+01  1.397003e+01
     vertex  1.678335e+02 -5.744259e+01  1.397003e+01
     vertex  1.675351e+02 -5.755183e+01  1.397003e+01
   endloop
 endfacet
 facet normal  0.000000e+00  0.000000e+00 -1.000000e+00
   outer loop
     vertex  1.719497e+02 -5.257811e+01  1.397003e+01
     vertex  1.675351e+02 -5.755183e+01  1.397003e+01
     vertex  1.672528e+02 -5.769509e+01  1.397003e+01
   endloop
 endfacet
 facet normal  0.000000e+00  0.000000e+00 -1.000000e+00
   outer loop
     vertex  1.719497e+02 -5.257811e+01  1.397003e+01
     vertex  1.672528e+02 -5.769509e+01  1.397003e+01
     vertex  1.670002e+02 -5.786274e+01  1.397003e+01
   endloop
 endfacet
 facet normal  1.127738e-17  3.301243e-16 -1.000000e+00
   outer loop
     vertex  1.719497e+02 -5.257811e+01  1.397003e+01
     vertex  1.722530e+02 -5.258847e+01  1.397003e+01
     vertex  1.702503e+02 -5.790092e+01  1.397003e+01
   endloop
 endfacet
 facet normal  0.000000e+00  0.000000e+00 -1.000000e+00
   outer loop
     vertex  9.516502e+01 -1.293396e+02  1.397003e+01
     vertex  9.239130e+01 -1.348364e+02  1.397003e+01
     vertex  9.210201e+01 -1.347446e+02  1.397003e+01
   endloop
 endfacet
 facet normal  0.000000e+00  0.000000e+00 -1.000000e+00
   outer loop
     vertex  9.516502e+01 -1.293396e+02  1.397003e+01
     vertex  9.210201e+01 -1.347446e+02  1.397003e+01
     vertex  9.181965e+01 -1.346333e+02  1.397003e+01
   endloop
 endfacet
 facet normal  0.000000e+00  0.000000e+00 -1.000000e+00
   outer loop
     vertex  9.516502e+01 -1.293396e+02  1.397003e+01
     vertex  9.181965e+01 -1.346333e+02  1.397003e+01
     vertex  9.154556e+01 -1.345029e+02  1.397003e+01
   endloop
 endfacet
 facet normal  0.000000e+00  0.000000e+00 -1.000000e+00
   outer loop
     vertex  9.516502e+01 -1.293396e+02  1.397003e+01
     vertex  9.154556e+01 -1.345029e+02  1.397003e+01
     vertex  9.128100e+01 -1.343542e+02  1.397003e+01
   endloop
 endfacet
 facet normal  0.000000e+00 -0.000000e+00 -1.000000e+00
   outer loop
     vertex  9.516502e+01 -1.293396e+02  1.397003e+01
     vertex  9.540849e+01 -1.295439e+02  1.397003e+01
     vertex  9.239130e+01 -1.348364e+02  1.397003e+01
   endloop
 endfacet
 facet normal  0.000000e+00  0.000000e+00 -1.000000e+00
   outer loop
     vertex  9.516502e+01 -1.293396e+02  1.397003e+01
     vertex  9.128100e+01 -1.343542e+02  1.397003e+01
     vertex  9.102720e+01 -1.341877e+02  1.397003e+01
   endloop
 endfacet
 facet normal  0.000000e+00  0.000000e+00 -1.000000e+00
   outer loop
     vertex  9.516502e+01 -1.293396e+02  1.397003e+01
     vertex  9.102720e+01 -1.341877e+02  1.397003e+01
     vertex  9.078536e+01 -1.340043e+02  1.397003e+01
   endloop
 endfacet
 facet normal -3.337896e-15  5.057894e-15 -1.000000e+00
   outer loop
     vertex  9.887218e+01 -1.254964e+02  1.397003e+01
     vertex  1.042002e+02 -1.219802e+02  1.397003e+01
     vertex  9.907184e+01 -1.257159e+02  1.397003e+01
   endloop
 endfacet
 facet normal  0.000000e+00  0.000000e+00 -1.000000e+00
   outer loop
     vertex  9.055660e+01 -1.338048e+02  1.397003e+01
     vertex  9.516502e+01 -1.293396e+02  1.397003e+01
     vertex  9.078536e+01 -1.340043e+02  1.397003e+01
   endloop
 endfacet
 facet normal -6.871385e-15 -8.408726e-15 -1.000000e+00
   outer loop
     vertex  1.496208e+02 -7.450641e+01  1.397003e+01
     vertex  1.500514e+02 -7.464697e+01  1.397003e+01
     vertex  1.613503e+02 -8.388017e+01  1.397003e+01
   endloop
 endfacet
 facet normal  0.000000e+00  0.000000e+00 -1.000000e+00
   outer loop
     vertex  1.574396e+02 -6.652499e+01  1.397003e+01
     vertex  1.665469e+02 -6.170664e+01  1.397003e+01
     vertex  1.575886e+02 -6.695132e+01  1.397003e+01
   endloop
 endfacet
 facet normal  0.000000e+00  0.000000e+00 -1.000000e+00
   outer loop
     vertex  1.574396e+02 -6.652499e+01  1.397003e+01
     vertex  1.663572e+02 -6.144835e+01  1.397003e+01
     vertex  1.665469e+02 -6.170664e+01  1.397003e+01
   endloop
 endfacet
 facet normal  0.000000e+00  0.000000e+00 -1.000000e+00
   outer loop
     vertex  9.865014e+01 -1.253011e+02  1.397003e+01
     vertex  1.042002e+02 -1.219802e+02  1.397003e+01
     vertex  9.887218e+01 -1.254964e+02  1.397003e+01
   endloop
 endfacet
 facet normal  0.000000e+00  0.000000e+00 -1.000000e+00
   outer loop
     vertex  9.034198e+01 -1.335902e+02  1.397003e+01
     vertex  9.516502e+01 -1.293396e+02  1.397003e+01
     vertex  9.055660e+01 -1.338048e+02  1.397003e+01
   endloop
 endfacet
 facet normal -3.681684e-15  4.177498e-15 -1.000000e+00
   outer loop
     vertex  9.034198e+01 -1.335902e+02  1.397003e+01
     vertex  9.494673e+01 -1.291068e+02  1.397003e+01
     vertex  9.516502e+01 -1.293396e+02  1.397003e+01
   endloop
 endfacet
 facet normal  0.000000e+00  0.000000e+00 -1.000000e+00
   outer loop
     vertex  9.840863e+01 -1.251319e+02  1.397003e+01
     vertex  1.042002e+02 -1.219802e+02  1.397003e+01
     vertex  9.865014e+01 -1.253011e+02  1.397003e+01
   endloop
 endfacet
 facet normal  1.757075e-14  2.217595e-14 -1.000000e+00
   outer loop
     vertex  1.492012e+02 -7.433409e+01  1.397003e+01
     vertex  1.496208e+02 -7.450641e+01  1.397003e+01
     vertex  1.613503e+02 -8.388017e+01  1.397003e+01
   endloop
 endfacet
 facet normal  2.086369e-16  1.819219e-16 -1.000000e+00
   outer loop
     vertex  9.014251e+01 -1.333615e+02  1.397003e+01
     vertex  9.494673e+01 -1.291068e+02  1.397003e+01
     vertex  9.034198e+01 -1.335902e+02  1.397003e+01
   endloop
 endfacet
 facet normal -2.672387e-15  4.832699e-15 -1.000000e+00
   outer loop
     vertex  1.572599e+02 -6.611143e+01  1.397003e+01
     vertex  1.661993e+02 -6.116809e+01  1.397003e+01
     vertex  1.663572e+02 -6.144835e+01  1.397003e+01
   endloop
 endfacet
 facet normal -1.960241e-15  3.443352e-15 -1.000000e+00
   outer loop
     vertex  1.572599e+02 -6.611143e+01  1.397003e+01
     vertex  1.663572e+02 -6.144835e+01  1.397003e+01
     vertex  1.574396e+02 -6.652499e+01  1.397003e+01
   endloop
 endfacet
 facet normal -3.104740e-15  5.705290e-15 -1.000000e+00
   outer loop
     vertex  9.812123e+01 -1.249770e+02  1.397003e+01
     vertex  1.042002e+02 -1.219802e+02  1.397003e+01
     vertex  9.840863e+01 -1.251319e+02  1.397003e+01
   endloop
 endfacet
 facet normal  2.211973e-16  1.677392e-16 -1.000000e+00
   outer loop
     vertex  8.995911e+01 -1.331196e+02  1.397003e+01
     vertex  9.494673e+01 -1.291068e+02  1.397003e+01
     vertex  9.014251e+01 -1.333615e+02  1.397003e+01
   endloop
 endfacet
 facet normal  1.610645e-16  6.662939e-17 -1.000000e+00
   outer loop
     vertex  1.570505e+02 -6.571280e+01  1.397003e+01
     vertex  1.660759e+02 -6.086971e+01  1.397003e+01
     vertex  1.661993e+02 -6.116809e+01  1.397003e+01
   endloop
 endfacet
 facet normal  1.909625e-15 -3.453334e-15 -1.000000e+00
   outer loop
     vertex  1.570505e+02 -6.571280e+01  1.397003e+01
     vertex  1.661993e+02 -6.116809e+01  1.397003e+01
     vertex  1.572599e+02 -6.611143e+01  1.397003e+01
   endloop
 endfacet
 facet normal  3.141813e-15 -6.966018e-15 -1.000000e+00
   outer loop
     vertex  9.781822e+01 -1.248586e+02  1.397003e+01
     vertex  1.042002e+02 -1.219802e+02  1.397003e+01
     vertex  9.812123e+01 -1.249770e+02  1.397003e+01
   endloop
 endfacet
 facet normal  2.331289e-16  1.529092e-16 -1.000000e+00
   outer loop
     vertex  8.979265e+01 -1.328658e+02  1.397003e+01
     vertex  9.494673e+01 -1.291068e+02  1.397003e+01
     vertex  8.995911e+01 -1.331196e+02  1.397003e+01
   endloop
 endfacet
 facet normal  3.609065e-15 -8.002009e-15 -1.000000e+00
   outer loop
     vertex  9.750426e+01 -1.247783e+02  1.397003e+01
     vertex  1.042002e+02 -1.219802e+02  1.397003e+01
     vertex  9.781822e+01 -1.248586e+02  1.397003e+01
   endloop
 endfacet
 facet normal  2.444186e-16  1.374297e-16 -1.000000e+00
   outer loop
     vertex  8.964389e+01 -1.326013e+02  1.397003e+01
     vertex  9.494673e+01 -1.291068e+02  1.397003e+01
     vertex  8.979265e+01 -1.328658e+02  1.397003e+01
   endloop
 endfacet
 facet normal  2.585525e-15 -4.970011e-15 -1.000000e+00
   outer loop
     vertex  1.568129e+02 -6.533116e+01  1.397003e+01
     vertex  1.659891e+02 -6.055743e+01  1.397003e+01
     vertex  1.660759e+02 -6.086971e+01  1.397003e+01
   endloop
 endfacet
 facet normal  1.475178e-16  9.187438e-17 -1.000000e+00
   outer loop
     vertex  1.568129e+02 -6.533116e+01  1.397003e+01
     vertex  1.660759e+02 -6.086971e+01  1.397003e+01
     vertex  1.570505e+02 -6.571280e+01  1.397003e+01
   endloop
 endfacet
 facet normal -4.167387e-15  1.060786e-14 -1.000000e+00
   outer loop
     vertex  9.718408e+01 -1.247366e+02  1.397003e+01
     vertex  1.042002e+02 -1.219802e+02  1.397003e+01
     vertex  9.750426e+01 -1.247783e+02  1.397003e+01
   endloop
 endfacet
 facet normal  2.550501e-16  1.212965e-16 -1.000000e+00
   outer loop
     vertex  8.951354e+01 -1.323272e+02  1.397003e+01
     vertex  9.494673e+01 -1.291068e+02  1.397003e+01
     vertex  8.964389e+01 -1.326013e+02  1.397003e+01
   endloop
 endfacet
 facet normal -5.403702e-15  1.375483e-14 -1.000000e+00
   outer loop
     vertex  9.686244e+01 -1.247338e+02  1.397003e+01
     vertex  1.042002e+02 -1.219802e+02  1.397003e+01
     vertex  9.718408e+01 -1.247366e+02  1.397003e+01
   endloop
 endfacet
 facet normal  0.000000e+00  0.000000e+00 -1.000000e+00
   outer loop
     vertex  1.565482e+02 -6.496850e+01  1.397003e+01
     vertex  1.659891e+02 -6.055743e+01  1.397003e+01
     vertex  1.568129e+02 -6.533116e+01  1.397003e+01
   endloop
 endfacet
 facet normal  2.650036e-16  1.045039e-16 -1.000000e+00
   outer loop
     vertex  8.940219e+01 -1.320448e+02  1.397003e+01
     vertex  9.494673e+01 -1.291068e+02  1.397003e+01
     vertex  8.951354e+01 -1.323272e+02  1.397003e+01
   endloop
 endfacet
 facet normal  1.031513e-16 -9.199930e-16 -1.000000e+00
   outer loop
     vertex  9.654402e+01 -1.247695e+02  1.397003e+01
     vertex  1.042002e+02 -1.219802e+02  1.397003e+01
     vertex  9.686244e+01 -1.247338e+02  1.397003e+01
   endloop
 endfacet
 facet normal  2.742551e-16  8.704467e-17 -1.000000e+00
   outer loop
     vertex  8.931038e+01 -1.317555e+02  1.397003e+01
     vertex  9.494673e+01 -1.291068e+02  1.397003e+01
     vertex  8.940219e+01 -1.320448e+02  1.397003e+01
   endloop
 endfacet
 facet normal  1.738622e-15 -3.721137e-15 -1.000000e+00
   outer loop
     vertex  1.562582e+02 -6.462666e+01  1.397003e+01
     vertex  1.659891e+02 -6.055743e+01  1.397003e+01
     vertex  1.565482e+02 -6.496850e+01  1.397003e+01
   endloop
 endfacet
 facet normal  2.344161e-15 -5.169197e-15 -1.000000e+00
   outer loop
     vertex  1.562582e+02 -6.462666e+01  1.397003e+01
     vertex  1.659407e+02 -6.023574e+01  1.397003e+01
     vertex  1.659891e+02 -6.055743e+01  1.397003e+01
   endloop
 endfacet
 facet normal  2.827769e-16  6.891085e-17 -1.000000e+00
   outer loop
     vertex  8.923851e+01 -1.314606e+02  1.397003e+01
     vertex  9.494673e+01 -1.291068e+02  1.397003e+01
     vertex  8.931038e+01 -1.317555e+02  1.397003e+01
   endloop
 endfacet
 facet normal  2.415765e-15 -5.103691e-15 -1.000000e+00
   outer loop
     vertex  8.923851e+01 -1.314606e+02  1.397003e+01
     vertex  9.475708e+01 -1.288485e+02  1.397003e+01
     vertex  9.494673e+01 -1.291068e+02  1.397003e+01
   endloop
 endfacet
 facet normal  0.000000e+00  0.000000e+00 -1.000000e+00
   outer loop
     vertex  8.918694e+01 -1.311615e+02  1.397003e+01
     vertex  9.475708e+01 -1.288485e+02  1.397003e+01
     vertex  8.923851e+01 -1.314606e+02  1.397003e+01
   endloop
 endfacet
 facet normal -2.368093e-15  5.377722e-15 -1.000000e+00
   outer loop
     vertex  1.559443e+02 -6.430737e+01  1.397003e+01
     vertex  1.659319e+02 -5.990933e+01  1.397003e+01
     vertex  1.659407e+02 -6.023574e+01  1.397003e+01
   endloop
 endfacet
 facet normal -1.745098e-15  3.848181e-15 -1.000000e+00
   outer loop
     vertex  1.559443e+02 -6.430737e+01  1.397003e+01
     vertex  1.659407e+02 -6.023574e+01  1.397003e+01
     vertex  1.562582e+02 -6.462666e+01  1.397003e+01
   endloop
 endfacet
 facet normal  0.000000e+00  0.000000e+00 -1.000000e+00
   outer loop
     vertex  8.915590e+01 -1.308596e+02  1.397003e+01
     vertex  9.475708e+01 -1.288485e+02  1.397003e+01
     vertex  8.918694e+01 -1.311615e+02  1.397003e+01
   endloop
 endfacet
 facet normal  3.485684e-14 -4.117562e-14 -1.000000e+00
   outer loop
     vertex  8.914554e+01 -1.305563e+02  1.397003e+01
     vertex  9.516891e+01 -1.254572e+02  1.397003e+01
     vertex  9.496197e+01 -1.256756e+02  1.397003e+01
   endloop
 endfacet
 facet normal -1.613118e-14  1.958780e-14 -1.000000e+00
   outer loop
     vertex  8.914554e+01 -1.305563e+02  1.397003e+01
     vertex  9.496197e+01 -1.256756e+02  1.397003e+01
     vertex  9.478152e+01 -1.259148e+02  1.397003e+01
   endloop
 endfacet
 facet normal  0.000000e+00  0.000000e+00 -1.000000e+00
   outer loop
     vertex  8.914554e+01 -1.305563e+02  1.397003e+01
     vertex  9.478152e+01 -1.259148e+02  1.397003e+01
     vertex  9.462951e+01 -1.261719e+02  1.397003e+01
   endloop
 endfacet
 facet normal  8.162685e-15 -1.020997e-14 -1.000000e+00
   outer loop
     vertex  8.914554e+01 -1.305563e+02  1.397003e+01
     vertex  9.462951e+01 -1.261719e+02  1.397003e+01
     vertex  9.450752e+01 -1.264434e+02  1.397003e+01
   endloop
 endfacet
 facet normal -5.961737e-15  8.204358e-15 -1.000000e+00
   outer loop
     vertex  8.914554e+01 -1.305563e+02  1.397003e+01
     vertex  9.450752e+01 -1.264434e+02  1.397003e+01
     vertex  9.441675e+01 -1.267259e+02  1.397003e+01
   endloop
 endfacet
 facet normal  0.000000e+00  0.000000e+00 -1.000000e+00
   outer loop
     vertex  8.914554e+01 -1.305563e+02  1.397003e+01
     vertex  9.441675e+01 -1.267259e+02  1.397003e+01
     vertex  9.435801e+01 -1.270158e+02  1.397003e+01
   endloop
 endfacet
 facet normal  0.000000e+00  0.000000e+00 -1.000000e+00
   outer loop
     vertex  8.914554e+01 -1.305563e+02  1.397003e+01
     vertex  9.435801e+01 -1.270158e+02  1.397003e+01
     vertex  9.433173e+01 -1.273095e+02  1.397003e+01
   endloop
 endfacet
 facet normal  0.000000e+00  0.000000e+00 -1.000000e+00
   outer loop
     vertex  8.914554e+01 -1.305563e+02  1.397003e+01
     vertex  9.433173e+01 -1.273095e+02  1.397003e+01
     vertex  9.434061e+01 -1.276359e+02  1.397003e+01
   endloop
 endfacet
 facet normal  0.000000e+00  0.000000e+00 -1.000000e+00
   outer loop
     vertex  8.914554e+01 -1.305563e+02  1.397003e+01
     vertex  9.434061e+01 -1.276359e+02  1.397003e+01
     vertex  9.438900e+01 -1.279576e+02  1.397003e+01
   endloop
 endfacet
 facet normal  0.000000e+00  0.000000e+00 -1.000000e+00
   outer loop
     vertex  8.914554e+01 -1.305563e+02  1.397003e+01
     vertex  9.438900e+01 -1.279576e+02  1.397003e+01
     vertex  9.447577e+01 -1.282698e+02  1.397003e+01
   endloop
 endfacet
 facet normal  0.000000e+00  0.000000e+00 -1.000000e+00
   outer loop
     vertex  8.914554e+01 -1.305563e+02  1.397003e+01
     vertex  9.447577e+01 -1.282698e+02  1.397003e+01
     vertex  9.459920e+01 -1.285682e+02  1.397003e+01
   endloop
 endfacet
 facet normal  0.000000e+00  0.000000e+00 -1.000000e+00
   outer loop
     vertex  8.914554e+01 -1.305563e+02  1.397003e+01
     vertex  9.459920e+01 -1.285682e+02  1.397003e+01
     vertex  9.475708e+01 -1.288485e+02  1.397003e+01
   endloop
 endfacet
 facet normal  0.000000e+00  0.000000e+00 -1.000000e+00
   outer loop
     vertex  8.914554e+01 -1.305563e+02  1.397003e+01
     vertex  9.475708e+01 -1.288485e+02  1.397003e+01
     vertex  8.915590e+01 -1.308596e+02  1.397003e+01
   endloop
 endfacet
 facet normal -2.492644e-15  6.271774e-15 -1.000000e+00
   outer loop
     vertex  1.556085e+02 -6.401225e+01  1.397003e+01
     vertex  1.659582e+02 -5.961565e+01  1.397003e+01
     vertex  1.659319e+02 -5.990933e+01  1.397003e+01
   endloop
 endfacet
 facet normal  0.000000e+00  0.000000e+00 -1.000000e+00
   outer loop
     vertex  1.556085e+02 -6.401225e+01  1.397003e+01
     vertex  1.659319e+02 -5.990933e+01  1.397003e+01
     vertex  1.559443e+02 -6.430737e+01  1.397003e+01
   endloop
 endfacet
 facet normal  2.562571e-15 -6.647300e-15 -1.000000e+00
   outer loop
     vertex  1.552525e+02 -6.374275e+01  1.397003e+01
     vertex  1.660169e+02 -5.932578e+01  1.397003e+01
     vertex  1.659582e+02 -5.961565e+01  1.397003e+01
   endloop
 endfacet
 facet normal -1.683649e-15  4.367380e-15 -1.000000e+00
   outer loop
     vertex  1.552525e+02 -6.374275e+01  1.397003e+01
     vertex  1.659582e+02 -5.961565e+01  1.397003e+01
     vertex  1.556085e+02 -6.401225e+01  1.397003e+01
   endloop
 endfacet
 facet normal -1.010525e-16 -1.558955e-16 -1.000000e+00
   outer loop
     vertex  1.548783e+02 -6.350021e+01  1.397003e+01
     vertex  1.660169e+02 -5.932578e+01  1.397003e+01
     vertex  1.552525e+02 -6.374275e+01  1.397003e+01
   endloop
 endfacet
 facet normal -1.813130e-16  5.826283e-17 -1.000000e+00
   outer loop
     vertex  1.548783e+02 -6.350021e+01  1.397003e+01
     vertex  1.661077e+02 -5.904331e+01  1.397003e+01
     vertex  1.660169e+02 -5.932578e+01  1.397003e+01
   endloop
 endfacet
 facet normal -2.826881e-15  7.812560e-15 -1.000000e+00
   outer loop
     vertex  1.544437e+02 -6.326376e+01  1.397003e+01
     vertex  1.662297e+02 -5.877179e+01  1.397003e+01
     vertex  1.661077e+02 -5.904331e+01  1.397003e+01
   endloop
 endfacet
 facet normal  1.632614e-15 -4.512004e-15 -1.000000e+00
   outer loop
     vertex  1.544437e+02 -6.326376e+01  1.397003e+01
     vertex  1.661077e+02 -5.904331e+01  1.397003e+01
     vertex  1.548783e+02 -6.350021e+01  1.397003e+01
   endloop
 endfacet
 facet normal  3.240366e-15 -8.825813e-15 -1.000000e+00
   outer loop
     vertex  1.539923e+02 -6.306344e+01  1.397003e+01
     vertex  1.663817e+02 -5.851471e+01  1.397003e+01
     vertex  1.662297e+02 -5.877179e+01  1.397003e+01
   endloop
 endfacet
 facet normal  8.107415e-17  1.827315e-16 -1.000000e+00
   outer loop
     vertex  1.539923e+02 -6.306344e+01  1.397003e+01
     vertex  1.662297e+02 -5.877179e+01  1.397003e+01
     vertex  1.544437e+02 -6.326376e+01  1.397003e+01
   endloop
 endfacet
 facet normal  3.409911e-15 -9.994737e-15 -1.000000e+00
   outer loop
     vertex  1.535269e+02 -6.290039e+01  1.397003e+01
     vertex  1.665621e+02 -5.827542e+01  1.397003e+01
     vertex  1.663817e+02 -5.851471e+01  1.397003e+01
   endloop
 endfacet
 facet normal  0.000000e+00  0.000000e+00 -1.000000e+00
   outer loop
     vertex  1.535269e+02 -6.290039e+01  1.397003e+01
     vertex  1.663817e+02 -5.851471e+01  1.397003e+01
     vertex  1.539923e+02 -6.306344e+01  1.397003e+01
   endloop
 endfacet
 facet normal -5.792377e-17 -2.208242e-16 -1.000000e+00
   outer loop
     vertex  1.530507e+02 -6.277548e+01  1.397003e+01
     vertex  1.665621e+02 -5.827542e+01  1.397003e+01
     vertex  1.535269e+02 -6.290039e+01  1.397003e+01
   endloop
 endfacet
 facet normal -2.437937e-15  6.925178e-15 -1.000000e+00
   outer loop
     vertex  1.525668e+02 -6.268933e+01  1.397003e+01
     vertex  1.665621e+02 -5.827542e+01  1.397003e+01
     vertex  1.530507e+02 -6.277548e+01  1.397003e+01
   endloop
 endfacet
 facet normal -4.022419e-15  1.194916e-14 -1.000000e+00
   outer loop
     vertex  1.525668e+02 -6.268933e+01  1.397003e+01
     vertex  1.667691e+02 -5.805710e+01  1.397003e+01
     vertex  1.665621e+02 -5.827542e+01  1.397003e+01
   endloop
 endfacet
 facet normal  1.922795e-16 -2.286425e-16 -1.000000e+00
   outer loop
     vertex  1.520783e+02 -6.264229e+01  1.397003e+01
     vertex  1.670002e+02 -5.786274e+01  1.397003e+01
     vertex  1.667691e+02 -5.805710e+01  1.397003e+01
   endloop
 endfacet
 facet normal  1.700618e-16 -1.592782e-16 -1.000000e+00
   outer loop
     vertex  1.520783e+02 -6.264229e+01  1.397003e+01
     vertex  1.719497e+02 -5.257811e+01  1.397003e+01
     vertex  1.670002e+02 -5.786274e+01  1.397003e+01
   endloop
 endfacet
 facet normal  5.587181e-15 -1.751364e-14 -1.000000e+00
   outer loop
     vertex  1.520783e+02 -6.264229e+01  1.397003e+01
     vertex  1.667691e+02 -5.805710e+01  1.397003e+01
     vertex  1.525668e+02 -6.268933e+01  1.397003e+01
   endloop
 endfacet
 facet normal -7.029264e-15  1.405554e-14 -1.000000e+00
   outer loop
     vertex  1.515885e+02 -6.263449e+01  1.397003e+01
     vertex  1.719497e+02 -5.257811e+01  1.397003e+01
     vertex  1.520783e+02 -6.264229e+01  1.397003e+01
   endloop
 endfacet
 facet normal  4.195480e-15 -8.671243e-15 -1.000000e+00
   outer loop
     vertex  1.511005e+02 -6.266576e+01  1.397003e+01
     vertex  1.719497e+02 -5.257811e+01  1.397003e+01
     vertex  1.515885e+02 -6.263449e+01  1.397003e+01
   endloop
 endfacet
 facet normal -5.246648e-15  1.084380e-14 -1.000000e+00
   outer loop
     vertex  1.506173e+02 -6.273572e+01  1.397003e+01
     vertex  1.719497e+02 -5.257811e+01  1.397003e+01
     vertex  1.511005e+02 -6.266576e+01  1.397003e+01
   endloop
 endfacet
 facet normal -4.297846e-17  2.361836e-19 -1.000000e+00
   outer loop
     vertex  1.042002e+02 -8.388017e+01  1.397003e+01
     vertex  1.456160e+02 -6.850154e+01  1.397003e+01
     vertex  1.456136e+02 -6.894706e+01  1.397003e+01
   endloop
 endfacet
 facet normal  1.224792e-15 -3.515621e-15 -1.000000e+00
   outer loop
     vertex  1.042002e+02 -8.388017e+01  1.397003e+01
     vertex  1.456136e+02 -6.894706e+01  1.397003e+01
     vertex  1.456488e+02 -6.944008e+01  1.397003e+01
   endloop
 endfacet
 facet normal  1.204473e-15 -3.457298e-15 -1.000000e+00
   outer loop
     vertex  1.042002e+02 -8.388017e+01  1.397003e+01
     vertex  1.456488e+02 -6.944008e+01  1.397003e+01
     vertex  1.457234e+02 -6.992787e+01  1.397003e+01
   endloop
 endfacet
 facet normal  3.962821e-17  9.379466e-18 -1.000000e+00
   outer loop
     vertex  1.042002e+02 -8.388017e+01  1.397003e+01
     vertex  1.457234e+02 -6.992787e+01  1.397003e+01
     vertex  1.458369e+02 -7.040729e+01  1.397003e+01
   endloop
 endfacet
 facet normal  3.862145e-17  1.249076e-17 -1.000000e+00
   outer loop
     vertex  1.042002e+02 -8.388017e+01  1.397003e+01
     vertex  1.458369e+02 -7.040729e+01  1.397003e+01
     vertex  1.459883e+02 -7.087528e+01  1.397003e+01
   endloop
 endfacet
 facet normal -1.041797e-15  3.484153e-15 -1.000000e+00
   outer loop
     vertex  1.042002e+02 -8.388017e+01  1.397003e+01
     vertex  1.459883e+02 -7.087528e+01  1.397003e+01
     vertex  1.461764e+02 -7.132888e+01  1.397003e+01
   endloop
 endfacet
 facet normal  0.000000e+00  0.000000e+00 -1.000000e+00
   outer loop
     vertex  1.042002e+02 -8.388017e+01  1.397003e+01
     vertex  1.461764e+02 -7.132888e+01  1.397003e+01
     vertex  1.463998e+02 -7.176525e+01  1.397003e+01
   endloop
 endfacet
 facet normal  0.000000e+00  0.000000e+00 -1.000000e+00
   outer loop
     vertex  1.042002e+02 -8.388017e+01  1.397003e+01
     vertex  1.463998e+02 -7.176525e+01  1.397003e+01
     vertex  1.466569e+02 -7.218166e+01  1.397003e+01
   endloop
 endfacet
 facet normal  0.000000e+00  0.000000e+00 -1.000000e+00
   outer loop
     vertex  1.042002e+02 -8.388017e+01  1.397003e+01
     vertex  9.516891e+01 -1.254572e+02  1.397003e+01
     vertex  8.914554e+01 -1.305563e+02  1.397003e+01
   endloop
 endfacet
 facet normal  1.033624e-15 -3.751268e-15 -1.000000e+00
   outer loop
     vertex  1.042002e+02 -8.388017e+01  1.397003e+01
     vertex  1.466569e+02 -7.218166e+01  1.397003e+01
     vertex  1.469459e+02 -7.257556e+01  1.397003e+01
   endloop
 endfacet
 facet normal -2.320158e-16 -0.000000e+00 -1.000000e+00
   outer loop
     vertex  1.042002e+02 -8.388017e+01  1.397003e+01
     vertex  1.042002e+02 -1.219802e+02  1.397003e+01
     vertex  9.654402e+01 -1.247695e+02  1.397003e+01
   endloop
 endfacet
 facet normal  3.382500e-17  2.923442e-17 -1.000000e+00
   outer loop
     vertex  1.042002e+02 -8.388017e+01  1.397003e+01
     vertex  1.469459e+02 -7.257556e+01  1.397003e+01
     vertex  1.472648e+02 -7.294454e+01  1.397003e+01
   endloop
 endfacet
 facet normal -1.016549e-15  4.165617e-15 -1.000000e+00
   outer loop
     vertex  1.042002e+02 -8.388017e+01  1.397003e+01
     vertex  1.472648e+02 -7.294454e+01  1.397003e+01
     vertex  1.476114e+02 -7.328639e+01  1.397003e+01
   endloop
 endfacet
 facet normal  0.000000e+00  0.000000e+00 -1.000000e+00
   outer loop
     vertex  1.042002e+02 -8.388017e+01  1.397003e+01
     vertex  1.476114e+02 -7.328639e+01  1.397003e+01
     vertex  1.479834e+02 -7.359908e+01  1.397003e+01
   endloop
 endfacet
 facet normal  0.000000e+00  0.000000e+00 -1.000000e+00
   outer loop
     vertex  1.042002e+02 -8.388017e+01  1.397003e+01
     vertex  1.479834e+02 -7.359908e+01  1.397003e+01
     vertex  1.483781e+02 -7.388080e+01  1.397003e+01
   endloop
 endfacet
 facet normal -1.167800e-15  5.159425e-15 -1.000000e+00
   outer loop
     vertex  1.042002e+02 -8.388017e+01  1.397003e+01
     vertex  1.483781e+02 -7.388080e+01  1.397003e+01
     vertex  1.487947e+02 -7.413081e+01  1.397003e+01
   endloop
 endfacet
 facet normal  1.071322e-17 -4.544899e-17 -1.000000e+00
   outer loop
     vertex  1.042002e+02 -8.388017e+01  1.397003e+01
     vertex  9.654402e+01 -1.247695e+02  1.397003e+01
     vertex  9.623339e+01 -1.248427e+02  1.397003e+01
   endloop
 endfacet
 facet normal  6.424794e-15 -1.292925e-15 -1.000000e+00
   outer loop
     vertex  1.042002e+02 -8.388017e+01  1.397003e+01
     vertex  9.623339e+01 -1.248427e+02  1.397003e+01
     vertex  9.593492e+01 -1.249520e+02  1.397003e+01
   endloop
 endfacet
 facet normal -7.010047e-15  1.410701e-15 -1.000000e+00
   outer loop
     vertex  1.042002e+02 -8.388017e+01  1.397003e+01
     vertex  9.593492e+01 -1.249520e+02  1.397003e+01
     vertex  9.565269e+01 -1.250952e+02  1.397003e+01
   endloop
 endfacet
 facet normal  1.633756e-14 -3.431317e-15 -1.000000e+00
   outer loop
     vertex  1.042002e+02 -8.388017e+01  1.397003e+01
     vertex  9.565269e+01 -1.250952e+02  1.397003e+01
     vertex  9.540002e+01 -1.252629e+02  1.397003e+01
   endloop
 endfacet
 facet normal -9.403811e-15  2.042680e-15 -1.000000e+00
   outer loop
     vertex  1.042002e+02 -8.388017e+01  1.397003e+01
     vertex  9.540002e+01 -1.252629e+02  1.397003e+01
     vertex  9.516891e+01 -1.254572e+02  1.397003e+01
   endloop
 endfacet
 facet normal -6.307461e-15 -1.478982e-15 -1.000000e+00
   outer loop
     vertex  9.901231e+01 -6.175520e+01  1.397003e+01
     vertex  1.042002e+02 -8.388017e+01  1.397003e+01
     vertex  9.878482e+01 -6.198608e+01  1.397003e+01
   endloop
 endfacet
 facet normal  1.160119e-14  2.950625e-15 -1.000000e+00
   outer loop
     vertex  9.853004e+01 -6.218838e+01  1.397003e+01
     vertex  9.878482e+01 -6.198608e+01  1.397003e+01
     vertex  1.042002e+02 -8.388017e+01  1.397003e+01
   endloop
 endfacet
 facet normal  0.000000e+00 -0.000000e+00 -1.000000e+00
   outer loop
     vertex  9.920947e+01 -6.149946e+01  1.397003e+01
     vertex  1.042002e+02 -8.388017e+01  1.397003e+01
     vertex  9.901231e+01 -6.175520e+01  1.397003e+01
   endloop
 endfacet
 facet normal -5.454481e-15 -1.507676e-15 -1.000000e+00
   outer loop
     vertex  9.825147e+01 -6.235877e+01  1.397003e+01
     vertex  9.853004e+01 -6.218838e+01  1.397003e+01
     vertex  1.042002e+02 -8.388017e+01  1.397003e+01
   endloop
 endfacet
 facet normal  0.000000e+00 -0.000000e+00 -1.000000e+00
   outer loop
     vertex  9.937376e+01 -6.122288e+01  1.397003e+01
     vertex  1.042002e+02 -8.388017e+01  1.397003e+01
     vertex  9.920947e+01 -6.149946e+01  1.397003e+01
   endloop
 endfacet
 facet normal  0.000000e+00  0.000000e+00 -1.000000e+00
   outer loop
     vertex  9.798376e+01 -6.248236e+01  1.397003e+01
     vertex  9.825147e+01 -6.235877e+01  1.397003e+01
     vertex  1.042002e+02 -8.388017e+01  1.397003e+01
   endloop
 endfacet
 facet normal  0.000000e+00 -0.000000e+00 -1.000000e+00
   outer loop
     vertex  9.950315e+01 -6.092971e+01  1.397003e+01
     vertex  1.042002e+02 -8.388017e+01  1.397003e+01
     vertex  9.937376e+01 -6.122288e+01  1.397003e+01
   endloop
 endfacet
 facet normal -3.986148e-17 -8.158079e-18 -1.000000e+00
   outer loop
     vertex  9.950315e+01 -6.092971e+01  1.397003e+01
     vertex  1.456160e+02 -6.850154e+01  1.397003e+01
     vertex  1.042002e+02 -8.388017e+01  1.397003e+01
   endloop
 endfacet
 facet normal -5.771678e-15 -1.676778e-15 -1.000000e+00
   outer loop
     vertex  9.770317e+01 -6.257592e+01  1.397003e+01
     vertex  9.798376e+01 -6.248236e+01  1.397003e+01
     vertex  1.042002e+02 -8.388017e+01  1.397003e+01
   endloop
 endfacet
 facet normal  6.365018e-16  3.944077e-15 -1.000000e+00
   outer loop
     vertex  9.959619e+01 -6.062439e+01  1.397003e+01
     vertex  1.456509e+02 -6.805678e+01  1.397003e+01
     vertex  1.456160e+02 -6.850154e+01  1.397003e+01
   endloop
 endfacet
 facet normal -3.668617e-17  1.117976e-17 -1.000000e+00
   outer loop
     vertex  9.959619e+01 -6.062439e+01  1.397003e+01
     vertex  1.456160e+02 -6.850154e+01  1.397003e+01
     vertex  9.950315e+01 -6.092971e+01  1.397003e+01
   endloop
 endfacet
 facet normal  5.730502e-15  1.830981e-15 -1.000000e+00
   outer loop
     vertex  9.741302e+01 -6.263802e+01  1.397003e+01
     vertex  9.770317e+01 -6.257592e+01  1.397003e+01
     vertex  1.042002e+02 -8.388017e+01  1.397003e+01
   endloop
 endfacet
 facet normal  0.000000e+00 -0.000000e+00 -1.000000e+00
   outer loop
     vertex  9.965272e+01 -6.030517e+01  1.397003e+01
     vertex  1.456509e+02 -6.805678e+01  1.397003e+01
     vertex  9.959619e+01 -6.062439e+01  1.397003e+01
   endloop
 endfacet
 facet normal  0.000000e+00  0.000000e+00 -1.000000e+00
   outer loop
     vertex  9.965272e+01 -6.030517e+01  1.397003e+01
     vertex  1.458177e+02 -6.717904e+01  1.397003e+01
     vertex  1.457182e+02 -6.761516e+01  1.397003e+01
   endloop
 endfacet
 facet normal  0.000000e+00  0.000000e+00 -1.000000e+00
   outer loop
     vertex  9.965272e+01 -6.030517e+01  1.397003e+01
     vertex  1.457182e+02 -6.761516e+01  1.397003e+01
     vertex  1.456509e+02 -6.805678e+01  1.397003e+01
   endloop
 endfacet
 facet normal -5.811727e-15 -1.856934e-15 -1.000000e+00
   outer loop
     vertex  9.711682e+01 -6.266758e+01  1.397003e+01
     vertex  9.741302e+01 -6.263802e+01  1.397003e+01
     vertex  1.042002e+02 -8.388017e+01  1.397003e+01
   endloop
 endfacet
 facet normal  0.000000e+00 -0.000000e+00 -1.000000e+00
   outer loop
     vertex  9.967020e+01 -6.000012e+01  1.397003e+01
     vertex  1.458177e+02 -6.717904e+01  1.397003e+01
     vertex  9.965272e+01 -6.030517e+01  1.397003e+01
   endloop
 endfacet
 facet normal  6.158707e-16  3.958937e-15 -1.000000e+00
   outer loop
     vertex  9.967020e+01 -6.000012e+01  1.397003e+01
     vertex  1.459489e+02 -6.675075e+01  1.397003e+01
     vertex  1.458177e+02 -6.717904e+01  1.397003e+01
   endloop
 endfacet
 facet normal  5.973353e-15  2.078386e-15 -1.000000e+00
   outer loop
     vertex  9.681816e+01 -6.266391e+01  1.397003e+01
     vertex  9.711682e+01 -6.266758e+01  1.397003e+01
     vertex  1.042002e+02 -8.388017e+01  1.397003e+01
   endloop
 endfacet
 facet normal  3.870509e-17  2.201858e-18 -1.000000e+00
   outer loop
     vertex  9.965297e+01 -5.969732e+01  1.397003e+01
     vertex  1.459489e+02 -6.675075e+01  1.397003e+01
     vertex  9.967020e+01 -6.000012e+01  1.397003e+01
   endloop
 endfacet
 facet normal -5.856232e-16 -4.100343e-15 -1.000000e+00
   outer loop
     vertex  9.965297e+01 -5.969732e+01  1.397003e+01
     vertex  1.463042e+02 -6.592696e+01  1.397003e+01
     vertex  1.461113e+02 -6.633263e+01  1.397003e+01
   endloop
 endfacet
 facet normal -5.748823e-16 -4.025139e-15 -1.000000e+00
   outer loop
     vertex  9.965297e+01 -5.969732e+01  1.397003e+01
     vertex  1.461113e+02 -6.633263e+01  1.397003e+01
     vertex  1.459489e+02 -6.675075e+01  1.397003e+01
   endloop
 endfacet
 facet normal  6.244450e-15  2.172712e-15 -1.000000e+00
   outer loop
     vertex  9.652075e+01 -6.262673e+01  1.397003e+01
     vertex  9.681816e+01 -6.266391e+01  1.397003e+01
     vertex  1.042002e+02 -8.388017e+01  1.397003e+01
   endloop
 endfacet
 facet normal -8.056971e-16 -5.748386e-15 -1.000000e+00
   outer loop
     vertex  9.959731e+01 -5.938050e+01  1.397003e+01
     vertex  1.463042e+02 -6.592696e+01  1.397003e+01
     vertex  9.965297e+01 -5.969732e+01  1.397003e+01
   endloop
 endfacet
 facet normal  5.897417e-16  4.207614e-15 -1.000000e+00
   outer loop
     vertex  9.959731e+01 -5.938050e+01  1.397003e+01
     vertex  1.465266e+02 -6.553595e+01  1.397003e+01
     vertex  1.463042e+02 -6.592696e+01  1.397003e+01
   endloop
 endfacet
 facet normal -1.333250e-14 -4.900982e-15 -1.000000e+00
   outer loop
     vertex  9.622833e+01 -6.255612e+01  1.397003e+01
     vertex  9.652075e+01 -6.262673e+01  1.397003e+01
     vertex  1.042002e+02 -8.388017e+01  1.397003e+01
   endloop
 endfacet
 facet normal  1.722421e-15  1.284317e-14 -1.000000e+00
   outer loop
     vertex  9.951113e+01 -5.909232e+01  1.397003e+01
     vertex  1.465266e+02 -6.553595e+01  1.397003e+01
     vertex  9.959731e+01 -5.938050e+01  1.397003e+01
   endloop
 endfacet
 facet normal -3.460235e-17  2.320308e-17 -1.000000e+00
   outer loop
     vertex  9.951113e+01 -5.909232e+01  1.397003e+01
     vertex  1.467775e+02 -6.516179e+01  1.397003e+01
     vertex  1.465266e+02 -6.553595e+01  1.397003e+01
   endloop
 endfacet
 facet normal  7.285485e-15  2.806942e-15 -1.000000e+00
   outer loop
     vertex  9.594463e+01 -6.245261e+01  1.397003e+01
     vertex  9.622833e+01 -6.255612e+01  1.397003e+01
     vertex  1.042002e+02 -8.388017e+01  1.397003e+01
   endloop
 endfacet
 facet normal -1.790510e-15 -1.365102e-14 -1.000000e+00
   outer loop
     vertex  9.939358e+01 -5.881665e+01  1.397003e+01
     vertex  1.467775e+02 -6.516179e+01  1.397003e+01
     vertex  9.951113e+01 -5.909232e+01  1.397003e+01
   endloop
 endfacet
 facet normal  3.344675e-17 -3.042052e-17 -1.000000e+00
   outer loop
     vertex  9.939358e+01 -5.881665e+01  1.397003e+01
     vertex  1.473597e+02 -6.447226e+01  1.397003e+01
     vertex  1.470556e+02 -6.480655e+01  1.397003e+01
   endloop
 endfacet
 facet normal  3.393075e-17 -2.656928e-17 -1.000000e+00
   outer loop
     vertex  9.939358e+01 -5.881665e+01  1.397003e+01
     vertex  1.470556e+02 -6.480655e+01  1.397003e+01
     vertex  1.467775e+02 -6.516179e+01  1.397003e+01
   endloop
 endfacet
 facet normal  0.000000e+00  0.000000e+00 -1.000000e+00
   outer loop
     vertex  9.567334e+01 -6.231710e+01  1.397003e+01
     vertex  9.594463e+01 -6.245261e+01  1.397003e+01
     vertex  1.042002e+02 -8.388017e+01  1.397003e+01
   endloop
 endfacet
 facet normal  9.032689e-16  7.346676e-15 -1.000000e+00
   outer loop
     vertex  9.924645e+01 -5.855677e+01  1.397003e+01
     vertex  1.473597e+02 -6.447226e+01  1.397003e+01
     vertex  9.939358e+01 -5.881665e+01  1.397003e+01
   endloop
 endfacet
 facet normal  0.000000e+00  0.000000e+00 -1.000000e+00
   outer loop
     vertex  9.924645e+01 -5.855677e+01  1.397003e+01
     vertex  1.476881e+02 -6.416080e+01  1.397003e+01
     vertex  1.473597e+02 -6.447226e+01  1.397003e+01
   endloop
 endfacet
 facet normal  0.000000e+00  0.000000e+00 -1.000000e+00
   outer loop
     vertex  9.540849e+01 -6.214381e+01  1.397003e+01
     vertex  9.567334e+01 -6.231710e+01  1.397003e+01
     vertex  1.042002e+02 -8.388017e+01  1.397003e+01
   endloop
 endfacet
 facet normal -9.305067e-16 -8.043363e-15 -1.000000e+00
   outer loop
     vertex  9.907184e+01 -5.831572e+01  1.397003e+01
     vertex  1.476881e+02 -6.416080e+01  1.397003e+01
     vertex  9.924645e+01 -5.855677e+01  1.397003e+01
   endloop
 endfacet
 facet normal  0.000000e+00  0.000000e+00 -1.000000e+00
   outer loop
     vertex  9.907184e+01 -5.831572e+01  1.397003e+01
     vertex  1.484113e+02 -6.361350e+01  1.397003e+01
     vertex  1.480392e+02 -6.387399e+01  1.397003e+01
   endloop
 endfacet
 facet normal -6.172412e-16 -5.437789e-15 -1.000000e+00
   outer loop
     vertex  9.907184e+01 -5.831572e+01  1.397003e+01
     vertex  1.480392e+02 -6.387399e+01  1.397003e+01
     vertex  1.476881e+02 -6.416080e+01  1.397003e+01
   endloop
 endfacet
 facet normal  0.000000e+00  0.000000e+00 -1.000000e+00
   outer loop
     vertex  9.516502e+01 -6.193947e+01  1.397003e+01
     vertex  9.540849e+01 -6.214381e+01  1.397003e+01
     vertex  1.042002e+02 -8.388017e+01  1.397003e+01
   endloop
 endfacet
 facet normal  9.633066e-16  8.971488e-15 -1.000000e+00
   outer loop
     vertex  9.887218e+01 -5.809628e+01  1.397003e+01
     vertex  1.484113e+02 -6.361350e+01  1.397003e+01
     vertex  9.907184e+01 -5.831572e+01  1.397003e+01
   endloop
 endfacet
 facet normal  7.016334e-16  6.621927e-15 -1.000000e+00
   outer loop
     vertex  9.887218e+01 -5.809628e+01  1.397003e+01
     vertex  1.487935e+02 -6.338574e+01  1.397003e+01
     vertex  1.484113e+02 -6.361350e+01  1.397003e+01
   endloop
 endfacet
 facet normal  0.000000e+00  0.000000e+00 -1.000000e+00
   outer loop
     vertex  9.359055e+01 -5.257811e+01  1.397003e+01
     vertex  9.887218e+01 -5.809628e+01  1.397003e+01
     vertex  9.865014e+01 -5.790092e+01  1.397003e+01
   endloop
 endfacet
 facet normal  0.000000e+00  0.000000e+00 -1.000000e+00
   outer loop
     vertex  9.359055e+01 -5.257811e+01  1.397003e+01
     vertex  9.865014e+01 -5.790092e+01  1.397003e+01
     vertex  9.840863e+01 -5.773181e+01  1.397003e+01
   endloop
 endfacet
 facet normal -1.246216e-14 -1.165059e-14 -1.000000e+00
   outer loop
     vertex  9.359055e+01 -5.257811e+01  1.397003e+01
     vertex  9.840863e+01 -5.773181e+01  1.397003e+01
     vertex  9.812123e+01 -5.757685e+01  1.397003e+01
   endloop
 endfacet
 facet normal  1.793465e-14  1.589992e-14 -1.000000e+00
   outer loop
     vertex  9.359055e+01 -5.257811e+01  1.397003e+01
     vertex  9.812123e+01 -5.757685e+01  1.397003e+01
     vertex  9.781822e+01 -5.745851e+01  1.397003e+01
   endloop
 endfacet
 facet normal -1.442116e-14 -1.212839e-14 -1.000000e+00
   outer loop
     vertex  9.359055e+01 -5.257811e+01  1.397003e+01
     vertex  9.781822e+01 -5.745851e+01  1.397003e+01
     vertex  9.750426e+01 -5.737813e+01  1.397003e+01
   endloop
 endfacet
 facet normal  6.152828e-15  4.646648e-15 -1.000000e+00
   outer loop
     vertex  9.359055e+01 -5.257811e+01  1.397003e+01
     vertex  9.750426e+01 -5.737813e+01  1.397003e+01
     vertex  9.718408e+01 -5.733645e+01  1.397003e+01
   endloop
 endfacet
 facet normal  0.000000e+00  0.000000e+00 -1.000000e+00
   outer loop
     vertex  9.359055e+01 -5.257811e+01  1.397003e+01
     vertex  9.718408e+01 -5.733645e+01  1.397003e+01
     vertex  9.686244e+01 -5.733367e+01  1.397003e+01
   endloop
 endfacet
 facet normal -5.179160e-15 -3.563325e-15 -1.000000e+00
   outer loop
     vertex  9.359055e+01 -5.257811e+01  1.397003e+01
     vertex  9.686244e+01 -5.733367e+01  1.397003e+01
     vertex  9.654402e+01 -5.736937e+01  1.397003e+01
   endloop
 endfacet
 facet normal  7.630532e-17 -3.237122e-16 -1.000000e+00
   outer loop
     vertex  9.359055e+01 -5.257811e+01  1.397003e+01
     vertex  9.654402e+01 -5.736937e+01  1.397003e+01
     vertex  9.623339e+01 -5.744259e+01  1.397003e+01
   endloop
 endfacet
 facet normal  5.075949e-15  2.392556e-15 -1.000000e+00
   outer loop
     vertex  9.359055e+01 -5.257811e+01  1.397003e+01
     vertex  9.623339e+01 -5.744259e+01  1.397003e+01
     vertex  9.593492e+01 -5.755183e+01  1.397003e+01
   endloop
 endfacet
 facet normal  0.000000e+00  0.000000e+00 -1.000000e+00
   outer loop
     vertex  9.359055e+01 -5.257811e+01  1.397003e+01
     vertex  9.593492e+01 -5.755183e+01  1.397003e+01
     vertex  9.565269e+01 -5.769509e+01  1.397003e+01
   endloop
 endfacet
 facet normal  0.000000e+00  0.000000e+00 -1.000000e+00
   outer loop
     vertex  9.359055e+01 -5.257811e+01  1.397003e+01
     vertex  9.565269e+01 -5.769509e+01  1.397003e+01
     vertex  9.540002e+01 -5.786274e+01  1.397003e+01
   endloop
 endfacet
 facet normal  0.000000e+00  0.000000e+00 -1.000000e+00
   outer loop
     vertex  9.359055e+01 -5.257811e+01  1.397003e+01
     vertex  1.487935e+02 -6.338574e+01  1.397003e+01
     vertex  9.887218e+01 -5.809628e+01  1.397003e+01
   endloop
 endfacet
 facet normal  0.000000e+00  0.000000e+00 -1.000000e+00
   outer loop
     vertex  9.359055e+01 -5.257811e+01  1.397003e+01
     vertex  1.492274e+02 -6.316996e+01  1.397003e+01
     vertex  1.487935e+02 -6.338574e+01  1.397003e+01
   endloop
 endfacet
 facet normal  0.000000e+00  0.000000e+00 -1.000000e+00
   outer loop
     vertex  8.914554e+01 -5.702311e+01  1.397003e+01
     vertex  1.042002e+02 -8.388017e+01  1.397003e+01
     vertex  8.914554e+01 -1.305563e+02  1.397003e+01
   endloop
 endfacet
 facet normal  0.000000e+00  0.000000e+00 -1.000000e+00
   outer loop
     vertex  8.914554e+01 -5.702311e+01  1.397003e+01
     vertex  9.516502e+01 -6.193947e+01  1.397003e+01
     vertex  1.042002e+02 -8.388017e+01  1.397003e+01
   endloop
 endfacet
 facet normal -3.435042e-15 -1.178833e-14 -1.000000e+00
   outer loop
     vertex  8.914554e+01 -5.702311e+01  1.397003e+01
     vertex  9.478152e+01 -5.851471e+01  1.397003e+01
     vertex  9.462951e+01 -5.877179e+01  1.397003e+01
   endloop
 endfacet
 facet normal  2.833259e-16 -1.273000e-16 -1.000000e+00
   outer loop
     vertex  8.914554e+01 -5.702311e+01  1.397003e+01
     vertex  9.462951e+01 -5.877179e+01  1.397003e+01
     vertex  9.450752e+01 -5.904331e+01  1.397003e+01
   endloop
 endfacet
 facet normal  2.408960e-15  5.514532e-15 -1.000000e+00
   outer loop
     vertex  8.914554e+01 -5.702311e+01  1.397003e+01
     vertex  9.450752e+01 -5.904331e+01  1.397003e+01
     vertex  9.441675e+01 -5.932578e+01  1.397003e+01
   endloop
 endfacet
 facet normal  0.000000e+00  0.000000e+00 -1.000000e+00
   outer loop
     vertex  8.914554e+01 -5.702311e+01  1.397003e+01
     vertex  9.441675e+01 -5.932578e+01  1.397003e+01
     vertex  9.435801e+01 -5.961565e+01  1.397003e+01
   endloop
 endfacet
 facet normal  0.000000e+00  0.000000e+00 -1.000000e+00
   outer loop
     vertex  8.914554e+01 -5.702311e+01  1.397003e+01
     vertex  9.435801e+01 -5.961565e+01  1.397003e+01
     vertex  9.433173e+01 -5.990933e+01  1.397003e+01
   endloop
 endfacet
 facet normal  0.000000e+00  0.000000e+00 -1.000000e+00
   outer loop
     vertex  8.914554e+01 -5.702311e+01  1.397003e+01
     vertex  9.433173e+01 -5.990933e+01  1.397003e+01
     vertex  9.434061e+01 -6.023574e+01  1.397003e+01
   endloop
 endfacet
 facet normal -3.764969e-15 -6.088248e-15 -1.000000e+00
   outer loop
     vertex  8.914554e+01 -5.702311e+01  1.397003e+01
     vertex  9.434061e+01 -6.023574e+01  1.397003e+01
     vertex  9.438900e+01 -6.055743e+01  1.397003e+01
   endloop
 endfacet
 facet normal  9.852358e-15  1.411419e-14 -1.000000e+00
   outer loop
     vertex  8.914554e+01 -5.702311e+01  1.397003e+01
     vertex  9.438900e+01 -6.055743e+01  1.397003e+01
     vertex  9.447577e+01 -6.086971e+01  1.397003e+01
   endloop
 endfacet
 facet normal -6.599945e-15 -8.683733e-15 -1.000000e+00
   outer loop
     vertex  8.914554e+01 -5.702311e+01  1.397003e+01
     vertex  9.447577e+01 -6.086971e+01  1.397003e+01
     vertex  9.459920e+01 -6.116809e+01  1.397003e+01
   endloop
 endfacet
 facet normal  0.000000e+00  0.000000e+00 -1.000000e+00
   outer loop
     vertex  8.914554e+01 -5.702311e+01  1.397003e+01
     vertex  9.459920e+01 -6.116809e+01  1.397003e+01
     vertex  9.475708e+01 -6.144835e+01  1.397003e+01
   endloop
 endfacet
 facet normal -1.288321e-14 -1.633689e-14 -1.000000e+00
   outer loop
     vertex  8.914554e+01 -5.702311e+01  1.397003e+01
     vertex  9.475708e+01 -6.144835e+01  1.397003e+01
     vertex  9.494673e+01 -6.170664e+01  1.397003e+01
   endloop
 endfacet
 facet normal  2.660062e-14  3.256923e-14 -1.000000e+00
   outer loop
     vertex  8.914554e+01 -5.702311e+01  1.397003e+01
     vertex  9.494673e+01 -6.170664e+01  1.397003e+01
     vertex  9.516502e+01 -6.193947e+01  1.397003e+01
   endloop
 endfacet
 facet normal  0.000000e+00  0.000000e+00 -1.000000e+00
   outer loop
     vertex  9.328721e+01 -5.258847e+01  1.397003e+01
     vertex  9.359055e+01 -5.257811e+01  1.397003e+01
     vertex  9.540002e+01 -5.786274e+01  1.397003e+01
   endloop
 endfacet
 facet normal -3.123575e-16  1.067045e-17 -1.000000e+00
   outer loop
     vertex  8.915590e+01 -5.671978e+01  1.397003e+01
     vertex  9.478152e+01 -5.851471e+01  1.397003e+01
     vertex  8.914554e+01 -5.702311e+01  1.397003e+01
   endloop
 endfacet
 facet normal  0.000000e+00  0.000000e+00 -1.000000e+00
   outer loop
     vertex  9.298529e+01 -5.261951e+01  1.397003e+01
     vertex  9.328721e+01 -5.258847e+01  1.397003e+01
     vertex  9.540002e+01 -5.786274e+01  1.397003e+01
   endloop
 endfacet
 facet normal -3.057337e-16  3.143038e-17 -1.000000e+00
   outer loop
     vertex  8.918694e+01 -5.641785e+01  1.397003e+01
     vertex  9.478152e+01 -5.851471e+01  1.397003e+01
     vertex  8.915590e+01 -5.671978e+01  1.397003e+01
   endloop
 endfacet
 facet normal  0.000000e+00  0.000000e+00 -1.000000e+00
   outer loop
     vertex  9.268619e+01 -5.267108e+01  1.397003e+01
     vertex  9.298529e+01 -5.261951e+01  1.397003e+01
     vertex  9.540002e+01 -5.786274e+01  1.397003e+01
   endloop
 endfacet
 facet normal  0.000000e+00  0.000000e+00 -1.000000e+00
   outer loop
     vertex  9.268619e+01 -5.267108e+01  1.397003e+01
     vertex  9.540002e+01 -5.786274e+01  1.397003e+01
     vertex  9.516891e+01 -5.805710e+01  1.397003e+01
   endloop
 endfacet
 facet normal -2.982408e-16  5.142191e-17 -1.000000e+00
   outer loop
     vertex  8.923851e+01 -5.611875e+01  1.397003e+01
     vertex  9.478152e+01 -5.851471e+01  1.397003e+01
     vertex  8.918694e+01 -5.641785e+01  1.397003e+01
   endloop
 endfacet
 facet normal  0.000000e+00  0.000000e+00 -1.000000e+00
   outer loop
     vertex  9.239130e+01 -5.274294e+01  1.397003e+01
     vertex  9.268619e+01 -5.267108e+01  1.397003e+01
     vertex  9.516891e+01 -5.805710e+01  1.397003e+01
   endloop
 endfacet
 facet normal -2.899280e-16  7.065351e-17 -1.000000e+00
   outer loop
     vertex  8.931038e+01 -5.582386e+01  1.397003e+01
     vertex  9.478152e+01 -5.851471e+01  1.397003e+01
     vertex  8.923851e+01 -5.611875e+01  1.397003e+01
   endloop
 endfacet
 facet normal  0.000000e+00  0.000000e+00 -1.000000e+00
   outer loop
     vertex  9.210201e+01 -5.283476e+01  1.397003e+01
     vertex  9.239130e+01 -5.274294e+01  1.397003e+01
     vertex  9.516891e+01 -5.805710e+01  1.397003e+01
   endloop
 endfacet
 facet normal -2.808387e-16  8.913420e-17 -1.000000e+00
   outer loop
     vertex  8.940219e+01 -5.553457e+01  1.397003e+01
     vertex  9.478152e+01 -5.851471e+01  1.397003e+01
     vertex  8.931038e+01 -5.582386e+01  1.397003e+01
   endloop
 endfacet
 facet normal  0.000000e+00  0.000000e+00 -1.000000e+00
   outer loop
     vertex  9.181965e+01 -5.294610e+01  1.397003e+01
     vertex  9.210201e+01 -5.283476e+01  1.397003e+01
     vertex  9.516891e+01 -5.805710e+01  1.397003e+01
   endloop
 endfacet
 facet normal  2.903936e-15  5.233490e-15 -1.000000e+00
   outer loop
     vertex  8.951354e+01 -5.525222e+01  1.397003e+01
     vertex  9.496197e+01 -5.827542e+01  1.397003e+01
     vertex  9.478152e+01 -5.851471e+01  1.397003e+01
   endloop
 endfacet
 facet normal -2.710114e-16  1.068730e-16 -1.000000e+00
   outer loop
     vertex  8.951354e+01 -5.525222e+01  1.397003e+01
     vertex  9.478152e+01 -5.851471e+01  1.397003e+01
     vertex  8.940219e+01 -5.553457e+01  1.397003e+01
   endloop
 endfacet
 facet normal  0.000000e+00  0.000000e+00 -1.000000e+00
   outer loop
     vertex  9.154556e+01 -5.307646e+01  1.397003e+01
     vertex  9.181965e+01 -5.294610e+01  1.397003e+01
     vertex  9.516891e+01 -5.805710e+01  1.397003e+01
   endloop
 endfacet
 facet normal  0.000000e+00 -0.000000e+00 -1.000000e+00
   outer loop
     vertex  8.964389e+01 -5.497812e+01  1.397003e+01
     vertex  9.496197e+01 -5.827542e+01  1.397003e+01
     vertex  8.951354e+01 -5.525222e+01  1.397003e+01
   endloop
 endfacet
 facet normal  0.000000e+00  0.000000e+00 -1.000000e+00
   outer loop
     vertex  9.128100e+01 -5.322521e+01  1.397003e+01
     vertex  9.154556e+01 -5.307646e+01  1.397003e+01
     vertex  9.516891e+01 -5.805710e+01  1.397003e+01
   endloop
 endfacet
 facet normal  0.000000e+00 -0.000000e+00 -1.000000e+00
   outer loop
     vertex  8.979265e+01 -5.471356e+01  1.397003e+01
     vertex  9.496197e+01 -5.827542e+01  1.397003e+01
     vertex  8.964389e+01 -5.497812e+01  1.397003e+01
   endloop
 endfacet
 facet normal  0.000000e+00  0.000000e+00 -1.000000e+00
   outer loop
     vertex  9.102720e+01 -5.339168e+01  1.397003e+01
     vertex  9.128100e+01 -5.322521e+01  1.397003e+01
     vertex  9.516891e+01 -5.805710e+01  1.397003e+01
   endloop
 endfacet
 facet normal  0.000000e+00 -0.000000e+00 -1.000000e+00
   outer loop
     vertex  8.995911e+01 -5.445976e+01  1.397003e+01
     vertex  9.496197e+01 -5.827542e+01  1.397003e+01
     vertex  8.979265e+01 -5.471356e+01  1.397003e+01
   endloop
 endfacet
 facet normal  0.000000e+00  0.000000e+00 -1.000000e+00
   outer loop
     vertex  9.078536e+01 -5.357507e+01  1.397003e+01
     vertex  9.516891e+01 -5.805710e+01  1.397003e+01
     vertex  9.496197e+01 -5.827542e+01  1.397003e+01
   endloop
 endfacet
 facet normal  0.000000e+00  0.000000e+00 -1.000000e+00
   outer loop
     vertex  9.078536e+01 -5.357507e+01  1.397003e+01
     vertex  9.102720e+01 -5.339168e+01  1.397003e+01
     vertex  9.516891e+01 -5.805710e+01  1.397003e+01
   endloop
 endfacet
 facet normal  0.000000e+00 -0.000000e+00 -1.000000e+00
   outer loop
     vertex  9.014251e+01 -5.421792e+01  1.397003e+01
     vertex  9.496197e+01 -5.827542e+01  1.397003e+01
     vertex  8.995911e+01 -5.445976e+01  1.397003e+01
   endloop
 endfacet
 facet normal  0.000000e+00  0.000000e+00 -1.000000e+00
   outer loop
     vertex  9.055660e+01 -5.377454e+01  1.397003e+01
     vertex  9.078536e+01 -5.357507e+01  1.397003e+01
     vertex  9.496197e+01 -5.827542e+01  1.397003e+01
   endloop
 endfacet
 facet normal  0.000000e+00  0.000000e+00 -1.000000e+00
   outer loop
     vertex  9.034198e+01 -5.398916e+01  1.397003e+01
     vertex  9.055660e+01 -5.377454e+01  1.397003e+01
     vertex  9.496197e+01 -5.827542e+01  1.397003e+01
   endloop
 endfacet
 facet normal  0.000000e+00 -0.000000e+00 -1.000000e+00
   outer loop
     vertex  9.034198e+01 -5.398916e+01  1.397003e+01
     vertex  9.496197e+01 -5.827542e+01  1.397003e+01
     vertex  9.014251e+01 -5.421792e+01  1.397003e+01
   endloop
 endfacet
 facet normal  0.000000e+00 -1.748794e-16 -1.000000e+00
   outer loop
     vertex  9.359055e+01 -5.257811e+01  1.397003e+01
     vertex  1.719497e+02 -5.257811e+01  1.397003e+01
     vertex  1.506173e+02 -6.273572e+01  1.397003e+01
   endloop
 endfacet
 facet normal  1.746186e-17 -7.684513e-17 -1.000000e+00
   outer loop
     vertex  9.359055e+01 -5.257811e+01  1.397003e+01
     vertex  1.506173e+02 -6.273572e+01  1.397003e+01
     vertex  1.501421e+02 -6.284370e+01  1.397003e+01
   endloop
 endfacet
 facet normal  1.987108e-17 -6.357316e-17 -1.000000e+00
   outer loop
     vertex  9.359055e+01 -5.257811e+01  1.397003e+01
     vertex  1.501421e+02 -6.284370e+01  1.397003e+01
     vertex  1.496778e+02 -6.298882e+01  1.397003e+01
   endloop
 endfacet
 facet normal  1.267090e-15  6.655762e-15 -1.000000e+00
   outer loop
     vertex  9.359055e+01 -5.257811e+01  1.397003e+01
     vertex  1.496778e+02 -6.298882e+01  1.397003e+01
     vertex  1.492274e+02 -6.316996e+01  1.397003e+01
   endloop
 endfacet
 facet normal -0.000000e+00 -1.860825e-16 -1.000000e+00
   outer loop
     vertex  1.613503e+02 -8.388017e+01  1.397003e+01
     vertex  1.042002e+02 -8.388017e+01  1.397003e+01
     vertex  1.492012e+02 -7.433409e+01  1.397003e+01
   endloop
 endfacet
 facet normal -2.771738e-17 -5.542048e-17 -1.000000e+00
   outer loop
     vertex  1.492012e+02 -7.433409e+01  1.397003e+01
     vertex  1.042002e+02 -8.388017e+01  1.397003e+01
     vertex  1.487947e+02 -7.413081e+01  1.397003e+01
   endloop
 endfacet
 facet normal  9.983858e-01  5.679626e-02  0.000000e+00
   outer loop
     vertex  1.712703e+02 -1.274003e+02  1.397003e+01
     vertex  1.712703e+02 -1.274003e+02  9.906020e+00
     vertex  1.712531e+02 -1.270975e+02  9.906020e+00
   endloop
 endfacet
 facet normal  9.983858e-01  5.679626e-02  0.000000e+00
   outer loop
     vertex  1.712531e+02 -1.270975e+02  1.397003e+01
     vertex  1.712703e+02 -1.274003e+02  1.397003e+01
     vertex  1.712531e+02 -1.270975e+02  9.906020e+00
   endloop
 endfacet
 facet normal  9.849125e-01  1.730530e-01  0.000000e+00
   outer loop
     vertex  1.711975e+02 -1.267806e+02  1.397003e+01
     vertex  1.712531e+02 -1.270975e+02  1.397003e+01
     vertex  1.712531e+02 -1.270975e+02  9.906020e+00
   endloop
 endfacet
 facet normal  9.849125e-01  1.730530e-01  0.000000e+00
   outer loop
     vertex  1.711975e+02 -1.267806e+02  1.397003e+01
     vertex  1.712531e+02 -1.270975e+02  9.906020e+00
     vertex  1.711975e+02 -1.267806e+02  9.906020e+00
   endloop
 endfacet
 facet normal  9.580835e-01  2.864893e-01  0.000000e+00
   outer loop
     vertex  1.711113e+02 -1.264925e+02  1.397003e+01
     vertex  1.711975e+02 -1.267806e+02  1.397003e+01
     vertex  1.711975e+02 -1.267806e+02  9.906020e+00
   endloop
 endfacet
 facet normal  9.580835e-01  2.864893e-01  0.000000e+00
   outer loop
     vertex  1.711113e+02 -1.264925e+02  1.397003e+01
     vertex  1.711975e+02 -1.267806e+02  9.906020e+00
     vertex  1.711113e+02 -1.264925e+02  9.906020e+00
   endloop
 endfacet
 facet normal  9.198619e-01  3.922423e-01  0.000000e+00
   outer loop
     vertex  1.711113e+02 -1.264925e+02  1.397003e+01
     vertex  1.711113e+02 -1.264925e+02  9.906020e+00
     vertex  1.709937e+02 -1.262168e+02  9.906020e+00
   endloop
 endfacet
 facet normal  9.198619e-01  3.922423e-01  0.000000e+00
   outer loop
     vertex  1.709937e+02 -1.262168e+02  1.397003e+01
     vertex  1.711113e+02 -1.264925e+02  1.397003e+01
     vertex  1.709937e+02 -1.262168e+02  9.906020e+00
   endloop
 endfacet
 facet normal  8.702074e-01  4.926856e-01  0.000000e+00
   outer loop
     vertex  1.708466e+02 -1.259569e+02  1.397003e+01
     vertex  1.709937e+02 -1.262168e+02  1.397003e+01
     vertex  1.709937e+02 -1.262168e+02  9.906020e+00
   endloop
 endfacet
 facet normal  8.702074e-01  4.926856e-01  0.000000e+00
   outer loop
     vertex  1.708466e+02 -1.259569e+02  1.397003e+01
     vertex  1.709937e+02 -1.262168e+02  9.906020e+00
     vertex  1.708466e+02 -1.259569e+02  9.906020e+00
   endloop
 endfacet
 facet normal  8.098529e-01  5.866331e-01  0.000000e+00
   outer loop
     vertex  1.708466e+02 -1.259569e+02  1.397003e+01
     vertex  1.708466e+02 -1.259569e+02  9.906020e+00
     vertex  1.706720e+02 -1.257159e+02  9.906020e+00
   endloop
 endfacet
 facet normal  8.098529e-01  5.866331e-01  0.000000e+00
   outer loop
     vertex  1.706720e+02 -1.257159e+02  1.397003e+01
     vertex  1.708466e+02 -1.259569e+02  1.397003e+01
     vertex  1.706720e+02 -1.257159e+02  9.906020e+00
   endloop
 endfacet
 facet normal  7.396482e-01  6.729938e-01  0.000000e+00
   outer loop
     vertex  1.706720e+02 -1.257159e+02  1.397003e+01
     vertex  1.706720e+02 -1.257159e+02  9.906020e+00
     vertex  1.704723e+02 -1.254964e+02  9.906020e+00
   endloop
 endfacet
 facet normal  6.605487e-01  7.507832e-01  0.000000e+00
   outer loop
     vertex  1.704723e+02 -1.254964e+02  1.397003e+01
     vertex  1.704723e+02 -1.254964e+02  9.906020e+00
     vertex  1.702503e+02 -1.253011e+02  9.906020e+00
   endloop
 endfacet
 facet normal  7.396482e-01  6.729938e-01  0.000000e+00
   outer loop
     vertex  1.704723e+02 -1.254964e+02  1.397003e+01
     vertex  1.706720e+02 -1.257159e+02  1.397003e+01
     vertex  1.704723e+02 -1.254964e+02  9.906020e+00
   endloop
 endfacet
 facet normal  6.605487e-01  7.507832e-01  0.000000e+00
   outer loop
     vertex  1.702503e+02 -1.253011e+02  1.397003e+01
     vertex  1.704723e+02 -1.254964e+02  1.397003e+01
     vertex  1.702503e+02 -1.253011e+02  9.906020e+00
   endloop
 endfacet
 facet normal  5.736031e-01  8.191334e-01  0.000000e+00
   outer loop
     vertex  1.700088e+02 -1.251319e+02  1.397003e+01
     vertex  1.702503e+02 -1.253011e+02  1.397003e+01
     vertex  1.702503e+02 -1.253011e+02  9.906020e+00
   endloop
 endfacet
 facet normal  5.736031e-01  8.191334e-01  0.000000e+00
   outer loop
     vertex  1.700088e+02 -1.251319e+02  1.397003e+01
     vertex  1.702503e+02 -1.253011e+02  9.906020e+00
     vertex  1.700088e+02 -1.251319e+02  9.906020e+00
   endloop
 endfacet
 facet normal  4.745696e-01  8.802180e-01  0.000000e+00
   outer loop
     vertex  1.700088e+02 -1.251319e+02  1.397003e+01
     vertex  1.700088e+02 -1.251319e+02  9.906020e+00
     vertex  1.697214e+02 -1.249770e+02  9.906020e+00
   endloop
 endfacet
 facet normal  3.637941e-01  9.314794e-01  0.000000e+00
   outer loop
     vertex  1.697214e+02 -1.249770e+02  1.397003e+01
     vertex  1.697214e+02 -1.249770e+02  9.906020e+00
     vertex  1.694184e+02 -1.248586e+02  9.906020e+00
   endloop
 endfacet
 facet normal  4.745696e-01  8.802180e-01  0.000000e+00
   outer loop
     vertex  1.697214e+02 -1.249770e+02  1.397003e+01
     vertex  1.700088e+02 -1.251319e+02  1.397003e+01
     vertex  1.697214e+02 -1.249770e+02  9.906020e+00
   endloop
 endfacet
 facet normal  3.637941e-01  9.314794e-01  0.000000e+00
   outer loop
     vertex  1.694184e+02 -1.248586e+02  1.397003e+01
     vertex  1.697214e+02 -1.249770e+02  1.397003e+01
     vertex  1.694184e+02 -1.248586e+02  9.906020e+00
   endloop
 endfacet
 facet normal  2.480389e-01  9.687501e-01  0.000000e+00
   outer loop
     vertex  1.691044e+02 -1.247783e+02  1.397003e+01
     vertex  1.694184e+02 -1.248586e+02  9.906020e+00
     vertex  1.691044e+02 -1.247783e+02  9.906020e+00
   endloop
 endfacet
 facet normal  2.480389e-01  9.687501e-01  0.000000e+00
   outer loop
     vertex  1.691044e+02 -1.247783e+02  1.397003e+01
     vertex  1.694184e+02 -1.248586e+02  1.397003e+01
     vertex  1.694184e+02 -1.248586e+02  9.906020e+00
   endloop
 endfacet
 facet normal  1.290658e-01  9.916360e-01  0.000000e+00
   outer loop
     vertex  1.687842e+02 -1.247366e+02  1.397003e+01
     vertex  1.691044e+02 -1.247783e+02  9.906020e+00
     vertex  1.687842e+02 -1.247366e+02  9.906020e+00
   endloop
 endfacet
 facet normal  8.654427e-03  9.999625e-01  0.000000e+00
   outer loop
     vertex  1.687842e+02 -1.247366e+02  1.397003e+01
     vertex  1.687842e+02 -1.247366e+02  9.906020e+00
     vertex  1.684626e+02 -1.247338e+02  9.906020e+00
   endloop
 endfacet
 facet normal  1.290658e-01  9.916360e-01  0.000000e+00
   outer loop
     vertex  1.687842e+02 -1.247366e+02  1.397003e+01
     vertex  1.691044e+02 -1.247783e+02  1.397003e+01
     vertex  1.691044e+02 -1.247783e+02  9.906020e+00
   endloop
 endfacet
 facet normal  8.654427e-03  9.999625e-01  0.000000e+00
   outer loop
     vertex  1.684626e+02 -1.247338e+02  1.397003e+01
     vertex  1.687842e+02 -1.247366e+02  1.397003e+01
     vertex  1.684626e+02 -1.247338e+02  9.906020e+00
   endloop
 endfacet
 facet normal -1.114236e-01  9.937730e-01  0.000000e+00
   outer loop
     vertex  1.681442e+02 -1.247695e+02  1.397003e+01
     vertex  1.684626e+02 -1.247338e+02  9.906020e+00
     vertex  1.681442e+02 -1.247695e+02  9.906020e+00
   endloop
 endfacet
 facet normal -1.114236e-01  9.937730e-01  0.000000e+00
   outer loop
     vertex  1.681442e+02 -1.247695e+02  1.397003e+01
     vertex  1.684626e+02 -1.247338e+02  1.397003e+01
     vertex  1.684626e+02 -1.247338e+02  9.906020e+00
   endloop
 endfacet
 facet normal -2.294318e-01  9.733247e-01  0.000000e+00
   outer loop
     vertex  1.678335e+02 -1.248427e+02  1.397003e+01
     vertex  1.681442e+02 -1.247695e+02  9.906020e+00
     vertex  1.678335e+02 -1.248427e+02  9.906020e+00
   endloop
 endfacet
 facet normal -2.294318e-01  9.733247e-01  0.000000e+00
   outer loop
     vertex  1.678335e+02 -1.248427e+02  1.397003e+01
     vertex  1.681442e+02 -1.247695e+02  1.397003e+01
     vertex  1.681442e+02 -1.247695e+02  9.906020e+00
   endloop
 endfacet
 facet normal -3.436936e-01  9.390819e-01  0.000000e+00
   outer loop
     vertex  1.675351e+02 -1.249520e+02  1.397003e+01
     vertex  1.678335e+02 -1.248427e+02  9.906020e+00
     vertex  1.675351e+02 -1.249520e+02  9.906020e+00
   endloop
 endfacet
 facet normal -3.436936e-01  9.390819e-01  0.000000e+00
   outer loop
     vertex  1.675351e+02 -1.249520e+02  1.397003e+01
     vertex  1.678335e+02 -1.248427e+02  1.397003e+01
     vertex  1.678335e+02 -1.248427e+02  9.906020e+00
   endloop
 endfacet
 facet normal -4.526248e-01  8.917011e-01  0.000000e+00
   outer loop
     vertex  1.672528e+02 -1.250952e+02  1.397003e+01
     vertex  1.675351e+02 -1.249520e+02  1.397003e+01
     vertex  1.675351e+02 -1.249520e+02  9.906020e+00
   endloop
 endfacet
 facet normal -4.526248e-01  8.917011e-01  0.000000e+00
   outer loop
     vertex  1.672528e+02 -1.250952e+02  1.397003e+01
     vertex  1.675351e+02 -1.249520e+02  9.906020e+00
     vertex  1.672528e+02 -1.250952e+02  9.906020e+00
   endloop
 endfacet
 facet normal -5.528894e-01  8.332546e-01  0.000000e+00
   outer loop
     vertex  1.672528e+02 -1.250952e+02  1.397003e+01
     vertex  1.672528e+02 -1.250952e+02  9.906020e+00
     vertex  1.670002e+02 -1.252629e+02  9.906020e+00
   endloop
 endfacet
 facet normal -5.528894e-01  8.332546e-01  0.000000e+00
   outer loop
     vertex  1.670002e+02 -1.252629e+02  1.397003e+01
     vertex  1.672528e+02 -1.250952e+02  1.397003e+01
     vertex  1.670002e+02 -1.252629e+02  9.906020e+00
   endloop
 endfacet
 facet normal -6.436234e-01  7.653424e-01  0.000000e+00
   outer loop
     vertex  1.667691e+02 -1.254572e+02  1.397003e+01
     vertex  1.670002e+02 -1.252629e+02  1.397003e+01
     vertex  1.670002e+02 -1.252629e+02  9.906020e+00
   endloop
 endfacet
 facet normal -6.436234e-01  7.653424e-01  0.000000e+00
   outer loop
     vertex  1.667691e+02 -1.254572e+02  1.397003e+01
     vertex  1.670002e+02 -1.252629e+02  9.906020e+00
     vertex  1.667691e+02 -1.254572e+02  9.906020e+00
   endloop
 endfacet
 facet normal -7.257776e-01  6.879294e-01  0.000000e+00
   outer loop
     vertex  1.667691e+02 -1.254572e+02  1.397003e+01
     vertex  1.667691e+02 -1.254572e+02  9.906020e+00
     vertex  1.665621e+02 -1.256756e+02  9.906020e+00
   endloop
 endfacet
 facet normal -7.257776e-01  6.879294e-01  0.000000e+00
   outer loop
     vertex  1.665621e+02 -1.256756e+02  1.397003e+01
     vertex  1.667691e+02 -1.254572e+02  1.397003e+01
     vertex  1.665621e+02 -1.256756e+02  9.906020e+00
   endloop
 endfacet
 facet normal -7.984275e-01  6.020910e-01  0.000000e+00
   outer loop
     vertex  1.663817e+02 -1.259148e+02  1.397003e+01
     vertex  1.665621e+02 -1.256756e+02  1.397003e+01
     vertex  1.665621e+02 -1.256756e+02  9.906020e+00
   endloop
 endfacet
 facet normal -7.984275e-01  6.020910e-01  0.000000e+00
   outer loop
     vertex  1.663817e+02 -1.259148e+02  1.397003e+01
     vertex  1.665621e+02 -1.256756e+02  9.906020e+00
     vertex  1.663817e+02 -1.259148e+02  9.906020e+00
   endloop
 endfacet
 facet normal -8.607754e-01  5.089851e-01  0.000000e+00
   outer loop
     vertex  1.662297e+02 -1.261719e+02  1.397003e+01
     vertex  1.663817e+02 -1.259148e+02  1.397003e+01
     vertex  1.663817e+02 -1.259148e+02  9.906020e+00
   endloop
 endfacet
 facet normal -8.607754e-01  5.089851e-01  0.000000e+00
   outer loop
     vertex  1.662297e+02 -1.261719e+02  1.397003e+01
     vertex  1.663817e+02 -1.259148e+02  9.906020e+00
     vertex  1.662297e+02 -1.261719e+02  9.906020e+00
   endloop
 endfacet
 facet normal -9.121582e-01  4.098383e-01  0.000000e+00
   outer loop
     vertex  1.661077e+02 -1.264434e+02  1.397003e+01
     vertex  1.662297e+02 -1.261719e+02  1.397003e+01
     vertex  1.662297e+02 -1.261719e+02  9.906020e+00
   endloop
 endfacet
 facet normal -9.121582e-01  4.098383e-01  0.000000e+00
   outer loop
     vertex  1.661077e+02 -1.264434e+02  1.397003e+01
     vertex  1.662297e+02 -1.261719e+02  9.906020e+00
     vertex  1.661077e+02 -1.264434e+02  9.906020e+00
   endloop
 endfacet
 facet normal -9.520536e-01  3.059313e-01  0.000000e+00
   outer loop
     vertex  1.661077e+02 -1.264434e+02  1.397003e+01
     vertex  1.661077e+02 -1.264434e+02  9.906020e+00
     vertex  1.660169e+02 -1.267259e+02  9.906020e+00
   endloop
 endfacet
 facet normal -9.520536e-01  3.059313e-01  0.000000e+00
   outer loop
     vertex  1.660169e+02 -1.267259e+02  1.397003e+01
     vertex  1.661077e+02 -1.264434e+02  1.397003e+01
     vertex  1.660169e+02 -1.267259e+02  9.906020e+00
   endloop
 endfacet
 facet normal -9.800840e-01  1.985834e-01  0.000000e+00
   outer loop
     vertex  1.659582e+02 -1.270158e+02  1.397003e+01
     vertex  1.660169e+02 -1.267259e+02  1.397003e+01
     vertex  1.660169e+02 -1.267259e+02  9.906020e+00
   endloop
 endfacet
 facet normal -9.800840e-01  1.985834e-01  0.000000e+00
   outer loop
     vertex  1.659582e+02 -1.270158e+02  1.397003e+01
     vertex  1.660169e+02 -1.267259e+02  9.906020e+00
     vertex  1.659582e+02 -1.270158e+02  9.906020e+00
   endloop
 endfacet
 facet normal -9.960194e-01  8.913620e-02  0.000000e+00
   outer loop
     vertex  1.659319e+02 -1.273095e+02  1.397003e+01
     vertex  1.659582e+02 -1.270158e+02  1.397003e+01
     vertex  1.659582e+02 -1.270158e+02  9.906020e+00
   endloop
 endfacet
 facet normal -9.960194e-01  8.913620e-02  0.000000e+00
   outer loop
     vertex  1.659319e+02 -1.273095e+02  1.397003e+01
     vertex  1.659582e+02 -1.270158e+02  9.906020e+00
     vertex  1.659319e+02 -1.273095e+02  9.906020e+00
   endloop
 endfacet
 facet normal -9.996308e-01 -2.717146e-02 -0.000000e+00
   outer loop
     vertex  1.659319e+02 -1.273095e+02  1.397003e+01
     vertex  1.659319e+02 -1.273095e+02  9.906020e+00
     vertex  1.659407e+02 -1.276359e+02  9.906020e+00
   endloop
 endfacet
 facet normal -9.996308e-01 -2.717146e-02 -0.000000e+00
   outer loop
     vertex  1.659407e+02 -1.276359e+02  1.397003e+01
     vertex  1.659319e+02 -1.273095e+02  1.397003e+01
     vertex  1.659407e+02 -1.276359e+02  9.906020e+00
   endloop
 endfacet
 facet normal -9.888726e-01 -1.487650e-01  0.000000e+00
   outer loop
     vertex  1.659891e+02 -1.279576e+02  1.397003e+01
     vertex  1.659407e+02 -1.276359e+02  1.397003e+01
     vertex  1.659407e+02 -1.276359e+02  9.906020e+00
   endloop
 endfacet
 facet normal -9.888726e-01 -1.487650e-01 -0.000000e+00
   outer loop
     vertex  1.659891e+02 -1.279576e+02  1.397003e+01
     vertex  1.659407e+02 -1.276359e+02  9.906020e+00
     vertex  1.659891e+02 -1.279576e+02  9.906020e+00
   endloop
 endfacet
 facet normal -9.635013e-01 -2.677037e-01 -0.000000e+00
   outer loop
     vertex  1.659891e+02 -1.279576e+02  1.397003e+01
     vertex  1.659891e+02 -1.279576e+02  9.906020e+00
     vertex  1.660759e+02 -1.282698e+02  9.906020e+00
   endloop
 endfacet
 facet normal -9.635013e-01 -2.677037e-01 -0.000000e+00
   outer loop
     vertex  1.660759e+02 -1.282698e+02  1.397003e+01
     vertex  1.659891e+02 -1.279576e+02  1.397003e+01
     vertex  1.660759e+02 -1.282698e+02  9.906020e+00
   endloop
 endfacet
 facet normal -9.240533e-01 -3.822636e-01  0.000000e+00
   outer loop
     vertex  1.661993e+02 -1.285682e+02  1.397003e+01
     vertex  1.660759e+02 -1.282698e+02  1.397003e+01
     vertex  1.660759e+02 -1.282698e+02  9.906020e+00
   endloop
 endfacet
 facet normal -9.240533e-01 -3.822636e-01 -0.000000e+00
   outer loop
     vertex  1.661993e+02 -1.285682e+02  1.397003e+01
     vertex  1.660759e+02 -1.282698e+02  9.906020e+00
     vertex  1.661993e+02 -1.285682e+02  9.906020e+00
   endloop
 endfacet
 facet normal -8.712641e-01 -4.908145e-01  0.000000e+00
   outer loop
     vertex  1.663572e+02 -1.288485e+02  1.397003e+01
     vertex  1.661993e+02 -1.285682e+02  1.397003e+01
     vertex  1.661993e+02 -1.285682e+02  9.906020e+00
   endloop
 endfacet
 facet normal -8.712641e-01 -4.908145e-01 -0.000000e+00
   outer loop
     vertex  1.663572e+02 -1.288485e+02  1.397003e+01
     vertex  1.661993e+02 -1.285682e+02  9.906020e+00
     vertex  1.663572e+02 -1.288485e+02  9.906020e+00
   endloop
 endfacet
 facet normal -8.060542e-01 -5.918417e-01  0.000000e+00
   outer loop
     vertex  1.665469e+02 -1.291068e+02  1.397003e+01
     vertex  1.663572e+02 -1.288485e+02  1.397003e+01
     vertex  1.663572e+02 -1.288485e+02  9.906020e+00
   endloop
 endfacet
 facet normal -8.060542e-01 -5.918417e-01 -0.000000e+00
   outer loop
     vertex  1.665469e+02 -1.291068e+02  1.397003e+01
     vertex  1.663572e+02 -1.288485e+02  9.906020e+00
     vertex  1.665469e+02 -1.291068e+02  9.906020e+00
   endloop
 endfacet
 facet normal -7.295123e-01 -6.839677e-01 -0.000000e+00
   outer loop
     vertex  1.665469e+02 -1.291068e+02  1.397003e+01
     vertex  1.665469e+02 -1.291068e+02  9.906020e+00
     vertex  1.667652e+02 -1.293396e+02  9.906020e+00
   endloop
 endfacet
 facet normal -7.295123e-01 -6.839677e-01 -0.000000e+00
   outer loop
     vertex  1.667652e+02 -1.293396e+02  1.397003e+01
     vertex  1.665469e+02 -1.291068e+02  1.397003e+01
     vertex  1.667652e+02 -1.293396e+02  9.906020e+00
   endloop
 endfacet
 facet normal -6.428762e-01 -7.659701e-01  0.000000e+00
   outer loop
     vertex  1.670086e+02 -1.295439e+02  1.397003e+01
     vertex  1.667652e+02 -1.293396e+02  1.397003e+01
     vertex  1.667652e+02 -1.293396e+02  9.906020e+00
   endloop
 endfacet
 facet normal -6.428762e-01 -7.659701e-01 -0.000000e+00
   outer loop
     vertex  1.670086e+02 -1.295439e+02  1.397003e+01
     vertex  1.667652e+02 -1.293396e+02  9.906020e+00
     vertex  1.670086e+02 -1.295439e+02  9.906020e+00
   endloop
 endfacet
 facet normal -5.475090e-01 -8.367998e-01  0.000000e+00
   outer loop
     vertex  1.672735e+02 -1.297172e+02  1.397003e+01
     vertex  1.670086e+02 -1.295439e+02  1.397003e+01
     vertex  1.670086e+02 -1.295439e+02  9.906020e+00
   endloop
 endfacet
 facet normal -5.475090e-01 -8.367998e-01 -0.000000e+00
   outer loop
     vertex  1.672735e+02 -1.297172e+02  1.397003e+01
     vertex  1.670086e+02 -1.295439e+02  9.906020e+00
     vertex  1.672735e+02 -1.297172e+02  9.906020e+00
   endloop
 endfacet
 facet normal -4.468669e-01 -8.946004e-01  0.000000e+00
   outer loop
     vertex  1.675448e+02 -1.298527e+02  1.397003e+01
     vertex  1.672735e+02 -1.297172e+02  1.397003e+01
     vertex  1.672735e+02 -1.297172e+02  9.906020e+00
   endloop
 endfacet
 facet normal -4.468669e-01 -8.946004e-01 -0.000000e+00
   outer loop
     vertex  1.675448e+02 -1.298527e+02  1.397003e+01
     vertex  1.672735e+02 -1.297172e+02  9.906020e+00
     vertex  1.675448e+02 -1.298527e+02  9.906020e+00
   endloop
 endfacet
 facet normal -3.427634e-01 -9.394218e-01  0.000000e+00
   outer loop
     vertex  1.678285e+02 -1.299563e+02  1.397003e+01
     vertex  1.675448e+02 -1.298527e+02  1.397003e+01
     vertex  1.675448e+02 -1.298527e+02  9.906020e+00
   endloop
 endfacet
 facet normal -3.427634e-01 -9.394218e-01 -0.000000e+00
   outer loop
     vertex  1.678285e+02 -1.299563e+02  1.397003e+01
     vertex  1.675448e+02 -1.298527e+02  9.906020e+00
     vertex  1.678285e+02 -1.299563e+02  9.906020e+00
   endloop
 endfacet
 facet normal -2.346988e-01 -9.720681e-01  0.000000e+00
   outer loop
     vertex  1.681209e+02 -1.300269e+02  1.397003e+01
     vertex  1.678285e+02 -1.299563e+02  1.397003e+01
     vertex  1.678285e+02 -1.299563e+02  9.906020e+00
   endloop
 endfacet
 facet normal -2.346988e-01 -9.720681e-01 -0.000000e+00
   outer loop
     vertex  1.681209e+02 -1.300269e+02  1.397003e+01
     vertex  1.678285e+02 -1.299563e+02  9.906020e+00
     vertex  1.681209e+02 -1.300269e+02  9.906020e+00
   endloop
 endfacet
 facet normal -1.240665e-01 -9.922739e-01 -0.000000e+00
   outer loop
     vertex  1.681209e+02 -1.300269e+02  1.397003e+01
     vertex  1.681209e+02 -1.300269e+02  9.906020e+00
     vertex  1.684183e+02 -1.300640e+02  9.906020e+00
   endloop
 endfacet
 facet normal -1.240665e-01 -9.922739e-01 -0.000000e+00
   outer loop
     vertex  1.684183e+02 -1.300640e+02  1.397003e+01
     vertex  1.681209e+02 -1.300269e+02  1.397003e+01
     vertex  1.684183e+02 -1.300640e+02  9.906020e+00
   endloop
 endfacet
 facet normal -1.226801e-02 -9.999247e-01 -0.000000e+00
   outer loop
     vertex  1.687170e+02 -1.300677e+02  1.397003e+01
     vertex  1.684183e+02 -1.300640e+02  9.906020e+00
     vertex  1.687170e+02 -1.300677e+02  9.906020e+00
   endloop
 endfacet
 facet normal -1.226801e-02 -9.999247e-01  0.000000e+00
   outer loop
     vertex  1.687170e+02 -1.300677e+02  1.397003e+01
     vertex  1.684183e+02 -1.300640e+02  1.397003e+01
     vertex  1.684183e+02 -1.300640e+02  9.906020e+00
   endloop
 endfacet
 facet normal  9.930250e-02 -9.950573e-01  0.000000e+00
   outer loop
     vertex  1.690132e+02 -1.300382e+02  1.397003e+01
     vertex  1.687170e+02 -1.300677e+02  1.397003e+01
     vertex  1.687170e+02 -1.300677e+02  9.906020e+00
   endloop
 endfacet
 facet normal  9.930250e-02 -9.950573e-01  0.000000e+00
   outer loop
     vertex  1.690132e+02 -1.300382e+02  1.397003e+01
     vertex  1.687170e+02 -1.300677e+02  9.906020e+00
     vertex  1.690132e+02 -1.300382e+02  9.906020e+00
   endloop
 endfacet
 facet normal  2.092742e-01 -9.778570e-01  0.000000e+00
   outer loop
     vertex  1.693033e+02 -1.299761e+02  1.397003e+01
     vertex  1.690132e+02 -1.300382e+02  1.397003e+01
     vertex  1.690132e+02 -1.300382e+02  9.906020e+00
   endloop
 endfacet
 facet normal  2.092742e-01 -9.778570e-01  0.000000e+00
   outer loop
     vertex  1.693033e+02 -1.299761e+02  1.397003e+01
     vertex  1.690132e+02 -1.300382e+02  9.906020e+00
     vertex  1.693033e+02 -1.299761e+02  9.906020e+00
   endloop
 endfacet
 facet normal  3.163152e-01 -9.486541e-01  0.000000e+00
   outer loop
     vertex  1.695839e+02 -1.298825e+02  1.397003e+01
     vertex  1.693033e+02 -1.299761e+02  1.397003e+01
     vertex  1.693033e+02 -1.299761e+02  9.906020e+00
   endloop
 endfacet
 facet normal  3.163152e-01 -9.486541e-01  0.000000e+00
   outer loop
     vertex  1.695839e+02 -1.298825e+02  1.397003e+01
     vertex  1.693033e+02 -1.299761e+02  9.906020e+00
     vertex  1.695839e+02 -1.298825e+02  9.906020e+00
   endloop
 endfacet
 facet normal  4.191474e-01 -9.079182e-01  0.000000e+00
   outer loop
     vertex  1.695839e+02 -1.298825e+02  1.397003e+01
     vertex  1.695839e+02 -1.298825e+02  9.906020e+00
     vertex  1.698516e+02 -1.297589e+02  9.906020e+00
   endloop
 endfacet
 facet normal  5.217848e-01 -8.530771e-01  0.000000e+00
   outer loop
     vertex  1.698516e+02 -1.297589e+02  1.397003e+01
     vertex  1.698516e+02 -1.297589e+02  9.906020e+00
     vertex  1.701302e+02 -1.295885e+02  9.906020e+00
   endloop
 endfacet
 facet normal  4.191474e-01 -9.079182e-01  0.000000e+00
   outer loop
     vertex  1.698516e+02 -1.297589e+02  1.397003e+01
     vertex  1.695839e+02 -1.298825e+02  1.397003e+01
     vertex  1.698516e+02 -1.297589e+02  9.906020e+00
   endloop
 endfacet
 facet normal  5.217848e-01 -8.530771e-01  0.000000e+00
   outer loop
     vertex  1.701302e+02 -1.295885e+02  1.397003e+01
     vertex  1.698516e+02 -1.297589e+02  1.397003e+01
     vertex  1.701302e+02 -1.295885e+02  9.906020e+00
   endloop
 endfacet
 facet normal  6.218424e-01 -7.831424e-01  0.000000e+00
   outer loop
     vertex  1.703850e+02 -1.293862e+02  1.397003e+01
     vertex  1.701302e+02 -1.295885e+02  9.906020e+00
     vertex  1.703850e+02 -1.293862e+02  9.906020e+00
   endloop
 endfacet
 facet normal  6.218424e-01 -7.831424e-01  0.000000e+00
   outer loop
     vertex  1.703850e+02 -1.293862e+02  1.397003e+01
     vertex  1.701302e+02 -1.295885e+02  1.397003e+01
     vertex  1.701302e+02 -1.295885e+02  9.906020e+00
   endloop
 endfacet
 facet normal  7.123139e-01 -7.018610e-01  0.000000e+00
   outer loop
     vertex  1.706125e+02 -1.291553e+02  1.397003e+01
     vertex  1.703850e+02 -1.293862e+02  9.906020e+00
     vertex  1.706125e+02 -1.291553e+02  9.906020e+00
   endloop
 endfacet
 facet normal  7.919720e-01 -6.105574e-01  0.000000e+00
   outer loop
     vertex  1.706125e+02 -1.291553e+02  1.397003e+01
     vertex  1.706125e+02 -1.291553e+02  9.906020e+00
     vertex  1.708096e+02 -1.288996e+02  9.906020e+00
   endloop
 endfacet
 facet normal  7.123139e-01 -7.018610e-01  0.000000e+00
   outer loop
     vertex  1.706125e+02 -1.291553e+02  1.397003e+01
     vertex  1.703850e+02 -1.293862e+02  1.397003e+01
     vertex  1.703850e+02 -1.293862e+02  9.906020e+00
   endloop
 endfacet
 facet normal  7.919720e-01 -6.105574e-01  0.000000e+00
   outer loop
     vertex  1.708096e+02 -1.288996e+02  1.397003e+01
     vertex  1.706125e+02 -1.291553e+02  1.397003e+01
     vertex  1.708096e+02 -1.288996e+02  9.906020e+00
   endloop
 endfacet
 facet normal  8.597697e-01 -5.106819e-01  0.000000e+00
   outer loop
     vertex  1.709739e+02 -1.286230e+02  1.397003e+01
     vertex  1.708096e+02 -1.288996e+02  9.906020e+00
     vertex  1.709739e+02 -1.286230e+02  9.906020e+00
   endloop
 endfacet
 facet normal  8.597697e-01 -5.106819e-01  0.000000e+00
   outer loop
     vertex  1.709739e+02 -1.286230e+02  1.397003e+01
     vertex  1.708096e+02 -1.288996e+02  1.397003e+01
     vertex  1.708096e+02 -1.288996e+02  9.906020e+00
   endloop
 endfacet
 facet normal  9.148527e-01 -4.037877e-01  0.000000e+00
   outer loop
     vertex  1.711033e+02 -1.283298e+02  1.397003e+01
     vertex  1.709739e+02 -1.286230e+02  1.397003e+01
     vertex  1.709739e+02 -1.286230e+02  9.906020e+00
   endloop
 endfacet
 facet normal  9.148527e-01 -4.037877e-01  0.000000e+00
   outer loop
     vertex  1.711033e+02 -1.283298e+02  1.397003e+01
     vertex  1.709739e+02 -1.286230e+02  9.906020e+00
     vertex  1.711033e+02 -1.283298e+02  9.906020e+00
   endloop
 endfacet
 facet normal  9.565692e-01 -2.915054e-01  0.000000e+00
   outer loop
     vertex  1.711963e+02 -1.280245e+02  1.397003e+01
     vertex  1.711033e+02 -1.283298e+02  9.906020e+00
     vertex  1.711963e+02 -1.280245e+02  9.906020e+00
   endloop
 endfacet
 facet normal  9.565692e-01 -2.915054e-01  0.000000e+00
   outer loop
     vertex  1.711963e+02 -1.280245e+02  1.397003e+01
     vertex  1.711033e+02 -1.283298e+02  1.397003e+01
     vertex  1.711033e+02 -1.283298e+02  9.906020e+00
   endloop
 endfacet
 facet normal  9.846837e-01 -1.743504e-01  0.000000e+00
   outer loop
     vertex  1.712529e+02 -1.277053e+02  1.397003e+01
     vertex  1.711963e+02 -1.280245e+02  9.906020e+00
     vertex  1.712529e+02 -1.277053e+02  9.906020e+00
   endloop
 endfacet
 facet normal  9.983617e-01 -5.721835e-02  0.000000e+00
   outer loop
     vertex  1.712529e+02 -1.277053e+02  1.397003e+01
     vertex  1.712529e+02 -1.277053e+02  9.906020e+00
     vertex  1.712703e+02 -1.274003e+02  9.906020e+00
   endloop
 endfacet
 facet normal  9.846837e-01 -1.743504e-01  0.000000e+00
   outer loop
     vertex  1.712529e+02 -1.277053e+02  1.397003e+01
     vertex  1.711963e+02 -1.280245e+02  1.397003e+01
     vertex  1.711963e+02 -1.280245e+02  9.906020e+00
   endloop
 endfacet
 facet normal  9.983617e-01 -5.721835e-02  0.000000e+00
   outer loop
     vertex  1.712703e+02 -1.274003e+02  1.397003e+01
     vertex  1.712529e+02 -1.277053e+02  1.397003e+01
     vertex  1.712703e+02 -1.274003e+02  9.906020e+00
   endloop
 endfacet
 facet normal  9.983858e-01  5.679626e-02  0.000000e+00
   outer loop
     vertex  9.965297e+01 -1.270975e+02  1.397003e+01
     vertex  9.967020e+01 -1.274003e+02  1.397003e+01
     vertex  9.967020e+01 -1.274003e+02  9.906020e+00
   endloop
 endfacet
 facet normal  9.983858e-01  5.679626e-02  0.000000e+00
   outer loop
     vertex  9.965297e+01 -1.270975e+02  1.397003e+01
     vertex  9.967020e+01 -1.274003e+02  9.906020e+00
     vertex  9.965297e+01 -1.270975e+02  9.906020e+00
   endloop
 endfacet
 facet normal  9.849125e-01  1.730530e-01  0.000000e+00
   outer loop
     vertex  9.965297e+01 -1.270975e+02  1.397003e+01
     vertex  9.965297e+01 -1.270975e+02  9.906020e+00
     vertex  9.959731e+01 -1.267806e+02  9.906020e+00
   endloop
 endfacet
 facet normal  9.849125e-01  1.730530e-01  0.000000e+00
   outer loop
     vertex  9.959731e+01 -1.267806e+02  1.397003e+01
     vertex  9.965297e+01 -1.270975e+02  1.397003e+01
     vertex  9.959731e+01 -1.267806e+02  9.906020e+00
   endloop
 endfacet
 facet normal  9.580835e-01  2.864893e-01  0.000000e+00
   outer loop
     vertex  9.951113e+01 -1.264925e+02  1.397003e+01
     vertex  9.959731e+01 -1.267806e+02  1.397003e+01
     vertex  9.959731e+01 -1.267806e+02  9.906020e+00
   endloop
 endfacet
 facet normal  9.580835e-01  2.864893e-01  0.000000e+00
   outer loop
     vertex  9.951113e+01 -1.264925e+02  1.397003e+01
     vertex  9.959731e+01 -1.267806e+02  9.906020e+00
     vertex  9.951113e+01 -1.264925e+02  9.906020e+00
   endloop
 endfacet
 facet normal  9.198619e-01  3.922423e-01  0.000000e+00
   outer loop
     vertex  9.939358e+01 -1.262168e+02  1.397003e+01
     vertex  9.951113e+01 -1.264925e+02  1.397003e+01
     vertex  9.951113e+01 -1.264925e+02  9.906020e+00
   endloop
 endfacet
 facet normal  9.198619e-01  3.922423e-01  0.000000e+00
   outer loop
     vertex  9.939358e+01 -1.262168e+02  1.397003e+01
     vertex  9.951113e+01 -1.264925e+02  9.906020e+00
     vertex  9.939358e+01 -1.262168e+02  9.906020e+00
   endloop
 endfacet
 facet normal  8.702074e-01  4.926856e-01  0.000000e+00
   outer loop
     vertex  9.924645e+01 -1.259569e+02  1.397003e+01
     vertex  9.939358e+01 -1.262168e+02  1.397003e+01
     vertex  9.939358e+01 -1.262168e+02  9.906020e+00
   endloop
 endfacet
 facet normal  8.702074e-01  4.926856e-01  0.000000e+00
   outer loop
     vertex  9.924645e+01 -1.259569e+02  1.397003e+01
     vertex  9.939358e+01 -1.262168e+02  9.906020e+00
     vertex  9.924645e+01 -1.259569e+02  9.906020e+00
   endloop
 endfacet
 facet normal  8.098529e-01  5.866331e-01  0.000000e+00
   outer loop
     vertex  9.907184e+01 -1.257159e+02  1.397003e+01
     vertex  9.924645e+01 -1.259569e+02  1.397003e+01
     vertex  9.924645e+01 -1.259569e+02  9.906020e+00
   endloop
 endfacet
 facet normal  8.098529e-01  5.866331e-01  0.000000e+00
   outer loop
     vertex  9.907184e+01 -1.257159e+02  1.397003e+01
     vertex  9.924645e+01 -1.259569e+02  9.906020e+00
     vertex  9.907184e+01 -1.257159e+02  9.906020e+00
   endloop
 endfacet
 facet normal  7.396482e-01  6.729938e-01  0.000000e+00
   outer loop
     vertex  9.887218e+01 -1.254964e+02  1.397003e+01
     vertex  9.907184e+01 -1.257159e+02  1.397003e+01
     vertex  9.907184e+01 -1.257159e+02  9.906020e+00
   endloop
 endfacet
 facet normal  7.396482e-01  6.729938e-01  0.000000e+00
   outer loop
     vertex  9.887218e+01 -1.254964e+02  1.397003e+01
     vertex  9.907184e+01 -1.257159e+02  9.906020e+00
     vertex  9.887218e+01 -1.254964e+02  9.906020e+00
   endloop
 endfacet
 facet normal  6.605487e-01  7.507832e-01  0.000000e+00
   outer loop
     vertex  9.865014e+01 -1.253011e+02  1.397003e+01
     vertex  9.887218e+01 -1.254964e+02  9.906020e+00
     vertex  9.865014e+01 -1.253011e+02  9.906020e+00
   endloop
 endfacet
 facet normal  6.605487e-01  7.507832e-01  0.000000e+00
   outer loop
     vertex  9.865014e+01 -1.253011e+02  1.397003e+01
     vertex  9.887218e+01 -1.254964e+02  1.397003e+01
     vertex  9.887218e+01 -1.254964e+02  9.906020e+00
   endloop
 endfacet
 facet normal  5.736031e-01  8.191334e-01  0.000000e+00
   outer loop
     vertex  9.840863e+01 -1.251319e+02  1.397003e+01
     vertex  9.865014e+01 -1.253011e+02  9.906020e+00
     vertex  9.840863e+01 -1.251319e+02  9.906020e+00
   endloop
 endfacet
 facet normal  5.736031e-01  8.191334e-01  0.000000e+00
   outer loop
     vertex  9.840863e+01 -1.251319e+02  1.397003e+01
     vertex  9.865014e+01 -1.253011e+02  1.397003e+01
     vertex  9.865014e+01 -1.253011e+02  9.906020e+00
   endloop
 endfacet
 facet normal  4.745696e-01  8.802180e-01  0.000000e+00
   outer loop
     vertex  9.812123e+01 -1.249770e+02  1.397003e+01
     vertex  9.840863e+01 -1.251319e+02  1.397003e+01
     vertex  9.840863e+01 -1.251319e+02  9.906020e+00
   endloop
 endfacet
 facet normal  4.745696e-01  8.802180e-01  0.000000e+00
   outer loop
     vertex  9.812123e+01 -1.249770e+02  1.397003e+01
     vertex  9.840863e+01 -1.251319e+02  9.906020e+00
     vertex  9.812123e+01 -1.249770e+02  9.906020e+00
   endloop
 endfacet
 facet normal  3.637941e-01  9.314794e-01  0.000000e+00
   outer loop
     vertex  9.781822e+01 -1.248586e+02  1.397003e+01
     vertex  9.812123e+01 -1.249770e+02  9.906020e+00
     vertex  9.781822e+01 -1.248586e+02  9.906020e+00
   endloop
 endfacet
 facet normal  3.637941e-01  9.314794e-01  0.000000e+00
   outer loop
     vertex  9.781822e+01 -1.248586e+02  1.397003e+01
     vertex  9.812123e+01 -1.249770e+02  1.397003e+01
     vertex  9.812123e+01 -1.249770e+02  9.906020e+00
   endloop
 endfacet
 facet normal  2.480389e-01  9.687501e-01  0.000000e+00
   outer loop
     vertex  9.750426e+01 -1.247783e+02  1.397003e+01
     vertex  9.781822e+01 -1.248586e+02  9.906020e+00
     vertex  9.750426e+01 -1.247783e+02  9.906020e+00
   endloop
 endfacet
 facet normal  2.480389e-01  9.687501e-01  0.000000e+00
   outer loop
     vertex  9.750426e+01 -1.247783e+02  1.397003e+01
     vertex  9.781822e+01 -1.248586e+02  1.397003e+01
     vertex  9.781822e+01 -1.248586e+02  9.906020e+00
   endloop
 endfacet
 facet normal  1.290658e-01  9.916360e-01  0.000000e+00
   outer loop
     vertex  9.718408e+01 -1.247366e+02  1.397003e+01
     vertex  9.750426e+01 -1.247783e+02  9.906020e+00
     vertex  9.718408e+01 -1.247366e+02  9.906020e+00
   endloop
 endfacet
 facet normal  1.290658e-01  9.916360e-01  0.000000e+00
   outer loop
     vertex  9.718408e+01 -1.247366e+02  1.397003e+01
     vertex  9.750426e+01 -1.247783e+02  1.397003e+01
     vertex  9.750426e+01 -1.247783e+02  9.906020e+00
   endloop
 endfacet
 facet normal  8.654427e-03  9.999625e-01  0.000000e+00
   outer loop
     vertex  9.686244e+01 -1.247338e+02  1.397003e+01
     vertex  9.718408e+01 -1.247366e+02  9.906020e+00
     vertex  9.686244e+01 -1.247338e+02  9.906020e+00
   endloop
 endfacet
 facet normal  8.654427e-03  9.999625e-01  0.000000e+00
   outer loop
     vertex  9.686244e+01 -1.247338e+02  1.397003e+01
     vertex  9.718408e+01 -1.247366e+02  1.397003e+01
     vertex  9.718408e+01 -1.247366e+02  9.906020e+00
   endloop
 endfacet
 facet normal -1.114236e-01  9.937730e-01  0.000000e+00
   outer loop
     vertex  9.654402e+01 -1.247695e+02  1.397003e+01
     vertex  9.686244e+01 -1.247338e+02  9.906020e+00
     vertex  9.654402e+01 -1.247695e+02  9.906020e+00
   endloop
 endfacet
 facet normal -1.114236e-01  9.937730e-01  0.000000e+00
   outer loop
     vertex  9.654402e+01 -1.247695e+02  1.397003e+01
     vertex  9.686244e+01 -1.247338e+02  1.397003e+01
     vertex  9.686244e+01 -1.247338e+02  9.906020e+00
   endloop
 endfacet
 facet normal -2.294318e-01  9.733247e-01  0.000000e+00
   outer loop
     vertex  9.623339e+01 -1.248427e+02  1.397003e+01
     vertex  9.654402e+01 -1.247695e+02  9.906020e+00
     vertex  9.623339e+01 -1.248427e+02  9.906020e+00
   endloop
 endfacet
 facet normal -2.294318e-01  9.733247e-01  0.000000e+00
   outer loop
     vertex  9.623339e+01 -1.248427e+02  1.397003e+01
     vertex  9.654402e+01 -1.247695e+02  1.397003e+01
     vertex  9.654402e+01 -1.247695e+02  9.906020e+00
   endloop
 endfacet
 facet normal -3.436936e-01  9.390819e-01  0.000000e+00
   outer loop
     vertex  9.593492e+01 -1.249520e+02  1.397003e+01
     vertex  9.623339e+01 -1.248427e+02  1.397003e+01
     vertex  9.623339e+01 -1.248427e+02  9.906020e+00
   endloop
 endfacet
 facet normal -3.436936e-01  9.390819e-01  0.000000e+00
   outer loop
     vertex  9.593492e+01 -1.249520e+02  1.397003e+01
     vertex  9.623339e+01 -1.248427e+02  9.906020e+00
     vertex  9.593492e+01 -1.249520e+02  9.906020e+00
   endloop
 endfacet
 facet normal -4.526248e-01  8.917011e-01  0.000000e+00
   outer loop
     vertex  9.593492e+01 -1.249520e+02  1.397003e+01
     vertex  9.593492e+01 -1.249520e+02  9.906020e+00
     vertex  9.565269e+01 -1.250952e+02  9.906020e+00
   endloop
 endfacet
 facet normal -5.528894e-01  8.332546e-01  0.000000e+00
   outer loop
     vertex  9.565269e+01 -1.250952e+02  1.397003e+01
     vertex  9.565269e+01 -1.250952e+02  9.906020e+00
     vertex  9.540002e+01 -1.252629e+02  9.906020e+00
   endloop
 endfacet
 facet normal -4.526248e-01  8.917011e-01  0.000000e+00
   outer loop
     vertex  9.565269e+01 -1.250952e+02  1.397003e+01
     vertex  9.593492e+01 -1.249520e+02  1.397003e+01
     vertex  9.565269e+01 -1.250952e+02  9.906020e+00
   endloop
 endfacet
 facet normal -5.528894e-01  8.332546e-01  0.000000e+00
   outer loop
     vertex  9.540002e+01 -1.252629e+02  1.397003e+01
     vertex  9.565269e+01 -1.250952e+02  1.397003e+01
     vertex  9.540002e+01 -1.252629e+02  9.906020e+00
   endloop
 endfacet
 facet normal -6.436234e-01  7.653424e-01  0.000000e+00
   outer loop
     vertex  9.516891e+01 -1.254572e+02  1.397003e+01
     vertex  9.540002e+01 -1.252629e+02  1.397003e+01
     vertex  9.540002e+01 -1.252629e+02  9.906020e+00
   endloop
 endfacet
 facet normal -6.436234e-01  7.653424e-01  0.000000e+00
   outer loop
     vertex  9.516891e+01 -1.254572e+02  1.397003e+01
     vertex  9.540002e+01 -1.252629e+02  9.906020e+00
     vertex  9.516891e+01 -1.254572e+02  9.906020e+00
   endloop
 endfacet
 facet normal -7.257776e-01  6.879294e-01  0.000000e+00
   outer loop
     vertex  9.496197e+01 -1.256756e+02  1.397003e+01
     vertex  9.516891e+01 -1.254572e+02  1.397003e+01
     vertex  9.516891e+01 -1.254572e+02  9.906020e+00
   endloop
 endfacet
 facet normal -7.257776e-01  6.879294e-01  0.000000e+00
   outer loop
     vertex  9.496197e+01 -1.256756e+02  1.397003e+01
     vertex  9.516891e+01 -1.254572e+02  9.906020e+00
     vertex  9.496197e+01 -1.256756e+02  9.906020e+00
   endloop
 endfacet
 facet normal -7.984275e-01  6.020910e-01  0.000000e+00
   outer loop
     vertex  9.496197e+01 -1.256756e+02  1.397003e+01
     vertex  9.496197e+01 -1.256756e+02  9.906020e+00
     vertex  9.478152e+01 -1.259148e+02  9.906020e+00
   endloop
 endfacet
 facet normal -7.984275e-01  6.020910e-01  0.000000e+00
   outer loop
     vertex  9.478152e+01 -1.259148e+02  1.397003e+01
     vertex  9.496197e+01 -1.256756e+02  1.397003e+01
     vertex  9.478152e+01 -1.259148e+02  9.906020e+00
   endloop
 endfacet
 facet normal -8.607754e-01  5.089851e-01  0.000000e+00
   outer loop
     vertex  9.478152e+01 -1.259148e+02  1.397003e+01
     vertex  9.478152e+01 -1.259148e+02  9.906020e+00
     vertex  9.462951e+01 -1.261719e+02  9.906020e+00
   endloop
 endfacet
 facet normal -8.607754e-01  5.089851e-01  0.000000e+00
   outer loop
     vertex  9.462951e+01 -1.261719e+02  1.397003e+01
     vertex  9.478152e+01 -1.259148e+02  1.397003e+01
     vertex  9.462951e+01 -1.261719e+02  9.906020e+00
   endloop
 endfacet
 facet normal -9.121582e-01  4.098383e-01  0.000000e+00
   outer loop
     vertex  9.450752e+01 -1.264434e+02  1.397003e+01
     vertex  9.462951e+01 -1.261719e+02  1.397003e+01
     vertex  9.462951e+01 -1.261719e+02  9.906020e+00
   endloop
 endfacet
 facet normal -9.121582e-01  4.098383e-01  0.000000e+00
   outer loop
     vertex  9.450752e+01 -1.264434e+02  1.397003e+01
     vertex  9.462951e+01 -1.261719e+02  9.906020e+00
     vertex  9.450752e+01 -1.264434e+02  9.906020e+00
   endloop
 endfacet
 facet normal -9.520536e-01  3.059313e-01  0.000000e+00
   outer loop
     vertex  9.450752e+01 -1.264434e+02  1.397003e+01
     vertex  9.450752e+01 -1.264434e+02  9.906020e+00
     vertex  9.441675e+01 -1.267259e+02  9.906020e+00
   endloop
 endfacet
 facet normal -9.520536e-01  3.059313e-01  0.000000e+00
   outer loop
     vertex  9.441675e+01 -1.267259e+02  1.397003e+01
     vertex  9.450752e+01 -1.264434e+02  1.397003e+01
     vertex  9.441675e+01 -1.267259e+02  9.906020e+00
   endloop
 endfacet
 facet normal -9.800840e-01  1.985834e-01  0.000000e+00
   outer loop
     vertex  9.435801e+01 -1.270158e+02  1.397003e+01
     vertex  9.441675e+01 -1.267259e+02  1.397003e+01
     vertex  9.441675e+01 -1.267259e+02  9.906020e+00
   endloop
 endfacet
 facet normal -9.800840e-01  1.985834e-01  0.000000e+00
   outer loop
     vertex  9.435801e+01 -1.270158e+02  1.397003e+01
     vertex  9.441675e+01 -1.267259e+02  9.906020e+00
     vertex  9.435801e+01 -1.270158e+02  9.906020e+00
   endloop
 endfacet
 facet normal -9.960194e-01  8.913620e-02  0.000000e+00
   outer loop
     vertex  9.433173e+01 -1.273095e+02  1.397003e+01
     vertex  9.435801e+01 -1.270158e+02  1.397003e+01
     vertex  9.435801e+01 -1.270158e+02  9.906020e+00
   endloop
 endfacet
 facet normal -9.960194e-01  8.913620e-02  0.000000e+00
   outer loop
     vertex  9.433173e+01 -1.273095e+02  1.397003e+01
     vertex  9.435801e+01 -1.270158e+02  9.906020e+00
     vertex  9.433173e+01 -1.273095e+02  9.906020e+00
   endloop
 endfacet
 facet normal -9.996308e-01 -2.717146e-02 -0.000000e+00
   outer loop
     vertex  9.433173e+01 -1.273095e+02  1.397003e+01
     vertex  9.433173e+01 -1.273095e+02  9.906020e+00
     vertex  9.434061e+01 -1.276359e+02  9.906020e+00
   endloop
 endfacet
 facet normal -9.996308e-01 -2.717146e-02 -0.000000e+00
   outer loop
     vertex  9.434061e+01 -1.276359e+02  1.397003e+01
     vertex  9.433173e+01 -1.273095e+02  1.397003e+01
     vertex  9.434061e+01 -1.276359e+02  9.906020e+00
   endloop
 endfacet
 facet normal -9.888726e-01 -1.487650e-01  0.000000e+00
   outer loop
     vertex  9.438900e+01 -1.279576e+02  1.397003e+01
     vertex  9.434061e+01 -1.276359e+02  1.397003e+01
     vertex  9.434061e+01 -1.276359e+02  9.906020e+00
   endloop
 endfacet
 facet normal -9.888726e-01 -1.487650e-01 -0.000000e+00
   outer loop
     vertex  9.438900e+01 -1.279576e+02  1.397003e+01
     vertex  9.434061e+01 -1.276359e+02  9.906020e+00
     vertex  9.438900e+01 -1.279576e+02  9.906020e+00
   endloop
 endfacet
 facet normal -9.635013e-01 -2.677037e-01  0.000000e+00
   outer loop
     vertex  9.447577e+01 -1.282698e+02  1.397003e+01
     vertex  9.438900e+01 -1.279576e+02  1.397003e+01
     vertex  9.438900e+01 -1.279576e+02  9.906020e+00
   endloop
 endfacet
 facet normal -9.635013e-01 -2.677037e-01 -0.000000e+00
   outer loop
     vertex  9.447577e+01 -1.282698e+02  1.397003e+01
     vertex  9.438900e+01 -1.279576e+02  9.906020e+00
     vertex  9.447577e+01 -1.282698e+02  9.906020e+00
   endloop
 endfacet
 facet normal -9.240533e-01 -3.822636e-01  0.000000e+00
   outer loop
     vertex  9.459920e+01 -1.285682e+02  1.397003e+01
     vertex  9.447577e+01 -1.282698e+02  1.397003e+01
     vertex  9.447577e+01 -1.282698e+02  9.906020e+00
   endloop
 endfacet
 facet normal -9.240533e-01 -3.822636e-01 -0.000000e+00
   outer loop
     vertex  9.459920e+01 -1.285682e+02  1.397003e+01
     vertex  9.447577e+01 -1.282698e+02  9.906020e+00
     vertex  9.459920e+01 -1.285682e+02  9.906020e+00
   endloop
 endfacet
 facet normal -8.712641e-01 -4.908145e-01  0.000000e+00
   outer loop
     vertex  9.475708e+01 -1.288485e+02  1.397003e+01
     vertex  9.459920e+01 -1.285682e+02  1.397003e+01
     vertex  9.459920e+01 -1.285682e+02  9.906020e+00
   endloop
 endfacet
 facet normal -8.712641e-01 -4.908145e-01 -0.000000e+00
   outer loop
     vertex  9.475708e+01 -1.288485e+02  1.397003e+01
     vertex  9.459920e+01 -1.285682e+02  9.906020e+00
     vertex  9.475708e+01 -1.288485e+02  9.906020e+00
   endloop
 endfacet
 facet normal -8.060542e-01 -5.918417e-01  0.000000e+00
   outer loop
     vertex  9.494673e+01 -1.291068e+02  1.397003e+01
     vertex  9.475708e+01 -1.288485e+02  1.397003e+01
     vertex  9.475708e+01 -1.288485e+02  9.906020e+00
   endloop
 endfacet
 facet normal -8.060542e-01 -5.918417e-01 -0.000000e+00
   outer loop
     vertex  9.494673e+01 -1.291068e+02  1.397003e+01
     vertex  9.475708e+01 -1.288485e+02  9.906020e+00
     vertex  9.494673e+01 -1.291068e+02  9.906020e+00
   endloop
 endfacet
 facet normal -7.295123e-01 -6.839677e-01  0.000000e+00
   outer loop
     vertex  9.516502e+01 -1.293396e+02  1.397003e+01
     vertex  9.494673e+01 -1.291068e+02  1.397003e+01
     vertex  9.494673e+01 -1.291068e+02  9.906020e+00
   endloop
 endfacet
 facet normal -7.295123e-01 -6.839677e-01 -0.000000e+00
   outer loop
     vertex  9.516502e+01 -1.293396e+02  1.397003e+01
     vertex  9.494673e+01 -1.291068e+02  9.906020e+00
     vertex  9.516502e+01 -1.293396e+02  9.906020e+00
   endloop
 endfacet
 facet normal -6.428762e-01 -7.659701e-01 -0.000000e+00
   outer loop
     vertex  9.516502e+01 -1.293396e+02  1.397003e+01
     vertex  9.516502e+01 -1.293396e+02  9.906020e+00
     vertex  9.540849e+01 -1.295439e+02  9.906020e+00
   endloop
 endfacet
 facet normal -6.428762e-01 -7.659701e-01 -0.000000e+00
   outer loop
     vertex  9.540849e+01 -1.295439e+02  1.397003e+01
     vertex  9.516502e+01 -1.293396e+02  1.397003e+01
     vertex  9.540849e+01 -1.295439e+02  9.906020e+00
   endloop
 endfacet
 facet normal -5.475090e-01 -8.367998e-01  0.000000e+00
   outer loop
     vertex  9.567334e+01 -1.297172e+02  1.397003e+01
     vertex  9.540849e+01 -1.295439e+02  1.397003e+01
     vertex  9.540849e+01 -1.295439e+02  9.906020e+00
   endloop
 endfacet
 facet normal -5.475090e-01 -8.367998e-01 -0.000000e+00
   outer loop
     vertex  9.567334e+01 -1.297172e+02  1.397003e+01
     vertex  9.540849e+01 -1.295439e+02  9.906020e+00
     vertex  9.567334e+01 -1.297172e+02  9.906020e+00
   endloop
 endfacet
 facet normal -4.468669e-01 -8.946004e-01  0.000000e+00
   outer loop
     vertex  9.594463e+01 -1.298527e+02  1.397003e+01
     vertex  9.567334e+01 -1.297172e+02  1.397003e+01
     vertex  9.567334e+01 -1.297172e+02  9.906020e+00
   endloop
 endfacet
 facet normal -4.468669e-01 -8.946004e-01 -0.000000e+00
   outer loop
     vertex  9.594463e+01 -1.298527e+02  1.397003e+01
     vertex  9.567334e+01 -1.297172e+02  9.906020e+00
     vertex  9.594463e+01 -1.298527e+02  9.906020e+00
   endloop
 endfacet
 facet normal -3.427634e-01 -9.394218e-01  0.000000e+00
   outer loop
     vertex  9.622833e+01 -1.299563e+02  1.397003e+01
     vertex  9.594463e+01 -1.298527e+02  1.397003e+01
     vertex  9.594463e+01 -1.298527e+02  9.906020e+00
   endloop
 endfacet
 facet normal -3.427634e-01 -9.394218e-01 -0.000000e+00
   outer loop
     vertex  9.622833e+01 -1.299563e+02  1.397003e+01
     vertex  9.594463e+01 -1.298527e+02  9.906020e+00
     vertex  9.622833e+01 -1.299563e+02  9.906020e+00
   endloop
 endfacet
 facet normal -2.346988e-01 -9.720681e-01 -0.000000e+00
   outer loop
     vertex  9.622833e+01 -1.299563e+02  1.397003e+01
     vertex  9.622833e+01 -1.299563e+02  9.906020e+00
     vertex  9.652075e+01 -1.300269e+02  9.906020e+00
   endloop
 endfacet
 facet normal -2.346988e-01 -9.720681e-01 -0.000000e+00
   outer loop
     vertex  9.652075e+01 -1.300269e+02  1.397003e+01
     vertex  9.622833e+01 -1.299563e+02  1.397003e+01
     vertex  9.652075e+01 -1.300269e+02  9.906020e+00
   endloop
 endfacet
 facet normal -1.240665e-01 -9.922739e-01  0.000000e+00
   outer loop
     vertex  9.681816e+01 -1.300640e+02  1.397003e+01
     vertex  9.652075e+01 -1.300269e+02  1.397003e+01
     vertex  9.652075e+01 -1.300269e+02  9.906020e+00
   endloop
 endfacet
 facet normal -1.240665e-01 -9.922739e-01 -0.000000e+00
   outer loop
     vertex  9.681816e+01 -1.300640e+02  1.397003e+01
     vertex  9.652075e+01 -1.300269e+02  9.906020e+00
     vertex  9.681816e+01 -1.300640e+02  9.906020e+00
   endloop
 endfacet
 facet normal -1.226801e-02 -9.999247e-01 -0.000000e+00
   outer loop
     vertex  9.681816e+01 -1.300640e+02  1.397003e+01
     vertex  9.681816e+01 -1.300640e+02  9.906020e+00
     vertex  9.711682e+01 -1.300677e+02  9.906020e+00
   endloop
 endfacet
 facet normal -1.226801e-02 -9.999247e-01 -0.000000e+00
   outer loop
     vertex  9.711682e+01 -1.300677e+02  1.397003e+01
     vertex  9.681816e+01 -1.300640e+02  1.397003e+01
     vertex  9.711682e+01 -1.300677e+02  9.906020e+00
   endloop
 endfacet
 facet normal  9.930250e-02 -9.950573e-01  0.000000e+00
   outer loop
     vertex  9.741302e+01 -1.300382e+02  1.397003e+01
     vertex  9.711682e+01 -1.300677e+02  1.397003e+01
     vertex  9.711682e+01 -1.300677e+02  9.906020e+00
   endloop
 endfacet
 facet normal  9.930250e-02 -9.950573e-01  0.000000e+00
   outer loop
     vertex  9.741302e+01 -1.300382e+02  1.397003e+01
     vertex  9.711682e+01 -1.300677e+02  9.906020e+00
     vertex  9.741302e+01 -1.300382e+02  9.906020e+00
   endloop
 endfacet
 facet normal  2.092742e-01 -9.778570e-01  0.000000e+00
   outer loop
     vertex  9.770317e+01 -1.299761e+02  1.397003e+01
     vertex  9.741302e+01 -1.300382e+02  1.397003e+01
     vertex  9.741302e+01 -1.300382e+02  9.906020e+00
   endloop
 endfacet
 facet normal  2.092742e-01 -9.778570e-01  0.000000e+00
   outer loop
     vertex  9.770317e+01 -1.299761e+02  1.397003e+01
     vertex  9.741302e+01 -1.300382e+02  9.906020e+00
     vertex  9.770317e+01 -1.299761e+02  9.906020e+00
   endloop
 endfacet
 facet normal  3.163152e-01 -9.486541e-01  0.000000e+00
   outer loop
     vertex  9.770317e+01 -1.299761e+02  1.397003e+01
     vertex  9.770317e+01 -1.299761e+02  9.906020e+00
     vertex  9.798376e+01 -1.298825e+02  9.906020e+00
   endloop
 endfacet
 facet normal  3.163152e-01 -9.486541e-01  0.000000e+00
   outer loop
     vertex  9.798376e+01 -1.298825e+02  1.397003e+01
     vertex  9.770317e+01 -1.299761e+02  1.397003e+01
     vertex  9.798376e+01 -1.298825e+02  9.906020e+00
   endloop
 endfacet
 facet normal  4.191474e-01 -9.079182e-01  0.000000e+00
   outer loop
     vertex  9.825147e+01 -1.297589e+02  1.397003e+01
     vertex  9.798376e+01 -1.298825e+02  1.397003e+01
     vertex  9.798376e+01 -1.298825e+02  9.906020e+00
   endloop
 endfacet
 facet normal  4.191474e-01 -9.079182e-01  0.000000e+00
   outer loop
     vertex  9.825147e+01 -1.297589e+02  1.397003e+01
     vertex  9.798376e+01 -1.298825e+02  9.906020e+00
     vertex  9.825147e+01 -1.297589e+02  9.906020e+00
   endloop
 endfacet
 facet normal  5.217848e-01 -8.530771e-01  0.000000e+00
   outer loop
     vertex  9.853004e+01 -1.295885e+02  1.397003e+01
     vertex  9.825147e+01 -1.297589e+02  9.906020e+00
     vertex  9.853004e+01 -1.295885e+02  9.906020e+00
   endloop
 endfacet
 facet normal  6.218424e-01 -7.831424e-01  0.000000e+00
   outer loop
     vertex  9.853004e+01 -1.295885e+02  1.397003e+01
     vertex  9.853004e+01 -1.295885e+02  9.906020e+00
     vertex  9.878482e+01 -1.293862e+02  9.906020e+00
   endloop
 endfacet
 facet normal  5.217848e-01 -8.530771e-01  0.000000e+00
   outer loop
     vertex  9.853004e+01 -1.295885e+02  1.397003e+01
     vertex  9.825147e+01 -1.297589e+02  1.397003e+01
     vertex  9.825147e+01 -1.297589e+02  9.906020e+00
   endloop
 endfacet
 facet normal  6.218424e-01 -7.831424e-01  0.000000e+00
   outer loop
     vertex  9.878482e+01 -1.293862e+02  1.397003e+01
     vertex  9.853004e+01 -1.295885e+02  1.397003e+01
     vertex  9.878482e+01 -1.293862e+02  9.906020e+00
   endloop
 endfacet
 facet normal  7.123139e-01 -7.018610e-01  0.000000e+00
   outer loop
     vertex  9.878482e+01 -1.293862e+02  1.397003e+01
     vertex  9.878482e+01 -1.293862e+02  9.906020e+00
     vertex  9.901231e+01 -1.291553e+02  9.906020e+00
   endloop
 endfacet
 facet normal  7.123139e-01 -7.018610e-01  0.000000e+00
   outer loop
     vertex  9.901231e+01 -1.291553e+02  1.397003e+01
     vertex  9.878482e+01 -1.293862e+02  1.397003e+01
     vertex  9.901231e+01 -1.291553e+02  9.906020e+00
   endloop
 endfacet
 facet normal  7.919720e-01 -6.105574e-01  0.000000e+00
   outer loop
     vertex  9.920947e+01 -1.288996e+02  1.397003e+01
     vertex  9.901231e+01 -1.291553e+02  9.906020e+00
     vertex  9.920947e+01 -1.288996e+02  9.906020e+00
   endloop
 endfacet
 facet normal  7.919720e-01 -6.105574e-01  0.000000e+00
   outer loop
     vertex  9.920947e+01 -1.288996e+02  1.397003e+01
     vertex  9.901231e+01 -1.291553e+02  1.397003e+01
     vertex  9.901231e+01 -1.291553e+02  9.906020e+00
   endloop
 endfacet
 facet normal  8.597697e-01 -5.106819e-01  0.000000e+00
   outer loop
     vertex  9.937376e+01 -1.286230e+02  1.397003e+01
     vertex  9.920947e+01 -1.288996e+02  9.906020e+00
     vertex  9.937376e+01 -1.286230e+02  9.906020e+00
   endloop
 endfacet
 facet normal  8.597697e-01 -5.106819e-01  0.000000e+00
   outer loop
     vertex  9.937376e+01 -1.286230e+02  1.397003e+01
     vertex  9.920947e+01 -1.288996e+02  1.397003e+01
     vertex  9.920947e+01 -1.288996e+02  9.906020e+00
   endloop
 endfacet
 facet normal  9.148527e-01 -4.037877e-01  0.000000e+00
   outer loop
     vertex  9.950315e+01 -1.283298e+02  1.397003e+01
     vertex  9.937376e+01 -1.286230e+02  9.906020e+00
     vertex  9.950315e+01 -1.283298e+02  9.906020e+00
   endloop
 endfacet
 facet normal  9.565692e-01 -2.915054e-01  0.000000e+00
   outer loop
     vertex  9.950315e+01 -1.283298e+02  1.397003e+01
     vertex  9.950315e+01 -1.283298e+02  9.906020e+00
     vertex  9.959619e+01 -1.280245e+02  9.906020e+00
   endloop
 endfacet
 facet normal  9.148527e-01 -4.037877e-01  0.000000e+00
   outer loop
     vertex  9.950315e+01 -1.283298e+02  1.397003e+01
     vertex  9.937376e+01 -1.286230e+02  1.397003e+01
     vertex  9.937376e+01 -1.286230e+02  9.906020e+00
   endloop
 endfacet
 facet normal  9.565692e-01 -2.915054e-01  0.000000e+00
   outer loop
     vertex  9.959619e+01 -1.280245e+02  1.397003e+01
     vertex  9.950315e+01 -1.283298e+02  1.397003e+01
     vertex  9.959619e+01 -1.280245e+02  9.906020e+00
   endloop
 endfacet
 facet normal  9.846837e-01 -1.743504e-01  0.000000e+00
   outer loop
     vertex  9.965272e+01 -1.277053e+02  1.397003e+01
     vertex  9.959619e+01 -1.280245e+02  9.906020e+00
     vertex  9.965272e+01 -1.277053e+02  9.906020e+00
   endloop
 endfacet
 facet normal  9.846837e-01 -1.743504e-01  0.000000e+00
   outer loop
     vertex  9.965272e+01 -1.277053e+02  1.397003e+01
     vertex  9.959619e+01 -1.280245e+02  1.397003e+01
     vertex  9.959619e+01 -1.280245e+02  9.906020e+00
   endloop
 endfacet
 facet normal  9.983617e-01 -5.721835e-02  0.000000e+00
   outer loop
     vertex  9.967020e+01 -1.274003e+02  1.397003e+01
     vertex  9.965272e+01 -1.277053e+02  9.906020e+00
     vertex  9.967020e+01 -1.274003e+02  9.906020e+00
   endloop
 endfacet
 facet normal  9.983617e-01 -5.721835e-02  0.000000e+00
   outer loop
     vertex  9.967020e+01 -1.274003e+02  1.397003e+01
     vertex  9.965272e+01 -1.277053e+02  1.397003e+01
     vertex  9.965272e+01 -1.277053e+02  9.906020e+00
   endloop
 endfacet
 facet normal  9.983858e-01  5.679626e-02  0.000000e+00
   outer loop
     vertex  1.712703e+02 -6.000012e+01  1.397003e+01
     vertex  1.712703e+02 -6.000012e+01  9.906020e+00
     vertex  1.712531e+02 -5.969732e+01  9.906020e+00
   endloop
 endfacet
 facet normal  9.983858e-01  5.679626e-02  0.000000e+00
   outer loop
     vertex  1.712531e+02 -5.969732e+01  1.397003e+01
     vertex  1.712703e+02 -6.000012e+01  1.397003e+01
     vertex  1.712531e+02 -5.969732e+01  9.906020e+00
   endloop
 endfacet
 facet normal  9.849125e-01  1.730530e-01  0.000000e+00
   outer loop
     vertex  1.711975e+02 -5.938050e+01  1.397003e+01
     vertex  1.712531e+02 -5.969732e+01  1.397003e+01
     vertex  1.712531e+02 -5.969732e+01  9.906020e+00
   endloop
 endfacet
 facet normal  9.849125e-01  1.730530e-01  0.000000e+00
   outer loop
     vertex  1.711975e+02 -5.938050e+01  1.397003e+01
     vertex  1.712531e+02 -5.969732e+01  9.906020e+00
     vertex  1.711975e+02 -5.938050e+01  9.906020e+00
   endloop
 endfacet
 facet normal  9.580835e-01  2.864893e-01  0.000000e+00
   outer loop
     vertex  1.711975e+02 -5.938050e+01  1.397003e+01
     vertex  1.711975e+02 -5.938050e+01  9.906020e+00
     vertex  1.711113e+02 -5.909232e+01  9.906020e+00
   endloop
 endfacet
 facet normal  9.580835e-01  2.864893e-01  0.000000e+00
   outer loop
     vertex  1.711113e+02 -5.909232e+01  1.397003e+01
     vertex  1.711975e+02 -5.938050e+01  1.397003e+01
     vertex  1.711113e+02 -5.909232e+01  9.906020e+00
   endloop
 endfacet
 facet normal  9.198619e-01  3.922423e-01  0.000000e+00
   outer loop
     vertex  1.709937e+02 -5.881665e+01  1.397003e+01
     vertex  1.711113e+02 -5.909232e+01  1.397003e+01
     vertex  1.711113e+02 -5.909232e+01  9.906020e+00
   endloop
 endfacet
 facet normal  9.198619e-01  3.922423e-01  0.000000e+00
   outer loop
     vertex  1.709937e+02 -5.881665e+01  1.397003e+01
     vertex  1.711113e+02 -5.909232e+01  9.906020e+00
     vertex  1.709937e+02 -5.881665e+01  9.906020e+00
   endloop
 endfacet
 facet normal  8.702074e-01  4.926856e-01  0.000000e+00
   outer loop
     vertex  1.708466e+02 -5.855677e+01  1.397003e+01
     vertex  1.709937e+02 -5.881665e+01  1.397003e+01
     vertex  1.709937e+02 -5.881665e+01  9.906020e+00
   endloop
 endfacet
 facet normal  8.702074e-01  4.926856e-01  0.000000e+00
   outer loop
     vertex  1.708466e+02 -5.855677e+01  1.397003e+01
     vertex  1.709937e+02 -5.881665e+01  9.906020e+00
     vertex  1.708466e+02 -5.855677e+01  9.906020e+00
   endloop
 endfacet
 facet normal  8.098529e-01  5.866331e-01  0.000000e+00
   outer loop
     vertex  1.706720e+02 -5.831572e+01  1.397003e+01
     vertex  1.708466e+02 -5.855677e+01  1.397003e+01
     vertex  1.708466e+02 -5.855677e+01  9.906020e+00
   endloop
 endfacet
 facet normal  8.098529e-01  5.866331e-01  0.000000e+00
   outer loop
     vertex  1.706720e+02 -5.831572e+01  1.397003e+01
     vertex  1.708466e+02 -5.855677e+01  9.906020e+00
     vertex  1.706720e+02 -5.831572e+01  9.906020e+00
   endloop
 endfacet
 facet normal  7.396482e-01  6.729938e-01  0.000000e+00
   outer loop
     vertex  1.704723e+02 -5.809628e+01  1.397003e+01
     vertex  1.706720e+02 -5.831572e+01  9.906020e+00
     vertex  1.704723e+02 -5.809628e+01  9.906020e+00
   endloop
 endfacet
 facet normal  7.396482e-01  6.729938e-01  0.000000e+00
   outer loop
     vertex  1.704723e+02 -5.809628e+01  1.397003e+01
     vertex  1.706720e+02 -5.831572e+01  1.397003e+01
     vertex  1.706720e+02 -5.831572e+01  9.906020e+00
   endloop
 endfacet
 facet normal  6.605487e-01  7.507832e-01  0.000000e+00
   outer loop
     vertex  1.702503e+02 -5.790092e+01  1.397003e+01
     vertex  1.704723e+02 -5.809628e+01  9.906020e+00
     vertex  1.702503e+02 -5.790092e+01  9.906020e+00
   endloop
 endfacet
 facet normal  6.605487e-01  7.507832e-01  0.000000e+00
   outer loop
     vertex  1.702503e+02 -5.790092e+01  1.397003e+01
     vertex  1.704723e+02 -5.809628e+01  1.397003e+01
     vertex  1.704723e+02 -5.809628e+01  9.906020e+00
   endloop
 endfacet
 facet normal  5.736031e-01  8.191334e-01  0.000000e+00
   outer loop
     vertex  1.700088e+02 -5.773181e+01  1.397003e+01
     vertex  1.702503e+02 -5.790092e+01  9.906020e+00
     vertex  1.700088e+02 -5.773181e+01  9.906020e+00
   endloop
 endfacet
 facet normal  5.736031e-01  8.191334e-01  0.000000e+00
   outer loop
     vertex  1.700088e+02 -5.773181e+01  1.397003e+01
     vertex  1.702503e+02 -5.790092e+01  1.397003e+01
     vertex  1.702503e+02 -5.790092e+01  9.906020e+00
   endloop
 endfacet
 facet normal  4.745696e-01  8.802180e-01  0.000000e+00
   outer loop
     vertex  1.697214e+02 -5.757685e+01  1.397003e+01
     vertex  1.700088e+02 -5.773181e+01  1.397003e+01
     vertex  1.700088e+02 -5.773181e+01  9.906020e+00
   endloop
 endfacet
 facet normal  4.745696e-01  8.802180e-01  0.000000e+00
   outer loop
     vertex  1.697214e+02 -5.757685e+01  1.397003e+01
     vertex  1.700088e+02 -5.773181e+01  9.906020e+00
     vertex  1.697214e+02 -5.757685e+01  9.906020e+00
   endloop
 endfacet
 facet normal  3.637941e-01  9.314794e-01  0.000000e+00
   outer loop
     vertex  1.694184e+02 -5.745851e+01  1.397003e+01
     vertex  1.697214e+02 -5.757685e+01  9.906020e+00
     vertex  1.694184e+02 -5.745851e+01  9.906020e+00
   endloop
 endfacet
 facet normal  3.637941e-01  9.314794e-01  0.000000e+00
   outer loop
     vertex  1.694184e+02 -5.745851e+01  1.397003e+01
     vertex  1.697214e+02 -5.757685e+01  1.397003e+01
     vertex  1.697214e+02 -5.757685e+01  9.906020e+00
   endloop
 endfacet
 facet normal  2.480389e-01  9.687501e-01  0.000000e+00
   outer loop
     vertex  1.691044e+02 -5.737813e+01  1.397003e+01
     vertex  1.694184e+02 -5.745851e+01  9.906020e+00
     vertex  1.691044e+02 -5.737813e+01  9.906020e+00
   endloop
 endfacet
 facet normal  2.480389e-01  9.687501e-01  0.000000e+00
   outer loop
     vertex  1.691044e+02 -5.737813e+01  1.397003e+01
     vertex  1.694184e+02 -5.745851e+01  1.397003e+01
     vertex  1.694184e+02 -5.745851e+01  9.906020e+00
   endloop
 endfacet
 facet normal  1.290658e-01  9.916360e-01  0.000000e+00
   outer loop
     vertex  1.687842e+02 -5.733645e+01  1.397003e+01
     vertex  1.691044e+02 -5.737813e+01  9.906020e+00
     vertex  1.687842e+02 -5.733645e+01  9.906020e+00
   endloop
 endfacet
 facet normal  1.290658e-01  9.916360e-01  0.000000e+00
   outer loop
     vertex  1.687842e+02 -5.733645e+01  1.397003e+01
     vertex  1.691044e+02 -5.737813e+01  1.397003e+01
     vertex  1.691044e+02 -5.737813e+01  9.906020e+00
   endloop
 endfacet
 facet normal  8.654427e-03  9.999625e-01  0.000000e+00
   outer loop
     vertex  1.684626e+02 -5.733367e+01  1.397003e+01
     vertex  1.687842e+02 -5.733645e+01  9.906020e+00
     vertex  1.684626e+02 -5.733367e+01  9.906020e+00
   endloop
 endfacet
 facet normal -1.114236e-01  9.937730e-01  0.000000e+00
   outer loop
     vertex  1.684626e+02 -5.733367e+01  1.397003e+01
     vertex  1.684626e+02 -5.733367e+01  9.906020e+00
     vertex  1.681442e+02 -5.736937e+01  9.906020e+00
   endloop
 endfacet
 facet normal  8.654427e-03  9.999625e-01  0.000000e+00
   outer loop
     vertex  1.684626e+02 -5.733367e+01  1.397003e+01
     vertex  1.687842e+02 -5.733645e+01  1.397003e+01
     vertex  1.687842e+02 -5.733645e+01  9.906020e+00
   endloop
 endfacet
 facet normal -1.114236e-01  9.937730e-01  0.000000e+00
   outer loop
     vertex  1.681442e+02 -5.736937e+01  1.397003e+01
     vertex  1.684626e+02 -5.733367e+01  1.397003e+01
     vertex  1.681442e+02 -5.736937e+01  9.906020e+00
   endloop
 endfacet
 facet normal -2.294318e-01  9.733247e-01  0.000000e+00
   outer loop
     vertex  1.678335e+02 -5.744259e+01  1.397003e+01
     vertex  1.681442e+02 -5.736937e+01  1.397003e+01
     vertex  1.681442e+02 -5.736937e+01  9.906020e+00
   endloop
 endfacet
 facet normal -2.294318e-01  9.733247e-01  0.000000e+00
   outer loop
     vertex  1.678335e+02 -5.744259e+01  1.397003e+01
     vertex  1.681442e+02 -5.736937e+01  9.906020e+00
     vertex  1.678335e+02 -5.744259e+01  9.906020e+00
   endloop
 endfacet
 facet normal -3.436936e-01  9.390819e-01  0.000000e+00
   outer loop
     vertex  1.675351e+02 -5.755183e+01  1.397003e+01
     vertex  1.678335e+02 -5.744259e+01  1.397003e+01
     vertex  1.678335e+02 -5.744259e+01  9.906020e+00
   endloop
 endfacet
 facet normal -3.436936e-01  9.390819e-01  0.000000e+00
   outer loop
     vertex  1.675351e+02 -5.755183e+01  1.397003e+01
     vertex  1.678335e+02 -5.744259e+01  9.906020e+00
     vertex  1.675351e+02 -5.755183e+01  9.906020e+00
   endloop
 endfacet
 facet normal -4.526248e-01  8.917011e-01  0.000000e+00
   outer loop
     vertex  1.672528e+02 -5.769509e+01  1.397003e+01
     vertex  1.675351e+02 -5.755183e+01  1.397003e+01
     vertex  1.675351e+02 -5.755183e+01  9.906020e+00
   endloop
 endfacet
 facet normal -4.526248e-01  8.917011e-01  0.000000e+00
   outer loop
     vertex  1.672528e+02 -5.769509e+01  1.397003e+01
     vertex  1.675351e+02 -5.755183e+01  9.906020e+00
     vertex  1.672528e+02 -5.769509e+01  9.906020e+00
   endloop
 endfacet
 facet normal -5.528894e-01  8.332546e-01  0.000000e+00
   outer loop
     vertex  1.670002e+02 -5.786274e+01  1.397003e+01
     vertex  1.672528e+02 -5.769509e+01  1.397003e+01
     vertex  1.672528e+02 -5.769509e+01  9.906020e+00
   endloop
 endfacet
 facet normal -5.528894e-01  8.332546e-01  0.000000e+00
   outer loop
     vertex  1.670002e+02 -5.786274e+01  1.397003e+01
     vertex  1.672528e+02 -5.769509e+01  9.906020e+00
     vertex  1.670002e+02 -5.786274e+01  9.906020e+00
   endloop
 endfacet
 facet normal -6.436234e-01  7.653424e-01  0.000000e+00
   outer loop
     vertex  1.670002e+02 -5.786274e+01  1.397003e+01
     vertex  1.670002e+02 -5.786274e+01  9.906020e+00
     vertex  1.667691e+02 -5.805710e+01  9.906020e+00
   endloop
 endfacet
 facet normal -6.436234e-01  7.653424e-01  0.000000e+00
   outer loop
     vertex  1.667691e+02 -5.805710e+01  1.397003e+01
     vertex  1.670002e+02 -5.786274e+01  1.397003e+01
     vertex  1.667691e+02 -5.805710e+01  9.906020e+00
   endloop
 endfacet
 facet normal -7.257776e-01  6.879294e-01  0.000000e+00
   outer loop
     vertex  1.665621e+02 -5.827542e+01  1.397003e+01
     vertex  1.667691e+02 -5.805710e+01  1.397003e+01
     vertex  1.667691e+02 -5.805710e+01  9.906020e+00
   endloop
 endfacet
 facet normal -7.257776e-01  6.879294e-01  0.000000e+00
   outer loop
     vertex  1.665621e+02 -5.827542e+01  1.397003e+01
     vertex  1.667691e+02 -5.805710e+01  9.906020e+00
     vertex  1.665621e+02 -5.827542e+01  9.906020e+00
   endloop
 endfacet
 facet normal -7.984275e-01  6.020910e-01  0.000000e+00
   outer loop
     vertex  1.663817e+02 -5.851471e+01  1.397003e+01
     vertex  1.665621e+02 -5.827542e+01  1.397003e+01
     vertex  1.665621e+02 -5.827542e+01  9.906020e+00
   endloop
 endfacet
 facet normal -7.984275e-01  6.020910e-01  0.000000e+00
   outer loop
     vertex  1.663817e+02 -5.851471e+01  1.397003e+01
     vertex  1.665621e+02 -5.827542e+01  9.906020e+00
     vertex  1.663817e+02 -5.851471e+01  9.906020e+00
   endloop
 endfacet
 facet normal -8.607754e-01  5.089851e-01  0.000000e+00
   outer loop
     vertex  1.662297e+02 -5.877179e+01  1.397003e+01
     vertex  1.663817e+02 -5.851471e+01  1.397003e+01
     vertex  1.663817e+02 -5.851471e+01  9.906020e+00
   endloop
 endfacet
 facet normal -8.607754e-01  5.089851e-01  0.000000e+00
   outer loop
     vertex  1.662297e+02 -5.877179e+01  1.397003e+01
     vertex  1.663817e+02 -5.851471e+01  9.906020e+00
     vertex  1.662297e+02 -5.877179e+01  9.906020e+00
   endloop
 endfacet
 facet normal -9.121582e-01  4.098383e-01  0.000000e+00
   outer loop
     vertex  1.662297e+02 -5.877179e+01  1.397003e+01
     vertex  1.662297e+02 -5.877179e+01  9.906020e+00
     vertex  1.661077e+02 -5.904331e+01  9.906020e+00
   endloop
 endfacet
 facet normal -9.121582e-01  4.098383e-01  0.000000e+00
   outer loop
     vertex  1.661077e+02 -5.904331e+01  1.397003e+01
     vertex  1.662297e+02 -5.877179e+01  1.397003e+01
     vertex  1.661077e+02 -5.904331e+01  9.906020e+00
   endloop
 endfacet
 facet normal -9.520536e-01  3.059313e-01  0.000000e+00
   outer loop
     vertex  1.660169e+02 -5.932578e+01  1.397003e+01
     vertex  1.661077e+02 -5.904331e+01  1.397003e+01
     vertex  1.661077e+02 -5.904331e+01  9.906020e+00
   endloop
 endfacet
 facet normal -9.520536e-01  3.059313e-01  0.000000e+00
   outer loop
     vertex  1.660169e+02 -5.932578e+01  1.397003e+01
     vertex  1.661077e+02 -5.904331e+01  9.906020e+00
     vertex  1.660169e+02 -5.932578e+01  9.906020e+00
   endloop
 endfacet
 facet normal -9.800840e-01  1.985834e-01  0.000000e+00
   outer loop
     vertex  1.660169e+02 -5.932578e+01  1.397003e+01
     vertex  1.660169e+02 -5.932578e+01  9.906020e+00
     vertex  1.659582e+02 -5.961565e+01  9.906020e+00
   endloop
 endfacet
 facet normal -9.800840e-01  1.985834e-01  0.000000e+00
   outer loop
     vertex  1.659582e+02 -5.961565e+01  1.397003e+01
     vertex  1.660169e+02 -5.932578e+01  1.397003e+01
     vertex  1.659582e+02 -5.961565e+01  9.906020e+00
   endloop
 endfacet
 facet normal -9.960194e-01  8.913620e-02  0.000000e+00
   outer loop
     vertex  1.659582e+02 -5.961565e+01  1.397003e+01
     vertex  1.659582e+02 -5.961565e+01  9.906020e+00
     vertex  1.659319e+02 -5.990933e+01  9.906020e+00
   endloop
 endfacet
 facet normal -9.960194e-01  8.913620e-02  0.000000e+00
   outer loop
     vertex  1.659319e+02 -5.990933e+01  1.397003e+01
     vertex  1.659582e+02 -5.961565e+01  1.397003e+01
     vertex  1.659319e+02 -5.990933e+01  9.906020e+00
   endloop
 endfacet
 facet normal -9.996308e-01 -2.717146e-02  0.000000e+00
   outer loop
     vertex  1.659407e+02 -6.023574e+01  1.397003e+01
     vertex  1.659319e+02 -5.990933e+01  1.397003e+01
     vertex  1.659319e+02 -5.990933e+01  9.906020e+00
   endloop
 endfacet
 facet normal -9.996308e-01 -2.717146e-02 -0.000000e+00
   outer loop
     vertex  1.659407e+02 -6.023574e+01  1.397003e+01
     vertex  1.659319e+02 -5.990933e+01  9.906020e+00
     vertex  1.659407e+02 -6.023574e+01  9.906020e+00
   endloop
 endfacet
 facet normal -9.888726e-01 -1.487650e-01 -0.000000e+00
   outer loop
     vertex  1.659407e+02 -6.023574e+01  1.397003e+01
     vertex  1.659407e+02 -6.023574e+01  9.906020e+00
     vertex  1.659891e+02 -6.055743e+01  9.906020e+00
   endloop
 endfacet
 facet normal -9.888726e-01 -1.487650e-01 -0.000000e+00
   outer loop
     vertex  1.659891e+02 -6.055743e+01  1.397003e+01
     vertex  1.659407e+02 -6.023574e+01  1.397003e+01
     vertex  1.659891e+02 -6.055743e+01  9.906020e+00
   endloop
 endfacet
 facet normal -9.635013e-01 -2.677037e-01 -0.000000e+00
   outer loop
     vertex  1.659891e+02 -6.055743e+01  1.397003e+01
     vertex  1.659891e+02 -6.055743e+01  9.906020e+00
     vertex  1.660759e+02 -6.086971e+01  9.906020e+00
   endloop
 endfacet
 facet normal -9.635013e-01 -2.677037e-01 -0.000000e+00
   outer loop
     vertex  1.660759e+02 -6.086971e+01  1.397003e+01
     vertex  1.659891e+02 -6.055743e+01  1.397003e+01
     vertex  1.660759e+02 -6.086971e+01  9.906020e+00
   endloop
 endfacet
 facet normal -9.240533e-01 -3.822636e-01  0.000000e+00
   outer loop
     vertex  1.661993e+02 -6.116809e+01  1.397003e+01
     vertex  1.660759e+02 -6.086971e+01  1.397003e+01
     vertex  1.660759e+02 -6.086971e+01  9.906020e+00
   endloop
 endfacet
 facet normal -9.240533e-01 -3.822636e-01 -0.000000e+00
   outer loop
     vertex  1.661993e+02 -6.116809e+01  1.397003e+01
     vertex  1.660759e+02 -6.086971e+01  9.906020e+00
     vertex  1.661993e+02 -6.116809e+01  9.906020e+00
   endloop
 endfacet
 facet normal -8.712641e-01 -4.908145e-01  0.000000e+00
   outer loop
     vertex  1.663572e+02 -6.144835e+01  1.397003e+01
     vertex  1.661993e+02 -6.116809e+01  1.397003e+01
     vertex  1.661993e+02 -6.116809e+01  9.906020e+00
   endloop
 endfacet
 facet normal -8.712641e-01 -4.908145e-01 -0.000000e+00
   outer loop
     vertex  1.663572e+02 -6.144835e+01  1.397003e+01
     vertex  1.661993e+02 -6.116809e+01  9.906020e+00
     vertex  1.663572e+02 -6.144835e+01  9.906020e+00
   endloop
 endfacet
 facet normal -8.060542e-01 -5.918417e-01  0.000000e+00
   outer loop
     vertex  1.665469e+02 -6.170664e+01  1.397003e+01
     vertex  1.663572e+02 -6.144835e+01  1.397003e+01
     vertex  1.663572e+02 -6.144835e+01  9.906020e+00
   endloop
 endfacet
 facet normal -8.060542e-01 -5.918417e-01 -0.000000e+00
   outer loop
     vertex  1.665469e+02 -6.170664e+01  1.397003e+01
     vertex  1.663572e+02 -6.144835e+01  9.906020e+00
     vertex  1.665469e+02 -6.170664e+01  9.906020e+00
   endloop
 endfacet
 facet normal -7.295123e-01 -6.839677e-01  0.000000e+00
   outer loop
     vertex  1.667652e+02 -6.193947e+01  1.397003e+01
     vertex  1.665469e+02 -6.170664e+01  1.397003e+01
     vertex  1.665469e+02 -6.170664e+01  9.906020e+00
   endloop
 endfacet
 facet normal -7.295123e-01 -6.839677e-01 -0.000000e+00
   outer loop
     vertex  1.667652e+02 -6.193947e+01  1.397003e+01
     vertex  1.665469e+02 -6.170664e+01  9.906020e+00
     vertex  1.667652e+02 -6.193947e+01  9.906020e+00
   endloop
 endfacet
 facet normal -6.428762e-01 -7.659701e-01  0.000000e+00
   outer loop
     vertex  1.670086e+02 -6.214381e+01  1.397003e+01
     vertex  1.667652e+02 -6.193947e+01  1.397003e+01
     vertex  1.667652e+02 -6.193947e+01  9.906020e+00
   endloop
 endfacet
 facet normal -6.428762e-01 -7.659701e-01 -0.000000e+00
   outer loop
     vertex  1.670086e+02 -6.214381e+01  1.397003e+01
     vertex  1.667652e+02 -6.193947e+01  9.906020e+00
     vertex  1.670086e+02 -6.214381e+01  9.906020e+00
   endloop
 endfacet
 facet normal -5.475090e-01 -8.367998e-01  0.000000e+00
   outer loop
     vertex  1.672735e+02 -6.231710e+01  1.397003e+01
     vertex  1.670086e+02 -6.214381e+01  1.397003e+01
     vertex  1.670086e+02 -6.214381e+01  9.906020e+00
   endloop
 endfacet
 facet normal -5.475090e-01 -8.367998e-01 -0.000000e+00
   outer loop
     vertex  1.672735e+02 -6.231710e+01  1.397003e+01
     vertex  1.670086e+02 -6.214381e+01  9.906020e+00
     vertex  1.672735e+02 -6.231710e+01  9.906020e+00
   endloop
 endfacet
 facet normal -4.468669e-01 -8.946004e-01  0.000000e+00
   outer loop
     vertex  1.675448e+02 -6.245261e+01  1.397003e+01
     vertex  1.672735e+02 -6.231710e+01  1.397003e+01
     vertex  1.672735e+02 -6.231710e+01  9.906020e+00
   endloop
 endfacet
 facet normal -4.468669e-01 -8.946004e-01 -0.000000e+00
   outer loop
     vertex  1.675448e+02 -6.245261e+01  1.397003e+01
     vertex  1.672735e+02 -6.231710e+01  9.906020e+00
     vertex  1.675448e+02 -6.245261e+01  9.906020e+00
   endloop
 endfacet
 facet normal -3.427634e-01 -9.394218e-01  0.000000e+00
   outer loop
     vertex  1.678285e+02 -6.255612e+01  1.397003e+01
     vertex  1.675448e+02 -6.245261e+01  1.397003e+01
     vertex  1.675448e+02 -6.245261e+01  9.906020e+00
   endloop
 endfacet
 facet normal -3.427634e-01 -9.394218e-01 -0.000000e+00
   outer loop
     vertex  1.678285e+02 -6.255612e+01  1.397003e+01
     vertex  1.675448e+02 -6.245261e+01  9.906020e+00
     vertex  1.678285e+02 -6.255612e+01  9.906020e+00
   endloop
 endfacet
 facet normal -2.346988e-01 -9.720681e-01  0.000000e+00
   outer loop
     vertex  1.681209e+02 -6.262673e+01  1.397003e+01
     vertex  1.678285e+02 -6.255612e+01  1.397003e+01
     vertex  1.678285e+02 -6.255612e+01  9.906020e+00
   endloop
 endfacet
 facet normal -2.346988e-01 -9.720681e-01 -0.000000e+00
   outer loop
     vertex  1.681209e+02 -6.262673e+01  1.397003e+01
     vertex  1.678285e+02 -6.255612e+01  9.906020e+00
     vertex  1.681209e+02 -6.262673e+01  9.906020e+00
   endloop
 endfacet
 facet normal -1.240665e-01 -9.922739e-01 -0.000000e+00
   outer loop
     vertex  1.681209e+02 -6.262673e+01  1.397003e+01
     vertex  1.681209e+02 -6.262673e+01  9.906020e+00
     vertex  1.684183e+02 -6.266391e+01  9.906020e+00
   endloop
 endfacet
 facet normal -1.240665e-01 -9.922739e-01 -0.000000e+00
   outer loop
     vertex  1.684183e+02 -6.266391e+01  1.397003e+01
     vertex  1.681209e+02 -6.262673e+01  1.397003e+01
     vertex  1.684183e+02 -6.266391e+01  9.906020e+00
   endloop
 endfacet
 facet normal -1.226801e-02 -9.999247e-01 -0.000000e+00
   outer loop
     vertex  1.687170e+02 -6.266758e+01  1.397003e+01
     vertex  1.684183e+02 -6.266391e+01  9.906020e+00
     vertex  1.687170e+02 -6.266758e+01  9.906020e+00
   endloop
 endfacet
 facet normal  9.930250e-02 -9.950573e-01  0.000000e+00
   outer loop
     vertex  1.687170e+02 -6.266758e+01  1.397003e+01
     vertex  1.687170e+02 -6.266758e+01  9.906020e+00
     vertex  1.690132e+02 -6.263802e+01  9.906020e+00
   endloop
 endfacet
 facet normal -1.226801e-02 -9.999247e-01  0.000000e+00
   outer loop
     vertex  1.687170e+02 -6.266758e+01  1.397003e+01
     vertex  1.684183e+02 -6.266391e+01  1.397003e+01
     vertex  1.684183e+02 -6.266391e+01  9.906020e+00
   endloop
 endfacet
 facet normal  9.930250e-02 -9.950573e-01  0.000000e+00
   outer loop
     vertex  1.690132e+02 -6.263802e+01  1.397003e+01
     vertex  1.687170e+02 -6.266758e+01  1.397003e+01
     vertex  1.690132e+02 -6.263802e+01  9.906020e+00
   endloop
 endfacet
 facet normal  2.092742e-01 -9.778570e-01  0.000000e+00
   outer loop
     vertex  1.693033e+02 -6.257592e+01  1.397003e+01
     vertex  1.690132e+02 -6.263802e+01  1.397003e+01
     vertex  1.690132e+02 -6.263802e+01  9.906020e+00
   endloop
 endfacet
 facet normal  2.092742e-01 -9.778570e-01  0.000000e+00
   outer loop
     vertex  1.693033e+02 -6.257592e+01  1.397003e+01
     vertex  1.690132e+02 -6.263802e+01  9.906020e+00
     vertex  1.693033e+02 -6.257592e+01  9.906020e+00
   endloop
 endfacet
 facet normal  3.163152e-01 -9.486541e-01  0.000000e+00
   outer loop
     vertex  1.695839e+02 -6.248236e+01  1.397003e+01
     vertex  1.693033e+02 -6.257592e+01  1.397003e+01
     vertex  1.693033e+02 -6.257592e+01  9.906020e+00
   endloop
 endfacet
 facet normal  3.163152e-01 -9.486541e-01  0.000000e+00
   outer loop
     vertex  1.695839e+02 -6.248236e+01  1.397003e+01
     vertex  1.693033e+02 -6.257592e+01  9.906020e+00
     vertex  1.695839e+02 -6.248236e+01  9.906020e+00
   endloop
 endfacet
 facet normal  5.217848e-01 -8.530771e-01  0.000000e+00
   outer loop
     vertex  1.698516e+02 -6.235877e+01  1.397003e+01
     vertex  1.698516e+02 -6.235877e+01  9.906020e+00
     vertex  1.701302e+02 -6.218838e+01  9.906020e+00
   endloop
 endfacet
 facet normal  4.191474e-01 -9.079182e-01  0.000000e+00
   outer loop
     vertex  1.698516e+02 -6.235877e+01  1.397003e+01
     vertex  1.695839e+02 -6.248236e+01  1.397003e+01
     vertex  1.695839e+02 -6.248236e+01  9.906020e+00
   endloop
 endfacet
 facet normal  4.191474e-01 -9.079182e-01  0.000000e+00
   outer loop
     vertex  1.698516e+02 -6.235877e+01  1.397003e+01
     vertex  1.695839e+02 -6.248236e+01  9.906020e+00
     vertex  1.698516e+02 -6.235877e+01  9.906020e+00
   endloop
 endfacet
 facet normal  6.218424e-01 -7.831424e-01  0.000000e+00
   outer loop
     vertex  1.701302e+02 -6.218838e+01  1.397003e+01
     vertex  1.701302e+02 -6.218838e+01  9.906020e+00
     vertex  1.703850e+02 -6.198608e+01  9.906020e+00
   endloop
 endfacet
 facet normal  5.217848e-01 -8.530771e-01  0.000000e+00
   outer loop
     vertex  1.701302e+02 -6.218838e+01  1.397003e+01
     vertex  1.698516e+02 -6.235877e+01  1.397003e+01
     vertex  1.701302e+02 -6.218838e+01  9.906020e+00
   endloop
 endfacet
 facet normal  6.218424e-01 -7.831424e-01  0.000000e+00
   outer loop
     vertex  1.703850e+02 -6.198608e+01  1.397003e+01
     vertex  1.701302e+02 -6.218838e+01  1.397003e+01
     vertex  1.703850e+02 -6.198608e+01  9.906020e+00
   endloop
 endfacet
 facet normal  7.123139e-01 -7.018610e-01  0.000000e+00
   outer loop
     vertex  1.706125e+02 -6.175520e+01  1.397003e+01
     vertex  1.703850e+02 -6.198608e+01  9.906020e+00
     vertex  1.706125e+02 -6.175520e+01  9.906020e+00
   endloop
 endfacet
 facet normal  7.919720e-01 -6.105574e-01  0.000000e+00
   outer loop
     vertex  1.706125e+02 -6.175520e+01  1.397003e+01
     vertex  1.706125e+02 -6.175520e+01  9.906020e+00
     vertex  1.708096e+02 -6.149946e+01  9.906020e+00
   endloop
 endfacet
 facet normal  7.123139e-01 -7.018610e-01  0.000000e+00
   outer loop
     vertex  1.706125e+02 -6.175520e+01  1.397003e+01
     vertex  1.703850e+02 -6.198608e+01  1.397003e+01
     vertex  1.703850e+02 -6.198608e+01  9.906020e+00
   endloop
 endfacet
 facet normal  7.919720e-01 -6.105574e-01  0.000000e+00
   outer loop
     vertex  1.708096e+02 -6.149946e+01  1.397003e+01
     vertex  1.706125e+02 -6.175520e+01  1.397003e+01
     vertex  1.708096e+02 -6.149946e+01  9.906020e+00
   endloop
 endfacet
 facet normal  8.597697e-01 -5.106819e-01  0.000000e+00
   outer loop
     vertex  1.709739e+02 -6.122288e+01  1.397003e+01
     vertex  1.708096e+02 -6.149946e+01  9.906020e+00
     vertex  1.709739e+02 -6.122288e+01  9.906020e+00
   endloop
 endfacet
 facet normal  8.597697e-01 -5.106819e-01  0.000000e+00
   outer loop
     vertex  1.709739e+02 -6.122288e+01  1.397003e+01
     vertex  1.708096e+02 -6.149946e+01  1.397003e+01
     vertex  1.708096e+02 -6.149946e+01  9.906020e+00
   endloop
 endfacet
 facet normal  9.148527e-01 -4.037877e-01  0.000000e+00
   outer loop
     vertex  1.711033e+02 -6.092971e+01  1.397003e+01
     vertex  1.709739e+02 -6.122288e+01  9.906020e+00
     vertex  1.711033e+02 -6.092971e+01  9.906020e+00
   endloop
 endfacet
 facet normal  9.148527e-01 -4.037877e-01  0.000000e+00
   outer loop
     vertex  1.711033e+02 -6.092971e+01  1.397003e+01
     vertex  1.709739e+02 -6.122288e+01  1.397003e+01
     vertex  1.709739e+02 -6.122288e+01  9.906020e+00
   endloop
 endfacet
 facet normal  9.565692e-01 -2.915054e-01  0.000000e+00
   outer loop
     vertex  1.711963e+02 -6.062439e+01  1.397003e+01
     vertex  1.711033e+02 -6.092971e+01  9.906020e+00
     vertex  1.711963e+02 -6.062439e+01  9.906020e+00
   endloop
 endfacet
 facet normal  9.846837e-01 -1.743504e-01  0.000000e+00
   outer loop
     vertex  1.711963e+02 -6.062439e+01  1.397003e+01
     vertex  1.711963e+02 -6.062439e+01  9.906020e+00
     vertex  1.712529e+02 -6.030517e+01  9.906020e+00
   endloop
 endfacet
 facet normal  9.565692e-01 -2.915054e-01  0.000000e+00
   outer loop
     vertex  1.711963e+02 -6.062439e+01  1.397003e+01
     vertex  1.711033e+02 -6.092971e+01  1.397003e+01
     vertex  1.711033e+02 -6.092971e+01  9.906020e+00
   endloop
 endfacet
 facet normal  9.983617e-01 -5.721835e-02  0.000000e+00
   outer loop
     vertex  1.712529e+02 -6.030517e+01  1.397003e+01
     vertex  1.712529e+02 -6.030517e+01  9.906020e+00
     vertex  1.712703e+02 -6.000012e+01  9.906020e+00
   endloop
 endfacet
 facet normal  9.846837e-01 -1.743504e-01  0.000000e+00
   outer loop
     vertex  1.712529e+02 -6.030517e+01  1.397003e+01
     vertex  1.711963e+02 -6.062439e+01  1.397003e+01
     vertex  1.712529e+02 -6.030517e+01  9.906020e+00
   endloop
 endfacet
 facet normal  9.983617e-01 -5.721835e-02  0.000000e+00
   outer loop
     vertex  1.712703e+02 -6.000012e+01  1.397003e+01
     vertex  1.712529e+02 -6.030517e+01  1.397003e+01
     vertex  1.712703e+02 -6.000012e+01  9.906020e+00
   endloop
 endfacet
 facet normal  9.983858e-01  5.679626e-02  0.000000e+00
   outer loop
     vertex  9.967020e+01 -6.000012e+01  1.397003e+01
     vertex  9.967020e+01 -6.000012e+01  9.906020e+00
     vertex  9.965297e+01 -5.969732e+01  9.906020e+00
   endloop
 endfacet
 facet normal  9.983858e-01  5.679626e-02  0.000000e+00
   outer loop
     vertex  9.965297e+01 -5.969732e+01  1.397003e+01
     vertex  9.967020e+01 -6.000012e+01  1.397003e+01
     vertex  9.965297e+01 -5.969732e+01  9.906020e+00
   endloop
 endfacet
 facet normal  9.849125e-01  1.730530e-01  0.000000e+00
   outer loop
     vertex  9.965297e+01 -5.969732e+01  1.397003e+01
     vertex  9.965297e+01 -5.969732e+01  9.906020e+00
     vertex  9.959731e+01 -5.938050e+01  9.906020e+00
   endloop
 endfacet
 facet normal  9.849125e-01  1.730530e-01  0.000000e+00
   outer loop
     vertex  9.959731e+01 -5.938050e+01  1.397003e+01
     vertex  9.965297e+01 -5.969732e+01  1.397003e+01
     vertex  9.959731e+01 -5.938050e+01  9.906020e+00
   endloop
 endfacet
 facet normal  9.580835e-01  2.864893e-01  0.000000e+00
   outer loop
     vertex  9.951113e+01 -5.909232e+01  1.397003e+01
     vertex  9.959731e+01 -5.938050e+01  1.397003e+01
     vertex  9.959731e+01 -5.938050e+01  9.906020e+00
   endloop
 endfacet
 facet normal  9.580835e-01  2.864893e-01  0.000000e+00
   outer loop
     vertex  9.951113e+01 -5.909232e+01  1.397003e+01
     vertex  9.959731e+01 -5.938050e+01  9.906020e+00
     vertex  9.951113e+01 -5.909232e+01  9.906020e+00
   endloop
 endfacet
 facet normal  9.198619e-01  3.922423e-01  0.000000e+00
   outer loop
     vertex  9.939358e+01 -5.881665e+01  1.397003e+01
     vertex  9.951113e+01 -5.909232e+01  1.397003e+01
     vertex  9.951113e+01 -5.909232e+01  9.906020e+00
   endloop
 endfacet
 facet normal  9.198619e-01  3.922423e-01  0.000000e+00
   outer loop
     vertex  9.939358e+01 -5.881665e+01  1.397003e+01
     vertex  9.951113e+01 -5.909232e+01  9.906020e+00
     vertex  9.939358e+01 -5.881665e+01  9.906020e+00
   endloop
 endfacet
 facet normal  8.702074e-01  4.926856e-01  0.000000e+00
   outer loop
     vertex  9.924645e+01 -5.855677e+01  1.397003e+01
     vertex  9.939358e+01 -5.881665e+01  1.397003e+01
     vertex  9.939358e+01 -5.881665e+01  9.906020e+00
   endloop
 endfacet
 facet normal  8.702074e-01  4.926856e-01  0.000000e+00
   outer loop
     vertex  9.924645e+01 -5.855677e+01  1.397003e+01
     vertex  9.939358e+01 -5.881665e+01  9.906020e+00
     vertex  9.924645e+01 -5.855677e+01  9.906020e+00
   endloop
 endfacet
 facet normal  8.098529e-01  5.866331e-01  0.000000e+00
   outer loop
     vertex  9.907184e+01 -5.831572e+01  1.397003e+01
     vertex  9.924645e+01 -5.855677e+01  1.397003e+01
     vertex  9.924645e+01 -5.855677e+01  9.906020e+00
   endloop
 endfacet
 facet normal  8.098529e-01  5.866331e-01  0.000000e+00
   outer loop
     vertex  9.907184e+01 -5.831572e+01  1.397003e+01
     vertex  9.924645e+01 -5.855677e+01  9.906020e+00
     vertex  9.907184e+01 -5.831572e+01  9.906020e+00
   endloop
 endfacet
 facet normal  7.396482e-01  6.729938e-01  0.000000e+00
   outer loop
     vertex  9.887218e+01 -5.809628e+01  1.397003e+01
     vertex  9.907184e+01 -5.831572e+01  1.397003e+01
     vertex  9.907184e+01 -5.831572e+01  9.906020e+00
   endloop
 endfacet
 facet normal  7.396482e-01  6.729938e-01  0.000000e+00
   outer loop
     vertex  9.887218e+01 -5.809628e+01  1.397003e+01
     vertex  9.907184e+01 -5.831572e+01  9.906020e+00
     vertex  9.887218e+01 -5.809628e+01  9.906020e+00
   endloop
 endfacet
 facet normal  6.605487e-01  7.507832e-01  0.000000e+00
   outer loop
     vertex  9.865014e+01 -5.790092e+01  1.397003e+01
     vertex  9.887218e+01 -5.809628e+01  9.906020e+00
     vertex  9.865014e+01 -5.790092e+01  9.906020e+00
   endloop
 endfacet
 facet normal  6.605487e-01  7.507832e-01  0.000000e+00
   outer loop
     vertex  9.865014e+01 -5.790092e+01  1.397003e+01
     vertex  9.887218e+01 -5.809628e+01  1.397003e+01
     vertex  9.887218e+01 -5.809628e+01  9.906020e+00
   endloop
 endfacet
 facet normal  5.736031e-01  8.191334e-01  0.000000e+00
   outer loop
     vertex  9.840863e+01 -5.773181e+01  1.397003e+01
     vertex  9.865014e+01 -5.790092e+01  9.906020e+00
     vertex  9.840863e+01 -5.773181e+01  9.906020e+00
   endloop
 endfacet
 facet normal  5.736031e-01  8.191334e-01  0.000000e+00
   outer loop
     vertex  9.840863e+01 -5.773181e+01  1.397003e+01
     vertex  9.865014e+01 -5.790092e+01  1.397003e+01
     vertex  9.865014e+01 -5.790092e+01  9.906020e+00
   endloop
 endfacet
 facet normal  4.745696e-01  8.802180e-01  0.000000e+00
   outer loop
     vertex  9.812123e+01 -5.757685e+01  1.397003e+01
     vertex  9.840863e+01 -5.773181e+01  1.397003e+01
     vertex  9.840863e+01 -5.773181e+01  9.906020e+00
   endloop
 endfacet
 facet normal  4.745696e-01  8.802180e-01  0.000000e+00
   outer loop
     vertex  9.812123e+01 -5.757685e+01  1.397003e+01
     vertex  9.840863e+01 -5.773181e+01  9.906020e+00
     vertex  9.812123e+01 -5.757685e+01  9.906020e+00
   endloop
 endfacet
 facet normal  3.637941e-01  9.314794e-01  0.000000e+00
   outer loop
     vertex  9.812123e+01 -5.757685e+01  1.397003e+01
     vertex  9.812123e+01 -5.757685e+01  9.906020e+00
     vertex  9.781822e+01 -5.745851e+01  9.906020e+00
   endloop
 endfacet
 facet normal  3.637941e-01  9.314794e-01  0.000000e+00
   outer loop
     vertex  9.781822e+01 -5.745851e+01  1.397003e+01
     vertex  9.812123e+01 -5.757685e+01  1.397003e+01
     vertex  9.781822e+01 -5.745851e+01  9.906020e+00
   endloop
 endfacet
 facet normal  2.480389e-01  9.687501e-01  0.000000e+00
   outer loop
     vertex  9.750426e+01 -5.737813e+01  1.397003e+01
     vertex  9.781822e+01 -5.745851e+01  9.906020e+00
     vertex  9.750426e+01 -5.737813e+01  9.906020e+00
   endloop
 endfacet
 facet normal  2.480389e-01  9.687501e-01  0.000000e+00
   outer loop
     vertex  9.750426e+01 -5.737813e+01  1.397003e+01
     vertex  9.781822e+01 -5.745851e+01  1.397003e+01
     vertex  9.781822e+01 -5.745851e+01  9.906020e+00
   endloop
 endfacet
 facet normal  1.290658e-01  9.916360e-01  0.000000e+00
   outer loop
     vertex  9.718408e+01 -5.733645e+01  1.397003e+01
     vertex  9.750426e+01 -5.737813e+01  9.906020e+00
     vertex  9.718408e+01 -5.733645e+01  9.906020e+00
   endloop
 endfacet
 facet normal  1.290658e-01  9.916360e-01  0.000000e+00
   outer loop
     vertex  9.718408e+01 -5.733645e+01  1.397003e+01
     vertex  9.750426e+01 -5.737813e+01  1.397003e+01
     vertex  9.750426e+01 -5.737813e+01  9.906020e+00
   endloop
 endfacet
 facet normal  8.654427e-03  9.999625e-01  0.000000e+00
   outer loop
     vertex  9.686244e+01 -5.733367e+01  1.397003e+01
     vertex  9.718408e+01 -5.733645e+01  9.906020e+00
     vertex  9.686244e+01 -5.733367e+01  9.906020e+00
   endloop
 endfacet
 facet normal  8.654427e-03  9.999625e-01  0.000000e+00
   outer loop
     vertex  9.686244e+01 -5.733367e+01  1.397003e+01
     vertex  9.718408e+01 -5.733645e+01  1.397003e+01
     vertex  9.718408e+01 -5.733645e+01  9.906020e+00
   endloop
 endfacet
 facet normal -1.114236e-01  9.937730e-01  0.000000e+00
   outer loop
     vertex  9.654402e+01 -5.736937e+01  1.397003e+01
     vertex  9.686244e+01 -5.733367e+01  9.906020e+00
     vertex  9.654402e+01 -5.736937e+01  9.906020e+00
   endloop
 endfacet
 facet normal -2.294318e-01  9.733247e-01  0.000000e+00
   outer loop
     vertex  9.654402e+01 -5.736937e+01  1.397003e+01
     vertex  9.654402e+01 -5.736937e+01  9.906020e+00
     vertex  9.623339e+01 -5.744259e+01  9.906020e+00
   endloop
 endfacet
 facet normal -1.114236e-01  9.937730e-01  0.000000e+00
   outer loop
     vertex  9.654402e+01 -5.736937e+01  1.397003e+01
     vertex  9.686244e+01 -5.733367e+01  1.397003e+01
     vertex  9.686244e+01 -5.733367e+01  9.906020e+00
   endloop
 endfacet
 facet normal -2.294318e-01  9.733247e-01  0.000000e+00
   outer loop
     vertex  9.623339e+01 -5.744259e+01  1.397003e+01
     vertex  9.654402e+01 -5.736937e+01  1.397003e+01
     vertex  9.623339e+01 -5.744259e+01  9.906020e+00
   endloop
 endfacet
 facet normal -3.436936e-01  9.390819e-01  0.000000e+00
   outer loop
     vertex  9.593492e+01 -5.755183e+01  1.397003e+01
     vertex  9.623339e+01 -5.744259e+01  9.906020e+00
     vertex  9.593492e+01 -5.755183e+01  9.906020e+00
   endloop
 endfacet
 facet normal -3.436936e-01  9.390819e-01  0.000000e+00
   outer loop
     vertex  9.593492e+01 -5.755183e+01  1.397003e+01
     vertex  9.623339e+01 -5.744259e+01  1.397003e+01
     vertex  9.623339e+01 -5.744259e+01  9.906020e+00
   endloop
 endfacet
 facet normal -4.526248e-01  8.917011e-01  0.000000e+00
   outer loop
     vertex  9.565269e+01 -5.769509e+01  1.397003e+01
     vertex  9.593492e+01 -5.755183e+01  1.397003e+01
     vertex  9.593492e+01 -5.755183e+01  9.906020e+00
   endloop
 endfacet
 facet normal -4.526248e-01  8.917011e-01  0.000000e+00
   outer loop
     vertex  9.565269e+01 -5.769509e+01  1.397003e+01
     vertex  9.593492e+01 -5.755183e+01  9.906020e+00
     vertex  9.565269e+01 -5.769509e+01  9.906020e+00
   endloop
 endfacet
 facet normal -5.528894e-01  8.332546e-01  0.000000e+00
   outer loop
     vertex  9.540002e+01 -5.786274e+01  1.397003e+01
     vertex  9.565269e+01 -5.769509e+01  1.397003e+01
     vertex  9.565269e+01 -5.769509e+01  9.906020e+00
   endloop
 endfacet
 facet normal -5.528894e-01  8.332546e-01  0.000000e+00
   outer loop
     vertex  9.540002e+01 -5.786274e+01  1.397003e+01
     vertex  9.565269e+01 -5.769509e+01  9.906020e+00
     vertex  9.540002e+01 -5.786274e+01  9.906020e+00
   endloop
 endfacet
 facet normal -6.436234e-01  7.653424e-01  0.000000e+00
   outer loop
     vertex  9.540002e+01 -5.786274e+01  1.397003e+01
     vertex  9.540002e+01 -5.786274e+01  9.906020e+00
     vertex  9.516891e+01 -5.805710e+01  9.906020e+00
   endloop
 endfacet
 facet normal -6.436234e-01  7.653424e-01  0.000000e+00
   outer loop
     vertex  9.516891e+01 -5.805710e+01  1.397003e+01
     vertex  9.540002e+01 -5.786274e+01  1.397003e+01
     vertex  9.516891e+01 -5.805710e+01  9.906020e+00
   endloop
 endfacet
 facet normal -7.257776e-01  6.879294e-01  0.000000e+00
   outer loop
     vertex  9.496197e+01 -5.827542e+01  1.397003e+01
     vertex  9.516891e+01 -5.805710e+01  1.397003e+01
     vertex  9.516891e+01 -5.805710e+01  9.906020e+00
   endloop
 endfacet
 facet normal -7.257776e-01  6.879294e-01  0.000000e+00
   outer loop
     vertex  9.496197e+01 -5.827542e+01  1.397003e+01
     vertex  9.516891e+01 -5.805710e+01  9.906020e+00
     vertex  9.496197e+01 -5.827542e+01  9.906020e+00
   endloop
 endfacet
 facet normal -7.984275e-01  6.020910e-01  0.000000e+00
   outer loop
     vertex  9.478152e+01 -5.851471e+01  1.397003e+01
     vertex  9.496197e+01 -5.827542e+01  1.397003e+01
     vertex  9.496197e+01 -5.827542e+01  9.906020e+00
   endloop
 endfacet
 facet normal -7.984275e-01  6.020910e-01  0.000000e+00
   outer loop
     vertex  9.478152e+01 -5.851471e+01  1.397003e+01
     vertex  9.496197e+01 -5.827542e+01  9.906020e+00
     vertex  9.478152e+01 -5.851471e+01  9.906020e+00
   endloop
 endfacet
 facet normal -8.607754e-01  5.089851e-01  0.000000e+00
   outer loop
     vertex  9.462951e+01 -5.877179e+01  1.397003e+01
     vertex  9.478152e+01 -5.851471e+01  1.397003e+01
     vertex  9.478152e+01 -5.851471e+01  9.906020e+00
   endloop
 endfacet
 facet normal -8.607754e-01  5.089851e-01  0.000000e+00
   outer loop
     vertex  9.462951e+01 -5.877179e+01  1.397003e+01
     vertex  9.478152e+01 -5.851471e+01  9.906020e+00
     vertex  9.462951e+01 -5.877179e+01  9.906020e+00
   endloop
 endfacet
 facet normal -9.121582e-01  4.098383e-01  0.000000e+00
   outer loop
     vertex  9.462951e+01 -5.877179e+01  1.397003e+01
     vertex  9.462951e+01 -5.877179e+01  9.906020e+00
     vertex  9.450752e+01 -5.904331e+01  9.906020e+00
   endloop
 endfacet
 facet normal -9.121582e-01  4.098383e-01  0.000000e+00
   outer loop
     vertex  9.450752e+01 -5.904331e+01  1.397003e+01
     vertex  9.462951e+01 -5.877179e+01  1.397003e+01
     vertex  9.450752e+01 -5.904331e+01  9.906020e+00
   endloop
 endfacet
 facet normal -9.520536e-01  3.059313e-01  0.000000e+00
   outer loop
     vertex  9.450752e+01 -5.904331e+01  1.397003e+01
     vertex  9.450752e+01 -5.904331e+01  9.906020e+00
     vertex  9.441675e+01 -5.932578e+01  9.906020e+00
   endloop
 endfacet
 facet normal -9.520536e-01  3.059313e-01  0.000000e+00
   outer loop
     vertex  9.441675e+01 -5.932578e+01  1.397003e+01
     vertex  9.450752e+01 -5.904331e+01  1.397003e+01
     vertex  9.441675e+01 -5.932578e+01  9.906020e+00
   endloop
 endfacet
 facet normal -9.800840e-01  1.985834e-01  0.000000e+00
   outer loop
     vertex  9.435801e+01 -5.961565e+01  1.397003e+01
     vertex  9.441675e+01 -5.932578e+01  1.397003e+01
     vertex  9.441675e+01 -5.932578e+01  9.906020e+00
   endloop
 endfacet
 facet normal -9.800840e-01  1.985834e-01  0.000000e+00
   outer loop
     vertex  9.435801e+01 -5.961565e+01  1.397003e+01
     vertex  9.441675e+01 -5.932578e+01  9.906020e+00
     vertex  9.435801e+01 -5.961565e+01  9.906020e+00
   endloop
 endfacet
 facet normal -9.960194e-01  8.913620e-02  0.000000e+00
   outer loop
     vertex  9.433173e+01 -5.990933e+01  1.397003e+01
     vertex  9.435801e+01 -5.961565e+01  1.397003e+01
     vertex  9.435801e+01 -5.961565e+01  9.906020e+00
   endloop
 endfacet
 facet normal -9.960194e-01  8.913620e-02  0.000000e+00
   outer loop
     vertex  9.433173e+01 -5.990933e+01  1.397003e+01
     vertex  9.435801e+01 -5.961565e+01  9.906020e+00
     vertex  9.433173e+01 -5.990933e+01  9.906020e+00
   endloop
 endfacet
 facet normal -9.996308e-01 -2.717146e-02 -0.000000e+00
   outer loop
     vertex  9.433173e+01 -5.990933e+01  1.397003e+01
     vertex  9.433173e+01 -5.990933e+01  9.906020e+00
     vertex  9.434061e+01 -6.023574e+01  9.906020e+00
   endloop
 endfacet
 facet normal -9.996308e-01 -2.717146e-02 -0.000000e+00
   outer loop
     vertex  9.434061e+01 -6.023574e+01  1.397003e+01
     vertex  9.433173e+01 -5.990933e+01  1.397003e+01
     vertex  9.434061e+01 -6.023574e+01  9.906020e+00
   endloop
 endfacet
 facet normal -9.888726e-01 -1.487650e-01 -0.000000e+00
   outer loop
     vertex  9.434061e+01 -6.023574e+01  1.397003e+01
     vertex  9.434061e+01 -6.023574e+01  9.906020e+00
     vertex  9.438900e+01 -6.055743e+01  9.906020e+00
   endloop
 endfacet
 facet normal -9.888726e-01 -1.487650e-01 -0.000000e+00
   outer loop
     vertex  9.438900e+01 -6.055743e+01  1.397003e+01
     vertex  9.434061e+01 -6.023574e+01  1.397003e+01
     vertex  9.438900e+01 -6.055743e+01  9.906020e+00
   endloop
 endfacet
 facet normal -9.635013e-01 -2.677037e-01  0.000000e+00
   outer loop
     vertex  9.447577e+01 -6.086971e+01  1.397003e+01
     vertex  9.438900e+01 -6.055743e+01  1.397003e+01
     vertex  9.438900e+01 -6.055743e+01  9.906020e+00
   endloop
 endfacet
 facet normal -9.635013e-01 -2.677037e-01 -0.000000e+00
   outer loop
     vertex  9.447577e+01 -6.086971e+01  1.397003e+01
     vertex  9.438900e+01 -6.055743e+01  9.906020e+00
     vertex  9.447577e+01 -6.086971e+01  9.906020e+00
   endloop
 endfacet
 facet normal -9.240533e-01 -3.822636e-01  0.000000e+00
   outer loop
     vertex  9.459920e+01 -6.116809e+01  1.397003e+01
     vertex  9.447577e+01 -6.086971e+01  1.397003e+01
     vertex  9.447577e+01 -6.086971e+01  9.906020e+00
   endloop
 endfacet
 facet normal -9.240533e-01 -3.822636e-01 -0.000000e+00
   outer loop
     vertex  9.459920e+01 -6.116809e+01  1.397003e+01
     vertex  9.447577e+01 -6.086971e+01  9.906020e+00
     vertex  9.459920e+01 -6.116809e+01  9.906020e+00
   endloop
 endfacet
 facet normal -8.712641e-01 -4.908145e-01  0.000000e+00
   outer loop
     vertex  9.475708e+01 -6.144835e+01  1.397003e+01
     vertex  9.459920e+01 -6.116809e+01  1.397003e+01
     vertex  9.459920e+01 -6.116809e+01  9.906020e+00
   endloop
 endfacet
 facet normal -8.712641e-01 -4.908145e-01 -0.000000e+00
   outer loop
     vertex  9.475708e+01 -6.144835e+01  1.397003e+01
     vertex  9.459920e+01 -6.116809e+01  9.906020e+00
     vertex  9.475708e+01 -6.144835e+01  9.906020e+00
   endloop
 endfacet
 facet normal -8.060542e-01 -5.918417e-01  0.000000e+00
   outer loop
     vertex  9.494673e+01 -6.170664e+01  1.397003e+01
     vertex  9.475708e+01 -6.144835e+01  1.397003e+01
     vertex  9.475708e+01 -6.144835e+01  9.906020e+00
   endloop
 endfacet
 facet normal -8.060542e-01 -5.918417e-01 -0.000000e+00
   outer loop
     vertex  9.494673e+01 -6.170664e+01  1.397003e+01
     vertex  9.475708e+01 -6.144835e+01  9.906020e+00
     vertex  9.494673e+01 -6.170664e+01  9.906020e+00
   endloop
 endfacet
 facet normal -7.295123e-01 -6.839677e-01  0.000000e+00
   outer loop
     vertex  9.516502e+01 -6.193947e+01  1.397003e+01
     vertex  9.494673e+01 -6.170664e+01  1.397003e+01
     vertex  9.494673e+01 -6.170664e+01  9.906020e+00
   endloop
 endfacet
 facet normal -7.295123e-01 -6.839677e-01 -0.000000e+00
   outer loop
     vertex  9.516502e+01 -6.193947e+01  1.397003e+01
     vertex  9.494673e+01 -6.170664e+01  9.906020e+00
     vertex  9.516502e+01 -6.193947e+01  9.906020e+00
   endloop
 endfacet
 facet normal -6.428762e-01 -7.659701e-01  0.000000e+00
   outer loop
     vertex  9.540849e+01 -6.214381e+01  1.397003e+01
     vertex  9.516502e+01 -6.193947e+01  1.397003e+01
     vertex  9.516502e+01 -6.193947e+01  9.906020e+00
   endloop
 endfacet
 facet normal -6.428762e-01 -7.659701e-01 -0.000000e+00
   outer loop
     vertex  9.540849e+01 -6.214381e+01  1.397003e+01
     vertex  9.516502e+01 -6.193947e+01  9.906020e+00
     vertex  9.540849e+01 -6.214381e+01  9.906020e+00
   endloop
 endfacet
 facet normal -5.475090e-01 -8.367998e-01 -0.000000e+00
   outer loop
     vertex  9.540849e+01 -6.214381e+01  1.397003e+01
     vertex  9.540849e+01 -6.214381e+01  9.906020e+00
     vertex  9.567334e+01 -6.231710e+01  9.906020e+00
   endloop
 endfacet
 facet normal -5.475090e-01 -8.367998e-01 -0.000000e+00
   outer loop
     vertex  9.567334e+01 -6.231710e+01  1.397003e+01
     vertex  9.540849e+01 -6.214381e+01  1.397003e+01
     vertex  9.567334e+01 -6.231710e+01  9.906020e+00
   endloop
 endfacet
 facet normal -4.468669e-01 -8.946004e-01  0.000000e+00
   outer loop
     vertex  9.594463e+01 -6.245261e+01  1.397003e+01
     vertex  9.567334e+01 -6.231710e+01  1.397003e+01
     vertex  9.567334e+01 -6.231710e+01  9.906020e+00
   endloop
 endfacet
 facet normal -4.468669e-01 -8.946004e-01 -0.000000e+00
   outer loop
     vertex  9.594463e+01 -6.245261e+01  1.397003e+01
     vertex  9.567334e+01 -6.231710e+01  9.906020e+00
     vertex  9.594463e+01 -6.245261e+01  9.906020e+00
   endloop
 endfacet
 facet normal -3.427634e-01 -9.394218e-01  0.000000e+00
   outer loop
     vertex  9.622833e+01 -6.255612e+01  1.397003e+01
     vertex  9.594463e+01 -6.245261e+01  1.397003e+01
     vertex  9.594463e+01 -6.245261e+01  9.906020e+00
   endloop
 endfacet
 facet normal -3.427634e-01 -9.394218e-01 -0.000000e+00
   outer loop
     vertex  9.622833e+01 -6.255612e+01  1.397003e+01
     vertex  9.594463e+01 -6.245261e+01  9.906020e+00
     vertex  9.622833e+01 -6.255612e+01  9.906020e+00
   endloop
 endfacet
 facet normal -2.346988e-01 -9.720681e-01 -0.000000e+00
   outer loop
     vertex  9.622833e+01 -6.255612e+01  1.397003e+01
     vertex  9.622833e+01 -6.255612e+01  9.906020e+00
     vertex  9.652075e+01 -6.262673e+01  9.906020e+00
   endloop
 endfacet
 facet normal -2.346988e-01 -9.720681e-01 -0.000000e+00
   outer loop
     vertex  9.652075e+01 -6.262673e+01  1.397003e+01
     vertex  9.622833e+01 -6.255612e+01  1.397003e+01
     vertex  9.652075e+01 -6.262673e+01  9.906020e+00
   endloop
 endfacet
 facet normal -1.240665e-01 -9.922739e-01  0.000000e+00
   outer loop
     vertex  9.681816e+01 -6.266391e+01  1.397003e+01
     vertex  9.652075e+01 -6.262673e+01  1.397003e+01
     vertex  9.652075e+01 -6.262673e+01  9.906020e+00
   endloop
 endfacet
 facet normal -1.240665e-01 -9.922739e-01 -0.000000e+00
   outer loop
     vertex  9.681816e+01 -6.266391e+01  1.397003e+01
     vertex  9.652075e+01 -6.262673e+01  9.906020e+00
     vertex  9.681816e+01 -6.266391e+01  9.906020e+00
   endloop
 endfacet
 facet normal -1.226801e-02 -9.999247e-01  0.000000e+00
   outer loop
     vertex  9.711682e+01 -6.266758e+01  1.397003e+01
     vertex  9.681816e+01 -6.266391e+01  1.397003e+01
     vertex  9.681816e+01 -6.266391e+01  9.906020e+00
   endloop
 endfacet
 facet normal -1.226801e-02 -9.999247e-01 -0.000000e+00
   outer loop
     vertex  9.711682e+01 -6.266758e+01  1.397003e+01
     vertex  9.681816e+01 -6.266391e+01  9.906020e+00
     vertex  9.711682e+01 -6.266758e+01  9.906020e+00
   endloop
 endfacet
 facet normal  9.930250e-02 -9.950573e-01  0.000000e+00
   outer loop
     vertex  9.711682e+01 -6.266758e+01  1.397003e+01
     vertex  9.711682e+01 -6.266758e+01  9.906020e+00
     vertex  9.741302e+01 -6.263802e+01  9.906020e+00
   endloop
 endfacet
 facet normal  9.930250e-02 -9.950573e-01  0.000000e+00
   outer loop
     vertex  9.741302e+01 -6.263802e+01  1.397003e+01
     vertex  9.711682e+01 -6.266758e+01  1.397003e+01
     vertex  9.741302e+01 -6.263802e+01  9.906020e+00
   endloop
 endfacet
 facet normal  2.092742e-01 -9.778570e-01  0.000000e+00
   outer loop
     vertex  9.770317e+01 -6.257592e+01  1.397003e+01
     vertex  9.741302e+01 -6.263802e+01  1.397003e+01
     vertex  9.741302e+01 -6.263802e+01  9.906020e+00
   endloop
 endfacet
 facet normal  2.092742e-01 -9.778570e-01  0.000000e+00
   outer loop
     vertex  9.770317e+01 -6.257592e+01  1.397003e+01
     vertex  9.741302e+01 -6.263802e+01  9.906020e+00
     vertex  9.770317e+01 -6.257592e+01  9.906020e+00
   endloop
 endfacet
 facet normal  3.163152e-01 -9.486541e-01  0.000000e+00
   outer loop
     vertex  9.770317e+01 -6.257592e+01  1.397003e+01
     vertex  9.770317e+01 -6.257592e+01  9.906020e+00
     vertex  9.798376e+01 -6.248236e+01  9.906020e+00
   endloop
 endfacet
 facet normal  3.163152e-01 -9.486541e-01  0.000000e+00
   outer loop
     vertex  9.798376e+01 -6.248236e+01  1.397003e+01
     vertex  9.770317e+01 -6.257592e+01  1.397003e+01
     vertex  9.798376e+01 -6.248236e+01  9.906020e+00
   endloop
 endfacet
 facet normal  4.191474e-01 -9.079182e-01  0.000000e+00
   outer loop
     vertex  9.825147e+01 -6.235877e+01  1.397003e+01
     vertex  9.798376e+01 -6.248236e+01  1.397003e+01
     vertex  9.798376e+01 -6.248236e+01  9.906020e+00
   endloop
 endfacet
 facet normal  4.191474e-01 -9.079182e-01  0.000000e+00
   outer loop
     vertex  9.825147e+01 -6.235877e+01  1.397003e+01
     vertex  9.798376e+01 -6.248236e+01  9.906020e+00
     vertex  9.825147e+01 -6.235877e+01  9.906020e+00
   endloop
 endfacet
 facet normal  5.217848e-01 -8.530771e-01  0.000000e+00
   outer loop
     vertex  9.853004e+01 -6.218838e+01  1.397003e+01
     vertex  9.825147e+01 -6.235877e+01  9.906020e+00
     vertex  9.853004e+01 -6.218838e+01  9.906020e+00
   endloop
 endfacet
 facet normal  5.217848e-01 -8.530771e-01  0.000000e+00
   outer loop
     vertex  9.853004e+01 -6.218838e+01  1.397003e+01
     vertex  9.825147e+01 -6.235877e+01  1.397003e+01
     vertex  9.825147e+01 -6.235877e+01  9.906020e+00
   endloop
 endfacet
 facet normal  6.218424e-01 -7.831424e-01  0.000000e+00
   outer loop
     vertex  9.878482e+01 -6.198608e+01  1.397003e+01
     vertex  9.853004e+01 -6.218838e+01  9.906020e+00
     vertex  9.878482e+01 -6.198608e+01  9.906020e+00
   endloop
 endfacet
 facet normal  6.218424e-01 -7.831424e-01  0.000000e+00
   outer loop
     vertex  9.878482e+01 -6.198608e+01  1.397003e+01
     vertex  9.853004e+01 -6.218838e+01  1.397003e+01
     vertex  9.853004e+01 -6.218838e+01  9.906020e+00
   endloop
 endfacet
 facet normal  7.123139e-01 -7.018610e-01  0.000000e+00
   outer loop
     vertex  9.901231e+01 -6.175520e+01  1.397003e+01
     vertex  9.878482e+01 -6.198608e+01  9.906020e+00
     vertex  9.901231e+01 -6.175520e+01  9.906020e+00
   endloop
 endfacet
 facet normal  7.123139e-01 -7.018610e-01  0.000000e+00
   outer loop
     vertex  9.901231e+01 -6.175520e+01  1.397003e+01
     vertex  9.878482e+01 -6.198608e+01  1.397003e+01
     vertex  9.878482e+01 -6.198608e+01  9.906020e+00
   endloop
 endfacet
 facet normal  7.919720e-01 -6.105574e-01  0.000000e+00
   outer loop
     vertex  9.920947e+01 -6.149946e+01  1.397003e+01
     vertex  9.901231e+01 -6.175520e+01  9.906020e+00
     vertex  9.920947e+01 -6.149946e+01  9.906020e+00
   endloop
 endfacet
 facet normal  7.919720e-01 -6.105574e-01  0.000000e+00
   outer loop
     vertex  9.920947e+01 -6.149946e+01  1.397003e+01
     vertex  9.901231e+01 -6.175520e+01  1.397003e+01
     vertex  9.901231e+01 -6.175520e+01  9.906020e+00
   endloop
 endfacet
 facet normal  8.597697e-01 -5.106819e-01  0.000000e+00
   outer loop
     vertex  9.937376e+01 -6.122288e+01  1.397003e+01
     vertex  9.920947e+01 -6.149946e+01  9.906020e+00
     vertex  9.937376e+01 -6.122288e+01  9.906020e+00
   endloop
 endfacet
 facet normal  8.597697e-01 -5.106819e-01  0.000000e+00
   outer loop
     vertex  9.937376e+01 -6.122288e+01  1.397003e+01
     vertex  9.920947e+01 -6.149946e+01  1.397003e+01
     vertex  9.920947e+01 -6.149946e+01  9.906020e+00
   endloop
 endfacet
 facet normal  9.148527e-01 -4.037877e-01  0.000000e+00
   outer loop
     vertex  9.950315e+01 -6.092971e+01  1.397003e+01
     vertex  9.937376e+01 -6.122288e+01  9.906020e+00
     vertex  9.950315e+01 -6.092971e+01  9.906020e+00
   endloop
 endfacet
 facet normal  9.148527e-01 -4.037877e-01  0.000000e+00
   outer loop
     vertex  9.950315e+01 -6.092971e+01  1.397003e+01
     vertex  9.937376e+01 -6.122288e+01  1.397003e+01
     vertex  9.937376e+01 -6.122288e+01  9.906020e+00
   endloop
 endfacet
 facet normal  9.565692e-01 -2.915054e-01  0.000000e+00
   outer loop
     vertex  9.959619e+01 -6.062439e+01  1.397003e+01
     vertex  9.950315e+01 -6.092971e+01  9.906020e+00
     vertex  9.959619e+01 -6.062439e+01  9.906020e+00
   endloop
 endfacet
 facet normal  9.846837e-01 -1.743504e-01  0.000000e+00
   outer loop
     vertex  9.959619e+01 -6.062439e+01  1.397003e+01
     vertex  9.959619e+01 -6.062439e+01  9.906020e+00
     vertex  9.965272e+01 -6.030517e+01  9.906020e+00
   endloop
 endfacet
 facet normal  9.565692e-01 -2.915054e-01  0.000000e+00
   outer loop
     vertex  9.959619e+01 -6.062439e+01  1.397003e+01
     vertex  9.950315e+01 -6.092971e+01  1.397003e+01
     vertex  9.950315e+01 -6.092971e+01  9.906020e+00
   endloop
 endfacet
 facet normal  9.846837e-01 -1.743504e-01  0.000000e+00
   outer loop
     vertex  9.965272e+01 -6.030517e+01  1.397003e+01
     vertex  9.959619e+01 -6.062439e+01  1.397003e+01
     vertex  9.965272e+01 -6.030517e+01  9.906020e+00
   endloop
 endfacet
 facet normal  9.983617e-01 -5.721835e-02  0.000000e+00
   outer loop
     vertex  9.967020e+01 -6.000012e+01  1.397003e+01
     vertex  9.965272e+01 -6.030517e+01  9.906020e+00
     vertex  9.967020e+01 -6.000012e+01  9.906020e+00
   endloop
 endfacet
 facet normal  9.983617e-01 -5.721835e-02  0.000000e+00
   outer loop
     vertex  9.967020e+01 -6.000012e+01  1.397003e+01
     vertex  9.965272e+01 -6.030517e+01  1.397003e+01
     vertex  9.965272e+01 -6.030517e+01  9.906020e+00
   endloop
 endfacet
 facet normal  0.000000e+00  0.000000e+00 -1.000000e+00
   outer loop
     vertex  1.676783e+02 -1.284538e+02  9.906020e+00
     vertex  1.670086e+02 -1.295439e+02  9.906020e+00
     vertex  1.667652e+02 -1.293396e+02  9.906020e+00
   endloop
 endfacet
 facet normal  0.000000e+00 -0.000000e+00 -1.000000e+00
   outer loop
     vertex  1.675190e+02 -1.282894e+02  9.906020e+00
     vertex  1.676783e+02 -1.284538e+02  9.906020e+00
     vertex  1.667652e+02 -1.293396e+02  9.906020e+00
   endloop
 endfacet
 facet normal  0.000000e+00  0.000000e+00 -1.000000e+00
   outer loop
     vertex  1.675190e+02 -1.282894e+02  9.906020e+00
     vertex  1.665469e+02 -1.291068e+02  9.906020e+00
     vertex  1.663572e+02 -1.288485e+02  9.906020e+00
   endloop
 endfacet
 facet normal  0.000000e+00  0.000000e+00 -1.000000e+00
   outer loop
     vertex  1.675190e+02 -1.282894e+02  9.906020e+00
     vertex  1.667652e+02 -1.293396e+02  9.906020e+00
     vertex  1.665469e+02 -1.291068e+02  9.906020e+00
   endloop
 endfacet
 facet normal  6.688501e-15 -4.108691e-15 -1.000000e+00
   outer loop
     vertex  1.678608e+02 -1.285890e+02  9.906020e+00
     vertex  1.670086e+02 -1.295439e+02  9.906020e+00
     vertex  1.676783e+02 -1.284538e+02  9.906020e+00
   endloop
 endfacet
 facet normal  5.002922e-15 -2.604467e-15 -1.000000e+00
   outer loop
     vertex  1.678608e+02 -1.285890e+02  9.906020e+00
     vertex  1.672735e+02 -1.297172e+02  9.906020e+00
     vertex  1.670086e+02 -1.295439e+02  9.906020e+00
   endloop
 endfacet
 facet normal  0.000000e+00  0.000000e+00 -1.000000e+00
   outer loop
     vertex  1.673877e+02 -1.280998e+02  9.906020e+00
     vertex  1.663572e+02 -1.288485e+02  9.906020e+00
     vertex  1.661993e+02 -1.285682e+02  9.906020e+00
   endloop
 endfacet
 facet normal  0.000000e+00 -0.000000e+00 -1.000000e+00
   outer loop
     vertex  1.673877e+02 -1.280998e+02  9.906020e+00
     vertex  1.675190e+02 -1.282894e+02  9.906020e+00
     vertex  1.663572e+02 -1.288485e+02  9.906020e+00
   endloop
 endfacet
 facet normal -7.336834e-15  3.819477e-15 -1.000000e+00
   outer loop
     vertex  1.680513e+02 -1.286881e+02  9.906020e+00
     vertex  1.672735e+02 -1.297172e+02  9.906020e+00
     vertex  1.678608e+02 -1.285890e+02  9.906020e+00
   endloop
 endfacet
 facet normal -5.379101e-15  2.339712e-15 -1.000000e+00
   outer loop
     vertex  1.680513e+02 -1.286881e+02  9.906020e+00
     vertex  1.675448e+02 -1.298527e+02  9.906020e+00
     vertex  1.672735e+02 -1.297172e+02  9.906020e+00
   endloop
 endfacet
 facet normal  0.000000e+00  0.000000e+00 -1.000000e+00
   outer loop
     vertex  1.680513e+02 -1.286881e+02  9.906020e+00
     vertex  1.678285e+02 -1.299563e+02  9.906020e+00
     vertex  1.675448e+02 -1.298527e+02  9.906020e+00
   endloop
 endfacet
 facet normal  0.000000e+00 -0.000000e+00 -1.000000e+00
   outer loop
     vertex  1.672887e+02 -1.278897e+02  9.906020e+00
     vertex  1.673877e+02 -1.280998e+02  9.906020e+00
     vertex  1.661993e+02 -1.285682e+02  9.906020e+00
   endloop
 endfacet
 facet normal  0.000000e+00  0.000000e+00 -1.000000e+00
   outer loop
     vertex  1.672887e+02 -1.278897e+02  9.906020e+00
     vertex  1.661993e+02 -1.285682e+02  9.906020e+00
     vertex  1.660759e+02 -1.282698e+02  9.906020e+00
   endloop
 endfacet
 facet normal -0.000000e+00  0.000000e+00 -1.000000e+00
   outer loop
     vertex  1.682606e+02 -1.287584e+02  9.906020e+00
     vertex  1.678285e+02 -1.299563e+02  9.906020e+00
     vertex  1.680513e+02 -1.286881e+02  9.906020e+00
   endloop
 endfacet
 facet normal  0.000000e+00  0.000000e+00 -1.000000e+00
   outer loop
     vertex  1.682606e+02 -1.287584e+02  9.906020e+00
     vertex  1.681209e+02 -1.300269e+02  9.906020e+00
     vertex  1.678285e+02 -1.299563e+02  9.906020e+00
   endloop
 endfacet
 facet normal  1.232475e-16  5.540392e-15 -1.000000e+00
   outer loop
     vertex  1.672255e+02 -1.276645e+02  9.906020e+00
     vertex  1.659891e+02 -1.279576e+02  9.906020e+00
     vertex  1.659407e+02 -1.276359e+02  9.906020e+00
   endloop
 endfacet
 facet normal  2.613260e-15 -4.962305e-15 -1.000000e+00
   outer loop
     vertex  1.672255e+02 -1.276645e+02  9.906020e+00
     vertex  1.660759e+02 -1.282698e+02  9.906020e+00
     vertex  1.659891e+02 -1.279576e+02  9.906020e+00
   endloop
 endfacet
 facet normal  0.000000e+00 -0.000000e+00 -1.000000e+00
   outer loop
     vertex  1.672255e+02 -1.276645e+02  9.906020e+00
     vertex  1.672887e+02 -1.278897e+02  9.906020e+00
     vertex  1.660759e+02 -1.282698e+02  9.906020e+00
   endloop
 endfacet
 facet normal -5.764715e-15  1.664169e-15 -1.000000e+00
   outer loop
     vertex  1.684766e+02 -1.287948e+02  9.906020e+00
     vertex  1.684183e+02 -1.300640e+02  9.906020e+00
     vertex  1.681209e+02 -1.300269e+02  9.906020e+00
   endloop
 endfacet
 facet normal  5.961666e-15  1.125808e-15 -1.000000e+00
   outer loop
     vertex  1.684766e+02 -1.287948e+02  9.906020e+00
     vertex  1.687170e+02 -1.300677e+02  9.906020e+00
     vertex  1.684183e+02 -1.300640e+02  9.906020e+00
   endloop
 endfacet
 facet normal -0.000000e+00  0.000000e+00 -1.000000e+00
   outer loop
     vertex  1.684766e+02 -1.287948e+02  9.906020e+00
     vertex  1.681209e+02 -1.300269e+02  9.906020e+00
     vertex  1.682606e+02 -1.287584e+02  9.906020e+00
   endloop
 endfacet
 facet normal -0.000000e+00  0.000000e+00 -1.000000e+00
   outer loop
     vertex  1.672007e+02 -1.274302e+02  9.906020e+00
     vertex  1.659407e+02 -1.276359e+02  9.906020e+00
     vertex  1.659319e+02 -1.273095e+02  9.906020e+00
   endloop
 endfacet
 facet normal  0.000000e+00 -0.000000e+00 -1.000000e+00
   outer loop
     vertex  1.672007e+02 -1.274302e+02  9.906020e+00
     vertex  1.672255e+02 -1.276645e+02  9.906020e+00
     vertex  1.659407e+02 -1.276359e+02  9.906020e+00
   endloop
 endfacet
 facet normal -0.000000e+00 -0.000000e+00 -1.000000e+00
   outer loop
     vertex  1.686941e+02 -1.287971e+02  9.906020e+00
     vertex  1.687170e+02 -1.300677e+02  9.906020e+00
     vertex  1.684766e+02 -1.287948e+02  9.906020e+00
   endloop
 endfacet
 facet normal -5.986307e-15 -1.075646e-16 -1.000000e+00
   outer loop
     vertex  1.686941e+02 -1.287971e+02  9.906020e+00
     vertex  1.690132e+02 -1.300382e+02  9.906020e+00
     vertex  1.687170e+02 -1.300677e+02  9.906020e+00
   endloop
 endfacet
 facet normal  0.000000e+00  0.000000e+00 -1.000000e+00
   outer loop
     vertex  1.672124e+02 -1.272171e+02  9.906020e+00
     vertex  1.659582e+02 -1.270158e+02  9.906020e+00
     vertex  1.660169e+02 -1.267259e+02  9.906020e+00
   endloop
 endfacet
 facet normal -0.000000e+00  0.000000e+00 -1.000000e+00
   outer loop
     vertex  1.672124e+02 -1.272171e+02  9.906020e+00
     vertex  1.659319e+02 -1.273095e+02  9.906020e+00
     vertex  1.659582e+02 -1.270158e+02  9.906020e+00
   endloop
 endfacet
 facet normal  0.000000e+00  0.000000e+00 -1.000000e+00
   outer loop
     vertex  1.672124e+02 -1.272171e+02  9.906020e+00
     vertex  1.672007e+02 -1.274302e+02  9.906020e+00
     vertex  1.659319e+02 -1.273095e+02  9.906020e+00
   endloop
 endfacet
 facet normal  5.722318e-15  1.869219e-15 -1.000000e+00
   outer loop
     vertex  1.689080e+02 -1.287660e+02  9.906020e+00
     vertex  1.693033e+02 -1.299761e+02  9.906020e+00
     vertex  1.690132e+02 -1.300382e+02  9.906020e+00
   endloop
 endfacet
 facet normal -2.005299e-16  1.379795e-15 -1.000000e+00
   outer loop
     vertex  1.689080e+02 -1.287660e+02  9.906020e+00
     vertex  1.690132e+02 -1.300382e+02  9.906020e+00
     vertex  1.686941e+02 -1.287971e+02  9.906020e+00
   endloop
 endfacet
 facet normal  1.335473e-15 -4.291386e-16 -1.000000e+00
   outer loop
     vertex  1.672567e+02 -1.270070e+02  9.906020e+00
     vertex  1.660169e+02 -1.267259e+02  9.906020e+00
     vertex  1.661077e+02 -1.264434e+02  9.906020e+00
   endloop
 endfacet
 facet normal  3.196985e-15  7.781523e-15 -1.000000e+00
   outer loop
     vertex  1.672567e+02 -1.270070e+02  9.906020e+00
     vertex  1.672124e+02 -1.272171e+02  9.906020e+00
     vertex  1.660169e+02 -1.267259e+02  9.906020e+00
   endloop
 endfacet
 facet normal  0.000000e+00  0.000000e+00 -1.000000e+00
   outer loop
     vertex  1.691134e+02 -1.287029e+02  9.906020e+00
     vertex  1.695839e+02 -1.298825e+02  9.906020e+00
     vertex  1.693033e+02 -1.299761e+02  9.906020e+00
   endloop
 endfacet
 facet normal  0.000000e+00  0.000000e+00 -1.000000e+00
   outer loop
     vertex  1.691134e+02 -1.287029e+02  9.906020e+00
     vertex  1.698516e+02 -1.297589e+02  9.906020e+00
     vertex  1.695839e+02 -1.298825e+02  9.906020e+00
   endloop
 endfacet
 facet normal  0.000000e+00 -0.000000e+00 -1.000000e+00
   outer loop
     vertex  1.691134e+02 -1.287029e+02  9.906020e+00
     vertex  1.693033e+02 -1.299761e+02  9.906020e+00
     vertex  1.689080e+02 -1.287660e+02  9.906020e+00
   endloop
 endfacet
 facet normal  0.000000e+00  0.000000e+00 -1.000000e+00
   outer loop
     vertex  1.673332e+02 -1.268050e+02  9.906020e+00
     vertex  1.661077e+02 -1.264434e+02  9.906020e+00
     vertex  1.662297e+02 -1.261719e+02  9.906020e+00
   endloop
 endfacet
 facet normal -2.333432e-15 -7.909655e-15 -1.000000e+00
   outer loop
     vertex  1.673332e+02 -1.268050e+02  9.906020e+00
     vertex  1.672567e+02 -1.270070e+02  9.906020e+00
     vertex  1.661077e+02 -1.264434e+02  9.906020e+00
   endloop
 endfacet
 facet normal -6.903665e-15 -4.825973e-15 -1.000000e+00
   outer loop
     vertex  1.693055e+02 -1.286097e+02  9.906020e+00
     vertex  1.698516e+02 -1.297589e+02  9.906020e+00
     vertex  1.691134e+02 -1.287029e+02  9.906020e+00
   endloop
 endfacet
 facet normal  7.325256e-16 -1.197622e-15 -1.000000e+00
   outer loop
     vertex  1.693055e+02 -1.286097e+02  9.906020e+00
     vertex  1.701302e+02 -1.295885e+02  9.906020e+00
     vertex  1.698516e+02 -1.297589e+02  9.906020e+00
   endloop
 endfacet
 facet normal  0.000000e+00  0.000000e+00 -1.000000e+00
   outer loop
     vertex  1.674406e+02 -1.266160e+02  9.906020e+00
     vertex  1.662297e+02 -1.261719e+02  9.906020e+00
     vertex  1.663817e+02 -1.259148e+02  9.906020e+00
   endloop
 endfacet
 facet normal -0.000000e+00  0.000000e+00 -1.000000e+00
   outer loop
     vertex  1.674406e+02 -1.266160e+02  9.906020e+00
     vertex  1.673332e+02 -1.268050e+02  9.906020e+00
     vertex  1.662297e+02 -1.261719e+02  9.906020e+00
   endloop
 endfacet
 facet normal -3.278217e-15 -4.951246e-15 -1.000000e+00
   outer loop
     vertex  1.665621e+02 -1.256756e+02  9.906020e+00
     vertex  1.674406e+02 -1.266160e+02  9.906020e+00
     vertex  1.663817e+02 -1.259148e+02  9.906020e+00
   endloop
 endfacet
 facet normal  4.807902e-15  2.725498e-15 -1.000000e+00
   outer loop
     vertex  1.694985e+02 -1.284742e+02  9.906020e+00
     vertex  1.703850e+02 -1.293862e+02  9.906020e+00
     vertex  1.701302e+02 -1.295885e+02  9.906020e+00
   endloop
 endfacet
 facet normal  6.585298e-15  3.733066e-15 -1.000000e+00
   outer loop
     vertex  1.694985e+02 -1.284742e+02  9.906020e+00
     vertex  1.701302e+02 -1.295885e+02  9.906020e+00
     vertex  1.693055e+02 -1.286097e+02  9.906020e+00
   endloop
 endfacet
 facet normal  1.091145e-15 -8.695764e-16 -1.000000e+00
   outer loop
     vertex  1.675770e+02 -1.264448e+02  9.906020e+00
     vertex  1.674406e+02 -1.266160e+02  9.906020e+00
     vertex  1.665621e+02 -1.256756e+02  9.906020e+00
   endloop
 endfacet
 facet normal  1.018516e-15 -9.654019e-16 -1.000000e+00
   outer loop
     vertex  1.667691e+02 -1.254572e+02  9.906020e+00
     vertex  1.675770e+02 -1.264448e+02  9.906020e+00
     vertex  1.665621e+02 -1.256756e+02  9.906020e+00
   endloop
 endfacet
 facet normal  9.824864e-16 -9.927418e-16 -1.000000e+00
   outer loop
     vertex  1.696649e+02 -1.283095e+02  9.906020e+00
     vertex  1.703850e+02 -1.293862e+02  9.906020e+00
     vertex  1.694985e+02 -1.284742e+02  9.906020e+00
   endloop
 endfacet
 facet normal  9.409894e-16 -1.028832e-15 -1.000000e+00
   outer loop
     vertex  1.677398e+02 -1.262960e+02  9.906020e+00
     vertex  1.675770e+02 -1.264448e+02  9.906020e+00
     vertex  1.667691e+02 -1.254572e+02  9.906020e+00
   endloop
 endfacet
 facet normal -3.653961e-15 -4.093543e-15 -1.000000e+00
   outer loop
     vertex  1.706125e+02 -1.291553e+02  9.906020e+00
     vertex  1.703850e+02 -1.293862e+02  9.906020e+00
     vertex  1.696649e+02 -1.283095e+02  9.906020e+00
   endloop
 endfacet
 facet normal  4.797625e-15  3.434606e-15 -1.000000e+00
   outer loop
     vertex  1.670002e+02 -1.252629e+02  9.906020e+00
     vertex  1.677398e+02 -1.262960e+02  9.906020e+00
     vertex  1.667691e+02 -1.254572e+02  9.906020e+00
   endloop
 endfacet
 facet normal -0.000000e+00  0.000000e+00 -1.000000e+00
   outer loop
     vertex  1.708096e+02 -1.288996e+02  9.906020e+00
     vertex  1.706125e+02 -1.291553e+02  9.906020e+00
     vertex  1.696649e+02 -1.283095e+02  9.906020e+00
   endloop
 endfacet
 facet normal  0.000000e+00  0.000000e+00 -1.000000e+00
   outer loop
     vertex  1.708096e+02 -1.288996e+02  9.906020e+00
     vertex  1.696649e+02 -1.283095e+02  9.906020e+00
     vertex  1.698007e+02 -1.281208e+02  9.906020e+00
   endloop
 endfacet
 facet normal  0.000000e+00 -0.000000e+00 -1.000000e+00
   outer loop
     vertex  1.672528e+02 -1.250952e+02  9.906020e+00
     vertex  1.677398e+02 -1.262960e+02  9.906020e+00
     vertex  1.670002e+02 -1.252629e+02  9.906020e+00
   endloop
 endfacet
 facet normal  7.705515e-15  3.124720e-15 -1.000000e+00
   outer loop
     vertex  1.672528e+02 -1.250952e+02  9.906020e+00
     vertex  1.679216e+02 -1.261758e+02  9.906020e+00
     vertex  1.677398e+02 -1.262960e+02  9.906020e+00
   endloop
 endfacet
 facet normal -0.000000e+00  0.000000e+00 -1.000000e+00
   outer loop
     vertex  1.709739e+02 -1.286230e+02  9.906020e+00
     vertex  1.708096e+02 -1.288996e+02  9.906020e+00
     vertex  1.698007e+02 -1.281208e+02  9.906020e+00
   endloop
 endfacet
 facet normal  3.033037e-15  7.086158e-15 -1.000000e+00
   outer loop
     vertex  1.709739e+02 -1.286230e+02  9.906020e+00
     vertex  1.698007e+02 -1.281208e+02  9.906020e+00
     vertex  1.699027e+02 -1.279138e+02  9.906020e+00
   endloop
 endfacet
 facet normal  5.424435e-15  1.713059e-15 -1.000000e+00
   outer loop
     vertex  1.675351e+02 -1.249520e+02  9.906020e+00
     vertex  1.679216e+02 -1.261758e+02  9.906020e+00
     vertex  1.672528e+02 -1.250952e+02  9.906020e+00
   endloop
 endfacet
 facet normal -7.516032e-15 -2.373594e-15 -1.000000e+00
   outer loop
     vertex  1.675351e+02 -1.249520e+02  9.906020e+00
     vertex  1.681283e+02 -1.260822e+02  9.906020e+00
     vertex  1.679216e+02 -1.261758e+02  9.906020e+00
   endloop
 endfacet
 facet normal  1.821026e-15  5.255457e-15 -1.000000e+00
   outer loop
     vertex  1.711033e+02 -1.283298e+02  9.906020e+00
     vertex  1.709739e+02 -1.286230e+02  9.906020e+00
     vertex  1.699027e+02 -1.279138e+02  9.906020e+00
   endloop
 endfacet
 facet normal -4.825107e-16  1.318375e-15 -1.000000e+00
   outer loop
     vertex  1.678335e+02 -1.248427e+02  9.906020e+00
     vertex  1.681283e+02 -1.260822e+02  9.906020e+00
     vertex  1.675351e+02 -1.249520e+02  9.906020e+00
   endloop
 endfacet
 facet normal -3.613882e-16  1.347184e-15 -1.000000e+00
   outer loop
     vertex  1.678335e+02 -1.248427e+02  9.906020e+00
     vertex  1.683493e+02 -1.260229e+02  9.906020e+00
     vertex  1.681283e+02 -1.260822e+02  9.906020e+00
   endloop
 endfacet
 facet normal -1.338544e-15  4.048545e-16 -1.000000e+00
   outer loop
     vertex  1.711963e+02 -1.280245e+02  9.906020e+00
     vertex  1.699027e+02 -1.279138e+02  9.906020e+00
     vertex  1.699691e+02 -1.276946e+02  9.906020e+00
   endloop
 endfacet
 facet normal -1.823419e-15 -5.262365e-15 -1.000000e+00
   outer loop
     vertex  1.711963e+02 -1.280245e+02  9.906020e+00
     vertex  1.711033e+02 -1.283298e+02  9.906020e+00
     vertex  1.699027e+02 -1.279138e+02  9.906020e+00
   endloop
 endfacet
 facet normal -5.506188e-15 -9.010893e-16 -1.000000e+00
   outer loop
     vertex  1.681442e+02 -1.247695e+02  9.906020e+00
     vertex  1.683493e+02 -1.260229e+02  9.906020e+00
     vertex  1.678335e+02 -1.248427e+02  9.906020e+00
   endloop
 endfacet
 facet normal -1.381621e-15  2.446330e-16 -1.000000e+00
   outer loop
     vertex  1.712529e+02 -1.277053e+02  9.906020e+00
     vertex  1.711963e+02 -1.280245e+02  9.906020e+00
     vertex  1.699691e+02 -1.276946e+02  9.906020e+00
   endloop
 endfacet
 facet normal -1.480536e-15 -1.158328e-14 -1.000000e+00
   outer loop
     vertex  1.712529e+02 -1.277053e+02  9.906020e+00
     vertex  1.699691e+02 -1.276946e+02  9.906020e+00
     vertex  1.699929e+02 -1.275443e+02  9.906020e+00
   endloop
 endfacet
 facet normal  0.000000e+00  0.000000e+00 -1.000000e+00
   outer loop
     vertex  1.684626e+02 -1.247338e+02  9.906020e+00
     vertex  1.683493e+02 -1.260229e+02  9.906020e+00
     vertex  1.681442e+02 -1.247695e+02  9.906020e+00
   endloop
 endfacet
 facet normal  0.000000e+00 -0.000000e+00 -1.000000e+00
   outer loop
     vertex  1.684626e+02 -1.247338e+02  9.906020e+00
     vertex  1.685786e+02 -1.260004e+02  9.906020e+00
     vertex  1.683493e+02 -1.260229e+02  9.906020e+00
   endloop
 endfacet
 facet normal  0.000000e+00  0.000000e+00 -1.000000e+00
   outer loop
     vertex  1.712703e+02 -1.274003e+02  9.906020e+00
     vertex  1.712529e+02 -1.277053e+02  9.906020e+00
     vertex  1.699929e+02 -1.275443e+02  9.906020e+00
   endloop
 endfacet
 facet normal -0.000000e+00  0.000000e+00 -1.000000e+00
   outer loop
     vertex  1.712703e+02 -1.274003e+02  9.906020e+00
     vertex  1.699929e+02 -1.275443e+02  9.906020e+00
     vertex  1.700003e+02 -1.274003e+02  9.906020e+00
   endloop
 endfacet
 facet normal -0.000000e+00  0.000000e+00 -1.000000e+00
   outer loop
     vertex  1.687842e+02 -1.247366e+02  9.906020e+00
     vertex  1.685786e+02 -1.260004e+02  9.906020e+00
     vertex  1.684626e+02 -1.247338e+02  9.906020e+00
   endloop
 endfacet
 facet normal  7.586593e-15 -1.234071e-15 -1.000000e+00
   outer loop
     vertex  1.687842e+02 -1.247366e+02  9.906020e+00
     vertex  1.688102e+02 -1.260161e+02  9.906020e+00
     vertex  1.685786e+02 -1.260004e+02  9.906020e+00
   endloop
 endfacet
 facet normal  0.000000e+00 -0.000000e+00 -1.000000e+00
   outer loop
     vertex  1.712531e+02 -1.270975e+02  9.906020e+00
     vertex  1.712703e+02 -1.274003e+02  9.906020e+00
     vertex  1.700003e+02 -1.274003e+02  9.906020e+00
   endloop
 endfacet
 facet normal  0.000000e+00  0.000000e+00 -1.000000e+00
   outer loop
     vertex  1.712531e+02 -1.270975e+02  9.906020e+00
     vertex  1.700003e+02 -1.274003e+02  9.906020e+00
     vertex  1.699827e+02 -1.271789e+02  9.906020e+00
   endloop
 endfacet
 facet normal -1.811773e-16 -1.392018e-15 -1.000000e+00
   outer loop
     vertex  1.691044e+02 -1.247783e+02  9.906020e+00
     vertex  1.688102e+02 -1.260161e+02  9.906020e+00
     vertex  1.687842e+02 -1.247366e+02  9.906020e+00
   endloop
 endfacet
 facet normal -3.238536e-16 -1.358112e-15 -1.000000e+00
   outer loop
     vertex  1.691044e+02 -1.247783e+02  9.906020e+00
     vertex  1.690376e+02 -1.260703e+02  9.906020e+00
     vertex  1.688102e+02 -1.260161e+02  9.906020e+00
   endloop
 endfacet
 facet normal  0.000000e+00 -0.000000e+00 -1.000000e+00
   outer loop
     vertex  1.711975e+02 -1.267806e+02  9.906020e+00
     vertex  1.712531e+02 -1.270975e+02  9.906020e+00
     vertex  1.699827e+02 -1.271789e+02  9.906020e+00
   endloop
 endfacet
 facet normal  0.000000e+00  0.000000e+00 -1.000000e+00
   outer loop
     vertex  1.711975e+02 -1.267806e+02  9.906020e+00
     vertex  1.699827e+02 -1.271789e+02  9.906020e+00
     vertex  1.699324e+02 -1.269695e+02  9.906020e+00
   endloop
 endfacet
 facet normal -3.474195e-16 -1.356894e-15 -1.000000e+00
   outer loop
     vertex  1.694184e+02 -1.248586e+02  9.906020e+00
     vertex  1.690376e+02 -1.260703e+02  9.906020e+00
     vertex  1.691044e+02 -1.247783e+02  9.906020e+00
   endloop
 endfacet
 facet normal  0.000000e+00  0.000000e+00 -1.000000e+00
   outer loop
     vertex  1.711113e+02 -1.264925e+02  9.906020e+00
     vertex  1.699324e+02 -1.269695e+02  9.906020e+00
     vertex  1.698491e+02 -1.267672e+02  9.906020e+00
   endloop
 endfacet
 facet normal  0.000000e+00 -0.000000e+00 -1.000000e+00
   outer loop
     vertex  1.711113e+02 -1.264925e+02  9.906020e+00
     vertex  1.711975e+02 -1.267806e+02  9.906020e+00
     vertex  1.699324e+02 -1.269695e+02  9.906020e+00
   endloop
 endfacet
 facet normal -7.567854e-15  1.483234e-15 -1.000000e+00
   outer loop
     vertex  1.697214e+02 -1.249770e+02  9.906020e+00
     vertex  1.692543e+02 -1.261624e+02  9.906020e+00
     vertex  1.690376e+02 -1.260703e+02  9.906020e+00
   endloop
 endfacet
 facet normal -5.731627e-15  3.349084e-16 -1.000000e+00
   outer loop
     vertex  1.697214e+02 -1.249770e+02  9.906020e+00
     vertex  1.690376e+02 -1.260703e+02  9.906020e+00
     vertex  1.694184e+02 -1.248586e+02  9.906020e+00
   endloop
 endfacet
 facet normal  0.000000e+00 -0.000000e+00 -1.000000e+00
   outer loop
     vertex  1.709937e+02 -1.262168e+02  9.906020e+00
     vertex  1.711113e+02 -1.264925e+02  9.906020e+00
     vertex  1.698491e+02 -1.267672e+02  9.906020e+00
   endloop
 endfacet
 facet normal  0.000000e+00  0.000000e+00 -1.000000e+00
   outer loop
     vertex  1.700088e+02 -1.251319e+02  9.906020e+00
     vertex  1.694348e+02 -1.262761e+02  9.906020e+00
     vertex  1.692543e+02 -1.261624e+02  9.906020e+00
   endloop
 endfacet
 facet normal  4.431451e-15 -3.244544e-15 -1.000000e+00
   outer loop
     vertex  1.700088e+02 -1.251319e+02  9.906020e+00
     vertex  1.692543e+02 -1.261624e+02  9.906020e+00
     vertex  1.697214e+02 -1.249770e+02  9.906020e+00
   endloop
 endfacet
 facet normal  0.000000e+00 -0.000000e+00 -1.000000e+00
   outer loop
     vertex  1.708466e+02 -1.259569e+02  9.906020e+00
     vertex  1.709937e+02 -1.262168e+02  9.906020e+00
     vertex  1.698491e+02 -1.267672e+02  9.906020e+00
   endloop
 endfacet
 facet normal  0.000000e+00  0.000000e+00 -1.000000e+00
   outer loop
     vertex  1.708466e+02 -1.259569e+02  9.906020e+00
     vertex  1.698491e+02 -1.267672e+02  9.906020e+00
     vertex  1.697361e+02 -1.265817e+02  9.906020e+00
   endloop
 endfacet
 facet normal -5.443096e-15  2.730685e-15 -1.000000e+00
   outer loop
     vertex  1.702503e+02 -1.253011e+02  9.906020e+00
     vertex  1.694348e+02 -1.262761e+02  9.906020e+00
     vertex  1.700088e+02 -1.251319e+02  9.906020e+00
   endloop
 endfacet
 facet normal -9.166213e-16 -1.055184e-15 -1.000000e+00
   outer loop
     vertex  1.702503e+02 -1.253011e+02  9.906020e+00
     vertex  1.695967e+02 -1.264168e+02  9.906020e+00
     vertex  1.694348e+02 -1.262761e+02  9.906020e+00
   endloop
 endfacet
 facet normal  0.000000e+00 -0.000000e+00 -1.000000e+00
   outer loop
     vertex  1.706720e+02 -1.257159e+02  9.906020e+00
     vertex  1.708466e+02 -1.259569e+02  9.906020e+00
     vertex  1.697361e+02 -1.265817e+02  9.906020e+00
   endloop
 endfacet
 facet normal  0.000000e+00  0.000000e+00 -1.000000e+00
   outer loop
     vertex  1.706720e+02 -1.257159e+02  9.906020e+00
     vertex  1.697361e+02 -1.265817e+02  9.906020e+00
     vertex  1.695967e+02 -1.264168e+02  9.906020e+00
   endloop
 endfacet
 facet normal  4.355065e-15 -4.142996e-15 -1.000000e+00
   outer loop
     vertex  1.704723e+02 -1.254964e+02  9.906020e+00
     vertex  1.695967e+02 -1.264168e+02  9.906020e+00
     vertex  1.702503e+02 -1.253011e+02  9.906020e+00
   endloop
 endfacet
 facet normal  0.000000e+00 -0.000000e+00 -1.000000e+00
   outer loop
     vertex  1.704723e+02 -1.254964e+02  9.906020e+00
     vertex  1.706720e+02 -1.257159e+02  9.906020e+00
     vertex  1.695967e+02 -1.264168e+02  9.906020e+00
   endloop
 endfacet
 facet normal -3.911802e-15  4.032409e-15 -1.000000e+00
   outer loop
     vertex  9.607817e+01 -1.284538e+02  9.906020e+00
     vertex  9.540849e+01 -1.295439e+02  9.906020e+00
     vertex  9.516502e+01 -1.293396e+02  9.906020e+00
   endloop
 endfacet
 facet normal  0.000000e+00 -0.000000e+00 -1.000000e+00
   outer loop
     vertex  9.591881e+01 -1.282894e+02  9.906020e+00
     vertex  9.607817e+01 -1.284538e+02  9.906020e+00
     vertex  9.516502e+01 -1.293396e+02  9.906020e+00
   endloop
 endfacet
 facet normal  3.575370e-15 -4.252257e-15 -1.000000e+00
   outer loop
     vertex  9.591881e+01 -1.282894e+02  9.906020e+00
     vertex  9.494673e+01 -1.291068e+02  9.906020e+00
     vertex  9.475708e+01 -1.288485e+02  9.906020e+00
   endloop
 endfacet
 facet normal  0.000000e+00  0.000000e+00 -1.000000e+00
   outer loop
     vertex  9.591881e+01 -1.282894e+02  9.906020e+00
     vertex  9.516502e+01 -1.293396e+02  9.906020e+00
     vertex  9.494673e+01 -1.291068e+02  9.906020e+00
   endloop
 endfacet
 facet normal -1.254727e-14  9.337109e-15 -1.000000e+00
   outer loop
     vertex  9.626068e+01 -1.285890e+02  9.906020e+00
     vertex  9.540849e+01 -1.295439e+02  9.906020e+00
     vertex  9.607817e+01 -1.284538e+02  9.906020e+00
   endloop
 endfacet
 facet normal -7.684212e-16 -1.174437e-15 -1.000000e+00
   outer loop
     vertex  9.626068e+01 -1.285890e+02  9.906020e+00
     vertex  9.567334e+01 -1.297172e+02  9.906020e+00
     vertex  9.540849e+01 -1.295439e+02  9.906020e+00
   endloop
 endfacet
 facet normal  0.000000e+00  0.000000e+00 -1.000000e+00
   outer loop
     vertex  9.578751e+01 -1.280998e+02  9.906020e+00
     vertex  9.475708e+01 -1.288485e+02  9.906020e+00
     vertex  9.459920e+01 -1.285682e+02  9.906020e+00
   endloop
 endfacet
 facet normal  4.528587e-15 -6.233052e-15 -1.000000e+00
   outer loop
     vertex  9.578751e+01 -1.280998e+02  9.906020e+00
     vertex  9.591881e+01 -1.282894e+02  9.906020e+00
     vertex  9.475708e+01 -1.288485e+02  9.906020e+00
   endloop
 endfacet
 facet normal -6.445701e-16 -1.238912e-15 -1.000000e+00
   outer loop
     vertex  9.645119e+01 -1.286881e+02  9.906020e+00
     vertex  9.567334e+01 -1.297172e+02  9.906020e+00
     vertex  9.626068e+01 -1.285890e+02  9.906020e+00
   endloop
 endfacet
 facet normal -6.259037e-16 -1.253021e-15 -1.000000e+00
   outer loop
     vertex  9.645119e+01 -1.286881e+02  9.906020e+00
     vertex  9.594463e+01 -1.298527e+02  9.906020e+00
     vertex  9.567334e+01 -1.297172e+02  9.906020e+00
   endloop
 endfacet
 facet normal -4.802940e-16 -1.316356e-15 -1.000000e+00
   outer loop
     vertex  9.645119e+01 -1.286881e+02  9.906020e+00
     vertex  9.622833e+01 -1.299563e+02  9.906020e+00
     vertex  9.594463e+01 -1.298527e+02  9.906020e+00
   endloop
 endfacet
 facet normal  0.000000e+00 -0.000000e+00 -1.000000e+00
   outer loop
     vertex  9.568853e+01 -1.278897e+02  9.906020e+00
     vertex  9.578751e+01 -1.280998e+02  9.906020e+00
     vertex  9.459920e+01 -1.285682e+02  9.906020e+00
   endloop
 endfacet
 facet normal  0.000000e+00  0.000000e+00 -1.000000e+00
   outer loop
     vertex  9.568853e+01 -1.278897e+02  9.906020e+00
     vertex  9.459920e+01 -1.285682e+02  9.906020e+00
     vertex  9.447577e+01 -1.282698e+02  9.906020e+00
   endloop
 endfacet
 facet normal  7.573014e-15 -2.731660e-15 -1.000000e+00
   outer loop
     vertex  9.666041e+01 -1.287584e+02  9.906020e+00
     vertex  9.622833e+01 -1.299563e+02  9.906020e+00
     vertex  9.645119e+01 -1.286881e+02  9.906020e+00
   endloop
 endfacet
 facet normal  0.000000e+00  0.000000e+00 -1.000000e+00
   outer loop
     vertex  9.666041e+01 -1.287584e+02  9.906020e+00
     vertex  9.652075e+01 -1.300269e+02  9.906020e+00
     vertex  9.622833e+01 -1.299563e+02  9.906020e+00
   endloop
 endfacet
 facet normal  0.000000e+00 -0.000000e+00 -1.000000e+00
   outer loop
     vertex  9.562535e+01 -1.276645e+02  9.906020e+00
     vertex  9.568853e+01 -1.278897e+02  9.906020e+00
     vertex  9.447577e+01 -1.282698e+02  9.906020e+00
   endloop
 endfacet
 facet normal -0.000000e+00  0.000000e+00 -1.000000e+00
   outer loop
     vertex  9.562535e+01 -1.276645e+02  9.906020e+00
     vertex  9.438900e+01 -1.279576e+02  9.906020e+00
     vertex  9.434061e+01 -1.276359e+02  9.906020e+00
   endloop
 endfacet
 facet normal  0.000000e+00  0.000000e+00 -1.000000e+00
   outer loop
     vertex  9.562535e+01 -1.276645e+02  9.906020e+00
     vertex  9.447577e+01 -1.282698e+02  9.906020e+00
     vertex  9.438900e+01 -1.279576e+02  9.906020e+00
   endloop
 endfacet
 facet normal -5.764715e-15  1.664169e-15 -1.000000e+00
   outer loop
     vertex  9.687643e+01 -1.287948e+02  9.906020e+00
     vertex  9.681816e+01 -1.300640e+02  9.906020e+00
     vertex  9.652075e+01 -1.300269e+02  9.906020e+00
   endloop
 endfacet
 facet normal  5.961666e-15  1.125808e-15 -1.000000e+00
   outer loop
     vertex  9.687643e+01 -1.287948e+02  9.906020e+00
     vertex  9.711682e+01 -1.300677e+02  9.906020e+00
     vertex  9.681816e+01 -1.300640e+02  9.906020e+00
   endloop
 endfacet
 facet normal -0.000000e+00  0.000000e+00 -1.000000e+00
   outer loop
     vertex  9.687643e+01 -1.287948e+02  9.906020e+00
     vertex  9.652075e+01 -1.300269e+02  9.906020e+00
     vertex  9.666041e+01 -1.287584e+02  9.906020e+00
   endloop
 endfacet
 facet normal -0.000000e+00  0.000000e+00 -1.000000e+00
   outer loop
     vertex  9.560051e+01 -1.274302e+02  9.906020e+00
     vertex  9.434061e+01 -1.276359e+02  9.906020e+00
     vertex  9.433173e+01 -1.273095e+02  9.906020e+00
   endloop
 endfacet
 facet normal  0.000000e+00 -0.000000e+00 -1.000000e+00
   outer loop
     vertex  9.560051e+01 -1.274302e+02  9.906020e+00
     vertex  9.562535e+01 -1.276645e+02  9.906020e+00
     vertex  9.434061e+01 -1.276359e+02  9.906020e+00
   endloop
 endfacet
 facet normal -0.000000e+00 -0.000000e+00 -1.000000e+00
   outer loop
     vertex  9.709399e+01 -1.287971e+02  9.906020e+00
     vertex  9.711682e+01 -1.300677e+02  9.906020e+00
     vertex  9.687643e+01 -1.287948e+02  9.906020e+00
   endloop
 endfacet
 facet normal -5.986307e-15 -1.075646e-16 -1.000000e+00
   outer loop
     vertex  9.709399e+01 -1.287971e+02  9.906020e+00
     vertex  9.741302e+01 -1.300382e+02  9.906020e+00
     vertex  9.711682e+01 -1.300677e+02  9.906020e+00
   endloop
 endfacet
 facet normal -9.524934e-16 -5.935082e-15 -1.000000e+00
   outer loop
     vertex  9.561223e+01 -1.272171e+02  9.906020e+00
     vertex  9.435801e+01 -1.270158e+02  9.906020e+00
     vertex  9.441675e+01 -1.267259e+02  9.906020e+00
   endloop
 endfacet
 facet normal -0.000000e+00  0.000000e+00 -1.000000e+00
   outer loop
     vertex  9.561223e+01 -1.272171e+02  9.906020e+00
     vertex  9.433173e+01 -1.273095e+02  9.906020e+00
     vertex  9.435801e+01 -1.270158e+02  9.906020e+00
   endloop
 endfacet
 facet normal  0.000000e+00  0.000000e+00 -1.000000e+00
   outer loop
     vertex  9.561223e+01 -1.272171e+02  9.906020e+00
     vertex  9.560051e+01 -1.274302e+02  9.906020e+00
     vertex  9.433173e+01 -1.273095e+02  9.906020e+00
   endloop
 endfacet
 facet normal  5.722318e-15  1.869219e-15 -1.000000e+00
   outer loop
     vertex  9.730790e+01 -1.287660e+02  9.906020e+00
     vertex  9.770317e+01 -1.299761e+02  9.906020e+00
     vertex  9.741302e+01 -1.300382e+02  9.906020e+00
   endloop
 endfacet
 facet normal -2.005299e-16  1.379795e-15 -1.000000e+00
   outer loop
     vertex  9.730790e+01 -1.287660e+02  9.906020e+00
     vertex  9.741302e+01 -1.300382e+02  9.906020e+00
     vertex  9.709399e+01 -1.287971e+02  9.906020e+00
   endloop
 endfacet
 facet normal  2.664406e-15  5.432448e-15 -1.000000e+00
   outer loop
     vertex  9.565656e+01 -1.270070e+02  9.906020e+00
     vertex  9.441675e+01 -1.267259e+02  9.906020e+00
     vertex  9.450752e+01 -1.264434e+02  9.906020e+00
   endloop
 endfacet
 facet normal  1.367348e-15 -2.885456e-16 -1.000000e+00
   outer loop
     vertex  9.565656e+01 -1.270070e+02  9.906020e+00
     vertex  9.561223e+01 -1.272171e+02  9.906020e+00
     vertex  9.441675e+01 -1.267259e+02  9.906020e+00
   endloop
 endfacet
 facet normal  0.000000e+00 -0.000000e+00 -1.000000e+00
   outer loop
     vertex  9.751325e+01 -1.287029e+02  9.906020e+00
     vertex  9.770317e+01 -1.299761e+02  9.906020e+00
     vertex  9.730790e+01 -1.287660e+02  9.906020e+00
   endloop
 endfacet
 facet normal  0.000000e+00  0.000000e+00 -1.000000e+00
   outer loop
     vertex  9.751325e+01 -1.287029e+02  9.906020e+00
     vertex  9.798376e+01 -1.298825e+02  9.906020e+00
     vertex  9.770317e+01 -1.299761e+02  9.906020e+00
   endloop
 endfacet
 facet normal  0.000000e+00  0.000000e+00 -1.000000e+00
   outer loop
     vertex  9.751325e+01 -1.287029e+02  9.906020e+00
     vertex  9.825147e+01 -1.297589e+02  9.906020e+00
     vertex  9.798376e+01 -1.298825e+02  9.906020e+00
   endloop
 endfacet
 facet normal  0.000000e+00  0.000000e+00 -1.000000e+00
   outer loop
     vertex  9.573305e+01 -1.268050e+02  9.906020e+00
     vertex  9.450752e+01 -1.264434e+02  9.906020e+00
     vertex  9.462951e+01 -1.261719e+02  9.906020e+00
   endloop
 endfacet
 facet normal -0.000000e+00  0.000000e+00 -1.000000e+00
   outer loop
     vertex  9.573305e+01 -1.268050e+02  9.906020e+00
     vertex  9.565656e+01 -1.270070e+02  9.906020e+00
     vertex  9.450752e+01 -1.264434e+02  9.906020e+00
   endloop
 endfacet
 facet normal -6.903665e-15 -4.825973e-15 -1.000000e+00
   outer loop
     vertex  9.770541e+01 -1.286097e+02  9.906020e+00
     vertex  9.825147e+01 -1.297589e+02  9.906020e+00
     vertex  9.751325e+01 -1.287029e+02  9.906020e+00
   endloop
 endfacet
 facet normal  7.325256e-16 -1.197622e-15 -1.000000e+00
   outer loop
     vertex  9.770541e+01 -1.286097e+02  9.906020e+00
     vertex  9.853004e+01 -1.295885e+02  9.906020e+00
     vertex  9.825147e+01 -1.297589e+02  9.906020e+00
   endloop
 endfacet
 facet normal -2.082267e-15 -5.678486e-15 -1.000000e+00
   outer loop
     vertex  9.584048e+01 -1.266160e+02  9.906020e+00
     vertex  9.462951e+01 -1.261719e+02  9.906020e+00
     vertex  9.478152e+01 -1.259148e+02  9.906020e+00
   endloop
 endfacet
 facet normal -0.000000e+00  0.000000e+00 -1.000000e+00
   outer loop
     vertex  9.584048e+01 -1.266160e+02  9.906020e+00
     vertex  9.573305e+01 -1.268050e+02  9.906020e+00
     vertex  9.462951e+01 -1.261719e+02  9.906020e+00
   endloop
 endfacet
 facet normal  4.397053e-15  4.107537e-15 -1.000000e+00
   outer loop
     vertex  9.496197e+01 -1.256756e+02  9.906020e+00
     vertex  9.584048e+01 -1.266160e+02  9.906020e+00
     vertex  9.478152e+01 -1.259148e+02  9.906020e+00
   endloop
 endfacet
 facet normal  0.000000e+00  0.000000e+00 -1.000000e+00
   outer loop
     vertex  9.789835e+01 -1.284742e+02  9.906020e+00
     vertex  9.878482e+01 -1.293862e+02  9.906020e+00
     vertex  9.853004e+01 -1.295885e+02  9.906020e+00
   endloop
 endfacet
 facet normal  6.585298e-15  3.733066e-15 -1.000000e+00
   outer loop
     vertex  9.789835e+01 -1.284742e+02  9.906020e+00
     vertex  9.853004e+01 -1.295885e+02  9.906020e+00
     vertex  9.770541e+01 -1.286097e+02  9.906020e+00
   endloop
 endfacet
 facet normal -0.000000e+00  0.000000e+00 -1.000000e+00
   outer loop
     vertex  9.597690e+01 -1.264448e+02  9.906020e+00
     vertex  9.584048e+01 -1.266160e+02  9.906020e+00
     vertex  9.496197e+01 -1.256756e+02  9.906020e+00
   endloop
 endfacet
 facet normal -3.588744e-15 -4.734910e-15 -1.000000e+00
   outer loop
     vertex  9.516891e+01 -1.254572e+02  9.906020e+00
     vertex  9.597690e+01 -1.264448e+02  9.906020e+00
     vertex  9.496197e+01 -1.256756e+02  9.906020e+00
   endloop
 endfacet
 facet normal  0.000000e+00 -0.000000e+00 -1.000000e+00
   outer loop
     vertex  9.806474e+01 -1.283095e+02  9.906020e+00
     vertex  9.878482e+01 -1.293862e+02  9.906020e+00
     vertex  9.789835e+01 -1.284742e+02  9.906020e+00
   endloop
 endfacet
 facet normal  9.409894e-16 -1.028832e-15 -1.000000e+00
   outer loop
     vertex  9.613962e+01 -1.262960e+02  9.906020e+00
     vertex  9.597690e+01 -1.264448e+02  9.906020e+00
     vertex  9.516891e+01 -1.254572e+02  9.906020e+00
   endloop
 endfacet
 facet normal -0.000000e+00  0.000000e+00 -1.000000e+00
   outer loop
     vertex  9.901231e+01 -1.291553e+02  9.906020e+00
     vertex  9.878482e+01 -1.293862e+02  9.906020e+00
     vertex  9.806474e+01 -1.283095e+02  9.906020e+00
   endloop
 endfacet
 facet normal  4.797625e-15  3.434606e-15 -1.000000e+00
   outer loop
     vertex  9.540002e+01 -1.252629e+02  9.906020e+00
     vertex  9.613962e+01 -1.262960e+02  9.906020e+00
     vertex  9.516891e+01 -1.254572e+02  9.906020e+00
   endloop
 endfacet
 facet normal  0.000000e+00  0.000000e+00 -1.000000e+00
   outer loop
     vertex  9.920947e+01 -1.288996e+02  9.906020e+00
     vertex  9.806474e+01 -1.283095e+02  9.906020e+00
     vertex  9.820051e+01 -1.281208e+02  9.906020e+00
   endloop
 endfacet
 facet normal -0.000000e+00  0.000000e+00 -1.000000e+00
   outer loop
     vertex  9.920947e+01 -1.288996e+02  9.906020e+00
     vertex  9.901231e+01 -1.291553e+02  9.906020e+00
     vertex  9.806474e+01 -1.283095e+02  9.906020e+00
   endloop
 endfacet
 facet normal  0.000000e+00 -0.000000e+00 -1.000000e+00
   outer loop
     vertex  9.565269e+01 -1.250952e+02  9.906020e+00
     vertex  9.613962e+01 -1.262960e+02  9.906020e+00
     vertex  9.540002e+01 -1.252629e+02  9.906020e+00
   endloop
 endfacet
 facet normal  0.000000e+00  0.000000e+00 -1.000000e+00
   outer loop
     vertex  9.565269e+01 -1.250952e+02  9.906020e+00
     vertex  9.632142e+01 -1.261758e+02  9.906020e+00
     vertex  9.613962e+01 -1.262960e+02  9.906020e+00
   endloop
 endfacet
 facet normal -0.000000e+00  0.000000e+00 -1.000000e+00
   outer loop
     vertex  9.937376e+01 -1.286230e+02  9.906020e+00
     vertex  9.920947e+01 -1.288996e+02  9.906020e+00
     vertex  9.820051e+01 -1.281208e+02  9.906020e+00
   endloop
 endfacet
 facet normal -3.033037e-15 -7.086158e-15 -1.000000e+00
   outer loop
     vertex  9.937376e+01 -1.286230e+02  9.906020e+00
     vertex  9.820051e+01 -1.281208e+02  9.906020e+00
     vertex  9.830259e+01 -1.279138e+02  9.906020e+00
   endloop
 endfacet
 facet normal  0.000000e+00 -0.000000e+00 -1.000000e+00
   outer loop
     vertex  9.593492e+01 -1.249520e+02  9.906020e+00
     vertex  9.632142e+01 -1.261758e+02  9.906020e+00
     vertex  9.565269e+01 -1.250952e+02  9.906020e+00
   endloop
 endfacet
 facet normal -7.516032e-15 -2.373594e-15 -1.000000e+00
   outer loop
     vertex  9.593492e+01 -1.249520e+02  9.906020e+00
     vertex  9.652820e+01 -1.260822e+02  9.906020e+00
     vertex  9.632142e+01 -1.261758e+02  9.906020e+00
   endloop
 endfacet
 facet normal  4.387699e-15  4.122607e-15 -1.000000e+00
   outer loop
     vertex  9.950315e+01 -1.283298e+02  9.906020e+00
     vertex  9.937376e+01 -1.286230e+02  9.906020e+00
     vertex  9.830259e+01 -1.279138e+02  9.906020e+00
   endloop
 endfacet
 facet normal -4.825107e-16  1.318375e-15 -1.000000e+00
   outer loop
     vertex  9.623339e+01 -1.248427e+02  9.906020e+00
     vertex  9.652820e+01 -1.260822e+02  9.906020e+00
     vertex  9.593492e+01 -1.249520e+02  9.906020e+00
   endloop
 endfacet
 facet normal  7.196349e-15  3.144799e-15 -1.000000e+00
   outer loop
     vertex  9.623339e+01 -1.248427e+02  9.906020e+00
     vertex  9.674914e+01 -1.260229e+02  9.906020e+00
     vertex  9.652820e+01 -1.260822e+02  9.906020e+00
   endloop
 endfacet
 facet normal  2.676579e-15 -8.156621e-16 -1.000000e+00
   outer loop
     vertex  9.959619e+01 -1.280245e+02  9.906020e+00
     vertex  9.950315e+01 -1.283298e+02  9.906020e+00
     vertex  9.830259e+01 -1.279138e+02  9.906020e+00
   endloop
 endfacet
 facet normal  3.352691e-15  7.086736e-15 -1.000000e+00
   outer loop
     vertex  9.959619e+01 -1.280245e+02  9.906020e+00
     vertex  9.830259e+01 -1.279138e+02  9.906020e+00
     vertex  9.836891e+01 -1.276946e+02  9.906020e+00
   endloop
 endfacet
 facet normal  0.000000e+00 -0.000000e+00 -1.000000e+00
   outer loop
     vertex  9.654402e+01 -1.247695e+02  9.906020e+00
     vertex  9.674914e+01 -1.260229e+02  9.906020e+00
     vertex  9.623339e+01 -1.248427e+02  9.906020e+00
   endloop
 endfacet
 facet normal -4.646734e-17 -5.556385e-15 -1.000000e+00
   outer loop
     vertex  9.965272e+01 -1.277053e+02  9.906020e+00
     vertex  9.959619e+01 -1.280245e+02  9.906020e+00
     vertex  9.836891e+01 -1.276946e+02  9.906020e+00
   endloop
 endfacet
 facet normal  0.000000e+00  0.000000e+00 -1.000000e+00
   outer loop
     vertex  9.965272e+01 -1.277053e+02  9.906020e+00
     vertex  9.836891e+01 -1.276946e+02  9.906020e+00
     vertex  9.839277e+01 -1.275443e+02  9.906020e+00
   endloop
 endfacet
 facet normal  0.000000e+00  0.000000e+00 -1.000000e+00
   outer loop
     vertex  9.686244e+01 -1.247338e+02  9.906020e+00
     vertex  9.674914e+01 -1.260229e+02  9.906020e+00
     vertex  9.654402e+01 -1.247695e+02  9.906020e+00
   endloop
 endfacet
 facet normal -7.812403e-15  6.865746e-16 -1.000000e+00
   outer loop
     vertex  9.686244e+01 -1.247338e+02  9.906020e+00
     vertex  9.697850e+01 -1.260004e+02  9.906020e+00
     vertex  9.674914e+01 -1.260229e+02  9.906020e+00
   endloop
 endfacet
 facet normal  0.000000e+00  0.000000e+00 -1.000000e+00
   outer loop
     vertex  9.967020e+01 -1.274003e+02  9.906020e+00
     vertex  9.965272e+01 -1.277053e+02  9.906020e+00
     vertex  9.839277e+01 -1.275443e+02  9.906020e+00
   endloop
 endfacet
 facet normal -0.000000e+00  0.000000e+00 -1.000000e+00
   outer loop
     vertex  9.967020e+01 -1.274003e+02  9.906020e+00
     vertex  9.839277e+01 -1.275443e+02  9.906020e+00
     vertex  9.840020e+01 -1.274003e+02  9.906020e+00
   endloop
 endfacet
 facet normal  1.214744e-17  1.403558e-15 -1.000000e+00
   outer loop
     vertex  9.718408e+01 -1.247366e+02  9.906020e+00
     vertex  9.697850e+01 -1.260004e+02  9.906020e+00
     vertex  9.686244e+01 -1.247338e+02  9.906020e+00
   endloop
 endfacet
 facet normal  7.680580e-15  1.561745e-16 -1.000000e+00
   outer loop
     vertex  9.718408e+01 -1.247366e+02  9.906020e+00
     vertex  9.721010e+01 -1.260161e+02  9.906020e+00
     vertex  9.697850e+01 -1.260004e+02  9.906020e+00
   endloop
 endfacet
 facet normal  0.000000e+00 -0.000000e+00 -1.000000e+00
   outer loop
     vertex  9.965297e+01 -1.270975e+02  9.906020e+00
     vertex  9.967020e+01 -1.274003e+02  9.906020e+00
     vertex  9.840020e+01 -1.274003e+02  9.906020e+00
   endloop
 endfacet
 facet normal  0.000000e+00  0.000000e+00 -1.000000e+00
   outer loop
     vertex  9.965297e+01 -1.270975e+02  9.906020e+00
     vertex  9.840020e+01 -1.274003e+02  9.906020e+00
     vertex  9.838259e+01 -1.271789e+02  9.906020e+00
   endloop
 endfacet
 facet normal -0.000000e+00  0.000000e+00 -1.000000e+00
   outer loop
     vertex  9.750426e+01 -1.247783e+02  9.906020e+00
     vertex  9.721010e+01 -1.260161e+02  9.906020e+00
     vertex  9.718408e+01 -1.247366e+02  9.906020e+00
   endloop
 endfacet
 facet normal  0.000000e+00  0.000000e+00 -1.000000e+00
   outer loop
     vertex  9.750426e+01 -1.247783e+02  9.906020e+00
     vertex  9.743750e+01 -1.260703e+02  9.906020e+00
     vertex  9.721010e+01 -1.260161e+02  9.906020e+00
   endloop
 endfacet
 facet normal  0.000000e+00  0.000000e+00 -1.000000e+00
   outer loop
     vertex  9.959731e+01 -1.267806e+02  9.906020e+00
     vertex  9.838259e+01 -1.271789e+02  9.906020e+00
     vertex  9.833227e+01 -1.269695e+02  9.906020e+00
   endloop
 endfacet
 facet normal  0.000000e+00 -0.000000e+00 -1.000000e+00
   outer loop
     vertex  9.959731e+01 -1.267806e+02  9.906020e+00
     vertex  9.965297e+01 -1.270975e+02  9.906020e+00
     vertex  9.838259e+01 -1.271789e+02  9.906020e+00
   endloop
 endfacet
 facet normal -5.584025e-15  2.885298e-16 -1.000000e+00
   outer loop
     vertex  9.781822e+01 -1.248586e+02  9.906020e+00
     vertex  9.743750e+01 -1.260703e+02  9.906020e+00
     vertex  9.750426e+01 -1.247783e+02  9.906020e+00
   endloop
 endfacet
 facet normal  0.000000e+00  0.000000e+00 -1.000000e+00
   outer loop
     vertex  9.951113e+01 -1.264925e+02  9.906020e+00
     vertex  9.833227e+01 -1.269695e+02  9.906020e+00
     vertex  9.824892e+01 -1.267672e+02  9.906020e+00
   endloop
 endfacet
 facet normal  0.000000e+00 -0.000000e+00 -1.000000e+00
   outer loop
     vertex  9.951113e+01 -1.264925e+02  9.906020e+00
     vertex  9.959731e+01 -1.267806e+02  9.906020e+00
     vertex  9.833227e+01 -1.269695e+02  9.906020e+00
   endloop
 endfacet
 facet normal  0.000000e+00  0.000000e+00 -1.000000e+00
   outer loop
     vertex  9.812123e+01 -1.249770e+02  9.906020e+00
     vertex  9.765417e+01 -1.261624e+02  9.906020e+00
     vertex  9.743750e+01 -1.260703e+02  9.906020e+00
   endloop
 endfacet
 facet normal  4.711644e-15 -2.946532e-15 -1.000000e+00
   outer loop
     vertex  9.812123e+01 -1.249770e+02  9.906020e+00
     vertex  9.743750e+01 -1.260703e+02  9.906020e+00
     vertex  9.781822e+01 -1.248586e+02  9.906020e+00
   endloop
 endfacet
 facet normal  0.000000e+00 -0.000000e+00 -1.000000e+00
   outer loop
     vertex  9.939358e+01 -1.262168e+02  9.906020e+00
     vertex  9.951113e+01 -1.264925e+02  9.906020e+00
     vertex  9.824892e+01 -1.267672e+02  9.906020e+00
   endloop
 endfacet
 facet normal  0.000000e+00  0.000000e+00 -1.000000e+00
   outer loop
     vertex  9.840863e+01 -1.251319e+02  9.906020e+00
     vertex  9.783463e+01 -1.262761e+02  9.906020e+00
     vertex  9.765417e+01 -1.261624e+02  9.906020e+00
   endloop
 endfacet
 facet normal -0.000000e+00  0.000000e+00 -1.000000e+00
   outer loop
     vertex  9.840863e+01 -1.251319e+02  9.906020e+00
     vertex  9.765417e+01 -1.261624e+02  9.906020e+00
     vertex  9.812123e+01 -1.249770e+02  9.906020e+00
   endloop
 endfacet
 facet normal  2.583605e-15 -5.372511e-15 -1.000000e+00
   outer loop
     vertex  9.924645e+01 -1.259569e+02  9.906020e+00
     vertex  9.939358e+01 -1.262168e+02  9.906020e+00
     vertex  9.824892e+01 -1.267672e+02  9.906020e+00
   endloop
 endfacet
 facet normal -1.191512e-15 -7.253530e-16 -1.000000e+00
   outer loop
     vertex  9.924645e+01 -1.259569e+02  9.906020e+00
     vertex  9.824892e+01 -1.267672e+02  9.906020e+00
     vertex  9.813595e+01 -1.265817e+02  9.906020e+00
   endloop
 endfacet
 facet normal -9.166213e-16 -1.055184e-15 -1.000000e+00
   outer loop
     vertex  9.865014e+01 -1.253011e+02  9.906020e+00
     vertex  9.799660e+01 -1.264168e+02  9.906020e+00
     vertex  9.783463e+01 -1.262761e+02  9.906020e+00
   endloop
 endfacet
 facet normal -5.443096e-15  2.730685e-15 -1.000000e+00
   outer loop
     vertex  9.865014e+01 -1.253011e+02  9.906020e+00
     vertex  9.783463e+01 -1.262761e+02  9.906020e+00
     vertex  9.840863e+01 -1.251319e+02  9.906020e+00
   endloop
 endfacet
 facet normal  0.000000e+00  0.000000e+00 -1.000000e+00
   outer loop
     vertex  9.907184e+01 -1.257159e+02  9.906020e+00
     vertex  9.813595e+01 -1.265817e+02  9.906020e+00
     vertex  9.799660e+01 -1.264168e+02  9.906020e+00
   endloop
 endfacet
 facet normal -4.082055e-15  4.412413e-15 -1.000000e+00
   outer loop
     vertex  9.907184e+01 -1.257159e+02  9.906020e+00
     vertex  9.924645e+01 -1.259569e+02  9.906020e+00
     vertex  9.813595e+01 -1.265817e+02  9.906020e+00
   endloop
 endfacet
 facet normal  0.000000e+00 -0.000000e+00 -1.000000e+00
   outer loop
     vertex  9.887218e+01 -1.254964e+02  9.906020e+00
     vertex  9.907184e+01 -1.257159e+02  9.906020e+00
     vertex  9.799660e+01 -1.264168e+02  9.906020e+00
   endloop
 endfacet
 facet normal  4.355065e-15 -4.142996e-15 -1.000000e+00
   outer loop
     vertex  9.887218e+01 -1.254964e+02  9.906020e+00
     vertex  9.799660e+01 -1.264168e+02  9.906020e+00
     vertex  9.865014e+01 -1.253011e+02  9.906020e+00
   endloop
 endfacet
 facet normal  0.000000e+00  0.000000e+00 -1.000000e+00
   outer loop
     vertex  1.676783e+02 -6.105363e+01  9.906020e+00
     vertex  1.670086e+02 -6.214381e+01  9.906020e+00
     vertex  1.667652e+02 -6.193947e+01  9.906020e+00
   endloop
 endfacet
 facet normal  0.000000e+00 -0.000000e+00 -1.000000e+00
   outer loop
     vertex  1.675190e+02 -6.088929e+01  9.906020e+00
     vertex  1.676783e+02 -6.105363e+01  9.906020e+00
     vertex  1.667652e+02 -6.193947e+01  9.906020e+00
   endloop
 endfacet
 facet normal -2.445530e-15  5.081837e-15 -1.000000e+00
   outer loop
     vertex  1.675190e+02 -6.088929e+01  9.906020e+00
     vertex  1.665469e+02 -6.170664e+01  9.906020e+00
     vertex  1.663572e+02 -6.144835e+01  9.906020e+00
   endloop
 endfacet
 facet normal  4.608917e-15 -3.308154e-15 -1.000000e+00
   outer loop
     vertex  1.675190e+02 -6.088929e+01  9.906020e+00
     vertex  1.667652e+02 -6.193947e+01  9.906020e+00
     vertex  1.665469e+02 -6.170664e+01  9.906020e+00
   endloop
 endfacet
 facet normal -0.000000e+00  0.000000e+00 -1.000000e+00
   outer loop
     vertex  1.678608e+02 -6.118887e+01  9.906020e+00
     vertex  1.670086e+02 -6.214381e+01  9.906020e+00
     vertex  1.676783e+02 -6.105363e+01  9.906020e+00
   endloop
 endfacet
 facet normal  4.234501e-15 -3.778904e-15 -1.000000e+00
   outer loop
     vertex  1.678608e+02 -6.118887e+01  9.906020e+00
     vertex  1.672735e+02 -6.231710e+01  9.906020e+00
     vertex  1.670086e+02 -6.214381e+01  9.906020e+00
   endloop
 endfacet
 facet normal  0.000000e+00  0.000000e+00 -1.000000e+00
   outer loop
     vertex  1.673877e+02 -6.069970e+01  9.906020e+00
     vertex  1.663572e+02 -6.144835e+01  9.906020e+00
     vertex  1.661993e+02 -6.116809e+01  9.906020e+00
   endloop
 endfacet
 facet normal  0.000000e+00 -0.000000e+00 -1.000000e+00
   outer loop
     vertex  1.673877e+02 -6.069970e+01  9.906020e+00
     vertex  1.675190e+02 -6.088929e+01  9.906020e+00
     vertex  1.663572e+02 -6.144835e+01  9.906020e+00
   endloop
 endfacet
 facet normal -6.445701e-16 -1.238912e-15 -1.000000e+00
   outer loop
     vertex  1.680513e+02 -6.128799e+01  9.906020e+00
     vertex  1.672735e+02 -6.231710e+01  9.906020e+00
     vertex  1.678608e+02 -6.118887e+01  9.906020e+00
   endloop
 endfacet
 facet normal -5.379101e-15  2.339712e-15 -1.000000e+00
   outer loop
     vertex  1.680513e+02 -6.128799e+01  9.906020e+00
     vertex  1.675448e+02 -6.245261e+01  9.906020e+00
     vertex  1.672735e+02 -6.231710e+01  9.906020e+00
   endloop
 endfacet
 facet normal  0.000000e+00  0.000000e+00 -1.000000e+00
   outer loop
     vertex  1.680513e+02 -6.128799e+01  9.906020e+00
     vertex  1.678285e+02 -6.255612e+01  9.906020e+00
     vertex  1.675448e+02 -6.245261e+01  9.906020e+00
   endloop
 endfacet
 facet normal -1.296584e-15 -5.363725e-16 -1.000000e+00
   outer loop
     vertex  1.672887e+02 -6.048956e+01  9.906020e+00
     vertex  1.661993e+02 -6.116809e+01  9.906020e+00
     vertex  1.660759e+02 -6.086971e+01  9.906020e+00
   endloop
 endfacet
 facet normal  2.810197e-15 -7.129536e-15 -1.000000e+00
   outer loop
     vertex  1.672887e+02 -6.048956e+01  9.906020e+00
     vertex  1.673877e+02 -6.069970e+01  9.906020e+00
     vertex  1.661993e+02 -6.116809e+01  9.906020e+00
   endloop
 endfacet
 facet normal  8.017298e-15 -1.408976e-15 -1.000000e+00
   outer loop
     vertex  1.682606e+02 -6.135826e+01  9.906020e+00
     vertex  1.678285e+02 -6.255612e+01  9.906020e+00
     vertex  1.680513e+02 -6.128799e+01  9.906020e+00
   endloop
 endfacet
 facet normal  3.293613e-16  1.364138e-15 -1.000000e+00
   outer loop
     vertex  1.682606e+02 -6.135826e+01  9.906020e+00
     vertex  1.681209e+02 -6.262673e+01  9.906020e+00
     vertex  1.678285e+02 -6.255612e+01  9.906020e+00
   endloop
 endfacet
 facet normal  1.264053e-15 -5.331687e-15 -1.000000e+00
   outer loop
     vertex  1.672255e+02 -6.026432e+01  9.906020e+00
     vertex  1.659891e+02 -6.055743e+01  9.906020e+00
     vertex  1.659407e+02 -6.023574e+01  9.906020e+00
   endloop
 endfacet
 facet normal  0.000000e+00  0.000000e+00 -1.000000e+00
   outer loop
     vertex  1.672255e+02 -6.026432e+01  9.906020e+00
     vertex  1.660759e+02 -6.086971e+01  9.906020e+00
     vertex  1.659891e+02 -6.055743e+01  9.906020e+00
   endloop
 endfacet
 facet normal -3.618644e-15  6.871424e-15 -1.000000e+00
   outer loop
     vertex  1.672255e+02 -6.026432e+01  9.906020e+00
     vertex  1.672887e+02 -6.048956e+01  9.906020e+00
     vertex  1.660759e+02 -6.086971e+01  9.906020e+00
   endloop
 endfacet
 facet normal -7.841719e-15  2.263763e-15 -1.000000e+00
   outer loop
     vertex  1.684766e+02 -6.139464e+01  9.906020e+00
     vertex  1.681209e+02 -6.262673e+01  9.906020e+00
     vertex  1.682606e+02 -6.135826e+01  9.906020e+00
   endloop
 endfacet
 facet normal  0.000000e+00  0.000000e+00 -1.000000e+00
   outer loop
     vertex  1.684766e+02 -6.139464e+01  9.906020e+00
     vertex  1.684183e+02 -6.266391e+01  9.906020e+00
     vertex  1.681209e+02 -6.262673e+01  9.906020e+00
   endloop
 endfacet
 facet normal  0.000000e+00 -0.000000e+00 -1.000000e+00
   outer loop
     vertex  1.684766e+02 -6.139464e+01  9.906020e+00
     vertex  1.687170e+02 -6.266758e+01  9.906020e+00
     vertex  1.684183e+02 -6.266391e+01  9.906020e+00
   endloop
 endfacet
 facet normal  1.216859e-15 -7.453239e-15 -1.000000e+00
   outer loop
     vertex  1.672007e+02 -6.003004e+01  9.906020e+00
     vertex  1.672255e+02 -6.026432e+01  9.906020e+00
     vertex  1.659407e+02 -6.023574e+01  9.906020e+00
   endloop
 endfacet
 facet normal -8.845814e-16  5.418046e-15 -1.000000e+00
   outer loop
     vertex  1.672007e+02 -6.003004e+01  9.906020e+00
     vertex  1.659407e+02 -6.023574e+01  9.906020e+00
     vertex  1.659319e+02 -5.990933e+01  9.906020e+00
   endloop
 endfacet
 facet normal  0.000000e+00  0.000000e+00 -1.000000e+00
   outer loop
     vertex  1.686941e+02 -6.139698e+01  9.906020e+00
     vertex  1.690132e+02 -6.263802e+01  9.906020e+00
     vertex  1.687170e+02 -6.266758e+01  9.906020e+00
   endloop
 endfacet
 facet normal -0.000000e+00 -0.000000e+00 -1.000000e+00
   outer loop
     vertex  1.686941e+02 -6.139698e+01  9.906020e+00
     vertex  1.687170e+02 -6.266758e+01  9.906020e+00
     vertex  1.684766e+02 -6.139464e+01  9.906020e+00
   endloop
 endfacet
 facet normal -9.524934e-16 -5.935082e-15 -1.000000e+00
   outer loop
     vertex  1.672124e+02 -5.981693e+01  9.906020e+00
     vertex  1.659582e+02 -5.961565e+01  9.906020e+00
     vertex  1.660169e+02 -5.932578e+01  9.906020e+00
   endloop
 endfacet
 facet normal -0.000000e+00  0.000000e+00 -1.000000e+00
   outer loop
     vertex  1.672124e+02 -5.981693e+01  9.906020e+00
     vertex  1.659319e+02 -5.990933e+01  9.906020e+00
     vertex  1.659582e+02 -5.961565e+01  9.906020e+00
   endloop
 endfacet
 facet normal -6.038451e-16  8.368822e-15 -1.000000e+00
   outer loop
     vertex  1.672124e+02 -5.981693e+01  9.906020e+00
     vertex  1.672007e+02 -6.003004e+01  9.906020e+00
     vertex  1.659319e+02 -5.990933e+01  9.906020e+00
   endloop
 endfacet
 facet normal  0.000000e+00 -0.000000e+00 -1.000000e+00
   outer loop
     vertex  1.689080e+02 -6.136589e+01  9.906020e+00
     vertex  1.690132e+02 -6.263802e+01  9.906020e+00
     vertex  1.686941e+02 -6.139698e+01  9.906020e+00
   endloop
 endfacet
 facet normal  0.000000e+00  0.000000e+00 -1.000000e+00
   outer loop
     vertex  1.689080e+02 -6.136589e+01  9.906020e+00
     vertex  1.693033e+02 -6.257592e+01  9.906020e+00
     vertex  1.690132e+02 -6.263802e+01  9.906020e+00
   endloop
 endfacet
 facet normal  3.999878e-15  5.003309e-15 -1.000000e+00
   outer loop
     vertex  1.672567e+02 -5.960687e+01  9.906020e+00
     vertex  1.660169e+02 -5.932578e+01  9.906020e+00
     vertex  1.661077e+02 -5.904331e+01  9.906020e+00
   endloop
 endfacet
 facet normal  4.564333e-15  7.492977e-15 -1.000000e+00
   outer loop
     vertex  1.672567e+02 -5.960687e+01  9.906020e+00
     vertex  1.672124e+02 -5.981693e+01  9.906020e+00
     vertex  1.660169e+02 -5.932578e+01  9.906020e+00
   endloop
 endfacet
 facet normal  7.860847e-15  2.567779e-15 -1.000000e+00
   outer loop
     vertex  1.691134e+02 -6.130273e+01  9.906020e+00
     vertex  1.693033e+02 -6.257592e+01  9.906020e+00
     vertex  1.689080e+02 -6.136589e+01  9.906020e+00
   endloop
 endfacet
 facet normal -6.473982e-15  4.294874e-16 -1.000000e+00
   outer loop
     vertex  1.691134e+02 -6.130273e+01  9.906020e+00
     vertex  1.695839e+02 -6.248236e+01  9.906020e+00
     vertex  1.693033e+02 -6.257592e+01  9.906020e+00
   endloop
 endfacet
 facet normal  4.429330e-15  4.778385e-15 -1.000000e+00
   outer loop
     vertex  1.691134e+02 -6.130273e+01  9.906020e+00
     vertex  1.698516e+02 -6.235877e+01  9.906020e+00
     vertex  1.695839e+02 -6.248236e+01  9.906020e+00
   endloop
 endfacet
 facet normal -1.279821e-15  5.750313e-16 -1.000000e+00
   outer loop
     vertex  1.673332e+02 -5.940485e+01  9.906020e+00
     vertex  1.661077e+02 -5.904331e+01  9.906020e+00
     vertex  1.662297e+02 -5.877179e+01  9.906020e+00
   endloop
 endfacet
 facet normal -5.970687e-15 -1.532564e-14 -1.000000e+00
   outer loop
     vertex  1.673332e+02 -5.940485e+01  9.906020e+00
     vertex  1.672567e+02 -5.960687e+01  9.906020e+00
     vertex  1.661077e+02 -5.904331e+01  9.906020e+00
   endloop
 endfacet
 facet normal  7.325256e-16 -1.197622e-15 -1.000000e+00
   outer loop
     vertex  1.693055e+02 -6.120953e+01  9.906020e+00
     vertex  1.701302e+02 -6.218838e+01  9.906020e+00
     vertex  1.698516e+02 -6.235877e+01  9.906020e+00
   endloop
 endfacet
 facet normal -1.441656e-14 -8.395739e-15 -1.000000e+00
   outer loop
     vertex  1.693055e+02 -6.120953e+01  9.906020e+00
     vertex  1.698516e+02 -6.235877e+01  9.906020e+00
     vertex  1.691134e+02 -6.130273e+01  9.906020e+00
   endloop
 endfacet
 facet normal -2.082267e-15 -5.678486e-15 -1.000000e+00
   outer loop
     vertex  1.674406e+02 -5.921585e+01  9.906020e+00
     vertex  1.662297e+02 -5.877179e+01  9.906020e+00
     vertex  1.663817e+02 -5.851471e+01  9.906020e+00
   endloop
 endfacet
 facet normal  2.851959e-15  7.777489e-15 -1.000000e+00
   outer loop
     vertex  1.674406e+02 -5.921585e+01  9.906020e+00
     vertex  1.673332e+02 -5.940485e+01  9.906020e+00
     vertex  1.662297e+02 -5.877179e+01  9.906020e+00
   endloop
 endfacet
 facet normal  1.118835e-15 -8.437094e-16 -1.000000e+00
   outer loop
     vertex  1.665621e+02 -5.827542e+01  9.906020e+00
     vertex  1.674406e+02 -5.921585e+01  9.906020e+00
     vertex  1.663817e+02 -5.851471e+01  9.906020e+00
   endloop
 endfacet
 facet normal  0.000000e+00  0.000000e+00 -1.000000e+00
   outer loop
     vertex  1.694985e+02 -6.107405e+01  9.906020e+00
     vertex  1.703850e+02 -6.198608e+01  9.906020e+00
     vertex  1.701302e+02 -6.218838e+01  9.906020e+00
   endloop
 endfacet
 facet normal  6.585298e-15  3.733066e-15 -1.000000e+00
   outer loop
     vertex  1.694985e+02 -6.107405e+01  9.906020e+00
     vertex  1.701302e+02 -6.218838e+01  9.906020e+00
     vertex  1.693055e+02 -6.120953e+01  9.906020e+00
   endloop
 endfacet
 facet normal  1.091145e-15 -8.695764e-16 -1.000000e+00
   outer loop
     vertex  1.675770e+02 -5.904467e+01  9.906020e+00
     vertex  1.674406e+02 -5.921585e+01  9.906020e+00
     vertex  1.665621e+02 -5.827542e+01  9.906020e+00
   endloop
 endfacet
 facet normal  4.607260e-15  3.769509e-15 -1.000000e+00
   outer loop
     vertex  1.667691e+02 -5.805710e+01  9.906020e+00
     vertex  1.675770e+02 -5.904467e+01  9.906020e+00
     vertex  1.665621e+02 -5.827542e+01  9.906020e+00
   endloop
 endfacet
 facet normal  0.000000e+00 -0.000000e+00 -1.000000e+00
   outer loop
     vertex  1.696649e+02 -6.090938e+01  9.906020e+00
     vertex  1.703850e+02 -6.198608e+01  9.906020e+00
     vertex  1.694985e+02 -6.107405e+01  9.906020e+00
   endloop
 endfacet
 facet normal -0.000000e+00  0.000000e+00 -1.000000e+00
   outer loop
     vertex  1.677398e+02 -5.889585e+01  9.906020e+00
     vertex  1.675770e+02 -5.904467e+01  9.906020e+00
     vertex  1.667691e+02 -5.805710e+01  9.906020e+00
   endloop
 endfacet
 facet normal -0.000000e+00  0.000000e+00 -1.000000e+00
   outer loop
     vertex  1.706125e+02 -6.175520e+01  9.906020e+00
     vertex  1.703850e+02 -6.198608e+01  9.906020e+00
     vertex  1.696649e+02 -6.090938e+01  9.906020e+00
   endloop
 endfacet
 facet normal  0.000000e+00 -0.000000e+00 -1.000000e+00
   outer loop
     vertex  1.670002e+02 -5.786274e+01  9.906020e+00
     vertex  1.677398e+02 -5.889585e+01  9.906020e+00
     vertex  1.667691e+02 -5.805710e+01  9.906020e+00
   endloop
 endfacet
 facet normal -1.131895e-15  8.145322e-16 -1.000000e+00
   outer loop
     vertex  1.708096e+02 -6.149946e+01  9.906020e+00
     vertex  1.696649e+02 -6.090938e+01  9.906020e+00
     vertex  1.698007e+02 -6.072070e+01  9.906020e+00
   endloop
 endfacet
 facet normal -3.672707e-15 -4.114545e-15 -1.000000e+00
   outer loop
     vertex  1.708096e+02 -6.149946e+01  9.906020e+00
     vertex  1.706125e+02 -6.175520e+01  9.906020e+00
     vertex  1.696649e+02 -6.090938e+01  9.906020e+00
   endloop
 endfacet
 facet normal  4.766304e-15  3.412183e-15 -1.000000e+00
   outer loop
     vertex  1.672528e+02 -5.769509e+01  9.906020e+00
     vertex  1.677398e+02 -5.889585e+01  9.906020e+00
     vertex  1.670002e+02 -5.786274e+01  9.906020e+00
   endloop
 endfacet
 facet normal -7.711795e-16  1.166637e-15 -1.000000e+00
   outer loop
     vertex  1.672528e+02 -5.769509e+01  9.906020e+00
     vertex  1.679216e+02 -5.877567e+01  9.906020e+00
     vertex  1.677398e+02 -5.889585e+01  9.906020e+00
   endloop
 endfacet
 facet normal  5.590681e-15  9.524312e-15 -1.000000e+00
   outer loop
     vertex  1.709739e+02 -6.122288e+01  9.906020e+00
     vertex  1.708096e+02 -6.149946e+01  9.906020e+00
     vertex  1.698007e+02 -6.072070e+01  9.906020e+00
   endloop
 endfacet
 facet normal  4.283217e-15  6.469652e-15 -1.000000e+00
   outer loop
     vertex  1.709739e+02 -6.122288e+01  9.906020e+00
     vertex  1.698007e+02 -6.072070e+01  9.906020e+00
     vertex  1.699027e+02 -6.051371e+01  9.906020e+00
   endloop
 endfacet
 facet normal -1.021390e-14 -4.677050e-15 -1.000000e+00
   outer loop
     vertex  1.675351e+02 -5.755183e+01  9.906020e+00
     vertex  1.679216e+02 -5.877567e+01  9.906020e+00
     vertex  1.672528e+02 -5.769509e+01  9.906020e+00
   endloop
 endfacet
 facet normal  8.090823e-15  1.103658e-15 -1.000000e+00
   outer loop
     vertex  1.675351e+02 -5.755183e+01  9.906020e+00
     vertex  1.681283e+02 -5.868208e+01  9.906020e+00
     vertex  1.679216e+02 -5.877567e+01  9.906020e+00
   endloop
 endfacet
 facet normal -6.208725e-15 -9.378065e-15 -1.000000e+00
   outer loop
     vertex  1.711033e+02 -6.092971e+01  9.906020e+00
     vertex  1.709739e+02 -6.122288e+01  9.906020e+00
     vertex  1.699027e+02 -6.051371e+01  9.906020e+00
   endloop
 endfacet
 facet normal  1.094999e-14  2.604465e-15 -1.000000e+00
   outer loop
     vertex  1.678335e+02 -5.744259e+01  9.906020e+00
     vertex  1.681283e+02 -5.868208e+01  9.906020e+00
     vertex  1.675351e+02 -5.755183e+01  9.906020e+00
   endloop
 endfacet
 facet normal  0.000000e+00  0.000000e+00 -1.000000e+00
   outer loop
     vertex  1.678335e+02 -5.744259e+01  9.906020e+00
     vertex  1.683493e+02 -5.862281e+01  9.906020e+00
     vertex  1.681283e+02 -5.868208e+01  9.906020e+00
   endloop
 endfacet
 facet normal -8.531600e-16  6.078027e-15 -1.000000e+00
   outer loop
     vertex  1.711963e+02 -6.062439e+01  9.906020e+00
     vertex  1.711033e+02 -6.092971e+01  9.906020e+00
     vertex  1.699027e+02 -6.051371e+01  9.906020e+00
   endloop
 endfacet
 facet normal -1.338544e-15  4.048545e-16 -1.000000e+00
   outer loop
     vertex  1.711963e+02 -6.062439e+01  9.906020e+00
     vertex  1.699027e+02 -6.051371e+01  9.906020e+00
     vertex  1.699691e+02 -6.029443e+01  9.906020e+00
   endloop
 endfacet
 facet normal -1.036907e-14 -4.531277e-15 -1.000000e+00
   outer loop
     vertex  1.681442e+02 -5.736937e+01  9.906020e+00
     vertex  1.683493e+02 -5.862281e+01  9.906020e+00
     vertex  1.678335e+02 -5.744259e+01  9.906020e+00
   endloop
 endfacet
 facet normal -1.381621e-15  2.446330e-16 -1.000000e+00
   outer loop
     vertex  1.712529e+02 -6.030517e+01  9.906020e+00
     vertex  1.711963e+02 -6.062439e+01  9.906020e+00
     vertex  1.699691e+02 -6.029443e+01  9.906020e+00
   endloop
 endfacet
 facet normal -1.480536e-15 -1.158328e-14 -1.000000e+00
   outer loop
     vertex  1.712529e+02 -6.030517e+01  9.906020e+00
     vertex  1.699691e+02 -6.029443e+01  9.906020e+00
     vertex  1.699929e+02 -6.014412e+01  9.906020e+00
   endloop
 endfacet
 facet normal  5.790238e-15 -1.886801e-15 -1.000000e+00
   outer loop
     vertex  1.684626e+02 -5.733367e+01  9.906020e+00
     vertex  1.683493e+02 -5.862281e+01  9.906020e+00
     vertex  1.681442e+02 -5.736937e+01  9.906020e+00
   endloop
 endfacet
 facet normal -7.675898e-15 -7.033618e-16 -1.000000e+00
   outer loop
     vertex  1.684626e+02 -5.733367e+01  9.906020e+00
     vertex  1.685786e+02 -5.860029e+01  9.906020e+00
     vertex  1.683493e+02 -5.862281e+01  9.906020e+00
   endloop
 endfacet
 facet normal  0.000000e+00  0.000000e+00 -1.000000e+00
   outer loop
     vertex  1.712703e+02 -6.000012e+01  9.906020e+00
     vertex  1.712529e+02 -6.030517e+01  9.906020e+00
     vertex  1.699929e+02 -6.014412e+01  9.906020e+00
   endloop
 endfacet
 facet normal -0.000000e+00  0.000000e+00 -1.000000e+00
   outer loop
     vertex  1.712703e+02 -6.000012e+01  9.906020e+00
     vertex  1.699929e+02 -6.014412e+01  9.906020e+00
     vertex  1.700003e+02 -6.000012e+01  9.906020e+00
   endloop
 endfacet
 facet normal -0.000000e+00  0.000000e+00 -1.000000e+00
   outer loop
     vertex  1.687842e+02 -5.733645e+01  9.906020e+00
     vertex  1.685786e+02 -5.860029e+01  9.906020e+00
     vertex  1.684626e+02 -5.733367e+01  9.906020e+00
   endloop
 endfacet
 facet normal  0.000000e+00 -0.000000e+00 -1.000000e+00
   outer loop
     vertex  1.687842e+02 -5.733645e+01  9.906020e+00
     vertex  1.688102e+02 -5.861594e+01  9.906020e+00
     vertex  1.685786e+02 -5.860029e+01  9.906020e+00
   endloop
 endfacet
 facet normal  0.000000e+00 -0.000000e+00 -1.000000e+00
   outer loop
     vertex  1.712531e+02 -5.969732e+01  9.906020e+00
     vertex  1.712703e+02 -6.000012e+01  9.906020e+00
     vertex  1.700003e+02 -6.000012e+01  9.906020e+00
   endloop
 endfacet
 facet normal  0.000000e+00  0.000000e+00 -1.000000e+00
   outer loop
     vertex  1.712531e+02 -5.969732e+01  9.906020e+00
     vertex  1.700003e+02 -6.000012e+01  9.906020e+00
     vertex  1.699827e+02 -5.977876e+01  9.906020e+00
   endloop
 endfacet
 facet normal -5.562768e-15 -1.131116e-16 -1.000000e+00
   outer loop
     vertex  1.691044e+02 -5.737813e+01  9.906020e+00
     vertex  1.688102e+02 -5.861594e+01  9.906020e+00
     vertex  1.687842e+02 -5.733645e+01  9.906020e+00
   endloop
 endfacet
 facet normal -3.238536e-16 -1.358112e-15 -1.000000e+00
   outer loop
     vertex  1.691044e+02 -5.737813e+01  9.906020e+00
     vertex  1.690376e+02 -5.867017e+01  9.906020e+00
     vertex  1.688102e+02 -5.861594e+01  9.906020e+00
   endloop
 endfacet
 facet normal  0.000000e+00 -0.000000e+00 -1.000000e+00
   outer loop
     vertex  1.711975e+02 -5.938050e+01  9.906020e+00
     vertex  1.712531e+02 -5.969732e+01  9.906020e+00
     vertex  1.699827e+02 -5.977876e+01  9.906020e+00
   endloop
 endfacet
 facet normal  0.000000e+00  0.000000e+00 -1.000000e+00
   outer loop
     vertex  1.711975e+02 -5.938050e+01  9.906020e+00
     vertex  1.699827e+02 -5.977876e+01  9.906020e+00
     vertex  1.699324e+02 -5.956933e+01  9.906020e+00
   endloop
 endfacet
 facet normal  5.236606e-15 -1.645424e-15 -1.000000e+00
   outer loop
     vertex  1.694184e+02 -5.745851e+01  9.906020e+00
     vertex  1.690376e+02 -5.867017e+01  9.906020e+00
     vertex  1.691044e+02 -5.737813e+01  9.906020e+00
   endloop
 endfacet
 facet normal  0.000000e+00 -0.000000e+00 -1.000000e+00
   outer loop
     vertex  1.711113e+02 -5.909232e+01  9.906020e+00
     vertex  1.711975e+02 -5.938050e+01  9.906020e+00
     vertex  1.699324e+02 -5.956933e+01  9.906020e+00
   endloop
 endfacet
 facet normal -3.046330e-15  7.528500e-15 -1.000000e+00
   outer loop
     vertex  1.711113e+02 -5.909232e+01  9.906020e+00
     vertex  1.699324e+02 -5.956933e+01  9.906020e+00
     vertex  1.698491e+02 -5.936711e+01  9.906020e+00
   endloop
 endfacet
 facet normal -5.455099e-16 -1.283600e-15 -1.000000e+00
   outer loop
     vertex  1.697214e+02 -5.757685e+01  9.906020e+00
     vertex  1.692543e+02 -5.876225e+01  9.906020e+00
     vertex  1.690376e+02 -5.867017e+01  9.906020e+00
   endloop
 endfacet
 facet normal -5.221635e-15  1.640720e-15 -1.000000e+00
   outer loop
     vertex  1.697214e+02 -5.757685e+01  9.906020e+00
     vertex  1.690376e+02 -5.867017e+01  9.906020e+00
     vertex  1.694184e+02 -5.745851e+01  9.906020e+00
   endloop
 endfacet
 facet normal -1.287780e-15 -5.491279e-16 -1.000000e+00
   outer loop
     vertex  1.709937e+02 -5.881665e+01  9.906020e+00
     vertex  1.711113e+02 -5.909232e+01  9.906020e+00
     vertex  1.698491e+02 -5.936711e+01  9.906020e+00
   endloop
 endfacet
 facet normal -7.433365e-16 -1.179631e-15 -1.000000e+00
   outer loop
     vertex  1.700088e+02 -5.773181e+01  9.906020e+00
     vertex  1.694348e+02 -5.887596e+01  9.906020e+00
     vertex  1.692543e+02 -5.876225e+01  9.906020e+00
   endloop
 endfacet
 facet normal -6.663773e-16 -1.235977e-15 -1.000000e+00
   outer loop
     vertex  1.700088e+02 -5.773181e+01  9.906020e+00
     vertex  1.692543e+02 -5.876225e+01  9.906020e+00
     vertex  1.697214e+02 -5.757685e+01  9.906020e+00
   endloop
 endfacet
 facet normal -3.803358e-15  4.681923e-15 -1.000000e+00
   outer loop
     vertex  1.708466e+02 -5.855677e+01  9.906020e+00
     vertex  1.709937e+02 -5.881665e+01  9.906020e+00
     vertex  1.698491e+02 -5.936711e+01  9.906020e+00
   endloop
 endfacet
 facet normal  0.000000e+00  0.000000e+00 -1.000000e+00
   outer loop
     vertex  1.708466e+02 -5.855677e+01  9.906020e+00
     vertex  1.698491e+02 -5.936711e+01  9.906020e+00
     vertex  1.697361e+02 -5.918154e+01  9.906020e+00
   endloop
 endfacet
 facet normal -9.166213e-16 -1.055184e-15 -1.000000e+00
   outer loop
     vertex  1.702503e+02 -5.790092e+01  9.906020e+00
     vertex  1.695967e+02 -5.901667e+01  9.906020e+00
     vertex  1.694348e+02 -5.887596e+01  9.906020e+00
   endloop
 endfacet
 facet normal -8.045418e-16 -1.148925e-15 -1.000000e+00
   outer loop
     vertex  1.702503e+02 -5.790092e+01  9.906020e+00
     vertex  1.694348e+02 -5.887596e+01  9.906020e+00
     vertex  1.700088e+02 -5.773181e+01  9.906020e+00
   endloop
 endfacet
 facet normal  4.528635e-15 -6.946775e-15 -1.000000e+00
   outer loop
     vertex  1.706720e+02 -5.831572e+01  9.906020e+00
     vertex  1.697361e+02 -5.918154e+01  9.906020e+00
     vertex  1.695967e+02 -5.901667e+01  9.906020e+00
   endloop
 endfacet
 facet normal  2.945601e-15 -5.235627e-15 -1.000000e+00
   outer loop
     vertex  1.706720e+02 -5.831572e+01  9.906020e+00
     vertex  1.708466e+02 -5.855677e+01  9.906020e+00
     vertex  1.697361e+02 -5.918154e+01  9.906020e+00
   endloop
 endfacet
 facet normal  9.634501e-15 -7.235347e-15 -1.000000e+00
   outer loop
     vertex  1.704723e+02 -5.809628e+01  9.906020e+00
     vertex  1.695967e+02 -5.901667e+01  9.906020e+00
     vertex  1.702503e+02 -5.790092e+01  9.906020e+00
   endloop
 endfacet
 facet normal -3.312392e-15  5.081099e-15 -1.000000e+00
   outer loop
     vertex  1.704723e+02 -5.809628e+01  9.906020e+00
     vertex  1.706720e+02 -5.831572e+01  9.906020e+00
     vertex  1.695967e+02 -5.901667e+01  9.906020e+00
   endloop
 endfacet
 facet normal  9.023437e-16  1.075119e-15 -1.000000e+00
   outer loop
     vertex  9.607817e+01 -6.105363e+01  9.906020e+00
     vertex  9.540849e+01 -6.214381e+01  9.906020e+00
     vertex  9.516502e+01 -6.193947e+01  9.906020e+00
   endloop
 endfacet
 facet normal  1.002380e-15  9.719983e-16 -1.000000e+00
   outer loop
     vertex  9.591881e+01 -6.088929e+01  9.906020e+00
     vertex  9.607817e+01 -6.105363e+01  9.906020e+00
     vertex  9.516502e+01 -6.193947e+01  9.906020e+00
   endloop
 endfacet
 facet normal -3.575370e-15  4.252257e-15 -1.000000e+00
   outer loop
     vertex  9.591881e+01 -6.088929e+01  9.906020e+00
     vertex  9.494673e+01 -6.170664e+01  9.906020e+00
     vertex  9.475708e+01 -6.144835e+01  9.906020e+00
   endloop
 endfacet
 facet normal -3.587086e-15  4.266191e-15 -1.000000e+00
   outer loop
     vertex  9.591881e+01 -6.088929e+01  9.906020e+00
     vertex  9.516502e+01 -6.193947e+01  9.906020e+00
     vertex  9.494673e+01 -6.170664e+01  9.906020e+00
   endloop
 endfacet
 facet normal  8.297272e-16  1.119727e-15 -1.000000e+00
   outer loop
     vertex  9.626068e+01 -6.118887e+01  9.906020e+00
     vertex  9.540849e+01 -6.214381e+01  9.906020e+00
     vertex  9.607817e+01 -6.105363e+01  9.906020e+00
   endloop
 endfacet
 facet normal  5.002922e-15 -2.604467e-15 -1.000000e+00
   outer loop
     vertex  9.626068e+01 -6.118887e+01  9.906020e+00
     vertex  9.567334e+01 -6.231710e+01  9.906020e+00
     vertex  9.540849e+01 -6.214381e+01  9.906020e+00
   endloop
 endfacet
 facet normal  2.044328e-15 -5.186507e-15 -1.000000e+00
   outer loop
     vertex  9.578751e+01 -6.069970e+01  9.906020e+00
     vertex  9.475708e+01 -6.144835e+01  9.906020e+00
     vertex  9.459920e+01 -6.116809e+01  9.906020e+00
   endloop
 endfacet
 facet normal -1.146845e-15 -7.942432e-16 -1.000000e+00
   outer loop
     vertex  9.578751e+01 -6.069970e+01  9.906020e+00
     vertex  9.591881e+01 -6.088929e+01  9.906020e+00
     vertex  9.475708e+01 -6.144835e+01  9.906020e+00
   endloop
 endfacet
 facet normal -0.000000e+00  0.000000e+00 -1.000000e+00
   outer loop
     vertex  9.645119e+01 -6.128799e+01  9.906020e+00
     vertex  9.567334e+01 -6.231710e+01  9.906020e+00
     vertex  9.626068e+01 -6.118887e+01  9.906020e+00
   endloop
 endfacet
 facet normal  0.000000e+00  0.000000e+00 -1.000000e+00
   outer loop
     vertex  9.645119e+01 -6.128799e+01  9.906020e+00
     vertex  9.594463e+01 -6.245261e+01  9.906020e+00
     vertex  9.567334e+01 -6.231710e+01  9.906020e+00
   endloop
 endfacet
 facet normal  0.000000e+00  0.000000e+00 -1.000000e+00
   outer loop
     vertex  9.645119e+01 -6.128799e+01  9.906020e+00
     vertex  9.622833e+01 -6.255612e+01  9.906020e+00
     vertex  9.594463e+01 -6.245261e+01  9.906020e+00
   endloop
 endfacet
 facet normal  2.810197e-15 -7.129536e-15 -1.000000e+00
   outer loop
     vertex  9.568853e+01 -6.048956e+01  9.906020e+00
     vertex  9.578751e+01 -6.069970e+01  9.906020e+00
     vertex  9.459920e+01 -6.116809e+01  9.906020e+00
   endloop
 endfacet
 facet normal  1.651965e-15 -5.270071e-15 -1.000000e+00
   outer loop
     vertex  9.568853e+01 -6.048956e+01  9.906020e+00
     vertex  9.459920e+01 -6.116809e+01  9.906020e+00
     vertex  9.447577e+01 -6.086971e+01  9.906020e+00
   endloop
 endfacet
 facet normal -0.000000e+00  0.000000e+00 -1.000000e+00
   outer loop
     vertex  9.666041e+01 -6.135826e+01  9.906020e+00
     vertex  9.622833e+01 -6.255612e+01  9.906020e+00
     vertex  9.645119e+01 -6.128799e+01  9.906020e+00
   endloop
 endfacet
 facet normal -5.587941e-15  2.015625e-15 -1.000000e+00
   outer loop
     vertex  9.666041e+01 -6.135826e+01  9.906020e+00
     vertex  9.652075e+01 -6.262673e+01  9.906020e+00
     vertex  9.622833e+01 -6.255612e+01  9.906020e+00
   endloop
 endfacet
 facet normal -0.000000e+00  0.000000e+00 -1.000000e+00
   outer loop
     vertex  9.562535e+01 -6.026432e+01  9.906020e+00
     vertex  9.438900e+01 -6.055743e+01  9.906020e+00
     vertex  9.434061e+01 -6.023574e+01  9.906020e+00
   endloop
 endfacet
 facet normal -1.265274e-15  5.336835e-15 -1.000000e+00
   outer loop
     vertex  9.562535e+01 -6.026432e+01  9.906020e+00
     vertex  9.447577e+01 -6.086971e+01  9.906020e+00
     vertex  9.438900e+01 -6.055743e+01  9.906020e+00
   endloop
 endfacet
 facet normal -2.272316e-15  7.249102e-15 -1.000000e+00
   outer loop
     vertex  9.562535e+01 -6.026432e+01  9.906020e+00
     vertex  9.568853e+01 -6.048956e+01  9.906020e+00
     vertex  9.447577e+01 -6.086971e+01  9.906020e+00
   endloop
 endfacet
 facet normal  5.938700e-15 -2.726474e-16 -1.000000e+00
   outer loop
     vertex  9.687643e+01 -6.139464e+01  9.906020e+00
     vertex  9.681816e+01 -6.266391e+01  9.906020e+00
     vertex  9.652075e+01 -6.262673e+01  9.906020e+00
   endloop
 endfacet
 facet normal  0.000000e+00 -0.000000e+00 -1.000000e+00
   outer loop
     vertex  9.687643e+01 -6.139464e+01  9.906020e+00
     vertex  9.711682e+01 -6.266758e+01  9.906020e+00
     vertex  9.681816e+01 -6.266391e+01  9.906020e+00
   endloop
 endfacet
 facet normal  2.315320e-16  1.374909e-15 -1.000000e+00
   outer loop
     vertex  9.687643e+01 -6.139464e+01  9.906020e+00
     vertex  9.652075e+01 -6.262673e+01  9.906020e+00
     vertex  9.666041e+01 -6.135826e+01  9.906020e+00
   endloop
 endfacet
 facet normal  0.000000e+00 -0.000000e+00 -1.000000e+00
   outer loop
     vertex  9.560051e+01 -6.003004e+01  9.906020e+00
     vertex  9.562535e+01 -6.026432e+01  9.906020e+00
     vertex  9.434061e+01 -6.023574e+01  9.906020e+00
   endloop
 endfacet
 facet normal -8.845814e-16  5.418046e-15 -1.000000e+00
   outer loop
     vertex  9.560051e+01 -6.003004e+01  9.906020e+00
     vertex  9.434061e+01 -6.023574e+01  9.906020e+00
     vertex  9.433173e+01 -5.990933e+01  9.906020e+00
   endloop
 endfacet
 facet normal -0.000000e+00 -0.000000e+00 -1.000000e+00
   outer loop
     vertex  9.709399e+01 -6.139698e+01  9.906020e+00
     vertex  9.711682e+01 -6.266758e+01  9.906020e+00
     vertex  9.687643e+01 -6.139464e+01  9.906020e+00
   endloop
 endfacet
 facet normal  0.000000e+00  0.000000e+00 -1.000000e+00
   outer loop
     vertex  9.709399e+01 -6.139698e+01  9.906020e+00
     vertex  9.741302e+01 -6.263802e+01  9.906020e+00
     vertex  9.711682e+01 -6.266758e+01  9.906020e+00
   endloop
 endfacet
 facet normal  2.324201e-15  5.657149e-15 -1.000000e+00
   outer loop
     vertex  9.561223e+01 -5.981693e+01  9.906020e+00
     vertex  9.435801e+01 -5.961565e+01  9.906020e+00
     vertex  9.441675e+01 -5.932578e+01  9.906020e+00
   endloop
 endfacet
 facet normal -5.177078e-16 -1.205107e-14 -1.000000e+00
   outer loop
     vertex  9.561223e+01 -5.981693e+01  9.906020e+00
     vertex  9.433173e+01 -5.990933e+01  9.906020e+00
     vertex  9.435801e+01 -5.961565e+01  9.906020e+00
   endloop
 endfacet
 facet normal -1.392768e-15  7.657594e-17 -1.000000e+00
   outer loop
     vertex  9.561223e+01 -5.981693e+01  9.906020e+00
     vertex  9.560051e+01 -6.003004e+01  9.906020e+00
     vertex  9.433173e+01 -5.990933e+01  9.906020e+00
   endloop
 endfacet
 facet normal  2.936475e-16 -1.372101e-15 -1.000000e+00
   outer loop
     vertex  9.730790e+01 -6.136589e+01  9.906020e+00
     vertex  9.770317e+01 -6.257592e+01  9.906020e+00
     vertex  9.741302e+01 -6.263802e+01  9.906020e+00
   endloop
 endfacet
 facet normal -8.004917e-15 -2.057838e-15 -1.000000e+00
   outer loop
     vertex  9.730790e+01 -6.136589e+01  9.906020e+00
     vertex  9.741302e+01 -6.263802e+01  9.906020e+00
     vertex  9.709399e+01 -6.139698e+01  9.906020e+00
   endloop
 endfacet
 facet normal -0.000000e+00  0.000000e+00 -1.000000e+00
   outer loop
     vertex  9.565656e+01 -5.960687e+01  9.906020e+00
     vertex  9.561223e+01 -5.981693e+01  9.906020e+00
     vertex  9.441675e+01 -5.932578e+01  9.906020e+00
   endloop
 endfacet
 facet normal  1.328933e-15  5.861586e-15 -1.000000e+00
   outer loop
     vertex  9.565656e+01 -5.960687e+01  9.906020e+00
     vertex  9.441675e+01 -5.932578e+01  9.906020e+00
     vertex  9.450752e+01 -5.904331e+01  9.906020e+00
   endloop
 endfacet
 facet normal  4.103192e-16 -1.333989e-15 -1.000000e+00
   outer loop
     vertex  9.751325e+01 -6.130273e+01  9.906020e+00
     vertex  9.770317e+01 -6.257592e+01  9.906020e+00
     vertex  9.730790e+01 -6.136589e+01  9.906020e+00
   endloop
 endfacet
 facet normal  4.431660e-16 -1.329090e-15 -1.000000e+00
   outer loop
     vertex  9.751325e+01 -6.130273e+01  9.906020e+00
     vertex  9.798376e+01 -6.248236e+01  9.906020e+00
     vertex  9.770317e+01 -6.257592e+01  9.906020e+00
   endloop
 endfacet
 facet normal  5.870839e-16 -1.271686e-15 -1.000000e+00
   outer loop
     vertex  9.751325e+01 -6.130273e+01  9.906020e+00
     vertex  9.825147e+01 -6.235877e+01  9.906020e+00
     vertex  9.798376e+01 -6.248236e+01  9.906020e+00
   endloop
 endfacet
 facet normal -2.984014e-15 -5.201689e-15 -1.000000e+00
   outer loop
     vertex  9.573305e+01 -5.940485e+01  9.906020e+00
     vertex  9.450752e+01 -5.904331e+01  9.906020e+00
     vertex  9.462951e+01 -5.877179e+01  9.906020e+00
   endloop
 endfacet
 facet normal -1.303824e-15  4.936666e-16 -1.000000e+00
   outer loop
     vertex  9.573305e+01 -5.940485e+01  9.906020e+00
     vertex  9.565656e+01 -5.960687e+01  9.906020e+00
     vertex  9.450752e+01 -5.904331e+01  9.906020e+00
   endloop
 endfacet
 facet normal  7.325256e-16 -1.197622e-15 -1.000000e+00
   outer loop
     vertex  9.770541e+01 -6.120953e+01  9.906020e+00
     vertex  9.853004e+01 -6.218838e+01  9.906020e+00
     vertex  9.825147e+01 -6.235877e+01  9.906020e+00
   endloop
 endfacet
 facet normal  6.092274e-16 -1.256207e-15 -1.000000e+00
   outer loop
     vertex  9.770541e+01 -6.120953e+01  9.906020e+00
     vertex  9.825147e+01 -6.235877e+01  9.906020e+00
     vertex  9.751325e+01 -6.130273e+01  9.906020e+00
   endloop
 endfacet
 facet normal -8.767713e-16 -6.391308e-15 -1.000000e+00
   outer loop
     vertex  9.584048e+01 -5.921585e+01  9.906020e+00
     vertex  9.462951e+01 -5.877179e+01  9.906020e+00
     vertex  9.478152e+01 -5.851471e+01  9.906020e+00
   endloop
 endfacet
 facet normal  4.065819e-15  7.087476e-15 -1.000000e+00
   outer loop
     vertex  9.584048e+01 -5.921585e+01  9.906020e+00
     vertex  9.573305e+01 -5.940485e+01  9.906020e+00
     vertex  9.462951e+01 -5.877179e+01  9.906020e+00
   endloop
 endfacet
 facet normal  5.515888e-15  3.263828e-15 -1.000000e+00
   outer loop
     vertex  9.496197e+01 -5.827542e+01  9.906020e+00
     vertex  9.584048e+01 -5.921585e+01  9.906020e+00
     vertex  9.478152e+01 -5.851471e+01  9.906020e+00
   endloop
 endfacet
 facet normal  0.000000e+00  0.000000e+00 -1.000000e+00
   outer loop
     vertex  9.789835e+01 -6.107405e+01  9.906020e+00
     vertex  9.878482e+01 -6.198608e+01  9.906020e+00
     vertex  9.853004e+01 -6.218838e+01  9.906020e+00
   endloop
 endfacet
 facet normal  6.585298e-15  3.733066e-15 -1.000000e+00
   outer loop
     vertex  9.789835e+01 -6.107405e+01  9.906020e+00
     vertex  9.853004e+01 -6.218838e+01  9.906020e+00
     vertex  9.770541e+01 -6.120953e+01  9.906020e+00
   endloop
 endfacet
 facet normal -4.903356e-15 -6.469381e-15 -1.000000e+00
   outer loop
     vertex  9.597690e+01 -5.904467e+01  9.906020e+00
     vertex  9.584048e+01 -5.921585e+01  9.906020e+00
     vertex  9.496197e+01 -5.827542e+01  9.906020e+00
   endloop
 endfacet
 facet normal  0.000000e+00 -0.000000e+00 -1.000000e+00
   outer loop
     vertex  9.516891e+01 -5.805710e+01  9.906020e+00
     vertex  9.597690e+01 -5.904467e+01  9.906020e+00
     vertex  9.496197e+01 -5.827542e+01  9.906020e+00
   endloop
 endfacet
 facet normal  0.000000e+00 -0.000000e+00 -1.000000e+00
   outer loop
     vertex  9.806474e+01 -6.090938e+01  9.906020e+00
     vertex  9.878482e+01 -6.198608e+01  9.906020e+00
     vertex  9.789835e+01 -6.107405e+01  9.906020e+00
   endloop
 endfacet
 facet normal -0.000000e+00  0.000000e+00 -1.000000e+00
   outer loop
     vertex  9.613962e+01 -5.889585e+01  9.906020e+00
     vertex  9.597690e+01 -5.904467e+01  9.906020e+00
     vertex  9.516891e+01 -5.805710e+01  9.906020e+00
   endloop
 endfacet
 facet normal -4.651363e-15 -3.110777e-15 -1.000000e+00
   outer loop
     vertex  9.901231e+01 -6.175520e+01  9.906020e+00
     vertex  9.878482e+01 -6.198608e+01  9.906020e+00
     vertex  9.806474e+01 -6.090938e+01  9.906020e+00
   endloop
 endfacet
 facet normal  0.000000e+00 -0.000000e+00 -1.000000e+00
   outer loop
     vertex  9.540002e+01 -5.786274e+01  9.906020e+00
     vertex  9.613962e+01 -5.889585e+01  9.906020e+00
     vertex  9.516891e+01 -5.805710e+01  9.906020e+00
   endloop
 endfacet
 facet normal  2.562238e-15  4.970643e-15 -1.000000e+00
   outer loop
     vertex  9.920947e+01 -6.149946e+01  9.906020e+00
     vertex  9.901231e+01 -6.175520e+01  9.906020e+00
     vertex  9.806474e+01 -6.090938e+01  9.906020e+00
   endloop
 endfacet
 facet normal  0.000000e+00  0.000000e+00 -1.000000e+00
   outer loop
     vertex  9.920947e+01 -6.149946e+01  9.906020e+00
     vertex  9.806474e+01 -6.090938e+01  9.906020e+00
     vertex  9.820051e+01 -6.072070e+01  9.906020e+00
   endloop
 endfacet
 facet normal  0.000000e+00 -0.000000e+00 -1.000000e+00
   outer loop
     vertex  9.565269e+01 -5.769509e+01  9.906020e+00
     vertex  9.613962e+01 -5.889585e+01  9.906020e+00
     vertex  9.540002e+01 -5.786274e+01  9.906020e+00
   endloop
 endfacet
 facet normal  0.000000e+00  0.000000e+00 -1.000000e+00
   outer loop
     vertex  9.565269e+01 -5.769509e+01  9.906020e+00
     vertex  9.632142e+01 -5.877567e+01  9.906020e+00
     vertex  9.613962e+01 -5.889585e+01  9.906020e+00
   endloop
 endfacet
 facet normal -0.000000e+00  0.000000e+00 -1.000000e+00
   outer loop
     vertex  9.937376e+01 -6.122288e+01  9.906020e+00
     vertex  9.920947e+01 -6.149946e+01  9.906020e+00
     vertex  9.820051e+01 -6.072070e+01  9.906020e+00
   endloop
 endfacet
 facet normal  3.033037e-15  7.086158e-15 -1.000000e+00
   outer loop
     vertex  9.937376e+01 -6.122288e+01  9.906020e+00
     vertex  9.820051e+01 -6.072070e+01  9.906020e+00
     vertex  9.830259e+01 -6.051371e+01  9.906020e+00
   endloop
 endfacet
 facet normal  0.000000e+00 -0.000000e+00 -1.000000e+00
   outer loop
     vertex  9.593492e+01 -5.755183e+01  9.906020e+00
     vertex  9.632142e+01 -5.877567e+01  9.906020e+00
     vertex  9.565269e+01 -5.769509e+01  9.906020e+00
   endloop
 endfacet
 facet normal  0.000000e+00  0.000000e+00 -1.000000e+00
   outer loop
     vertex  9.593492e+01 -5.755183e+01  9.906020e+00
     vertex  9.652820e+01 -5.868208e+01  9.906020e+00
     vertex  9.632142e+01 -5.877567e+01  9.906020e+00
   endloop
 endfacet
 facet normal -4.387699e-15 -4.122607e-15 -1.000000e+00
   outer loop
     vertex  9.950315e+01 -6.092971e+01  9.906020e+00
     vertex  9.937376e+01 -6.122288e+01  9.906020e+00
     vertex  9.830259e+01 -6.051371e+01  9.906020e+00
   endloop
 endfacet
 facet normal  0.000000e+00 -0.000000e+00 -1.000000e+00
   outer loop
     vertex  9.623339e+01 -5.744259e+01  9.906020e+00
     vertex  9.652820e+01 -5.868208e+01  9.906020e+00
     vertex  9.593492e+01 -5.755183e+01  9.906020e+00
   endloop
 endfacet
 facet normal  0.000000e+00  0.000000e+00 -1.000000e+00
   outer loop
     vertex  9.623339e+01 -5.744259e+01  9.906020e+00
     vertex  9.674914e+01 -5.862281e+01  9.906020e+00
     vertex  9.652820e+01 -5.868208e+01  9.906020e+00
   endloop
 endfacet
 facet normal -8.531600e-16  6.078027e-15 -1.000000e+00
   outer loop
     vertex  9.959619e+01 -6.062439e+01  9.906020e+00
     vertex  9.950315e+01 -6.092971e+01  9.906020e+00
     vertex  9.830259e+01 -6.051371e+01  9.906020e+00
   endloop
 endfacet
 facet normal -2.014147e-15 -7.491591e-15 -1.000000e+00
   outer loop
     vertex  9.959619e+01 -6.062439e+01  9.906020e+00
     vertex  9.830259e+01 -6.051371e+01  9.906020e+00
     vertex  9.836891e+01 -6.029443e+01  9.906020e+00
   endloop
 endfacet
 facet normal  0.000000e+00 -0.000000e+00 -1.000000e+00
   outer loop
     vertex  9.654402e+01 -5.736937e+01  9.906020e+00
     vertex  9.674914e+01 -5.862281e+01  9.906020e+00
     vertex  9.623339e+01 -5.744259e+01  9.906020e+00
   endloop
 endfacet
 facet normal -0.000000e+00  0.000000e+00 -1.000000e+00
   outer loop
     vertex  9.965272e+01 -6.030517e+01  9.906020e+00
     vertex  9.959619e+01 -6.062439e+01  9.906020e+00
     vertex  9.836891e+01 -6.029443e+01  9.906020e+00
   endloop
 endfacet
 facet normal  9.870388e-17  1.180263e-14 -1.000000e+00
   outer loop
     vertex  9.965272e+01 -6.030517e+01  9.906020e+00
     vertex  9.836891e+01 -6.029443e+01  9.906020e+00
     vertex  9.839277e+01 -6.014412e+01  9.906020e+00
   endloop
 endfacet
 facet normal  5.478169e-15  8.965040e-16 -1.000000e+00
   outer loop
     vertex  9.686244e+01 -5.733367e+01  9.906020e+00
     vertex  9.674914e+01 -5.862281e+01  9.906020e+00
     vertex  9.654402e+01 -5.736937e+01  9.906020e+00
   endloop
 endfacet
 facet normal -7.948909e-15  2.076511e-15 -1.000000e+00
   outer loop
     vertex  9.686244e+01 -5.733367e+01  9.906020e+00
     vertex  9.697850e+01 -5.860029e+01  9.906020e+00
     vertex  9.674914e+01 -5.862281e+01  9.906020e+00
   endloop
 endfacet
 facet normal -1.399615e-15  8.021509e-17 -1.000000e+00
   outer loop
     vertex  9.967020e+01 -6.000012e+01  9.906020e+00
     vertex  9.965272e+01 -6.030517e+01  9.906020e+00
     vertex  9.839277e+01 -6.014412e+01  9.906020e+00
   endloop
 endfacet
 facet normal -0.000000e+00 -1.233546e-14 -1.000000e+00
   outer loop
     vertex  9.967020e+01 -6.000012e+01  9.906020e+00
     vertex  9.839277e+01 -6.014412e+01  9.906020e+00
     vertex  9.840020e+01 -6.000012e+01  9.906020e+00
   endloop
 endfacet
 facet normal -5.502835e-15  2.300651e-15 -1.000000e+00
   outer loop
     vertex  9.718408e+01 -5.733645e+01  9.906020e+00
     vertex  9.697850e+01 -5.860029e+01  9.906020e+00
     vertex  9.686244e+01 -5.733367e+01  9.906020e+00
   endloop
 endfacet
 facet normal  7.680580e-15  1.561745e-16 -1.000000e+00
   outer loop
     vertex  9.718408e+01 -5.733645e+01  9.906020e+00
     vertex  9.721010e+01 -5.861594e+01  9.906020e+00
     vertex  9.697850e+01 -5.860029e+01  9.906020e+00
   endloop
 endfacet
 facet normal  0.000000e+00 -0.000000e+00 -1.000000e+00
   outer loop
     vertex  9.965297e+01 -5.969732e+01  9.906020e+00
     vertex  9.967020e+01 -6.000012e+01  9.906020e+00
     vertex  9.840020e+01 -6.000012e+01  9.906020e+00
   endloop
 endfacet
 facet normal  0.000000e+00  0.000000e+00 -1.000000e+00
   outer loop
     vertex  9.965297e+01 -5.969732e+01  9.906020e+00
     vertex  9.840020e+01 -6.000012e+01  9.906020e+00
     vertex  9.838259e+01 -5.977876e+01  9.906020e+00
   endloop
 endfacet
 facet normal  5.562768e-15  1.131116e-16 -1.000000e+00
   outer loop
     vertex  9.750426e+01 -5.737813e+01  9.906020e+00
     vertex  9.721010e+01 -5.861594e+01  9.906020e+00
     vertex  9.718408e+01 -5.733645e+01  9.906020e+00
   endloop
 endfacet
 facet normal  3.238536e-16  1.358112e-15 -1.000000e+00
   outer loop
     vertex  9.750426e+01 -5.737813e+01  9.906020e+00
     vertex  9.743750e+01 -5.867017e+01  9.906020e+00
     vertex  9.721010e+01 -5.861594e+01  9.906020e+00
   endloop
 endfacet
 facet normal  0.000000e+00 -0.000000e+00 -1.000000e+00
   outer loop
     vertex  9.959731e+01 -5.938050e+01  9.906020e+00
     vertex  9.965297e+01 -5.969732e+01  9.906020e+00
     vertex  9.838259e+01 -5.977876e+01  9.906020e+00
   endloop
 endfacet
 facet normal  0.000000e+00  0.000000e+00 -1.000000e+00
   outer loop
     vertex  9.959731e+01 -5.938050e+01  9.906020e+00
     vertex  9.838259e+01 -5.977876e+01  9.906020e+00
     vertex  9.833227e+01 -5.956933e+01  9.906020e+00
   endloop
 endfacet
 facet normal -1.082063e-14  1.933954e-15 -1.000000e+00
   outer loop
     vertex  9.781822e+01 -5.745851e+01  9.906020e+00
     vertex  9.743750e+01 -5.867017e+01  9.906020e+00
     vertex  9.750426e+01 -5.737813e+01  9.906020e+00
   endloop
 endfacet
 facet normal  0.000000e+00  0.000000e+00 -1.000000e+00
   outer loop
     vertex  9.951113e+01 -5.909232e+01  9.906020e+00
     vertex  9.833227e+01 -5.956933e+01  9.906020e+00
     vertex  9.824892e+01 -5.936711e+01  9.906020e+00
   endloop
 endfacet
 facet normal  0.000000e+00 -0.000000e+00 -1.000000e+00
   outer loop
     vertex  9.951113e+01 -5.909232e+01  9.906020e+00
     vertex  9.959731e+01 -5.938050e+01  9.906020e+00
     vertex  9.833227e+01 -5.956933e+01  9.906020e+00
   endloop
 endfacet
 facet normal  0.000000e+00  0.000000e+00 -1.000000e+00
   outer loop
     vertex  9.812123e+01 -5.757685e+01  9.906020e+00
     vertex  9.765417e+01 -5.876225e+01  9.906020e+00
     vertex  9.743750e+01 -5.867017e+01  9.906020e+00
   endloop
 endfacet
 facet normal  4.711644e-15 -2.946532e-15 -1.000000e+00
   outer loop
     vertex  9.812123e+01 -5.757685e+01  9.906020e+00
     vertex  9.743750e+01 -5.867017e+01  9.906020e+00
     vertex  9.781822e+01 -5.745851e+01  9.906020e+00
   endloop
 endfacet
 facet normal  0.000000e+00 -0.000000e+00 -1.000000e+00
   outer loop
     vertex  9.939358e+01 -5.881665e+01  9.906020e+00
     vertex  9.951113e+01 -5.909232e+01  9.906020e+00
     vertex  9.824892e+01 -5.936711e+01  9.906020e+00
   endloop
 endfacet
 facet normal  0.000000e+00  0.000000e+00 -1.000000e+00
   outer loop
     vertex  9.840863e+01 -5.773181e+01  9.906020e+00
     vertex  9.783463e+01 -5.887596e+01  9.906020e+00
     vertex  9.765417e+01 -5.876225e+01  9.906020e+00
   endloop
 endfacet
 facet normal -0.000000e+00  0.000000e+00 -1.000000e+00
   outer loop
     vertex  9.840863e+01 -5.773181e+01  9.906020e+00
     vertex  9.765417e+01 -5.876225e+01  9.906020e+00
     vertex  9.812123e+01 -5.757685e+01  9.906020e+00
   endloop
 endfacet
 facet normal  2.583605e-15 -5.372511e-15 -1.000000e+00
   outer loop
     vertex  9.924645e+01 -5.855677e+01  9.906020e+00
     vertex  9.939358e+01 -5.881665e+01  9.906020e+00
     vertex  9.824892e+01 -5.936711e+01  9.906020e+00
   endloop
 endfacet
 facet normal -1.191512e-15 -7.253530e-16 -1.000000e+00
   outer loop
     vertex  9.924645e+01 -5.855677e+01  9.906020e+00
     vertex  9.824892e+01 -5.936711e+01  9.906020e+00
     vertex  9.813595e+01 -5.918154e+01  9.906020e+00
   endloop
 endfacet
 facet normal -9.166213e-16 -1.055184e-15 -1.000000e+00
   outer loop
     vertex  9.865014e+01 -5.790092e+01  9.906020e+00
     vertex  9.799660e+01 -5.901667e+01  9.906020e+00
     vertex  9.783463e+01 -5.887596e+01  9.906020e+00
   endloop
 endfacet
 facet normal -5.443096e-15  2.730685e-15 -1.000000e+00
   outer loop
     vertex  9.865014e+01 -5.790092e+01  9.906020e+00
     vertex  9.783463e+01 -5.887596e+01  9.906020e+00
     vertex  9.840863e+01 -5.773181e+01  9.906020e+00
   endloop
 endfacet
 facet normal  0.000000e+00  0.000000e+00 -1.000000e+00
   outer loop
     vertex  9.907184e+01 -5.831572e+01  9.906020e+00
     vertex  9.813595e+01 -5.918154e+01  9.906020e+00
     vertex  9.799660e+01 -5.901667e+01  9.906020e+00
   endloop
 endfacet
 facet normal -4.082055e-15  4.412413e-15 -1.000000e+00
   outer loop
     vertex  9.907184e+01 -5.831572e+01  9.906020e+00
     vertex  9.924645e+01 -5.855677e+01  9.906020e+00
     vertex  9.813595e+01 -5.918154e+01  9.906020e+00
   endloop
 endfacet
 facet normal  4.355065e-15 -4.142996e-15 -1.000000e+00
   outer loop
     vertex  9.887218e+01 -5.809628e+01  9.906020e+00
     vertex  9.799660e+01 -5.901667e+01  9.906020e+00
     vertex  9.865014e+01 -5.790092e+01  9.906020e+00
   endloop
 endfacet
 facet normal  0.000000e+00 -0.000000e+00 -1.000000e+00
   outer loop
     vertex  9.887218e+01 -5.809628e+01  9.906020e+00
     vertex  9.907184e+01 -5.831572e+01  9.906020e+00
     vertex  9.799660e+01 -5.901667e+01  9.906020e+00
   endloop
 endfacet
 facet normal -9.968502e-01 -7.930703e-02  0.000000e+00
   outer loop
     vertex  1.699827e+02 -1.271789e+02  1.397003e+01
     vertex  1.700003e+02 -1.274003e+02  9.906020e+00
     vertex  1.700003e+02 -1.274003e+02  1.397003e+01
   endloop
 endfacet
 facet normal -9.968502e-01 -7.930703e-02 -0.000000e+00
   outer loop
     vertex  1.699827e+02 -1.271789e+02  1.397003e+01
     vertex  1.699827e+02 -1.271789e+02  9.906020e+00
     vertex  1.700003e+02 -1.274003e+02  9.906020e+00
   endloop
 endfacet
 facet normal -9.723323e-01 -2.336020e-01 -0.000000e+00
   outer loop
     vertex  1.699827e+02 -1.271789e+02  1.397003e+01
     vertex  1.699324e+02 -1.269695e+02  9.906020e+00
     vertex  1.699827e+02 -1.271789e+02  9.906020e+00
   endloop
 endfacet
 facet normal -9.723323e-01 -2.336020e-01 -0.000000e+00
   outer loop
     vertex  1.699324e+02 -1.269695e+02  1.397003e+01
     vertex  1.699324e+02 -1.269695e+02  9.906020e+00
     vertex  1.699827e+02 -1.271789e+02  1.397003e+01
   endloop
 endfacet
 facet normal -9.245372e-01 -3.810918e-01  0.000000e+00
   outer loop
     vertex  1.698491e+02 -1.267672e+02  1.397003e+01
     vertex  1.699324e+02 -1.269695e+02  9.906020e+00
     vertex  1.699324e+02 -1.269695e+02  1.397003e+01
   endloop
 endfacet
 facet normal -9.245372e-01 -3.810918e-01 -0.000000e+00
   outer loop
     vertex  1.698491e+02 -1.267672e+02  1.397003e+01
     vertex  1.698491e+02 -1.267672e+02  9.906020e+00
     vertex  1.699324e+02 -1.269695e+02  9.906020e+00
   endloop
 endfacet
 facet normal -8.541715e-01 -5.199914e-01  0.000000e+00
   outer loop
     vertex  1.697361e+02 -1.265817e+02  1.397003e+01
     vertex  1.698491e+02 -1.267672e+02  9.906020e+00
     vertex  1.698491e+02 -1.267672e+02  1.397003e+01
   endloop
 endfacet
 facet normal -8.541715e-01 -5.199914e-01 -0.000000e+00
   outer loop
     vertex  1.697361e+02 -1.265817e+02  1.397003e+01
     vertex  1.697361e+02 -1.265817e+02  9.906020e+00
     vertex  1.698491e+02 -1.267672e+02  9.906020e+00
   endloop
 endfacet
 facet normal -7.637585e-01 -6.455021e-01  0.000000e+00
   outer loop
     vertex  1.695967e+02 -1.264168e+02  1.397003e+01
     vertex  1.697361e+02 -1.265817e+02  9.906020e+00
     vertex  1.697361e+02 -1.265817e+02  1.397003e+01
   endloop
 endfacet
 facet normal -7.637585e-01 -6.455021e-01 -0.000000e+00
   outer loop
     vertex  1.695967e+02 -1.264168e+02  1.397003e+01
     vertex  1.695967e+02 -1.264168e+02  9.906020e+00
     vertex  1.697361e+02 -1.265817e+02  9.906020e+00
   endloop
 endfacet
 facet normal -6.557998e-01 -7.549348e-01  0.000000e+00
   outer loop
     vertex  1.694348e+02 -1.262761e+02  1.397003e+01
     vertex  1.695967e+02 -1.264168e+02  9.906020e+00
     vertex  1.695967e+02 -1.264168e+02  1.397003e+01
   endloop
 endfacet
 facet normal -6.557998e-01 -7.549348e-01 -0.000000e+00
   outer loop
     vertex  1.694348e+02 -1.262761e+02  1.397003e+01
     vertex  1.694348e+02 -1.262761e+02  9.906020e+00
     vertex  1.695967e+02 -1.264168e+02  9.906020e+00
   endloop
 endfacet
 facet normal -5.331246e-01 -8.460368e-01  0.000000e+00
   outer loop
     vertex  1.692543e+02 -1.261624e+02  1.397003e+01
     vertex  1.694348e+02 -1.262761e+02  9.906020e+00
     vertex  1.694348e+02 -1.262761e+02  1.397003e+01
   endloop
 endfacet
 facet normal -5.331246e-01 -8.460368e-01 -0.000000e+00
   outer loop
     vertex  1.692543e+02 -1.261624e+02  1.397003e+01
     vertex  1.692543e+02 -1.261624e+02  9.906020e+00
     vertex  1.694348e+02 -1.262761e+02  9.906020e+00
   endloop
 endfacet
 facet normal -3.911285e-01 -9.203361e-01  0.000000e+00
   outer loop
     vertex  1.690376e+02 -1.260703e+02  1.397003e+01
     vertex  1.692543e+02 -1.261624e+02  9.906020e+00
     vertex  1.692543e+02 -1.261624e+02  1.397003e+01
   endloop
 endfacet
 facet normal -3.911285e-01 -9.203361e-01 -0.000000e+00
   outer loop
     vertex  1.690376e+02 -1.260703e+02  1.397003e+01
     vertex  1.690376e+02 -1.260703e+02  9.906020e+00
     vertex  1.692543e+02 -1.261624e+02  9.906020e+00
   endloop
 endfacet
 facet normal -2.319550e-01 -9.727265e-01 -0.000000e+00
   outer loop
     vertex  1.688102e+02 -1.260161e+02  1.397003e+01
     vertex  1.688102e+02 -1.260161e+02  9.906020e+00
     vertex  1.690376e+02 -1.260703e+02  9.906020e+00
   endloop
 endfacet
 facet normal -6.745011e-02 -9.977226e-01 -0.000000e+00
   outer loop
     vertex  1.688102e+02 -1.260161e+02  1.397003e+01
     vertex  1.685786e+02 -1.260004e+02  9.906020e+00
     vertex  1.688102e+02 -1.260161e+02  9.906020e+00
   endloop
 endfacet
 facet normal -2.319550e-01 -9.727265e-01  0.000000e+00
   outer loop
     vertex  1.688102e+02 -1.260161e+02  1.397003e+01
     vertex  1.690376e+02 -1.260703e+02  9.906020e+00
     vertex  1.690376e+02 -1.260703e+02  1.397003e+01
   endloop
 endfacet
 facet normal -6.745011e-02 -9.977226e-01 -0.000000e+00
   outer loop
     vertex  1.685786e+02 -1.260004e+02  1.397003e+01
     vertex  1.685786e+02 -1.260004e+02  9.906020e+00
     vertex  1.688102e+02 -1.260161e+02  1.397003e+01
   endloop
 endfacet
 facet normal  9.773958e-02 -9.952120e-01  0.000000e+00
   outer loop
     vertex  1.683493e+02 -1.260229e+02  1.397003e+01
     vertex  1.683493e+02 -1.260229e+02  9.906020e+00
     vertex  1.685786e+02 -1.260004e+02  9.906020e+00
   endloop
 endfacet
 facet normal  9.773958e-02 -9.952120e-01  0.000000e+00
   outer loop
     vertex  1.683493e+02 -1.260229e+02  1.397003e+01
     vertex  1.685786e+02 -1.260004e+02  9.906020e+00
     vertex  1.685786e+02 -1.260004e+02  1.397003e+01
   endloop
 endfacet
 facet normal  2.590941e-01 -9.658521e-01  0.000000e+00
   outer loop
     vertex  1.681283e+02 -1.260822e+02  1.397003e+01
     vertex  1.681283e+02 -1.260822e+02  9.906020e+00
     vertex  1.683493e+02 -1.260229e+02  9.906020e+00
   endloop
 endfacet
 facet normal  4.123442e-01 -9.110282e-01  0.000000e+00
   outer loop
     vertex  1.681283e+02 -1.260822e+02  1.397003e+01
     vertex  1.679216e+02 -1.261758e+02  9.906020e+00
     vertex  1.681283e+02 -1.260822e+02  9.906020e+00
   endloop
 endfacet
 facet normal  2.590941e-01 -9.658521e-01  0.000000e+00
   outer loop
     vertex  1.681283e+02 -1.260822e+02  1.397003e+01
     vertex  1.683493e+02 -1.260229e+02  9.906020e+00
     vertex  1.683493e+02 -1.260229e+02  1.397003e+01
   endloop
 endfacet
 facet normal  4.123442e-01 -9.110282e-01  0.000000e+00
   outer loop
     vertex  1.679216e+02 -1.261758e+02  1.397003e+01
     vertex  1.679216e+02 -1.261758e+02  9.906020e+00
     vertex  1.681283e+02 -1.260822e+02  1.397003e+01
   endloop
 endfacet
 facet normal  5.514393e-01 -8.342150e-01  0.000000e+00
   outer loop
     vertex  1.677398e+02 -1.262960e+02  1.397003e+01
     vertex  1.677398e+02 -1.262960e+02  9.906020e+00
     vertex  1.679216e+02 -1.261758e+02  9.906020e+00
   endloop
 endfacet
 facet normal  5.514393e-01 -8.342150e-01  0.000000e+00
   outer loop
     vertex  1.677398e+02 -1.262960e+02  1.397003e+01
     vertex  1.679216e+02 -1.261758e+02  9.906020e+00
     vertex  1.679216e+02 -1.261758e+02  1.397003e+01
   endloop
 endfacet
 facet normal  6.749033e-01 -7.379061e-01  0.000000e+00
   outer loop
     vertex  1.675770e+02 -1.264448e+02  1.397003e+01
     vertex  1.675770e+02 -1.264448e+02  9.906020e+00
     vertex  1.677398e+02 -1.262960e+02  9.906020e+00
   endloop
 endfacet
 facet normal  6.749033e-01 -7.379061e-01  0.000000e+00
   outer loop
     vertex  1.675770e+02 -1.264448e+02  1.397003e+01
     vertex  1.677398e+02 -1.262960e+02  9.906020e+00
     vertex  1.677398e+02 -1.262960e+02  1.397003e+01
   endloop
 endfacet
 facet normal  7.820351e-01 -6.232344e-01  0.000000e+00
   outer loop
     vertex  1.674406e+02 -1.266160e+02  1.397003e+01
     vertex  1.674406e+02 -1.266160e+02  9.906020e+00
     vertex  1.675770e+02 -1.264448e+02  9.906020e+00
   endloop
 endfacet
 facet normal  7.820351e-01 -6.232344e-01  0.000000e+00
   outer loop
     vertex  1.674406e+02 -1.266160e+02  1.397003e+01
     vertex  1.675770e+02 -1.264448e+02  9.906020e+00
     vertex  1.675770e+02 -1.264448e+02  1.397003e+01
   endloop
 endfacet
 facet normal  8.693580e-01 -4.941828e-01  0.000000e+00
   outer loop
     vertex  1.673332e+02 -1.268050e+02  1.397003e+01
     vertex  1.673332e+02 -1.268050e+02  9.906020e+00
     vertex  1.674406e+02 -1.266160e+02  9.906020e+00
   endloop
 endfacet
 facet normal  9.352084e-01 -3.540978e-01  0.000000e+00
   outer loop
     vertex  1.673332e+02 -1.268050e+02  1.397003e+01
     vertex  1.672567e+02 -1.270070e+02  9.906020e+00
     vertex  1.673332e+02 -1.268050e+02  9.906020e+00
   endloop
 endfacet
 facet normal  8.693580e-01 -4.941828e-01  0.000000e+00
   outer loop
     vertex  1.673332e+02 -1.268050e+02  1.397003e+01
     vertex  1.674406e+02 -1.266160e+02  9.906020e+00
     vertex  1.674406e+02 -1.266160e+02  1.397003e+01
   endloop
 endfacet
 facet normal  9.352084e-01 -3.540978e-01  0.000000e+00
   outer loop
     vertex  1.672567e+02 -1.270070e+02  1.397003e+01
     vertex  1.672567e+02 -1.270070e+02  9.906020e+00
     vertex  1.673332e+02 -1.268050e+02  1.397003e+01
   endloop
 endfacet
 facet normal  9.784512e-01 -2.064784e-01  0.000000e+00
   outer loop
     vertex  1.672124e+02 -1.272171e+02  1.397003e+01
     vertex  1.672124e+02 -1.272171e+02  9.906020e+00
     vertex  1.672567e+02 -1.270070e+02  9.906020e+00
   endloop
 endfacet
 facet normal  9.984920e-01 -5.489821e-02  0.000000e+00
   outer loop
     vertex  1.672124e+02 -1.272171e+02  1.397003e+01
     vertex  1.672007e+02 -1.274302e+02  9.906020e+00
     vertex  1.672124e+02 -1.272171e+02  9.906020e+00
   endloop
 endfacet
 facet normal  9.784512e-01 -2.064784e-01  0.000000e+00
   outer loop
     vertex  1.672124e+02 -1.272171e+02  1.397003e+01
     vertex  1.672567e+02 -1.270070e+02  9.906020e+00
     vertex  1.672567e+02 -1.270070e+02  1.397003e+01
   endloop
 endfacet
 facet normal  9.984920e-01 -5.489821e-02  0.000000e+00
   outer loop
     vertex  1.672007e+02 -1.274302e+02  1.397003e+01
     vertex  1.672007e+02 -1.274302e+02  9.906020e+00
     vertex  1.672124e+02 -1.272171e+02  1.397003e+01
   endloop
 endfacet
 facet normal  9.944284e-01  1.054147e-01  0.000000e+00
   outer loop
     vertex  1.672255e+02 -1.276645e+02  1.397003e+01
     vertex  1.672255e+02 -1.276645e+02  9.906020e+00
     vertex  1.672007e+02 -1.274302e+02  9.906020e+00
   endloop
 endfacet
 facet normal  9.628327e-01  2.700984e-01  0.000000e+00
   outer loop
     vertex  1.672255e+02 -1.276645e+02  1.397003e+01
     vertex  1.672887e+02 -1.278897e+02  9.906020e+00
     vertex  1.672255e+02 -1.276645e+02  9.906020e+00
   endloop
 endfacet
 facet normal  9.944284e-01  1.054147e-01  0.000000e+00
   outer loop
     vertex  1.672255e+02 -1.276645e+02  1.397003e+01
     vertex  1.672007e+02 -1.274302e+02  9.906020e+00
     vertex  1.672007e+02 -1.274302e+02  1.397003e+01
   endloop
 endfacet
 facet normal  9.628327e-01  2.700984e-01  0.000000e+00
   outer loop
     vertex  1.672887e+02 -1.278897e+02  1.397003e+01
     vertex  1.672887e+02 -1.278897e+02  9.906020e+00
     vertex  1.672255e+02 -1.276645e+02  1.397003e+01
   endloop
 endfacet
 facet normal  9.046689e-01  4.261152e-01  0.000000e+00
   outer loop
     vertex  1.673877e+02 -1.280998e+02  1.397003e+01
     vertex  1.672887e+02 -1.278897e+02  9.906020e+00
     vertex  1.672887e+02 -1.278897e+02  1.397003e+01
   endloop
 endfacet
 facet normal  9.046689e-01  4.261152e-01  0.000000e+00
   outer loop
     vertex  1.673877e+02 -1.280998e+02  1.397003e+01
     vertex  1.673877e+02 -1.280998e+02  9.906020e+00
     vertex  1.672887e+02 -1.278897e+02  9.906020e+00
   endloop
 endfacet
 facet normal  8.221004e-01  5.693426e-01  0.000000e+00
   outer loop
     vertex  1.675190e+02 -1.282894e+02  1.397003e+01
     vertex  1.675190e+02 -1.282894e+02  9.906020e+00
     vertex  1.673877e+02 -1.280998e+02  9.906020e+00
   endloop
 endfacet
 facet normal  7.179027e-01  6.961434e-01  0.000000e+00
   outer loop
     vertex  1.675190e+02 -1.282894e+02  1.397003e+01
     vertex  1.676783e+02 -1.284538e+02  9.906020e+00
     vertex  1.675190e+02 -1.282894e+02  9.906020e+00
   endloop
 endfacet
 facet normal  8.221004e-01  5.693426e-01  0.000000e+00
   outer loop
     vertex  1.675190e+02 -1.282894e+02  1.397003e+01
     vertex  1.673877e+02 -1.280998e+02  9.906020e+00
     vertex  1.673877e+02 -1.280998e+02  1.397003e+01
   endloop
 endfacet
 facet normal  7.179027e-01  6.961434e-01  0.000000e+00
   outer loop
     vertex  1.676783e+02 -1.284538e+02  1.397003e+01
     vertex  1.676783e+02 -1.284538e+02  9.906020e+00
     vertex  1.675190e+02 -1.282894e+02  1.397003e+01
   endloop
 endfacet
 facet normal  5.953666e-01  8.034542e-01  0.000000e+00
   outer loop
     vertex  1.678608e+02 -1.285890e+02  1.397003e+01
     vertex  1.676783e+02 -1.284538e+02  9.906020e+00
     vertex  1.676783e+02 -1.284538e+02  1.397003e+01
   endloop
 endfacet
 facet normal  5.953666e-01  8.034542e-01  0.000000e+00
   outer loop
     vertex  1.678608e+02 -1.285890e+02  1.397003e+01
     vertex  1.678608e+02 -1.285890e+02  9.906020e+00
     vertex  1.676783e+02 -1.284538e+02  9.906020e+00
   endloop
 endfacet
 facet normal  4.615420e-01  8.871184e-01  0.000000e+00
   outer loop
     vertex  1.678608e+02 -1.285890e+02  1.397003e+01
     vertex  1.680513e+02 -1.286881e+02  9.906020e+00
     vertex  1.678608e+02 -1.285890e+02  9.906020e+00
   endloop
 endfacet
 facet normal  4.615420e-01  8.871184e-01  0.000000e+00
   outer loop
     vertex  1.680513e+02 -1.286881e+02  1.397003e+01
     vertex  1.680513e+02 -1.286881e+02  9.906020e+00
     vertex  1.678608e+02 -1.285890e+02  1.397003e+01
   endloop
 endfacet
 facet normal  3.184127e-01  9.479522e-01  0.000000e+00
   outer loop
     vertex  1.682606e+02 -1.287584e+02  1.397003e+01
     vertex  1.680513e+02 -1.286881e+02  9.906020e+00
     vertex  1.680513e+02 -1.286881e+02  1.397003e+01
   endloop
 endfacet
 facet normal  3.184127e-01  9.479522e-01  0.000000e+00
   outer loop
     vertex  1.682606e+02 -1.287584e+02  1.397003e+01
     vertex  1.682606e+02 -1.287584e+02  9.906020e+00
     vertex  1.680513e+02 -1.286881e+02  9.906020e+00
   endloop
 endfacet
 facet normal  1.660599e-01  9.861157e-01  0.000000e+00
   outer loop
     vertex  1.684766e+02 -1.287948e+02  1.397003e+01
     vertex  1.684766e+02 -1.287948e+02  9.906020e+00
     vertex  1.682606e+02 -1.287584e+02  9.906020e+00
   endloop
 endfacet
 facet normal  1.660599e-01  9.861157e-01  0.000000e+00
   outer loop
     vertex  1.684766e+02 -1.287948e+02  1.397003e+01
     vertex  1.682606e+02 -1.287584e+02  9.906020e+00
     vertex  1.682606e+02 -1.287584e+02  1.397003e+01
   endloop
 endfacet
 facet normal  1.073489e-02  9.999424e-01  0.000000e+00
   outer loop
     vertex  1.686941e+02 -1.287971e+02  1.397003e+01
     vertex  1.684766e+02 -1.287948e+02  9.906020e+00
     vertex  1.684766e+02 -1.287948e+02  1.397003e+01
   endloop
 endfacet
 facet normal  1.073489e-02  9.999424e-01  0.000000e+00
   outer loop
     vertex  1.686941e+02 -1.287971e+02  1.397003e+01
     vertex  1.686941e+02 -1.287971e+02  9.906020e+00
     vertex  1.684766e+02 -1.287948e+02  9.906020e+00
   endloop
 endfacet
 facet normal -1.438222e-01  9.896035e-01  0.000000e+00
   outer loop
     vertex  1.689080e+02 -1.287660e+02  1.397003e+01
     vertex  1.686941e+02 -1.287971e+02  9.906020e+00
     vertex  1.686941e+02 -1.287971e+02  1.397003e+01
   endloop
 endfacet
 facet normal -1.438222e-01  9.896035e-01  0.000000e+00
   outer loop
     vertex  1.689080e+02 -1.287660e+02  1.397003e+01
     vertex  1.689080e+02 -1.287660e+02  9.906020e+00
     vertex  1.686941e+02 -1.287971e+02  9.906020e+00
   endloop
 endfacet
 facet normal -2.939948e-01  9.558070e-01  0.000000e+00
   outer loop
     vertex  1.691134e+02 -1.287029e+02  1.397003e+01
     vertex  1.689080e+02 -1.287660e+02  9.906020e+00
     vertex  1.689080e+02 -1.287660e+02  1.397003e+01
   endloop
 endfacet
 facet normal -2.939948e-01  9.558070e-01  0.000000e+00
   outer loop
     vertex  1.691134e+02 -1.287029e+02  1.397003e+01
     vertex  1.691134e+02 -1.287029e+02  9.906020e+00
     vertex  1.689080e+02 -1.287660e+02  9.906020e+00
   endloop
 endfacet
 facet normal -4.363647e-01  8.997699e-01  0.000000e+00
   outer loop
     vertex  1.691134e+02 -1.287029e+02  1.397003e+01
     vertex  1.693055e+02 -1.286097e+02  9.906020e+00
     vertex  1.691134e+02 -1.287029e+02  9.906020e+00
   endloop
 endfacet
 facet normal -4.363647e-01  8.997699e-01  0.000000e+00
   outer loop
     vertex  1.693055e+02 -1.286097e+02  1.397003e+01
     vertex  1.693055e+02 -1.286097e+02  9.906020e+00
     vertex  1.691134e+02 -1.287029e+02  1.397003e+01
   endloop
 endfacet
 facet normal -5.746707e-01  8.183847e-01  0.000000e+00
   outer loop
     vertex  1.693055e+02 -1.286097e+02  1.397003e+01
     vertex  1.694985e+02 -1.284742e+02  9.906020e+00
     vertex  1.693055e+02 -1.286097e+02  9.906020e+00
   endloop
 endfacet
 facet normal -5.746707e-01  8.183847e-01  0.000000e+00
   outer loop
     vertex  1.694985e+02 -1.284742e+02  1.397003e+01
     vertex  1.694985e+02 -1.284742e+02  9.906020e+00
     vertex  1.693055e+02 -1.286097e+02  1.397003e+01
   endloop
 endfacet
 facet normal -7.034260e-01  7.107685e-01  0.000000e+00
   outer loop
     vertex  1.696649e+02 -1.283095e+02  1.397003e+01
     vertex  1.694985e+02 -1.284742e+02  9.906020e+00
     vertex  1.694985e+02 -1.284742e+02  1.397003e+01
   endloop
 endfacet
 facet normal -7.034260e-01  7.107685e-01  0.000000e+00
   outer loop
     vertex  1.696649e+02 -1.283095e+02  1.397003e+01
     vertex  1.696649e+02 -1.283095e+02  9.906020e+00
     vertex  1.694985e+02 -1.284742e+02  9.906020e+00
   endloop
 endfacet
 facet normal -8.116812e-01  5.841007e-01  0.000000e+00
   outer loop
     vertex  1.698007e+02 -1.281208e+02  1.397003e+01
     vertex  1.696649e+02 -1.283095e+02  9.906020e+00
     vertex  1.696649e+02 -1.283095e+02  1.397003e+01
   endloop
 endfacet
 facet normal -8.116812e-01  5.841007e-01  0.000000e+00
   outer loop
     vertex  1.698007e+02 -1.281208e+02  1.397003e+01
     vertex  1.698007e+02 -1.281208e+02  9.906020e+00
     vertex  1.696649e+02 -1.283095e+02  9.906020e+00
   endloop
 endfacet
 facet normal -8.968769e-01  4.422803e-01  0.000000e+00
   outer loop
     vertex  1.699027e+02 -1.279138e+02  1.397003e+01
     vertex  1.698007e+02 -1.281208e+02  9.906020e+00
     vertex  1.698007e+02 -1.281208e+02  1.397003e+01
   endloop
 endfacet
 facet normal -8.968769e-01  4.422803e-01  0.000000e+00
   outer loop
     vertex  1.699027e+02 -1.279138e+02  1.397003e+01
     vertex  1.699027e+02 -1.279138e+02  9.906020e+00
     vertex  1.698007e+02 -1.281208e+02  9.906020e+00
   endloop
 endfacet
 facet normal -9.571761e-01  2.895063e-01  0.000000e+00
   outer loop
     vertex  1.699027e+02 -1.279138e+02  1.397003e+01
     vertex  1.699691e+02 -1.276946e+02  9.906020e+00
     vertex  1.699027e+02 -1.279138e+02  9.906020e+00
   endloop
 endfacet
 facet normal -9.571761e-01  2.895063e-01  0.000000e+00
   outer loop
     vertex  1.699691e+02 -1.276946e+02  1.397003e+01
     vertex  1.699691e+02 -1.276946e+02  9.906020e+00
     vertex  1.699027e+02 -1.279138e+02  1.397003e+01
   endloop
 endfacet
 facet normal -9.876348e-01  1.567721e-01  0.000000e+00
   outer loop
     vertex  1.699691e+02 -1.276946e+02  1.397003e+01
     vertex  1.699929e+02 -1.275443e+02  9.906020e+00
     vertex  1.699691e+02 -1.276946e+02  9.906020e+00
   endloop
 endfacet
 facet normal -9.876348e-01  1.567721e-01  0.000000e+00
   outer loop
     vertex  1.699929e+02 -1.275443e+02  1.397003e+01
     vertex  1.699929e+02 -1.275443e+02  9.906020e+00
     vertex  1.699691e+02 -1.276946e+02  1.397003e+01
   endloop
 endfacet
 facet normal -9.986731e-01  5.149826e-02  0.000000e+00
   outer loop
     vertex  1.700003e+02 -1.274003e+02  1.397003e+01
     vertex  1.699929e+02 -1.275443e+02  9.906020e+00
     vertex  1.699929e+02 -1.275443e+02  1.397003e+01
   endloop
 endfacet
 facet normal -9.986731e-01  5.149826e-02  0.000000e+00
   outer loop
     vertex  1.700003e+02 -1.274003e+02  1.397003e+01
     vertex  1.700003e+02 -1.274003e+02  9.906020e+00
     vertex  1.699929e+02 -1.275443e+02  9.906020e+00
   endloop
 endfacet
 facet normal -9.968502e-01 -7.930703e-02 -0.000000e+00
   outer loop
     vertex  9.840020e+01 -1.274003e+02  1.397003e+01
     vertex  9.838259e+01 -1.271789e+02  9.906020e+00
     vertex  9.840020e+01 -1.274003e+02  9.906020e+00
   endloop
 endfacet
 facet normal -9.968502e-01 -7.930703e-02 -0.000000e+00
   outer loop
     vertex  9.838259e+01 -1.271789e+02  1.397003e+01
     vertex  9.838259e+01 -1.271789e+02  9.906020e+00
     vertex  9.840020e+01 -1.274003e+02  1.397003e+01
   endloop
 endfacet
 facet normal -9.723323e-01 -2.336020e-01  0.000000e+00
   outer loop
     vertex  9.833227e+01 -1.269695e+02  1.397003e+01
     vertex  9.838259e+01 -1.271789e+02  9.906020e+00
     vertex  9.838259e+01 -1.271789e+02  1.397003e+01
   endloop
 endfacet
 facet normal -9.723323e-01 -2.336020e-01 -0.000000e+00
   outer loop
     vertex  9.833227e+01 -1.269695e+02  1.397003e+01
     vertex  9.833227e+01 -1.269695e+02  9.906020e+00
     vertex  9.838259e+01 -1.271789e+02  9.906020e+00
   endloop
 endfacet
 facet normal -9.245372e-01 -3.810918e-01  0.000000e+00
   outer loop
     vertex  9.824892e+01 -1.267672e+02  1.397003e+01
     vertex  9.833227e+01 -1.269695e+02  9.906020e+00
     vertex  9.833227e+01 -1.269695e+02  1.397003e+01
   endloop
 endfacet
 facet normal -9.245372e-01 -3.810918e-01 -0.000000e+00
   outer loop
     vertex  9.824892e+01 -1.267672e+02  1.397003e+01
     vertex  9.824892e+01 -1.267672e+02  9.906020e+00
     vertex  9.833227e+01 -1.269695e+02  9.906020e+00
   endloop
 endfacet
 facet normal -8.541715e-01 -5.199914e-01  0.000000e+00
   outer loop
     vertex  9.813595e+01 -1.265817e+02  1.397003e+01
     vertex  9.824892e+01 -1.267672e+02  9.906020e+00
     vertex  9.824892e+01 -1.267672e+02  1.397003e+01
   endloop
 endfacet
 facet normal -8.541715e-01 -5.199914e-01 -0.000000e+00
   outer loop
     vertex  9.813595e+01 -1.265817e+02  1.397003e+01
     vertex  9.813595e+01 -1.265817e+02  9.906020e+00
     vertex  9.824892e+01 -1.267672e+02  9.906020e+00
   endloop
 endfacet
 facet normal -7.637585e-01 -6.455021e-01  0.000000e+00
   outer loop
     vertex  9.799660e+01 -1.264168e+02  1.397003e+01
     vertex  9.813595e+01 -1.265817e+02  9.906020e+00
     vertex  9.813595e+01 -1.265817e+02  1.397003e+01
   endloop
 endfacet
 facet normal -7.637585e-01 -6.455021e-01 -0.000000e+00
   outer loop
     vertex  9.799660e+01 -1.264168e+02  1.397003e+01
     vertex  9.799660e+01 -1.264168e+02  9.906020e+00
     vertex  9.813595e+01 -1.265817e+02  9.906020e+00
   endloop
 endfacet
 facet normal -6.557998e-01 -7.549348e-01  0.000000e+00
   outer loop
     vertex  9.783463e+01 -1.262761e+02  1.397003e+01
     vertex  9.799660e+01 -1.264168e+02  9.906020e+00
     vertex  9.799660e+01 -1.264168e+02  1.397003e+01
   endloop
 endfacet
 facet normal -6.557998e-01 -7.549348e-01 -0.000000e+00
   outer loop
     vertex  9.783463e+01 -1.262761e+02  1.397003e+01
     vertex  9.783463e+01 -1.262761e+02  9.906020e+00
     vertex  9.799660e+01 -1.264168e+02  9.906020e+00
   endloop
 endfacet
 facet normal -5.331246e-01 -8.460368e-01  0.000000e+00
   outer loop
     vertex  9.765417e+01 -1.261624e+02  1.397003e+01
     vertex  9.783463e+01 -1.262761e+02  9.906020e+00
     vertex  9.783463e+01 -1.262761e+02  1.397003e+01
   endloop
 endfacet
 facet normal -5.331246e-01 -8.460368e-01 -0.000000e+00
   outer loop
     vertex  9.765417e+01 -1.261624e+02  1.397003e+01
     vertex  9.765417e+01 -1.261624e+02  9.906020e+00
     vertex  9.783463e+01 -1.262761e+02  9.906020e+00
   endloop
 endfacet
 facet normal -3.911285e-01 -9.203361e-01  0.000000e+00
   outer loop
     vertex  9.743750e+01 -1.260703e+02  1.397003e+01
     vertex  9.765417e+01 -1.261624e+02  9.906020e+00
     vertex  9.765417e+01 -1.261624e+02  1.397003e+01
   endloop
 endfacet
 facet normal -3.911285e-01 -9.203361e-01 -0.000000e+00
   outer loop
     vertex  9.743750e+01 -1.260703e+02  1.397003e+01
     vertex  9.743750e+01 -1.260703e+02  9.906020e+00
     vertex  9.765417e+01 -1.261624e+02  9.906020e+00
   endloop
 endfacet
 facet normal -2.319550e-01 -9.727265e-01 -0.000000e+00
   outer loop
     vertex  9.721010e+01 -1.260161e+02  1.397003e+01
     vertex  9.721010e+01 -1.260161e+02  9.906020e+00
     vertex  9.743750e+01 -1.260703e+02  9.906020e+00
   endloop
 endfacet
 facet normal -2.319550e-01 -9.727265e-01  0.000000e+00
   outer loop
     vertex  9.721010e+01 -1.260161e+02  1.397003e+01
     vertex  9.743750e+01 -1.260703e+02  9.906020e+00
     vertex  9.743750e+01 -1.260703e+02  1.397003e+01
   endloop
 endfacet
 facet normal -6.745011e-02 -9.977226e-01 -0.000000e+00
   outer loop
     vertex  9.697850e+01 -1.260004e+02  1.397003e+01
     vertex  9.697850e+01 -1.260004e+02  9.906020e+00
     vertex  9.721010e+01 -1.260161e+02  9.906020e+00
   endloop
 endfacet
 facet normal -6.745011e-02 -9.977226e-01  0.000000e+00
   outer loop
     vertex  9.697850e+01 -1.260004e+02  1.397003e+01
     vertex  9.721010e+01 -1.260161e+02  9.906020e+00
     vertex  9.721010e+01 -1.260161e+02  1.397003e+01
   endloop
 endfacet
 facet normal  9.773958e-02 -9.952120e-01  0.000000e+00
   outer loop
     vertex  9.674914e+01 -1.260229e+02  1.397003e+01
     vertex  9.697850e+01 -1.260004e+02  9.906020e+00
     vertex  9.697850e+01 -1.260004e+02  1.397003e+01
   endloop
 endfacet
 facet normal  9.773958e-02 -9.952120e-01  0.000000e+00
   outer loop
     vertex  9.674914e+01 -1.260229e+02  1.397003e+01
     vertex  9.674914e+01 -1.260229e+02  9.906020e+00
     vertex  9.697850e+01 -1.260004e+02  9.906020e+00
   endloop
 endfacet
 facet normal  2.590941e-01 -9.658521e-01  0.000000e+00
   outer loop
     vertex  9.674914e+01 -1.260229e+02  1.397003e+01
     vertex  9.652820e+01 -1.260822e+02  9.906020e+00
     vertex  9.674914e+01 -1.260229e+02  9.906020e+00
   endloop
 endfacet
 facet normal  2.590941e-01 -9.658521e-01  0.000000e+00
   outer loop
     vertex  9.652820e+01 -1.260822e+02  1.397003e+01
     vertex  9.652820e+01 -1.260822e+02  9.906020e+00
     vertex  9.674914e+01 -1.260229e+02  1.397003e+01
   endloop
 endfacet
 facet normal  4.123442e-01 -9.110282e-01  0.000000e+00
   outer loop
     vertex  9.632142e+01 -1.261758e+02  1.397003e+01
     vertex  9.632142e+01 -1.261758e+02  9.906020e+00
     vertex  9.652820e+01 -1.260822e+02  9.906020e+00
   endloop
 endfacet
 facet normal  4.123442e-01 -9.110282e-01  0.000000e+00
   outer loop
     vertex  9.632142e+01 -1.261758e+02  1.397003e+01
     vertex  9.652820e+01 -1.260822e+02  9.906020e+00
     vertex  9.652820e+01 -1.260822e+02  1.397003e+01
   endloop
 endfacet
 facet normal  5.514393e-01 -8.342150e-01  0.000000e+00
   outer loop
     vertex  9.613962e+01 -1.262960e+02  1.397003e+01
     vertex  9.613962e+01 -1.262960e+02  9.906020e+00
     vertex  9.632142e+01 -1.261758e+02  9.906020e+00
   endloop
 endfacet
 facet normal  6.749033e-01 -7.379061e-01  0.000000e+00
   outer loop
     vertex  9.613962e+01 -1.262960e+02  1.397003e+01
     vertex  9.597690e+01 -1.264448e+02  9.906020e+00
     vertex  9.613962e+01 -1.262960e+02  9.906020e+00
   endloop
 endfacet
 facet normal  5.514393e-01 -8.342150e-01  0.000000e+00
   outer loop
     vertex  9.613962e+01 -1.262960e+02  1.397003e+01
     vertex  9.632142e+01 -1.261758e+02  9.906020e+00
     vertex  9.632142e+01 -1.261758e+02  1.397003e+01
   endloop
 endfacet
 facet normal  6.749033e-01 -7.379061e-01  0.000000e+00
   outer loop
     vertex  9.597690e+01 -1.264448e+02  1.397003e+01
     vertex  9.597690e+01 -1.264448e+02  9.906020e+00
     vertex  9.613962e+01 -1.262960e+02  1.397003e+01
   endloop
 endfacet
 facet normal  7.820351e-01 -6.232344e-01  0.000000e+00
   outer loop
     vertex  9.584048e+01 -1.266160e+02  1.397003e+01
     vertex  9.584048e+01 -1.266160e+02  9.906020e+00
     vertex  9.597690e+01 -1.264448e+02  9.906020e+00
   endloop
 endfacet
 facet normal  8.693580e-01 -4.941828e-01  0.000000e+00
   outer loop
     vertex  9.584048e+01 -1.266160e+02  1.397003e+01
     vertex  9.573305e+01 -1.268050e+02  9.906020e+00
     vertex  9.584048e+01 -1.266160e+02  9.906020e+00
   endloop
 endfacet
 facet normal  7.820351e-01 -6.232344e-01  0.000000e+00
   outer loop
     vertex  9.584048e+01 -1.266160e+02  1.397003e+01
     vertex  9.597690e+01 -1.264448e+02  9.906020e+00
     vertex  9.597690e+01 -1.264448e+02  1.397003e+01
   endloop
 endfacet
 facet normal  9.352084e-01 -3.540978e-01  0.000000e+00
   outer loop
     vertex  9.573305e+01 -1.268050e+02  1.397003e+01
     vertex  9.565656e+01 -1.270070e+02  9.906020e+00
     vertex  9.573305e+01 -1.268050e+02  9.906020e+00
   endloop
 endfacet
 facet normal  8.693580e-01 -4.941828e-01  0.000000e+00
   outer loop
     vertex  9.573305e+01 -1.268050e+02  1.397003e+01
     vertex  9.573305e+01 -1.268050e+02  9.906020e+00
     vertex  9.584048e+01 -1.266160e+02  1.397003e+01
   endloop
 endfacet
 facet normal  9.784512e-01 -2.064784e-01  0.000000e+00
   outer loop
     vertex  9.565656e+01 -1.270070e+02  1.397003e+01
     vertex  9.561223e+01 -1.272171e+02  9.906020e+00
     vertex  9.565656e+01 -1.270070e+02  9.906020e+00
   endloop
 endfacet
 facet normal  9.352084e-01 -3.540978e-01  0.000000e+00
   outer loop
     vertex  9.565656e+01 -1.270070e+02  1.397003e+01
     vertex  9.565656e+01 -1.270070e+02  9.906020e+00
     vertex  9.573305e+01 -1.268050e+02  1.397003e+01
   endloop
 endfacet
 facet normal  9.784512e-01 -2.064784e-01  0.000000e+00
   outer loop
     vertex  9.561223e+01 -1.272171e+02  1.397003e+01
     vertex  9.561223e+01 -1.272171e+02  9.906020e+00
     vertex  9.565656e+01 -1.270070e+02  1.397003e+01
   endloop
 endfacet
 facet normal  9.984920e-01 -5.489821e-02  0.000000e+00
   outer loop
     vertex  9.560051e+01 -1.274302e+02  1.397003e+01
     vertex  9.560051e+01 -1.274302e+02  9.906020e+00
     vertex  9.561223e+01 -1.272171e+02  9.906020e+00
   endloop
 endfacet
 facet normal  9.984920e-01 -5.489821e-02  0.000000e+00
   outer loop
     vertex  9.560051e+01 -1.274302e+02  1.397003e+01
     vertex  9.561223e+01 -1.272171e+02  9.906020e+00
     vertex  9.561223e+01 -1.272171e+02  1.397003e+01
   endloop
 endfacet
 facet normal  9.944284e-01  1.054147e-01  0.000000e+00
   outer loop
     vertex  9.562535e+01 -1.276645e+02  1.397003e+01
     vertex  9.562535e+01 -1.276645e+02  9.906020e+00
     vertex  9.560051e+01 -1.274302e+02  9.906020e+00
   endloop
 endfacet
 facet normal  9.944284e-01  1.054147e-01  0.000000e+00
   outer loop
     vertex  9.562535e+01 -1.276645e+02  1.397003e+01
     vertex  9.560051e+01 -1.274302e+02  9.906020e+00
     vertex  9.560051e+01 -1.274302e+02  1.397003e+01
   endloop
 endfacet
 facet normal  9.628327e-01  2.700984e-01  0.000000e+00
   outer loop
     vertex  9.568853e+01 -1.278897e+02  1.397003e+01
     vertex  9.562535e+01 -1.276645e+02  9.906020e+00
     vertex  9.562535e+01 -1.276645e+02  1.397003e+01
   endloop
 endfacet
 facet normal  9.628327e-01  2.700984e-01  0.000000e+00
   outer loop
     vertex  9.568853e+01 -1.278897e+02  1.397003e+01
     vertex  9.568853e+01 -1.278897e+02  9.906020e+00
     vertex  9.562535e+01 -1.276645e+02  9.906020e+00
   endloop
 endfacet
 facet normal  9.046689e-01  4.261152e-01  0.000000e+00
   outer loop
     vertex  9.578751e+01 -1.280998e+02  1.397003e+01
     vertex  9.568853e+01 -1.278897e+02  9.906020e+00
     vertex  9.568853e+01 -1.278897e+02  1.397003e+01
   endloop
 endfacet
 facet normal  9.046689e-01  4.261152e-01  0.000000e+00
   outer loop
     vertex  9.578751e+01 -1.280998e+02  1.397003e+01
     vertex  9.578751e+01 -1.280998e+02  9.906020e+00
     vertex  9.568853e+01 -1.278897e+02  9.906020e+00
   endloop
 endfacet
 facet normal  8.221004e-01  5.693426e-01  0.000000e+00
   outer loop
     vertex  9.591881e+01 -1.282894e+02  1.397003e+01
     vertex  9.591881e+01 -1.282894e+02  9.906020e+00
     vertex  9.578751e+01 -1.280998e+02  9.906020e+00
   endloop
 endfacet
 facet normal  7.179027e-01  6.961434e-01  0.000000e+00
   outer loop
     vertex  9.591881e+01 -1.282894e+02  1.397003e+01
     vertex  9.607817e+01 -1.284538e+02  9.906020e+00
     vertex  9.591881e+01 -1.282894e+02  9.906020e+00
   endloop
 endfacet
 facet normal  8.221004e-01  5.693426e-01  0.000000e+00
   outer loop
     vertex  9.591881e+01 -1.282894e+02  1.397003e+01
     vertex  9.578751e+01 -1.280998e+02  9.906020e+00
     vertex  9.578751e+01 -1.280998e+02  1.397003e+01
   endloop
 endfacet
 facet normal  7.179027e-01  6.961434e-01  0.000000e+00
   outer loop
     vertex  9.607817e+01 -1.284538e+02  1.397003e+01
     vertex  9.607817e+01 -1.284538e+02  9.906020e+00
     vertex  9.591881e+01 -1.282894e+02  1.397003e+01
   endloop
 endfacet
 facet normal  5.953666e-01  8.034542e-01  0.000000e+00
   outer loop
     vertex  9.626068e+01 -1.285890e+02  1.397003e+01
     vertex  9.607817e+01 -1.284538e+02  9.906020e+00
     vertex  9.607817e+01 -1.284538e+02  1.397003e+01
   endloop
 endfacet
 facet normal  5.953666e-01  8.034542e-01  0.000000e+00
   outer loop
     vertex  9.626068e+01 -1.285890e+02  1.397003e+01
     vertex  9.626068e+01 -1.285890e+02  9.906020e+00
     vertex  9.607817e+01 -1.284538e+02  9.906020e+00
   endloop
 endfacet
 facet normal  4.615420e-01  8.871184e-01  0.000000e+00
   outer loop
     vertex  9.645119e+01 -1.286881e+02  1.397003e+01
     vertex  9.626068e+01 -1.285890e+02  9.906020e+00
     vertex  9.626068e+01 -1.285890e+02  1.397003e+01
   endloop
 endfacet
 facet normal  4.615420e-01  8.871184e-01  0.000000e+00
   outer loop
     vertex  9.645119e+01 -1.286881e+02  1.397003e+01
     vertex  9.645119e+01 -1.286881e+02  9.906020e+00
     vertex  9.626068e+01 -1.285890e+02  9.906020e+00
   endloop
 endfacet
 facet normal  3.184127e-01  9.479522e-01  0.000000e+00
   outer loop
     vertex  9.666041e+01 -1.287584e+02  1.397003e+01
     vertex  9.666041e+01 -1.287584e+02  9.906020e+00
     vertex  9.645119e+01 -1.286881e+02  9.906020e+00
   endloop
 endfacet
 facet normal  3.184127e-01  9.479522e-01  0.000000e+00
   outer loop
     vertex  9.666041e+01 -1.287584e+02  1.397003e+01
     vertex  9.645119e+01 -1.286881e+02  9.906020e+00
     vertex  9.645119e+01 -1.286881e+02  1.397003e+01
   endloop
 endfacet
 facet normal  1.660599e-01  9.861157e-01  0.000000e+00
   outer loop
     vertex  9.666041e+01 -1.287584e+02  1.397003e+01
     vertex  9.687643e+01 -1.287948e+02  9.906020e+00
     vertex  9.666041e+01 -1.287584e+02  9.906020e+00
   endloop
 endfacet
 facet normal  1.660599e-01  9.861157e-01  0.000000e+00
   outer loop
     vertex  9.687643e+01 -1.287948e+02  1.397003e+01
     vertex  9.687643e+01 -1.287948e+02  9.906020e+00
     vertex  9.666041e+01 -1.287584e+02  1.397003e+01
   endloop
 endfacet
 facet normal  1.073489e-02  9.999424e-01  0.000000e+00
   outer loop
     vertex  9.709399e+01 -1.287971e+02  1.397003e+01
     vertex  9.687643e+01 -1.287948e+02  9.906020e+00
     vertex  9.687643e+01 -1.287948e+02  1.397003e+01
   endloop
 endfacet
 facet normal  1.073489e-02  9.999424e-01  0.000000e+00
   outer loop
     vertex  9.709399e+01 -1.287971e+02  1.397003e+01
     vertex  9.709399e+01 -1.287971e+02  9.906020e+00
     vertex  9.687643e+01 -1.287948e+02  9.906020e+00
   endloop
 endfacet
 facet normal -1.438222e-01  9.896035e-01  0.000000e+00
   outer loop
     vertex  9.730790e+01 -1.287660e+02  1.397003e+01
     vertex  9.730790e+01 -1.287660e+02  9.906020e+00
     vertex  9.709399e+01 -1.287971e+02  9.906020e+00
   endloop
 endfacet
 facet normal -1.438222e-01  9.896035e-01  0.000000e+00
   outer loop
     vertex  9.730790e+01 -1.287660e+02  1.397003e+01
     vertex  9.709399e+01 -1.287971e+02  9.906020e+00
     vertex  9.709399e+01 -1.287971e+02  1.397003e+01
   endloop
 endfacet
 facet normal -2.939948e-01  9.558070e-01  0.000000e+00
   outer loop
     vertex  9.751325e+01 -1.287029e+02  1.397003e+01
     vertex  9.730790e+01 -1.287660e+02  9.906020e+00
     vertex  9.730790e+01 -1.287660e+02  1.397003e+01
   endloop
 endfacet
 facet normal -2.939948e-01  9.558070e-01  0.000000e+00
   outer loop
     vertex  9.751325e+01 -1.287029e+02  1.397003e+01
     vertex  9.751325e+01 -1.287029e+02  9.906020e+00
     vertex  9.730790e+01 -1.287660e+02  9.906020e+00
   endloop
 endfacet
 facet normal -4.363647e-01  8.997699e-01  0.000000e+00
   outer loop
     vertex  9.770541e+01 -1.286097e+02  1.397003e+01
     vertex  9.751325e+01 -1.287029e+02  9.906020e+00
     vertex  9.751325e+01 -1.287029e+02  1.397003e+01
   endloop
 endfacet
 facet normal -4.363647e-01  8.997699e-01  0.000000e+00
   outer loop
     vertex  9.770541e+01 -1.286097e+02  1.397003e+01
     vertex  9.770541e+01 -1.286097e+02  9.906020e+00
     vertex  9.751325e+01 -1.287029e+02  9.906020e+00
   endloop
 endfacet
 facet normal -5.746707e-01  8.183847e-01  0.000000e+00
   outer loop
     vertex  9.789835e+01 -1.284742e+02  1.397003e+01
     vertex  9.770541e+01 -1.286097e+02  9.906020e+00
     vertex  9.770541e+01 -1.286097e+02  1.397003e+01
   endloop
 endfacet
 facet normal -5.746707e-01  8.183847e-01  0.000000e+00
   outer loop
     vertex  9.789835e+01 -1.284742e+02  1.397003e+01
     vertex  9.789835e+01 -1.284742e+02  9.906020e+00
     vertex  9.770541e+01 -1.286097e+02  9.906020e+00
   endloop
 endfacet
 facet normal -7.034260e-01  7.107685e-01  0.000000e+00
   outer loop
     vertex  9.806474e+01 -1.283095e+02  1.397003e+01
     vertex  9.789835e+01 -1.284742e+02  9.906020e+00
     vertex  9.789835e+01 -1.284742e+02  1.397003e+01
   endloop
 endfacet
 facet normal -7.034260e-01  7.107685e-01  0.000000e+00
   outer loop
     vertex  9.806474e+01 -1.283095e+02  1.397003e+01
     vertex  9.806474e+01 -1.283095e+02  9.906020e+00
     vertex  9.789835e+01 -1.284742e+02  9.906020e+00
   endloop
 endfacet
 facet normal -8.116812e-01  5.841007e-01  0.000000e+00
   outer loop
     vertex  9.820051e+01 -1.281208e+02  1.397003e+01
     vertex  9.806474e+01 -1.283095e+02  9.906020e+00
     vertex  9.806474e+01 -1.283095e+02  1.397003e+01
   endloop
 endfacet
 facet normal -8.116812e-01  5.841007e-01  0.000000e+00
   outer loop
     vertex  9.820051e+01 -1.281208e+02  1.397003e+01
     vertex  9.820051e+01 -1.281208e+02  9.906020e+00
     vertex  9.806474e+01 -1.283095e+02  9.906020e+00
   endloop
 endfacet
 facet normal -8.968769e-01  4.422803e-01  0.000000e+00
   outer loop
     vertex  9.820051e+01 -1.281208e+02  1.397003e+01
     vertex  9.830259e+01 -1.279138e+02  9.906020e+00
     vertex  9.820051e+01 -1.281208e+02  9.906020e+00
   endloop
 endfacet
 facet normal -8.968769e-01  4.422803e-01  0.000000e+00
   outer loop
     vertex  9.830259e+01 -1.279138e+02  1.397003e+01
     vertex  9.830259e+01 -1.279138e+02  9.906020e+00
     vertex  9.820051e+01 -1.281208e+02  1.397003e+01
   endloop
 endfacet
 facet normal -9.571761e-01  2.895063e-01  0.000000e+00
   outer loop
     vertex  9.830259e+01 -1.279138e+02  1.397003e+01
     vertex  9.836891e+01 -1.276946e+02  9.906020e+00
     vertex  9.830259e+01 -1.279138e+02  9.906020e+00
   endloop
 endfacet
 facet normal -9.571761e-01  2.895063e-01  0.000000e+00
   outer loop
     vertex  9.836891e+01 -1.276946e+02  1.397003e+01
     vertex  9.836891e+01 -1.276946e+02  9.906020e+00
     vertex  9.830259e+01 -1.279138e+02  1.397003e+01
   endloop
 endfacet
 facet normal -9.876348e-01  1.567721e-01  0.000000e+00
   outer loop
     vertex  9.836891e+01 -1.276946e+02  1.397003e+01
     vertex  9.839277e+01 -1.275443e+02  9.906020e+00
     vertex  9.836891e+01 -1.276946e+02  9.906020e+00
   endloop
 endfacet
 facet normal -9.876348e-01  1.567721e-01  0.000000e+00
   outer loop
     vertex  9.839277e+01 -1.275443e+02  1.397003e+01
     vertex  9.839277e+01 -1.275443e+02  9.906020e+00
     vertex  9.836891e+01 -1.276946e+02  1.397003e+01
   endloop
 endfacet
 facet normal -9.986731e-01  5.149826e-02  0.000000e+00
   outer loop
     vertex  9.840020e+01 -1.274003e+02  1.397003e+01
     vertex  9.839277e+01 -1.275443e+02  9.906020e+00
     vertex  9.839277e+01 -1.275443e+02  1.397003e+01
   endloop
 endfacet
 facet normal -9.986731e-01  5.149826e-02  0.000000e+00
   outer loop
     vertex  9.840020e+01 -1.274003e+02  1.397003e+01
     vertex  9.840020e+01 -1.274003e+02  9.906020e+00
     vertex  9.839277e+01 -1.275443e+02  9.906020e+00
   endloop
 endfacet
 facet normal -9.968502e-01 -7.930703e-02  0.000000e+00
   outer loop
     vertex  1.699827e+02 -5.977876e+01  1.397003e+01
     vertex  1.700003e+02 -6.000012e+01  9.906020e+00
     vertex  1.700003e+02 -6.000012e+01  1.397003e+01
   endloop
 endfacet
 facet normal -9.968502e-01 -7.930703e-02 -0.000000e+00
   outer loop
     vertex  1.699827e+02 -5.977876e+01  1.397003e+01
     vertex  1.699827e+02 -5.977876e+01  9.906020e+00
     vertex  1.700003e+02 -6.000012e+01  9.906020e+00
   endloop
 endfacet
 facet normal -9.723323e-01 -2.336020e-01  0.000000e+00
   outer loop
     vertex  1.699324e+02 -5.956933e+01  1.397003e+01
     vertex  1.699827e+02 -5.977876e+01  9.906020e+00
     vertex  1.699827e+02 -5.977876e+01  1.397003e+01
   endloop
 endfacet
 facet normal -9.723323e-01 -2.336020e-01 -0.000000e+00
   outer loop
     vertex  1.699324e+02 -5.956933e+01  1.397003e+01
     vertex  1.699324e+02 -5.956933e+01  9.906020e+00
     vertex  1.699827e+02 -5.977876e+01  9.906020e+00
   endloop
 endfacet
 facet normal -9.245372e-01 -3.810918e-01  0.000000e+00
   outer loop
     vertex  1.698491e+02 -5.936711e+01  1.397003e+01
     vertex  1.699324e+02 -5.956933e+01  9.906020e+00
     vertex  1.699324e+02 -5.956933e+01  1.397003e+01
   endloop
 endfacet
 facet normal -9.245372e-01 -3.810918e-01 -0.000000e+00
   outer loop
     vertex  1.698491e+02 -5.936711e+01  1.397003e+01
     vertex  1.698491e+02 -5.936711e+01  9.906020e+00
     vertex  1.699324e+02 -5.956933e+01  9.906020e+00
   endloop
 endfacet
 facet normal -8.541715e-01 -5.199914e-01  0.000000e+00
   outer loop
     vertex  1.697361e+02 -5.918154e+01  1.397003e+01
     vertex  1.698491e+02 -5.936711e+01  9.906020e+00
     vertex  1.698491e+02 -5.936711e+01  1.397003e+01
   endloop
 endfacet
 facet normal -8.541715e-01 -5.199914e-01 -0.000000e+00
   outer loop
     vertex  1.697361e+02 -5.918154e+01  1.397003e+01
     vertex  1.697361e+02 -5.918154e+01  9.906020e+00
     vertex  1.698491e+02 -5.936711e+01  9.906020e+00
   endloop
 endfacet
 facet normal -7.637585e-01 -6.455021e-01  0.000000e+00
   outer loop
     vertex  1.695967e+02 -5.901667e+01  1.397003e+01
     vertex  1.697361e+02 -5.918154e+01  9.906020e+00
     vertex  1.697361e+02 -5.918154e+01  1.397003e+01
   endloop
 endfacet
 facet normal -7.637585e-01 -6.455021e-01 -0.000000e+00
   outer loop
     vertex  1.695967e+02 -5.901667e+01  1.397003e+01
     vertex  1.695967e+02 -5.901667e+01  9.906020e+00
     vertex  1.697361e+02 -5.918154e+01  9.906020e+00
   endloop
 endfacet
 facet normal -6.557998e-01 -7.549348e-01  0.000000e+00
   outer loop
     vertex  1.694348e+02 -5.887596e+01  1.397003e+01
     vertex  1.695967e+02 -5.901667e+01  9.906020e+00
     vertex  1.695967e+02 -5.901667e+01  1.397003e+01
   endloop
 endfacet
 facet normal -6.557998e-01 -7.549348e-01 -0.000000e+00
   outer loop
     vertex  1.694348e+02 -5.887596e+01  1.397003e+01
     vertex  1.694348e+02 -5.887596e+01  9.906020e+00
     vertex  1.695967e+02 -5.901667e+01  9.906020e+00
   endloop
 endfacet
 facet normal -5.331246e-01 -8.460368e-01  0.000000e+00
   outer loop
     vertex  1.692543e+02 -5.876225e+01  1.397003e+01
     vertex  1.694348e+02 -5.887596e+01  9.906020e+00
     vertex  1.694348e+02 -5.887596e+01  1.397003e+01
   endloop
 endfacet
 facet normal -5.331246e-01 -8.460368e-01 -0.000000e+00
   outer loop
     vertex  1.692543e+02 -5.876225e+01  1.397003e+01
     vertex  1.692543e+02 -5.876225e+01  9.906020e+00
     vertex  1.694348e+02 -5.887596e+01  9.906020e+00
   endloop
 endfacet
 facet normal -3.911285e-01 -9.203361e-01  0.000000e+00
   outer loop
     vertex  1.690376e+02 -5.867017e+01  1.397003e+01
     vertex  1.692543e+02 -5.876225e+01  9.906020e+00
     vertex  1.692543e+02 -5.876225e+01  1.397003e+01
   endloop
 endfacet
 facet normal -3.911285e-01 -9.203361e-01 -0.000000e+00
   outer loop
     vertex  1.690376e+02 -5.867017e+01  1.397003e+01
     vertex  1.690376e+02 -5.867017e+01  9.906020e+00
     vertex  1.692543e+02 -5.876225e+01  9.906020e+00
   endloop
 endfacet
 facet normal -2.319550e-01 -9.727265e-01 -0.000000e+00
   outer loop
     vertex  1.688102e+02 -5.861594e+01  1.397003e+01
     vertex  1.688102e+02 -5.861594e+01  9.906020e+00
     vertex  1.690376e+02 -5.867017e+01  9.906020e+00
   endloop
 endfacet
 facet normal -2.319550e-01 -9.727265e-01  0.000000e+00
   outer loop
     vertex  1.688102e+02 -5.861594e+01  1.397003e+01
     vertex  1.690376e+02 -5.867017e+01  9.906020e+00
     vertex  1.690376e+02 -5.867017e+01  1.397003e+01
   endloop
 endfacet
 facet normal -6.745011e-02 -9.977226e-01 -0.000000e+00
   outer loop
     vertex  1.685786e+02 -5.860029e+01  1.397003e+01
     vertex  1.685786e+02 -5.860029e+01  9.906020e+00
     vertex  1.688102e+02 -5.861594e+01  9.906020e+00
   endloop
 endfacet
 facet normal -6.745011e-02 -9.977226e-01  0.000000e+00
   outer loop
     vertex  1.685786e+02 -5.860029e+01  1.397003e+01
     vertex  1.688102e+02 -5.861594e+01  9.906020e+00
     vertex  1.688102e+02 -5.861594e+01  1.397003e+01
   endloop
 endfacet
 facet normal  9.773958e-02 -9.952120e-01  0.000000e+00
   outer loop
     vertex  1.683493e+02 -5.862281e+01  1.397003e+01
     vertex  1.685786e+02 -5.860029e+01  9.906020e+00
     vertex  1.685786e+02 -5.860029e+01  1.397003e+01
   endloop
 endfacet
 facet normal  9.773958e-02 -9.952120e-01  0.000000e+00
   outer loop
     vertex  1.683493e+02 -5.862281e+01  1.397003e+01
     vertex  1.683493e+02 -5.862281e+01  9.906020e+00
     vertex  1.685786e+02 -5.860029e+01  9.906020e+00
   endloop
 endfacet
 facet normal  2.590941e-01 -9.658521e-01  0.000000e+00
   outer loop
     vertex  1.681283e+02 -5.868208e+01  1.397003e+01
     vertex  1.681283e+02 -5.868208e+01  9.906020e+00
     vertex  1.683493e+02 -5.862281e+01  9.906020e+00
   endloop
 endfacet
 facet normal  2.590941e-01 -9.658521e-01  0.000000e+00
   outer loop
     vertex  1.681283e+02 -5.868208e+01  1.397003e+01
     vertex  1.683493e+02 -5.862281e+01  9.906020e+00
     vertex  1.683493e+02 -5.862281e+01  1.397003e+01
   endloop
 endfacet
 facet normal  4.123442e-01 -9.110282e-01  0.000000e+00
   outer loop
     vertex  1.679216e+02 -5.877567e+01  1.397003e+01
     vertex  1.679216e+02 -5.877567e+01  9.906020e+00
     vertex  1.681283e+02 -5.868208e+01  9.906020e+00
   endloop
 endfacet
 facet normal  5.514393e-01 -8.342150e-01  0.000000e+00
   outer loop
     vertex  1.679216e+02 -5.877567e+01  1.397003e+01
     vertex  1.677398e+02 -5.889585e+01  9.906020e+00
     vertex  1.679216e+02 -5.877567e+01  9.906020e+00
   endloop
 endfacet
 facet normal  4.123442e-01 -9.110282e-01  0.000000e+00
   outer loop
     vertex  1.679216e+02 -5.877567e+01  1.397003e+01
     vertex  1.681283e+02 -5.868208e+01  9.906020e+00
     vertex  1.681283e+02 -5.868208e+01  1.397003e+01
   endloop
 endfacet
 facet normal  5.514393e-01 -8.342150e-01  0.000000e+00
   outer loop
     vertex  1.677398e+02 -5.889585e+01  1.397003e+01
     vertex  1.677398e+02 -5.889585e+01  9.906020e+00
     vertex  1.679216e+02 -5.877567e+01  1.397003e+01
   endloop
 endfacet
 facet normal  6.749033e-01 -7.379061e-01  0.000000e+00
   outer loop
     vertex  1.675770e+02 -5.904467e+01  1.397003e+01
     vertex  1.675770e+02 -5.904467e+01  9.906020e+00
     vertex  1.677398e+02 -5.889585e+01  9.906020e+00
   endloop
 endfacet
 facet normal  6.749033e-01 -7.379061e-01  0.000000e+00
   outer loop
     vertex  1.675770e+02 -5.904467e+01  1.397003e+01
     vertex  1.677398e+02 -5.889585e+01  9.906020e+00
     vertex  1.677398e+02 -5.889585e+01  1.397003e+01
   endloop
 endfacet
 facet normal  7.820351e-01 -6.232344e-01  0.000000e+00
   outer loop
     vertex  1.674406e+02 -5.921585e+01  1.397003e+01
     vertex  1.674406e+02 -5.921585e+01  9.906020e+00
     vertex  1.675770e+02 -5.904467e+01  9.906020e+00
   endloop
 endfacet
 facet normal  8.693580e-01 -4.941828e-01  0.000000e+00
   outer loop
     vertex  1.674406e+02 -5.921585e+01  1.397003e+01
     vertex  1.673332e+02 -5.940485e+01  9.906020e+00
     vertex  1.674406e+02 -5.921585e+01  9.906020e+00
   endloop
 endfacet
 facet normal  7.820351e-01 -6.232344e-01  0.000000e+00
   outer loop
     vertex  1.674406e+02 -5.921585e+01  1.397003e+01
     vertex  1.675770e+02 -5.904467e+01  9.906020e+00
     vertex  1.675770e+02 -5.904467e+01  1.397003e+01
   endloop
 endfacet
 facet normal  9.352084e-01 -3.540978e-01  0.000000e+00
   outer loop
     vertex  1.673332e+02 -5.940485e+01  1.397003e+01
     vertex  1.672567e+02 -5.960687e+01  9.906020e+00
     vertex  1.673332e+02 -5.940485e+01  9.906020e+00
   endloop
 endfacet
 facet normal  8.693580e-01 -4.941828e-01  0.000000e+00
   outer loop
     vertex  1.673332e+02 -5.940485e+01  1.397003e+01
     vertex  1.673332e+02 -5.940485e+01  9.906020e+00
     vertex  1.674406e+02 -5.921585e+01  1.397003e+01
   endloop
 endfacet
 facet normal  9.352084e-01 -3.540978e-01  0.000000e+00
   outer loop
     vertex  1.672567e+02 -5.960687e+01  1.397003e+01
     vertex  1.672567e+02 -5.960687e+01  9.906020e+00
     vertex  1.673332e+02 -5.940485e+01  1.397003e+01
   endloop
 endfacet
 facet normal  9.784512e-01 -2.064784e-01  0.000000e+00
   outer loop
     vertex  1.672124e+02 -5.981693e+01  1.397003e+01
     vertex  1.672124e+02 -5.981693e+01  9.906020e+00
     vertex  1.672567e+02 -5.960687e+01  9.906020e+00
   endloop
 endfacet
 facet normal  9.984920e-01 -5.489821e-02  0.000000e+00
   outer loop
     vertex  1.672124e+02 -5.981693e+01  1.397003e+01
     vertex  1.672007e+02 -6.003004e+01  9.906020e+00
     vertex  1.672124e+02 -5.981693e+01  9.906020e+00
   endloop
 endfacet
 facet normal  9.784512e-01 -2.064784e-01  0.000000e+00
   outer loop
     vertex  1.672124e+02 -5.981693e+01  1.397003e+01
     vertex  1.672567e+02 -5.960687e+01  9.906020e+00
     vertex  1.672567e+02 -5.960687e+01  1.397003e+01
   endloop
 endfacet
 facet normal  9.984920e-01 -5.489821e-02  0.000000e+00
   outer loop
     vertex  1.672007e+02 -6.003004e+01  1.397003e+01
     vertex  1.672007e+02 -6.003004e+01  9.906020e+00
     vertex  1.672124e+02 -5.981693e+01  1.397003e+01
   endloop
 endfacet
 facet normal  9.944284e-01  1.054147e-01  0.000000e+00
   outer loop
     vertex  1.672255e+02 -6.026432e+01  1.397003e+01
     vertex  1.672255e+02 -6.026432e+01  9.906020e+00
     vertex  1.672007e+02 -6.003004e+01  9.906020e+00
   endloop
 endfacet
 facet normal  9.944284e-01  1.054147e-01  0.000000e+00
   outer loop
     vertex  1.672255e+02 -6.026432e+01  1.397003e+01
     vertex  1.672007e+02 -6.003004e+01  9.906020e+00
     vertex  1.672007e+02 -6.003004e+01  1.397003e+01
   endloop
 endfacet
 facet normal  9.628327e-01  2.700984e-01  0.000000e+00
   outer loop
     vertex  1.672887e+02 -6.048956e+01  1.397003e+01
     vertex  1.672255e+02 -6.026432e+01  9.906020e+00
     vertex  1.672255e+02 -6.026432e+01  1.397003e+01
   endloop
 endfacet
 facet normal  9.628327e-01  2.700984e-01  0.000000e+00
   outer loop
     vertex  1.672887e+02 -6.048956e+01  1.397003e+01
     vertex  1.672887e+02 -6.048956e+01  9.906020e+00
     vertex  1.672255e+02 -6.026432e+01  9.906020e+00
   endloop
 endfacet
 facet normal  9.046689e-01  4.261152e-01  0.000000e+00
   outer loop
     vertex  1.673877e+02 -6.069970e+01  1.397003e+01
     vertex  1.672887e+02 -6.048956e+01  9.906020e+00
     vertex  1.672887e+02 -6.048956e+01  1.397003e+01
   endloop
 endfacet
 facet normal  9.046689e-01  4.261152e-01  0.000000e+00
   outer loop
     vertex  1.673877e+02 -6.069970e+01  1.397003e+01
     vertex  1.673877e+02 -6.069970e+01  9.906020e+00
     vertex  1.672887e+02 -6.048956e+01  9.906020e+00
   endloop
 endfacet
 facet normal  8.221004e-01  5.693426e-01  0.000000e+00
   outer loop
     vertex  1.675190e+02 -6.088929e+01  1.397003e+01
     vertex  1.675190e+02 -6.088929e+01  9.906020e+00
     vertex  1.673877e+02 -6.069970e+01  9.906020e+00
   endloop
 endfacet
 facet normal  7.179027e-01  6.961434e-01  0.000000e+00
   outer loop
     vertex  1.675190e+02 -6.088929e+01  1.397003e+01
     vertex  1.676783e+02 -6.105363e+01  9.906020e+00
     vertex  1.675190e+02 -6.088929e+01  9.906020e+00
   endloop
 endfacet
 facet normal  8.221004e-01  5.693426e-01  0.000000e+00
   outer loop
     vertex  1.675190e+02 -6.088929e+01  1.397003e+01
     vertex  1.673877e+02 -6.069970e+01  9.906020e+00
     vertex  1.673877e+02 -6.069970e+01  1.397003e+01
   endloop
 endfacet
 facet normal  7.179027e-01  6.961434e-01  0.000000e+00
   outer loop
     vertex  1.676783e+02 -6.105363e+01  1.397003e+01
     vertex  1.676783e+02 -6.105363e+01  9.906020e+00
     vertex  1.675190e+02 -6.088929e+01  1.397003e+01
   endloop
 endfacet
 facet normal  5.953666e-01  8.034542e-01  0.000000e+00
   outer loop
     vertex  1.678608e+02 -6.118887e+01  1.397003e+01
     vertex  1.676783e+02 -6.105363e+01  9.906020e+00
     vertex  1.676783e+02 -6.105363e+01  1.397003e+01
   endloop
 endfacet
 facet normal  5.953666e-01  8.034542e-01  0.000000e+00
   outer loop
     vertex  1.678608e+02 -6.118887e+01  1.397003e+01
     vertex  1.678608e+02 -6.118887e+01  9.906020e+00
     vertex  1.676783e+02 -6.105363e+01  9.906020e+00
   endloop
 endfacet
 facet normal  4.615420e-01  8.871184e-01  0.000000e+00
   outer loop
     vertex  1.678608e+02 -6.118887e+01  1.397003e+01
     vertex  1.680513e+02 -6.128799e+01  9.906020e+00
     vertex  1.678608e+02 -6.118887e+01  9.906020e+00
   endloop
 endfacet
 facet normal  4.615420e-01  8.871184e-01  0.000000e+00
   outer loop
     vertex  1.680513e+02 -6.128799e+01  1.397003e+01
     vertex  1.680513e+02 -6.128799e+01  9.906020e+00
     vertex  1.678608e+02 -6.118887e+01  1.397003e+01
   endloop
 endfacet
 facet normal  3.184127e-01  9.479522e-01  0.000000e+00
   outer loop
     vertex  1.682606e+02 -6.135826e+01  1.397003e+01
     vertex  1.680513e+02 -6.128799e+01  9.906020e+00
     vertex  1.680513e+02 -6.128799e+01  1.397003e+01
   endloop
 endfacet
 facet normal  3.184127e-01  9.479522e-01  0.000000e+00
   outer loop
     vertex  1.682606e+02 -6.135826e+01  1.397003e+01
     vertex  1.682606e+02 -6.135826e+01  9.906020e+00
     vertex  1.680513e+02 -6.128799e+01  9.906020e+00
   endloop
 endfacet
 facet normal  1.660599e-01  9.861157e-01  0.000000e+00
   outer loop
     vertex  1.684766e+02 -6.139464e+01  1.397003e+01
     vertex  1.684766e+02 -6.139464e+01  9.906020e+00
     vertex  1.682606e+02 -6.135826e+01  9.906020e+00
   endloop
 endfacet
 facet normal  1.660599e-01  9.861157e-01  0.000000e+00
   outer loop
     vertex  1.684766e+02 -6.139464e+01  1.397003e+01
     vertex  1.682606e+02 -6.135826e+01  9.906020e+00
     vertex  1.682606e+02 -6.135826e+01  1.397003e+01
   endloop
 endfacet
 facet normal  1.073489e-02  9.999424e-01  0.000000e+00
   outer loop
     vertex  1.686941e+02 -6.139698e+01  1.397003e+01
     vertex  1.684766e+02 -6.139464e+01  9.906020e+00
     vertex  1.684766e+02 -6.139464e+01  1.397003e+01
   endloop
 endfacet
 facet normal  1.073489e-02  9.999424e-01  0.000000e+00
   outer loop
     vertex  1.686941e+02 -6.139698e+01  1.397003e+01
     vertex  1.686941e+02 -6.139698e+01  9.906020e+00
     vertex  1.684766e+02 -6.139464e+01  9.906020e+00
   endloop
 endfacet
 facet normal -1.438222e-01  9.896035e-01  0.000000e+00
   outer loop
     vertex  1.689080e+02 -6.136589e+01  1.397003e+01
     vertex  1.686941e+02 -6.139698e+01  9.906020e+00
     vertex  1.686941e+02 -6.139698e+01  1.397003e+01
   endloop
 endfacet
 facet normal -1.438222e-01  9.896035e-01  0.000000e+00
   outer loop
     vertex  1.689080e+02 -6.136589e+01  1.397003e+01
     vertex  1.689080e+02 -6.136589e+01  9.906020e+00
     vertex  1.686941e+02 -6.139698e+01  9.906020e+00
   endloop
 endfacet
 facet normal -2.939948e-01  9.558070e-01  0.000000e+00
   outer loop
     vertex  1.689080e+02 -6.136589e+01  1.397003e+01
     vertex  1.691134e+02 -6.130273e+01  9.906020e+00
     vertex  1.689080e+02 -6.136589e+01  9.906020e+00
   endloop
 endfacet
 facet normal -2.939948e-01  9.558070e-01  0.000000e+00
   outer loop
     vertex  1.691134e+02 -6.130273e+01  1.397003e+01
     vertex  1.691134e+02 -6.130273e+01  9.906020e+00
     vertex  1.689080e+02 -6.136589e+01  1.397003e+01
   endloop
 endfacet
 facet normal -4.363647e-01  8.997699e-01  0.000000e+00
   outer loop
     vertex  1.693055e+02 -6.120953e+01  1.397003e+01
     vertex  1.691134e+02 -6.130273e+01  9.906020e+00
     vertex  1.691134e+02 -6.130273e+01  1.397003e+01
   endloop
 endfacet
 facet normal -4.363647e-01  8.997699e-01  0.000000e+00
   outer loop
     vertex  1.693055e+02 -6.120953e+01  1.397003e+01
     vertex  1.693055e+02 -6.120953e+01  9.906020e+00
     vertex  1.691134e+02 -6.130273e+01  9.906020e+00
   endloop
 endfacet
 facet normal -5.746707e-01  8.183847e-01  0.000000e+00
   outer loop
     vertex  1.693055e+02 -6.120953e+01  1.397003e+01
     vertex  1.694985e+02 -6.107405e+01  9.906020e+00
     vertex  1.693055e+02 -6.120953e+01  9.906020e+00
   endloop
 endfacet
 facet normal -5.746707e-01  8.183847e-01  0.000000e+00
   outer loop
     vertex  1.694985e+02 -6.107405e+01  1.397003e+01
     vertex  1.694985e+02 -6.107405e+01  9.906020e+00
     vertex  1.693055e+02 -6.120953e+01  1.397003e+01
   endloop
 endfacet
 facet normal -7.034260e-01  7.107685e-01  0.000000e+00
   outer loop
     vertex  1.696649e+02 -6.090938e+01  1.397003e+01
     vertex  1.694985e+02 -6.107405e+01  9.906020e+00
     vertex  1.694985e+02 -6.107405e+01  1.397003e+01
   endloop
 endfacet
 facet normal -7.034260e-01  7.107685e-01  0.000000e+00
   outer loop
     vertex  1.696649e+02 -6.090938e+01  1.397003e+01
     vertex  1.696649e+02 -6.090938e+01  9.906020e+00
     vertex  1.694985e+02 -6.107405e+01  9.906020e+00
   endloop
 endfacet
 facet normal -8.116812e-01  5.841007e-01  0.000000e+00
   outer loop
     vertex  1.696649e+02 -6.090938e+01  1.397003e+01
     vertex  1.698007e+02 -6.072070e+01  9.906020e+00
     vertex  1.696649e+02 -6.090938e+01  9.906020e+00
   endloop
 endfacet
 facet normal -8.116812e-01  5.841007e-01  0.000000e+00
   outer loop
     vertex  1.698007e+02 -6.072070e+01  1.397003e+01
     vertex  1.698007e+02 -6.072070e+01  9.906020e+00
     vertex  1.696649e+02 -6.090938e+01  1.397003e+01
   endloop
 endfacet
 facet normal -8.968769e-01  4.422803e-01  0.000000e+00
   outer loop
     vertex  1.699027e+02 -6.051371e+01  1.397003e+01
     vertex  1.698007e+02 -6.072070e+01  9.906020e+00
     vertex  1.698007e+02 -6.072070e+01  1.397003e+01
   endloop
 endfacet
 facet normal -8.968769e-01  4.422803e-01  0.000000e+00
   outer loop
     vertex  1.699027e+02 -6.051371e+01  1.397003e+01
     vertex  1.699027e+02 -6.051371e+01  9.906020e+00
     vertex  1.698007e+02 -6.072070e+01  9.906020e+00
   endloop
 endfacet
 facet normal -9.571761e-01  2.895063e-01  0.000000e+00
   outer loop
     vertex  1.699691e+02 -6.029443e+01  1.397003e+01
     vertex  1.699027e+02 -6.051371e+01  9.906020e+00
     vertex  1.699027e+02 -6.051371e+01  1.397003e+01
   endloop
 endfacet
 facet normal -9.571761e-01  2.895063e-01  0.000000e+00
   outer loop
     vertex  1.699691e+02 -6.029443e+01  1.397003e+01
     vertex  1.699691e+02 -6.029443e+01  9.906020e+00
     vertex  1.699027e+02 -6.051371e+01  9.906020e+00
   endloop
 endfacet
 facet normal -9.876348e-01  1.567721e-01  0.000000e+00
   outer loop
     vertex  1.699929e+02 -6.014412e+01  1.397003e+01
     vertex  1.699691e+02 -6.029443e+01  9.906020e+00
     vertex  1.699691e+02 -6.029443e+01  1.397003e+01
   endloop
 endfacet
 facet normal -9.876348e-01  1.567721e-01  0.000000e+00
   outer loop
     vertex  1.699929e+02 -6.014412e+01  1.397003e+01
     vertex  1.699929e+02 -6.014412e+01  9.906020e+00
     vertex  1.699691e+02 -6.029443e+01  9.906020e+00
   endloop
 endfacet
 facet normal -9.986731e-01  5.149826e-02  0.000000e+00
   outer loop
     vertex  1.699929e+02 -6.014412e+01  1.397003e+01
     vertex  1.700003e+02 -6.000012e+01  9.906020e+00
     vertex  1.699929e+02 -6.014412e+01  9.906020e+00
   endloop
 endfacet
 facet normal -9.986731e-01  5.149826e-02  0.000000e+00
   outer loop
     vertex  1.700003e+02 -6.000012e+01  1.397003e+01
     vertex  1.700003e+02 -6.000012e+01  9.906020e+00
     vertex  1.699929e+02 -6.014412e+01  1.397003e+01
   endloop
 endfacet
 facet normal -9.968502e-01 -7.930703e-02  0.000000e+00
   outer loop
     vertex  9.838259e+01 -5.977876e+01  1.397003e+01
     vertex  9.840020e+01 -6.000012e+01  9.906020e+00
     vertex  9.840020e+01 -6.000012e+01  1.397003e+01
   endloop
 endfacet
 facet normal -9.968502e-01 -7.930703e-02 -0.000000e+00
   outer loop
     vertex  9.838259e+01 -5.977876e+01  1.397003e+01
     vertex  9.838259e+01 -5.977876e+01  9.906020e+00
     vertex  9.840020e+01 -6.000012e+01  9.906020e+00
   endloop
 endfacet
 facet normal -9.723323e-01 -2.336020e-01  0.000000e+00
   outer loop
     vertex  9.833227e+01 -5.956933e+01  1.397003e+01
     vertex  9.838259e+01 -5.977876e+01  9.906020e+00
     vertex  9.838259e+01 -5.977876e+01  1.397003e+01
   endloop
 endfacet
 facet normal -9.723323e-01 -2.336020e-01 -0.000000e+00
   outer loop
     vertex  9.833227e+01 -5.956933e+01  1.397003e+01
     vertex  9.833227e+01 -5.956933e+01  9.906020e+00
     vertex  9.838259e+01 -5.977876e+01  9.906020e+00
   endloop
 endfacet
 facet normal -9.245372e-01 -3.810918e-01  0.000000e+00
   outer loop
     vertex  9.824892e+01 -5.936711e+01  1.397003e+01
     vertex  9.833227e+01 -5.956933e+01  9.906020e+00
     vertex  9.833227e+01 -5.956933e+01  1.397003e+01
   endloop
 endfacet
 facet normal -9.245372e-01 -3.810918e-01 -0.000000e+00
   outer loop
     vertex  9.824892e+01 -5.936711e+01  1.397003e+01
     vertex  9.824892e+01 -5.936711e+01  9.906020e+00
     vertex  9.833227e+01 -5.956933e+01  9.906020e+00
   endloop
 endfacet
 facet normal -8.541715e-01 -5.199914e-01  0.000000e+00
   outer loop
     vertex  9.813595e+01 -5.918154e+01  1.397003e+01
     vertex  9.824892e+01 -5.936711e+01  9.906020e+00
     vertex  9.824892e+01 -5.936711e+01  1.397003e+01
   endloop
 endfacet
 facet normal -8.541715e-01 -5.199914e-01 -0.000000e+00
   outer loop
     vertex  9.813595e+01 -5.918154e+01  1.397003e+01
     vertex  9.813595e+01 -5.918154e+01  9.906020e+00
     vertex  9.824892e+01 -5.936711e+01  9.906020e+00
   endloop
 endfacet
 facet normal -7.637585e-01 -6.455021e-01  0.000000e+00
   outer loop
     vertex  9.799660e+01 -5.901667e+01  1.397003e+01
     vertex  9.813595e+01 -5.918154e+01  9.906020e+00
     vertex  9.813595e+01 -5.918154e+01  1.397003e+01
   endloop
 endfacet
 facet normal -7.637585e-01 -6.455021e-01 -0.000000e+00
   outer loop
     vertex  9.799660e+01 -5.901667e+01  1.397003e+01
     vertex  9.799660e+01 -5.901667e+01  9.906020e+00
     vertex  9.813595e+01 -5.918154e+01  9.906020e+00
   endloop
 endfacet
 facet normal -6.557998e-01 -7.549348e-01  0.000000e+00
   outer loop
     vertex  9.783463e+01 -5.887596e+01  1.397003e+01
     vertex  9.799660e+01 -5.901667e+01  9.906020e+00
     vertex  9.799660e+01 -5.901667e+01  1.397003e+01
   endloop
 endfacet
 facet normal -6.557998e-01 -7.549348e-01 -0.000000e+00
   outer loop
     vertex  9.783463e+01 -5.887596e+01  1.397003e+01
     vertex  9.783463e+01 -5.887596e+01  9.906020e+00
     vertex  9.799660e+01 -5.901667e+01  9.906020e+00
   endloop
 endfacet
 facet normal -5.331246e-01 -8.460368e-01  0.000000e+00
   outer loop
     vertex  9.765417e+01 -5.876225e+01  1.397003e+01
     vertex  9.783463e+01 -5.887596e+01  9.906020e+00
     vertex  9.783463e+01 -5.887596e+01  1.397003e+01
   endloop
 endfacet
 facet normal -5.331246e-01 -8.460368e-01 -0.000000e+00
   outer loop
     vertex  9.765417e+01 -5.876225e+01  1.397003e+01
     vertex  9.765417e+01 -5.876225e+01  9.906020e+00
     vertex  9.783463e+01 -5.887596e+01  9.906020e+00
   endloop
 endfacet
 facet normal -3.911285e-01 -9.203361e-01  0.000000e+00
   outer loop
     vertex  9.743750e+01 -5.867017e+01  1.397003e+01
     vertex  9.765417e+01 -5.876225e+01  9.906020e+00
     vertex  9.765417e+01 -5.876225e+01  1.397003e+01
   endloop
 endfacet
 facet normal -3.911285e-01 -9.203361e-01 -0.000000e+00
   outer loop
     vertex  9.743750e+01 -5.867017e+01  1.397003e+01
     vertex  9.743750e+01 -5.867017e+01  9.906020e+00
     vertex  9.765417e+01 -5.876225e+01  9.906020e+00
   endloop
 endfacet
 facet normal -2.319550e-01 -9.727265e-01 -0.000000e+00
   outer loop
     vertex  9.721010e+01 -5.861594e+01  1.397003e+01
     vertex  9.721010e+01 -5.861594e+01  9.906020e+00
     vertex  9.743750e+01 -5.867017e+01  9.906020e+00
   endloop
 endfacet
 facet normal -2.319550e-01 -9.727265e-01  0.000000e+00
   outer loop
     vertex  9.721010e+01 -5.861594e+01  1.397003e+01
     vertex  9.743750e+01 -5.867017e+01  9.906020e+00
     vertex  9.743750e+01 -5.867017e+01  1.397003e+01
   endloop
 endfacet
 facet normal -6.745011e-02 -9.977226e-01 -0.000000e+00
   outer loop
     vertex  9.697850e+01 -5.860029e+01  1.397003e+01
     vertex  9.697850e+01 -5.860029e+01  9.906020e+00
     vertex  9.721010e+01 -5.861594e+01  9.906020e+00
   endloop
 endfacet
 facet normal -6.745011e-02 -9.977226e-01  0.000000e+00
   outer loop
     vertex  9.697850e+01 -5.860029e+01  1.397003e+01
     vertex  9.721010e+01 -5.861594e+01  9.906020e+00
     vertex  9.721010e+01 -5.861594e+01  1.397003e+01
   endloop
 endfacet
 facet normal  9.773958e-02 -9.952120e-01  0.000000e+00
   outer loop
     vertex  9.674914e+01 -5.862281e+01  1.397003e+01
     vertex  9.697850e+01 -5.860029e+01  9.906020e+00
     vertex  9.697850e+01 -5.860029e+01  1.397003e+01
   endloop
 endfacet
 facet normal  9.773958e-02 -9.952120e-01  0.000000e+00
   outer loop
     vertex  9.674914e+01 -5.862281e+01  1.397003e+01
     vertex  9.674914e+01 -5.862281e+01  9.906020e+00
     vertex  9.697850e+01 -5.860029e+01  9.906020e+00
   endloop
 endfacet
 facet normal  2.590941e-01 -9.658521e-01  0.000000e+00
   outer loop
     vertex  9.674914e+01 -5.862281e+01  1.397003e+01
     vertex  9.652820e+01 -5.868208e+01  9.906020e+00
     vertex  9.674914e+01 -5.862281e+01  9.906020e+00
   endloop
 endfacet
 facet normal  2.590941e-01 -9.658521e-01  0.000000e+00
   outer loop
     vertex  9.652820e+01 -5.868208e+01  1.397003e+01
     vertex  9.652820e+01 -5.868208e+01  9.906020e+00
     vertex  9.674914e+01 -5.862281e+01  1.397003e+01
   endloop
 endfacet
 facet normal  4.123442e-01 -9.110282e-01  0.000000e+00
   outer loop
     vertex  9.632142e+01 -5.877567e+01  1.397003e+01
     vertex  9.632142e+01 -5.877567e+01  9.906020e+00
     vertex  9.652820e+01 -5.868208e+01  9.906020e+00
   endloop
 endfacet
 facet normal  4.123442e-01 -9.110282e-01  0.000000e+00
   outer loop
     vertex  9.632142e+01 -5.877567e+01  1.397003e+01
     vertex  9.652820e+01 -5.868208e+01  9.906020e+00
     vertex  9.652820e+01 -5.868208e+01  1.397003e+01
   endloop
 endfacet
 facet normal  5.514393e-01 -8.342150e-01  0.000000e+00
   outer loop
     vertex  9.613962e+01 -5.889585e+01  1.397003e+01
     vertex  9.613962e+01 -5.889585e+01  9.906020e+00
     vertex  9.632142e+01 -5.877567e+01  9.906020e+00
   endloop
 endfacet
 facet normal  6.749033e-01 -7.379061e-01  0.000000e+00
   outer loop
     vertex  9.613962e+01 -5.889585e+01  1.397003e+01
     vertex  9.597690e+01 -5.904467e+01  9.906020e+00
     vertex  9.613962e+01 -5.889585e+01  9.906020e+00
   endloop
 endfacet
 facet normal  5.514393e-01 -8.342150e-01  0.000000e+00
   outer loop
     vertex  9.613962e+01 -5.889585e+01  1.397003e+01
     vertex  9.632142e+01 -5.877567e+01  9.906020e+00
     vertex  9.632142e+01 -5.877567e+01  1.397003e+01
   endloop
 endfacet
 facet normal  6.749033e-01 -7.379061e-01  0.000000e+00
   outer loop
     vertex  9.597690e+01 -5.904467e+01  1.397003e+01
     vertex  9.597690e+01 -5.904467e+01  9.906020e+00
     vertex  9.613962e+01 -5.889585e+01  1.397003e+01
   endloop
 endfacet
 facet normal  7.820351e-01 -6.232344e-01  0.000000e+00
   outer loop
     vertex  9.584048e+01 -5.921585e+01  1.397003e+01
     vertex  9.584048e+01 -5.921585e+01  9.906020e+00
     vertex  9.597690e+01 -5.904467e+01  9.906020e+00
   endloop
 endfacet
 facet normal  8.693580e-01 -4.941828e-01  0.000000e+00
   outer loop
     vertex  9.584048e+01 -5.921585e+01  1.397003e+01
     vertex  9.573305e+01 -5.940485e+01  9.906020e+00
     vertex  9.584048e+01 -5.921585e+01  9.906020e+00
   endloop
 endfacet
 facet normal  7.820351e-01 -6.232344e-01  0.000000e+00
   outer loop
     vertex  9.584048e+01 -5.921585e+01  1.397003e+01
     vertex  9.597690e+01 -5.904467e+01  9.906020e+00
     vertex  9.597690e+01 -5.904467e+01  1.397003e+01
   endloop
 endfacet
 facet normal  9.352084e-01 -3.540978e-01  0.000000e+00
   outer loop
     vertex  9.573305e+01 -5.940485e+01  1.397003e+01
     vertex  9.565656e+01 -5.960687e+01  9.906020e+00
     vertex  9.573305e+01 -5.940485e+01  9.906020e+00
   endloop
 endfacet
 facet normal  8.693580e-01 -4.941828e-01  0.000000e+00
   outer loop
     vertex  9.573305e+01 -5.940485e+01  1.397003e+01
     vertex  9.573305e+01 -5.940485e+01  9.906020e+00
     vertex  9.584048e+01 -5.921585e+01  1.397003e+01
   endloop
 endfacet
 facet normal  9.352084e-01 -3.540978e-01  0.000000e+00
   outer loop
     vertex  9.565656e+01 -5.960687e+01  1.397003e+01
     vertex  9.565656e+01 -5.960687e+01  9.906020e+00
     vertex  9.573305e+01 -5.940485e+01  1.397003e+01
   endloop
 endfacet
 facet normal  9.784512e-01 -2.064784e-01  0.000000e+00
   outer loop
     vertex  9.561223e+01 -5.981693e+01  1.397003e+01
     vertex  9.561223e+01 -5.981693e+01  9.906020e+00
     vertex  9.565656e+01 -5.960687e+01  9.906020e+00
   endloop
 endfacet
 facet normal  9.984920e-01 -5.489821e-02  0.000000e+00
   outer loop
     vertex  9.561223e+01 -5.981693e+01  1.397003e+01
     vertex  9.560051e+01 -6.003004e+01  9.906020e+00
     vertex  9.561223e+01 -5.981693e+01  9.906020e+00
   endloop
 endfacet
 facet normal  9.784512e-01 -2.064784e-01  0.000000e+00
   outer loop
     vertex  9.561223e+01 -5.981693e+01  1.397003e+01
     vertex  9.565656e+01 -5.960687e+01  9.906020e+00
     vertex  9.565656e+01 -5.960687e+01  1.397003e+01
   endloop
 endfacet
 facet normal  9.984920e-01 -5.489821e-02  0.000000e+00
   outer loop
     vertex  9.560051e+01 -6.003004e+01  1.397003e+01
     vertex  9.560051e+01 -6.003004e+01  9.906020e+00
     vertex  9.561223e+01 -5.981693e+01  1.397003e+01
   endloop
 endfacet
 facet normal  9.944284e-01  1.054147e-01  0.000000e+00
   outer loop
     vertex  9.562535e+01 -6.026432e+01  1.397003e+01
     vertex  9.562535e+01 -6.026432e+01  9.906020e+00
     vertex  9.560051e+01 -6.003004e+01  9.906020e+00
   endloop
 endfacet
 facet normal  9.944284e-01  1.054147e-01  0.000000e+00
   outer loop
     vertex  9.562535e+01 -6.026432e+01  1.397003e+01
     vertex  9.560051e+01 -6.003004e+01  9.906020e+00
     vertex  9.560051e+01 -6.003004e+01  1.397003e+01
   endloop
 endfacet
 facet normal  9.628327e-01  2.700984e-01  0.000000e+00
   outer loop
     vertex  9.568853e+01 -6.048956e+01  1.397003e+01
     vertex  9.562535e+01 -6.026432e+01  9.906020e+00
     vertex  9.562535e+01 -6.026432e+01  1.397003e+01
   endloop
 endfacet
 facet normal  9.628327e-01  2.700984e-01  0.000000e+00
   outer loop
     vertex  9.568853e+01 -6.048956e+01  1.397003e+01
     vertex  9.568853e+01 -6.048956e+01  9.906020e+00
     vertex  9.562535e+01 -6.026432e+01  9.906020e+00
   endloop
 endfacet
 facet normal  9.046689e-01  4.261152e-01  0.000000e+00
   outer loop
     vertex  9.578751e+01 -6.069970e+01  1.397003e+01
     vertex  9.568853e+01 -6.048956e+01  9.906020e+00
     vertex  9.568853e+01 -6.048956e+01  1.397003e+01
   endloop
 endfacet
 facet normal  9.046689e-01  4.261152e-01  0.000000e+00
   outer loop
     vertex  9.578751e+01 -6.069970e+01  1.397003e+01
     vertex  9.578751e+01 -6.069970e+01  9.906020e+00
     vertex  9.568853e+01 -6.048956e+01  9.906020e+00
   endloop
 endfacet
 facet normal  8.221004e-01  5.693426e-01  0.000000e+00
   outer loop
     vertex  9.591881e+01 -6.088929e+01  1.397003e+01
     vertex  9.578751e+01 -6.069970e+01  9.906020e+00
     vertex  9.578751e+01 -6.069970e+01  1.397003e+01
   endloop
 endfacet
 facet normal  8.221004e-01  5.693426e-01  0.000000e+00
   outer loop
     vertex  9.591881e+01 -6.088929e+01  1.397003e+01
     vertex  9.591881e+01 -6.088929e+01  9.906020e+00
     vertex  9.578751e+01 -6.069970e+01  9.906020e+00
   endloop
 endfacet
 facet normal  7.179027e-01  6.961434e-01  0.000000e+00
   outer loop
     vertex  9.591881e+01 -6.088929e+01  1.397003e+01
     vertex  9.607817e+01 -6.105363e+01  9.906020e+00
     vertex  9.591881e+01 -6.088929e+01  9.906020e+00
   endloop
 endfacet
 facet normal  7.179027e-01  6.961434e-01  0.000000e+00
   outer loop
     vertex  9.607817e+01 -6.105363e+01  1.397003e+01
     vertex  9.607817e+01 -6.105363e+01  9.906020e+00
     vertex  9.591881e+01 -6.088929e+01  1.397003e+01
   endloop
 endfacet
 facet normal  5.953666e-01  8.034542e-01  0.000000e+00
   outer loop
     vertex  9.626068e+01 -6.118887e+01  1.397003e+01
     vertex  9.607817e+01 -6.105363e+01  9.906020e+00
     vertex  9.607817e+01 -6.105363e+01  1.397003e+01
   endloop
 endfacet
 facet normal  5.953666e-01  8.034542e-01  0.000000e+00
   outer loop
     vertex  9.626068e+01 -6.118887e+01  1.397003e+01
     vertex  9.626068e+01 -6.118887e+01  9.906020e+00
     vertex  9.607817e+01 -6.105363e+01  9.906020e+00
   endloop
 endfacet
 facet normal  4.615420e-01  8.871184e-01  0.000000e+00
   outer loop
     vertex  9.626068e+01 -6.118887e+01  1.397003e+01
     vertex  9.645119e+01 -6.128799e+01  9.906020e+00
     vertex  9.626068e+01 -6.118887e+01  9.906020e+00
   endloop
 endfacet
 facet normal  4.615420e-01  8.871184e-01  0.000000e+00
   outer loop
     vertex  9.645119e+01 -6.128799e+01  1.397003e+01
     vertex  9.645119e+01 -6.128799e+01  9.906020e+00
     vertex  9.626068e+01 -6.118887e+01  1.397003e+01
   endloop
 endfacet
 facet normal  3.184127e-01  9.479522e-01  0.000000e+00
   outer loop
     vertex  9.666041e+01 -6.135826e+01  1.397003e+01
     vertex  9.666041e+01 -6.135826e+01  9.906020e+00
     vertex  9.645119e+01 -6.128799e+01  9.906020e+00
   endloop
 endfacet
 facet normal  3.184127e-01  9.479522e-01  0.000000e+00
   outer loop
     vertex  9.666041e+01 -6.135826e+01  1.397003e+01
     vertex  9.645119e+01 -6.128799e+01  9.906020e+00
     vertex  9.645119e+01 -6.128799e+01  1.397003e+01
   endloop
 endfacet
 facet normal  1.660599e-01  9.861157e-01  0.000000e+00
   outer loop
     vertex  9.687643e+01 -6.139464e+01  1.397003e+01
     vertex  9.666041e+01 -6.135826e+01  9.906020e+00
     vertex  9.666041e+01 -6.135826e+01  1.397003e+01
   endloop
 endfacet
 facet normal  1.660599e-01  9.861157e-01  0.000000e+00
   outer loop
     vertex  9.687643e+01 -6.139464e+01  1.397003e+01
     vertex  9.687643e+01 -6.139464e+01  9.906020e+00
     vertex  9.666041e+01 -6.135826e+01  9.906020e+00
   endloop
 endfacet
 facet normal  1.073489e-02  9.999424e-01  0.000000e+00
   outer loop
     vertex  9.687643e+01 -6.139464e+01  1.397003e+01
     vertex  9.709399e+01 -6.139698e+01  9.906020e+00
     vertex  9.687643e+01 -6.139464e+01  9.906020e+00
   endloop
 endfacet
 facet normal  1.073489e-02  9.999424e-01  0.000000e+00
   outer loop
     vertex  9.709399e+01 -6.139698e+01  1.397003e+01
     vertex  9.709399e+01 -6.139698e+01  9.906020e+00
     vertex  9.687643e+01 -6.139464e+01  1.397003e+01
   endloop
 endfacet
 facet normal -1.438222e-01  9.896035e-01  0.000000e+00
   outer loop
     vertex  9.730790e+01 -6.136589e+01  1.397003e+01
     vertex  9.709399e+01 -6.139698e+01  9.906020e+00
     vertex  9.709399e+01 -6.139698e+01  1.397003e+01
   endloop
 endfacet
 facet normal -1.438222e-01  9.896035e-01  0.000000e+00
   outer loop
     vertex  9.730790e+01 -6.136589e+01  1.397003e+01
     vertex  9.730790e+01 -6.136589e+01  9.906020e+00
     vertex  9.709399e+01 -6.139698e+01  9.906020e+00
   endloop
 endfacet
 facet normal -2.939948e-01  9.558070e-01  0.000000e+00
   outer loop
     vertex  9.751325e+01 -6.130273e+01  1.397003e+01
     vertex  9.730790e+01 -6.136589e+01  9.906020e+00
     vertex  9.730790e+01 -6.136589e+01  1.397003e+01
   endloop
 endfacet
 facet normal -2.939948e-01  9.558070e-01  0.000000e+00
   outer loop
     vertex  9.751325e+01 -6.130273e+01  1.397003e+01
     vertex  9.751325e+01 -6.130273e+01  9.906020e+00
     vertex  9.730790e+01 -6.136589e+01  9.906020e+00
   endloop
 endfacet
 facet normal -4.363647e-01  8.997699e-01  0.000000e+00
   outer loop
     vertex  9.770541e+01 -6.120953e+01  1.397003e+01
     vertex  9.770541e+01 -6.120953e+01  9.906020e+00
     vertex  9.751325e+01 -6.130273e+01  9.906020e+00
   endloop
 endfacet
 facet normal -5.746707e-01  8.183847e-01  0.000000e+00
   outer loop
     vertex  9.770541e+01 -6.120953e+01  1.397003e+01
     vertex  9.789835e+01 -6.107405e+01  9.906020e+00
     vertex  9.770541e+01 -6.120953e+01  9.906020e+00
   endloop
 endfacet
 facet normal -4.363647e-01  8.997699e-01  0.000000e+00
   outer loop
     vertex  9.770541e+01 -6.120953e+01  1.397003e+01
     vertex  9.751325e+01 -6.130273e+01  9.906020e+00
     vertex  9.751325e+01 -6.130273e+01  1.397003e+01
   endloop
 endfacet
 facet normal -5.746707e-01  8.183847e-01  0.000000e+00
   outer loop
     vertex  9.789835e+01 -6.107405e+01  1.397003e+01
     vertex  9.789835e+01 -6.107405e+01  9.906020e+00
     vertex  9.770541e+01 -6.120953e+01  1.397003e+01
   endloop
 endfacet
 facet normal -7.034260e-01  7.107685e-01  0.000000e+00
   outer loop
     vertex  9.806474e+01 -6.090938e+01  1.397003e+01
     vertex  9.789835e+01 -6.107405e+01  9.906020e+00
     vertex  9.789835e+01 -6.107405e+01  1.397003e+01
   endloop
 endfacet
 facet normal -7.034260e-01  7.107685e-01  0.000000e+00
   outer loop
     vertex  9.806474e+01 -6.090938e+01  1.397003e+01
     vertex  9.806474e+01 -6.090938e+01  9.906020e+00
     vertex  9.789835e+01 -6.107405e+01  9.906020e+00
   endloop
 endfacet
 facet normal -8.116812e-01  5.841007e-01  0.000000e+00
   outer loop
     vertex  9.820051e+01 -6.072070e+01  1.397003e+01
     vertex  9.806474e+01 -6.090938e+01  9.906020e+00
     vertex  9.806474e+01 -6.090938e+01  1.397003e+01
   endloop
 endfacet
 facet normal -8.116812e-01  5.841007e-01  0.000000e+00
   outer loop
     vertex  9.820051e+01 -6.072070e+01  1.397003e+01
     vertex  9.820051e+01 -6.072070e+01  9.906020e+00
     vertex  9.806474e+01 -6.090938e+01  9.906020e+00
   endloop
 endfacet
 facet normal -8.968769e-01  4.422803e-01  0.000000e+00
   outer loop
     vertex  9.820051e+01 -6.072070e+01  1.397003e+01
     vertex  9.830259e+01 -6.051371e+01  9.906020e+00
     vertex  9.820051e+01 -6.072070e+01  9.906020e+00
   endloop
 endfacet
 facet normal -8.968769e-01  4.422803e-01  0.000000e+00
   outer loop
     vertex  9.830259e+01 -6.051371e+01  1.397003e+01
     vertex  9.830259e+01 -6.051371e+01  9.906020e+00
     vertex  9.820051e+01 -6.072070e+01  1.397003e+01
   endloop
 endfacet
 facet normal -9.571761e-01  2.895063e-01  0.000000e+00
   outer loop
     vertex  9.836891e+01 -6.029443e+01  1.397003e+01
     vertex  9.830259e+01 -6.051371e+01  9.906020e+00
     vertex  9.830259e+01 -6.051371e+01  1.397003e+01
   endloop
 endfacet
 facet normal -9.571761e-01  2.895063e-01  0.000000e+00
   outer loop
     vertex  9.836891e+01 -6.029443e+01  1.397003e+01
     vertex  9.836891e+01 -6.029443e+01  9.906020e+00
     vertex  9.830259e+01 -6.051371e+01  9.906020e+00
   endloop
 endfacet
 facet normal -9.876348e-01  1.567721e-01  0.000000e+00
   outer loop
     vertex  9.836891e+01 -6.029443e+01  1.397003e+01
     vertex  9.839277e+01 -6.014412e+01  9.906020e+00
     vertex  9.836891e+01 -6.029443e+01  9.906020e+00
   endloop
 endfacet
 facet normal -9.876348e-01  1.567721e-01  0.000000e+00
   outer loop
     vertex  9.839277e+01 -6.014412e+01  1.397003e+01
     vertex  9.839277e+01 -6.014412e+01  9.906020e+00
     vertex  9.836891e+01 -6.029443e+01  1.397003e+01
   endloop
 endfacet
 facet normal -9.986731e-01  5.149826e-02  0.000000e+00
   outer loop
     vertex  9.840020e+01 -6.000012e+01  1.397003e+01
     vertex  9.839277e+01 -6.014412e+01  9.906020e+00
     vertex  9.839277e+01 -6.014412e+01  1.397003e+01
   endloop
 endfacet
 facet normal -9.986731e-01  5.149826e-02  0.000000e+00
   outer loop
     vertex  9.840020e+01 -6.000012e+01  1.397003e+01
     vertex  9.840020e+01 -6.000012e+01  9.906020e+00
     vertex  9.839277e+01 -6.014412e+01  9.906020e+00
   endloop
 endfacet
 facet normal  0.000000e+00  0.000000e+00 -1.000000e+00
   outer loop
     vertex  1.691134e+02 -1.287029e+02  1.397003e+01
     vertex  1.689080e+02 -1.287660e+02  1.397003e+01
     vertex  1.686941e+02 -1.287971e+02  1.397003e+01
   endloop
 endfacet
 facet normal  0.000000e+00  0.000000e+00 -1.000000e+00
   outer loop
     vertex  1.673332e+02 -1.268050e+02  1.397003e+01
     vertex  1.672124e+02 -1.272171e+02  1.397003e+01
     vertex  1.672567e+02 -1.270070e+02  1.397003e+01
   endloop
 endfacet
 facet normal  0.000000e+00  0.000000e+00 -1.000000e+00
   outer loop
     vertex  1.673332e+02 -1.268050e+02  1.397003e+01
     vertex  1.672007e+02 -1.274302e+02  1.397003e+01
     vertex  1.672124e+02 -1.272171e+02  1.397003e+01
   endloop
 endfacet
 facet normal  0.000000e+00  0.000000e+00 -1.000000e+00
   outer loop
     vertex  1.673332e+02 -1.268050e+02  1.397003e+01
     vertex  1.672255e+02 -1.276645e+02  1.397003e+01
     vertex  1.672007e+02 -1.274302e+02  1.397003e+01
   endloop
 endfacet
 facet normal  0.000000e+00  0.000000e+00 -1.000000e+00
   outer loop
     vertex  1.694985e+02 -1.284742e+02  1.397003e+01
     vertex  1.686941e+02 -1.287971e+02  1.397003e+01
     vertex  1.684766e+02 -1.287948e+02  1.397003e+01
   endloop
 endfacet
 facet normal  0.000000e+00  0.000000e+00 -1.000000e+00
   outer loop
     vertex  1.694985e+02 -1.284742e+02  1.397003e+01
     vertex  1.693055e+02 -1.286097e+02  1.397003e+01
     vertex  1.691134e+02 -1.287029e+02  1.397003e+01
   endloop
 endfacet
 facet normal  0.000000e+00  0.000000e+00 -1.000000e+00
   outer loop
     vertex  1.694985e+02 -1.284742e+02  1.397003e+01
     vertex  1.691134e+02 -1.287029e+02  1.397003e+01
     vertex  1.686941e+02 -1.287971e+02  1.397003e+01
   endloop
 endfacet
 facet normal  0.000000e+00  0.000000e+00 -1.000000e+00
   outer loop
     vertex  1.677398e+02 -1.262960e+02  1.397003e+01
     vertex  1.674406e+02 -1.266160e+02  1.397003e+01
     vertex  1.675770e+02 -1.264448e+02  1.397003e+01
   endloop
 endfacet
 facet normal  0.000000e+00  0.000000e+00 -1.000000e+00
   outer loop
     vertex  1.677398e+02 -1.262960e+02  1.397003e+01
     vertex  1.673332e+02 -1.268050e+02  1.397003e+01
     vertex  1.674406e+02 -1.266160e+02  1.397003e+01
   endloop
 endfacet
 facet normal  0.000000e+00  0.000000e+00 -1.000000e+00
   outer loop
     vertex  1.677398e+02 -1.262960e+02  1.397003e+01
     vertex  1.672887e+02 -1.278897e+02  1.397003e+01
     vertex  1.672255e+02 -1.276645e+02  1.397003e+01
   endloop
 endfacet
 facet normal  0.000000e+00  0.000000e+00 -1.000000e+00
   outer loop
     vertex  1.677398e+02 -1.262960e+02  1.397003e+01
     vertex  1.673877e+02 -1.280998e+02  1.397003e+01
     vertex  1.672887e+02 -1.278897e+02  1.397003e+01
   endloop
 endfacet
 facet normal  0.000000e+00  0.000000e+00 -1.000000e+00
   outer loop
     vertex  1.677398e+02 -1.262960e+02  1.397003e+01
     vertex  1.675190e+02 -1.282894e+02  1.397003e+01
     vertex  1.673877e+02 -1.280998e+02  1.397003e+01
   endloop
 endfacet
 facet normal  0.000000e+00  0.000000e+00 -1.000000e+00
   outer loop
     vertex  1.677398e+02 -1.262960e+02  1.397003e+01
     vertex  1.676783e+02 -1.284538e+02  1.397003e+01
     vertex  1.675190e+02 -1.282894e+02  1.397003e+01
   endloop
 endfacet
 facet normal  0.000000e+00 -0.000000e+00 -1.000000e+00
   outer loop
     vertex  1.677398e+02 -1.262960e+02  1.397003e+01
     vertex  1.678608e+02 -1.285890e+02  1.397003e+01
     vertex  1.676783e+02 -1.284538e+02  1.397003e+01
   endloop
 endfacet
 facet normal  0.000000e+00  0.000000e+00 -1.000000e+00
   outer loop
     vertex  1.677398e+02 -1.262960e+02  1.397003e+01
     vertex  1.672255e+02 -1.276645e+02  1.397003e+01
     vertex  1.673332e+02 -1.268050e+02  1.397003e+01
   endloop
 endfacet
 facet normal  0.000000e+00  0.000000e+00 -1.000000e+00
   outer loop
     vertex  1.698007e+02 -1.281208e+02  1.397003e+01
     vertex  1.696649e+02 -1.283095e+02  1.397003e+01
     vertex  1.694985e+02 -1.284742e+02  1.397003e+01
   endloop
 endfacet
 facet normal  0.000000e+00 -0.000000e+00 -1.000000e+00
   outer loop
     vertex  1.679216e+02 -1.261758e+02  1.397003e+01
     vertex  1.680513e+02 -1.286881e+02  1.397003e+01
     vertex  1.678608e+02 -1.285890e+02  1.397003e+01
   endloop
 endfacet
 facet normal  0.000000e+00  0.000000e+00 -1.000000e+00
   outer loop
     vertex  1.679216e+02 -1.261758e+02  1.397003e+01
     vertex  1.678608e+02 -1.285890e+02  1.397003e+01
     vertex  1.677398e+02 -1.262960e+02  1.397003e+01
   endloop
 endfacet
 facet normal  0.000000e+00  0.000000e+00 -1.000000e+00
   outer loop
     vertex  1.699027e+02 -1.279138e+02  1.397003e+01
     vertex  1.682606e+02 -1.287584e+02  1.397003e+01
     vertex  1.680513e+02 -1.286881e+02  1.397003e+01
   endloop
 endfacet
 facet normal  0.000000e+00  0.000000e+00 -1.000000e+00
   outer loop
     vertex  1.699027e+02 -1.279138e+02  1.397003e+01
     vertex  1.684766e+02 -1.287948e+02  1.397003e+01
     vertex  1.682606e+02 -1.287584e+02  1.397003e+01
   endloop
 endfacet
 facet normal  0.000000e+00  0.000000e+00 -1.000000e+00
   outer loop
     vertex  1.699027e+02 -1.279138e+02  1.397003e+01
     vertex  1.694985e+02 -1.284742e+02  1.397003e+01
     vertex  1.684766e+02 -1.287948e+02  1.397003e+01
   endloop
 endfacet
 facet normal  0.000000e+00  0.000000e+00 -1.000000e+00
   outer loop
     vertex  1.699027e+02 -1.279138e+02  1.397003e+01
     vertex  1.698007e+02 -1.281208e+02  1.397003e+01
     vertex  1.694985e+02 -1.284742e+02  1.397003e+01
   endloop
 endfacet
 facet normal  0.000000e+00  0.000000e+00 -1.000000e+00
   outer loop
     vertex  1.685786e+02 -1.260004e+02  1.397003e+01
     vertex  1.681283e+02 -1.260822e+02  1.397003e+01
     vertex  1.683493e+02 -1.260229e+02  1.397003e+01
   endloop
 endfacet
 facet normal  0.000000e+00  0.000000e+00 -1.000000e+00
   outer loop
     vertex  1.700003e+02 -1.274003e+02  1.397003e+01
     vertex  1.699691e+02 -1.276946e+02  1.397003e+01
     vertex  1.699027e+02 -1.279138e+02  1.397003e+01
   endloop
 endfacet
 facet normal  0.000000e+00  0.000000e+00 -1.000000e+00
   outer loop
     vertex  1.700003e+02 -1.274003e+02  1.397003e+01
     vertex  1.699929e+02 -1.275443e+02  1.397003e+01
     vertex  1.699691e+02 -1.276946e+02  1.397003e+01
   endloop
 endfacet
 facet normal  0.000000e+00  0.000000e+00 -1.000000e+00
   outer loop
     vertex  1.700003e+02 -1.274003e+02  1.397003e+01
     vertex  1.699027e+02 -1.279138e+02  1.397003e+01
     vertex  1.680513e+02 -1.286881e+02  1.397003e+01
   endloop
 endfacet
 facet normal  0.000000e+00  0.000000e+00 -1.000000e+00
   outer loop
     vertex  1.699324e+02 -1.269695e+02  1.397003e+01
     vertex  1.699827e+02 -1.271789e+02  1.397003e+01
     vertex  1.700003e+02 -1.274003e+02  1.397003e+01
   endloop
 endfacet
 facet normal  0.000000e+00  0.000000e+00 -1.000000e+00
   outer loop
     vertex  1.690376e+02 -1.260703e+02  1.397003e+01
     vertex  1.685786e+02 -1.260004e+02  1.397003e+01
     vertex  1.688102e+02 -1.260161e+02  1.397003e+01
   endloop
 endfacet
 facet normal  0.000000e+00 -0.000000e+00 -1.000000e+00
   outer loop
     vertex  1.698491e+02 -1.267672e+02  1.397003e+01
     vertex  1.700003e+02 -1.274003e+02  1.397003e+01
     vertex  1.680513e+02 -1.286881e+02  1.397003e+01
   endloop
 endfacet
 facet normal -0.000000e+00  0.000000e+00 -1.000000e+00
   outer loop
     vertex  1.698491e+02 -1.267672e+02  1.397003e+01
     vertex  1.680513e+02 -1.286881e+02  1.397003e+01
     vertex  1.679216e+02 -1.261758e+02  1.397003e+01
   endloop
 endfacet
 facet normal  0.000000e+00  0.000000e+00 -1.000000e+00
   outer loop
     vertex  1.698491e+02 -1.267672e+02  1.397003e+01
     vertex  1.699324e+02 -1.269695e+02  1.397003e+01
     vertex  1.700003e+02 -1.274003e+02  1.397003e+01
   endloop
 endfacet
 facet normal  0.000000e+00  0.000000e+00 -1.000000e+00
   outer loop
     vertex  1.694348e+02 -1.262761e+02  1.397003e+01
     vertex  1.690376e+02 -1.260703e+02  1.397003e+01
     vertex  1.692543e+02 -1.261624e+02  1.397003e+01
   endloop
 endfacet
 facet normal  0.000000e+00  0.000000e+00 -1.000000e+00
   outer loop
     vertex  1.695967e+02 -1.264168e+02  1.397003e+01
     vertex  1.681283e+02 -1.260822e+02  1.397003e+01
     vertex  1.685786e+02 -1.260004e+02  1.397003e+01
   endloop
 endfacet
 facet normal  0.000000e+00  0.000000e+00 -1.000000e+00
   outer loop
     vertex  1.695967e+02 -1.264168e+02  1.397003e+01
     vertex  1.697361e+02 -1.265817e+02  1.397003e+01
     vertex  1.698491e+02 -1.267672e+02  1.397003e+01
   endloop
 endfacet
 facet normal  0.000000e+00  0.000000e+00 -1.000000e+00
   outer loop
     vertex  1.695967e+02 -1.264168e+02  1.397003e+01
     vertex  1.685786e+02 -1.260004e+02  1.397003e+01
     vertex  1.690376e+02 -1.260703e+02  1.397003e+01
   endloop
 endfacet
 facet normal  0.000000e+00  0.000000e+00 -1.000000e+00
   outer loop
     vertex  1.695967e+02 -1.264168e+02  1.397003e+01
     vertex  1.679216e+02 -1.261758e+02  1.397003e+01
     vertex  1.681283e+02 -1.260822e+02  1.397003e+01
   endloop
 endfacet
 facet normal  0.000000e+00  0.000000e+00 -1.000000e+00
   outer loop
     vertex  1.695967e+02 -1.264168e+02  1.397003e+01
     vertex  1.690376e+02 -1.260703e+02  1.397003e+01
     vertex  1.694348e+02 -1.262761e+02  1.397003e+01
   endloop
 endfacet
 facet normal -0.000000e+00 -0.000000e+00 -1.000000e+00
   outer loop
     vertex  1.695967e+02 -1.264168e+02  1.397003e+01
     vertex  1.698491e+02 -1.267672e+02  1.397003e+01
     vertex  1.679216e+02 -1.261758e+02  1.397003e+01
   endloop
 endfacet
 facet normal  0.000000e+00  0.000000e+00 -1.000000e+00
   outer loop
     vertex  9.578751e+01 -1.280998e+02  1.397003e+01
     vertex  9.607817e+01 -1.284538e+02  1.397003e+01
     vertex  9.591881e+01 -1.282894e+02  1.397003e+01
   endloop
 endfacet
 facet normal  0.000000e+00  0.000000e+00 -1.000000e+00
   outer loop
     vertex  9.573305e+01 -1.268050e+02  1.397003e+01
     vertex  9.561223e+01 -1.272171e+02  1.397003e+01
     vertex  9.565656e+01 -1.270070e+02  1.397003e+01
   endloop
 endfacet
 facet normal  0.000000e+00  0.000000e+00 -1.000000e+00
   outer loop
     vertex  9.573305e+01 -1.268050e+02  1.397003e+01
     vertex  9.560051e+01 -1.274302e+02  1.397003e+01
     vertex  9.561223e+01 -1.272171e+02  1.397003e+01
   endloop
 endfacet
 facet normal  0.000000e+00  0.000000e+00 -1.000000e+00
   outer loop
     vertex  9.573305e+01 -1.268050e+02  1.397003e+01
     vertex  9.562535e+01 -1.276645e+02  1.397003e+01
     vertex  9.560051e+01 -1.274302e+02  1.397003e+01
   endloop
 endfacet
 facet normal  0.000000e+00  0.000000e+00 -1.000000e+00
   outer loop
     vertex  9.573305e+01 -1.268050e+02  1.397003e+01
     vertex  9.568853e+01 -1.278897e+02  1.397003e+01
     vertex  9.562535e+01 -1.276645e+02  1.397003e+01
   endloop
 endfacet
 facet normal  0.000000e+00 -0.000000e+00 -1.000000e+00
   outer loop
     vertex  9.573305e+01 -1.268050e+02  1.397003e+01
     vertex  9.578751e+01 -1.280998e+02  1.397003e+01
     vertex  9.568853e+01 -1.278897e+02  1.397003e+01
   endloop
 endfacet
 facet normal  0.000000e+00  0.000000e+00 -1.000000e+00
   outer loop
     vertex  9.597690e+01 -1.264448e+02  1.397003e+01
     vertex  9.573305e+01 -1.268050e+02  1.397003e+01
     vertex  9.584048e+01 -1.266160e+02  1.397003e+01
   endloop
 endfacet
 facet normal  0.000000e+00  0.000000e+00 -1.000000e+00
   outer loop
     vertex  9.597690e+01 -1.264448e+02  1.397003e+01
     vertex  9.578751e+01 -1.280998e+02  1.397003e+01
     vertex  9.573305e+01 -1.268050e+02  1.397003e+01
   endloop
 endfacet
 facet normal  0.000000e+00  0.000000e+00 -1.000000e+00
   outer loop
     vertex  9.806474e+01 -1.283095e+02  1.397003e+01
     vertex  9.789835e+01 -1.284742e+02  1.397003e+01
     vertex  9.770541e+01 -1.286097e+02  1.397003e+01
   endloop
 endfacet
 facet normal  0.000000e+00  0.000000e+00 -1.000000e+00
   outer loop
     vertex  9.613962e+01 -1.262960e+02  1.397003e+01
     vertex  9.607817e+01 -1.284538e+02  1.397003e+01
     vertex  9.578751e+01 -1.280998e+02  1.397003e+01
   endloop
 endfacet
 facet normal  0.000000e+00  0.000000e+00 -1.000000e+00
   outer loop
     vertex  9.613962e+01 -1.262960e+02  1.397003e+01
     vertex  9.578751e+01 -1.280998e+02  1.397003e+01
     vertex  9.597690e+01 -1.264448e+02  1.397003e+01
   endloop
 endfacet
 facet normal  0.000000e+00  0.000000e+00 -1.000000e+00
   outer loop
     vertex  9.632142e+01 -1.261758e+02  1.397003e+01
     vertex  9.626068e+01 -1.285890e+02  1.397003e+01
     vertex  9.607817e+01 -1.284538e+02  1.397003e+01
   endloop
 endfacet
 facet normal  0.000000e+00 -0.000000e+00 -1.000000e+00
   outer loop
     vertex  9.632142e+01 -1.261758e+02  1.397003e+01
     vertex  9.645119e+01 -1.286881e+02  1.397003e+01
     vertex  9.626068e+01 -1.285890e+02  1.397003e+01
   endloop
 endfacet
 facet normal  0.000000e+00  0.000000e+00 -1.000000e+00
   outer loop
     vertex  9.632142e+01 -1.261758e+02  1.397003e+01
     vertex  9.607817e+01 -1.284538e+02  1.397003e+01
     vertex  9.613962e+01 -1.262960e+02  1.397003e+01
   endloop
 endfacet
 facet normal  0.000000e+00  0.000000e+00 -1.000000e+00
   outer loop
     vertex  9.830259e+01 -1.279138e+02  1.397003e+01
     vertex  9.820051e+01 -1.281208e+02  1.397003e+01
     vertex  9.806474e+01 -1.283095e+02  1.397003e+01
   endloop
 endfacet
 facet normal  0.000000e+00  0.000000e+00 -1.000000e+00
   outer loop
     vertex  9.652820e+01 -1.260822e+02  1.397003e+01
     vertex  9.645119e+01 -1.286881e+02  1.397003e+01
     vertex  9.632142e+01 -1.261758e+02  1.397003e+01
   endloop
 endfacet
 facet normal  0.000000e+00  0.000000e+00 -1.000000e+00
   outer loop
     vertex  9.839277e+01 -1.275443e+02  1.397003e+01
     vertex  9.836891e+01 -1.276946e+02  1.397003e+01
     vertex  9.830259e+01 -1.279138e+02  1.397003e+01
   endloop
 endfacet
 facet normal  0.000000e+00  0.000000e+00 -1.000000e+00
   outer loop
     vertex  9.697850e+01 -1.260004e+02  1.397003e+01
     vertex  9.652820e+01 -1.260822e+02  1.397003e+01
     vertex  9.674914e+01 -1.260229e+02  1.397003e+01
   endloop
 endfacet
 facet normal  0.000000e+00  0.000000e+00 -1.000000e+00
   outer loop
     vertex  9.697850e+01 -1.260004e+02  1.397003e+01
     vertex  9.645119e+01 -1.286881e+02  1.397003e+01
     vertex  9.652820e+01 -1.260822e+02  1.397003e+01
   endloop
 endfacet
 facet normal  0.000000e+00  0.000000e+00 -1.000000e+00
   outer loop
     vertex  9.721010e+01 -1.260161e+02  1.397003e+01
     vertex  9.666041e+01 -1.287584e+02  1.397003e+01
     vertex  9.645119e+01 -1.286881e+02  1.397003e+01
   endloop
 endfacet
 facet normal  0.000000e+00  0.000000e+00 -1.000000e+00
   outer loop
     vertex  9.721010e+01 -1.260161e+02  1.397003e+01
     vertex  9.687643e+01 -1.287948e+02  1.397003e+01
     vertex  9.666041e+01 -1.287584e+02  1.397003e+01
   endloop
 endfacet
 facet normal  0.000000e+00  0.000000e+00 -1.000000e+00
   outer loop
     vertex  9.721010e+01 -1.260161e+02  1.397003e+01
     vertex  9.709399e+01 -1.287971e+02  1.397003e+01
     vertex  9.687643e+01 -1.287948e+02  1.397003e+01
   endloop
 endfacet
 facet normal  0.000000e+00 -0.000000e+00 -1.000000e+00
   outer loop
     vertex  9.721010e+01 -1.260161e+02  1.397003e+01
     vertex  9.730790e+01 -1.287660e+02  1.397003e+01
     vertex  9.709399e+01 -1.287971e+02  1.397003e+01
   endloop
 endfacet
 facet normal -0.000000e+00  0.000000e+00 -1.000000e+00
   outer loop
     vertex  9.721010e+01 -1.260161e+02  1.397003e+01
     vertex  9.645119e+01 -1.286881e+02  1.397003e+01
     vertex  9.697850e+01 -1.260004e+02  1.397003e+01
   endloop
 endfacet
 facet normal  0.000000e+00  0.000000e+00 -1.000000e+00
   outer loop
     vertex  9.833227e+01 -1.269695e+02  1.397003e+01
     vertex  9.838259e+01 -1.271789e+02  1.397003e+01
     vertex  9.840020e+01 -1.274003e+02  1.397003e+01
   endloop
 endfacet
 facet normal  0.000000e+00  0.000000e+00 -1.000000e+00
   outer loop
     vertex  9.833227e+01 -1.269695e+02  1.397003e+01
     vertex  9.840020e+01 -1.274003e+02  1.397003e+01
     vertex  9.839277e+01 -1.275443e+02  1.397003e+01
   endloop
 endfacet
 facet normal  0.000000e+00  0.000000e+00 -1.000000e+00
   outer loop
     vertex  9.833227e+01 -1.269695e+02  1.397003e+01
     vertex  9.830259e+01 -1.279138e+02  1.397003e+01
     vertex  9.806474e+01 -1.283095e+02  1.397003e+01
   endloop
 endfacet
 facet normal  0.000000e+00 -0.000000e+00 -1.000000e+00
   outer loop
     vertex  9.833227e+01 -1.269695e+02  1.397003e+01
     vertex  9.839277e+01 -1.275443e+02  1.397003e+01
     vertex  9.830259e+01 -1.279138e+02  1.397003e+01
   endloop
 endfacet
 facet normal  0.000000e+00 -0.000000e+00 -1.000000e+00
   outer loop
     vertex  9.824892e+01 -1.267672e+02  1.397003e+01
     vertex  9.833227e+01 -1.269695e+02  1.397003e+01
     vertex  9.806474e+01 -1.283095e+02  1.397003e+01
   endloop
 endfacet
 facet normal  0.000000e+00 -0.000000e+00 -1.000000e+00
   outer loop
     vertex  9.813595e+01 -1.265817e+02  1.397003e+01
     vertex  9.824892e+01 -1.267672e+02  1.397003e+01
     vertex  9.806474e+01 -1.283095e+02  1.397003e+01
   endloop
 endfacet
 facet normal  0.000000e+00  0.000000e+00 -1.000000e+00
   outer loop
     vertex  9.783463e+01 -1.262761e+02  1.397003e+01
     vertex  9.743750e+01 -1.260703e+02  1.397003e+01
     vertex  9.765417e+01 -1.261624e+02  1.397003e+01
   endloop
 endfacet
 facet normal  0.000000e+00  0.000000e+00 -1.000000e+00
   outer loop
     vertex  9.783463e+01 -1.262761e+02  1.397003e+01
     vertex  9.721010e+01 -1.260161e+02  1.397003e+01
     vertex  9.743750e+01 -1.260703e+02  1.397003e+01
   endloop
 endfacet
 facet normal  0.000000e+00  0.000000e+00 -1.000000e+00
   outer loop
     vertex  9.783463e+01 -1.262761e+02  1.397003e+01
     vertex  9.751325e+01 -1.287029e+02  1.397003e+01
     vertex  9.730790e+01 -1.287660e+02  1.397003e+01
   endloop
 endfacet
 facet normal  0.000000e+00  0.000000e+00 -1.000000e+00
   outer loop
     vertex  9.783463e+01 -1.262761e+02  1.397003e+01
     vertex  9.770541e+01 -1.286097e+02  1.397003e+01
     vertex  9.751325e+01 -1.287029e+02  1.397003e+01
   endloop
 endfacet
 facet normal -0.000000e+00  0.000000e+00 -1.000000e+00
   outer loop
     vertex  9.783463e+01 -1.262761e+02  1.397003e+01
     vertex  9.730790e+01 -1.287660e+02  1.397003e+01
     vertex  9.721010e+01 -1.260161e+02  1.397003e+01
   endloop
 endfacet
 facet normal  0.000000e+00  0.000000e+00 -1.000000e+00
   outer loop
     vertex  9.799660e+01 -1.264168e+02  1.397003e+01
     vertex  9.813595e+01 -1.265817e+02  1.397003e+01
     vertex  9.806474e+01 -1.283095e+02  1.397003e+01
   endloop
 endfacet
 facet normal -0.000000e+00  0.000000e+00 -1.000000e+00
   outer loop
     vertex  9.799660e+01 -1.264168e+02  1.397003e+01
     vertex  9.770541e+01 -1.286097e+02  1.397003e+01
     vertex  9.783463e+01 -1.262761e+02  1.397003e+01
   endloop
 endfacet
 facet normal  0.000000e+00 -0.000000e+00 -1.000000e+00
   outer loop
     vertex  9.799660e+01 -1.264168e+02  1.397003e+01
     vertex  9.806474e+01 -1.283095e+02  1.397003e+01
     vertex  9.770541e+01 -1.286097e+02  1.397003e+01
   endloop
 endfacet
 facet normal  0.000000e+00  0.000000e+00 -1.000000e+00
   outer loop
     vertex  1.684766e+02 -6.139464e+01  1.397003e+01
     vertex  1.678608e+02 -6.118887e+01  1.397003e+01
     vertex  1.676783e+02 -6.105363e+01  1.397003e+01
   endloop
 endfacet
 facet normal  0.000000e+00  0.000000e+00 -1.000000e+00
   outer loop
     vertex  1.684766e+02 -6.139464e+01  1.397003e+01
     vertex  1.680513e+02 -6.128799e+01  1.397003e+01
     vertex  1.678608e+02 -6.118887e+01  1.397003e+01
   endloop
 endfacet
 facet normal  0.000000e+00  0.000000e+00 -1.000000e+00
   outer loop
     vertex  1.684766e+02 -6.139464e+01  1.397003e+01
     vertex  1.682606e+02 -6.135826e+01  1.397003e+01
     vertex  1.680513e+02 -6.128799e+01  1.397003e+01
   endloop
 endfacet
 facet normal  0.000000e+00  0.000000e+00 -1.000000e+00
   outer loop
     vertex  1.691134e+02 -6.130273e+01  1.397003e+01
     vertex  1.686941e+02 -6.139698e+01  1.397003e+01
     vertex  1.684766e+02 -6.139464e+01  1.397003e+01
   endloop
 endfacet
 facet normal  0.000000e+00  0.000000e+00 -1.000000e+00
   outer loop
     vertex  1.691134e+02 -6.130273e+01  1.397003e+01
     vertex  1.689080e+02 -6.136589e+01  1.397003e+01
     vertex  1.686941e+02 -6.139698e+01  1.397003e+01
   endloop
 endfacet
 facet normal  0.000000e+00  0.000000e+00 -1.000000e+00
   outer loop
     vertex  1.694985e+02 -6.107405e+01  1.397003e+01
     vertex  1.676783e+02 -6.105363e+01  1.397003e+01
     vertex  1.675190e+02 -6.088929e+01  1.397003e+01
   endloop
 endfacet
 facet normal  0.000000e+00  0.000000e+00 -1.000000e+00
   outer loop
     vertex  1.694985e+02 -6.107405e+01  1.397003e+01
     vertex  1.693055e+02 -6.120953e+01  1.397003e+01
     vertex  1.691134e+02 -6.130273e+01  1.397003e+01
   endloop
 endfacet
 facet normal -0.000000e+00  0.000000e+00 -1.000000e+00
   outer loop
     vertex  1.694985e+02 -6.107405e+01  1.397003e+01
     vertex  1.684766e+02 -6.139464e+01  1.397003e+01
     vertex  1.676783e+02 -6.105363e+01  1.397003e+01
   endloop
 endfacet
 facet normal  0.000000e+00  0.000000e+00 -1.000000e+00
   outer loop
     vertex  1.694985e+02 -6.107405e+01  1.397003e+01
     vertex  1.691134e+02 -6.130273e+01  1.397003e+01
     vertex  1.684766e+02 -6.139464e+01  1.397003e+01
   endloop
 endfacet
 facet normal  0.000000e+00  0.000000e+00 -1.000000e+00
   outer loop
     vertex  1.696649e+02 -6.090938e+01  1.397003e+01
     vertex  1.675190e+02 -6.088929e+01  1.397003e+01
     vertex  1.673877e+02 -6.069970e+01  1.397003e+01
   endloop
 endfacet
 facet normal -0.000000e+00  0.000000e+00 -1.000000e+00
   outer loop
     vertex  1.696649e+02 -6.090938e+01  1.397003e+01
     vertex  1.694985e+02 -6.107405e+01  1.397003e+01
     vertex  1.675190e+02 -6.088929e+01  1.397003e+01
   endloop
 endfacet
 facet normal  0.000000e+00  0.000000e+00 -1.000000e+00
   outer loop
     vertex  1.698007e+02 -6.072070e+01  1.397003e+01
     vertex  1.673877e+02 -6.069970e+01  1.397003e+01
     vertex  1.672887e+02 -6.048956e+01  1.397003e+01
   endloop
 endfacet
 facet normal -0.000000e+00  0.000000e+00 -1.000000e+00
   outer loop
     vertex  1.698007e+02 -6.072070e+01  1.397003e+01
     vertex  1.696649e+02 -6.090938e+01  1.397003e+01
     vertex  1.673877e+02 -6.069970e+01  1.397003e+01
   endloop
 endfacet
 facet normal  0.000000e+00  0.000000e+00 -1.000000e+00
   outer loop
     vertex  1.679216e+02 -5.877567e+01  1.397003e+01
     vertex  1.675770e+02 -5.904467e+01  1.397003e+01
     vertex  1.677398e+02 -5.889585e+01  1.397003e+01
   endloop
 endfacet
 facet normal -0.000000e+00  0.000000e+00 -1.000000e+00
   outer loop
     vertex  1.699027e+02 -6.051371e+01  1.397003e+01
     vertex  1.698007e+02 -6.072070e+01  1.397003e+01
     vertex  1.672887e+02 -6.048956e+01  1.397003e+01
   endloop
 endfacet
 facet normal -0.000000e+00  0.000000e+00 -1.000000e+00
   outer loop
     vertex  1.699691e+02 -6.029443e+01  1.397003e+01
     vertex  1.672887e+02 -6.048956e+01  1.397003e+01
     vertex  1.672255e+02 -6.026432e+01  1.397003e+01
   endloop
 endfacet
 facet normal  0.000000e+00  0.000000e+00 -1.000000e+00
   outer loop
     vertex  1.699691e+02 -6.029443e+01  1.397003e+01
     vertex  1.699027e+02 -6.051371e+01  1.397003e+01
     vertex  1.672887e+02 -6.048956e+01  1.397003e+01
   endloop
 endfacet
 facet normal  0.000000e+00  0.000000e+00 -1.000000e+00
   outer loop
     vertex  1.683493e+02 -5.862281e+01  1.397003e+01
     vertex  1.679216e+02 -5.877567e+01  1.397003e+01
     vertex  1.681283e+02 -5.868208e+01  1.397003e+01
   endloop
 endfacet
 facet normal  0.000000e+00  0.000000e+00 -1.000000e+00
   outer loop
     vertex  1.685786e+02 -5.860029e+01  1.397003e+01
     vertex  1.679216e+02 -5.877567e+01  1.397003e+01
     vertex  1.683493e+02 -5.862281e+01  1.397003e+01
   endloop
 endfacet
 facet normal  0.000000e+00  0.000000e+00 -1.000000e+00
   outer loop
     vertex  1.700003e+02 -6.000012e+01  1.397003e+01
     vertex  1.672255e+02 -6.026432e+01  1.397003e+01
     vertex  1.672007e+02 -6.003004e+01  1.397003e+01
   endloop
 endfacet
 facet normal  0.000000e+00  0.000000e+00 -1.000000e+00
   outer loop
     vertex  1.700003e+02 -6.000012e+01  1.397003e+01
     vertex  1.699929e+02 -6.014412e+01  1.397003e+01
     vertex  1.699691e+02 -6.029443e+01  1.397003e+01
   endloop
 endfacet
 facet normal  0.000000e+00  0.000000e+00 -1.000000e+00
   outer loop
     vertex  1.700003e+02 -6.000012e+01  1.397003e+01
     vertex  1.699691e+02 -6.029443e+01  1.397003e+01
     vertex  1.672255e+02 -6.026432e+01  1.397003e+01
   endloop
 endfacet
 facet normal  0.000000e+00  0.000000e+00 -1.000000e+00
   outer loop
     vertex  1.699324e+02 -5.956933e+01  1.397003e+01
     vertex  1.699827e+02 -5.977876e+01  1.397003e+01
     vertex  1.700003e+02 -6.000012e+01  1.397003e+01
   endloop
 endfacet
 facet normal  0.000000e+00  0.000000e+00 -1.000000e+00
   outer loop
     vertex  1.699324e+02 -5.956933e+01  1.397003e+01
     vertex  1.672007e+02 -6.003004e+01  1.397003e+01
     vertex  1.672124e+02 -5.981693e+01  1.397003e+01
   endloop
 endfacet
 facet normal  0.000000e+00 -0.000000e+00 -1.000000e+00
   outer loop
     vertex  1.699324e+02 -5.956933e+01  1.397003e+01
     vertex  1.700003e+02 -6.000012e+01  1.397003e+01
     vertex  1.672007e+02 -6.003004e+01  1.397003e+01
   endloop
 endfacet
 facet normal -0.000000e+00  0.000000e+00 -1.000000e+00
   outer loop
     vertex  1.690376e+02 -5.867017e+01  1.397003e+01
     vertex  1.679216e+02 -5.877567e+01  1.397003e+01
     vertex  1.685786e+02 -5.860029e+01  1.397003e+01
   endloop
 endfacet
 facet normal  0.000000e+00  0.000000e+00 -1.000000e+00
   outer loop
     vertex  1.690376e+02 -5.867017e+01  1.397003e+01
     vertex  1.685786e+02 -5.860029e+01  1.397003e+01
     vertex  1.688102e+02 -5.861594e+01  1.397003e+01
   endloop
 endfacet
 facet normal  0.000000e+00  0.000000e+00 -1.000000e+00
   outer loop
     vertex  1.690376e+02 -5.867017e+01  1.397003e+01
     vertex  1.675770e+02 -5.904467e+01  1.397003e+01
     vertex  1.679216e+02 -5.877567e+01  1.397003e+01
   endloop
 endfacet
 facet normal  0.000000e+00  0.000000e+00 -1.000000e+00
   outer loop
     vertex  1.697361e+02 -5.918154e+01  1.397003e+01
     vertex  1.698491e+02 -5.936711e+01  1.397003e+01
     vertex  1.699324e+02 -5.956933e+01  1.397003e+01
   endloop
 endfacet
 facet normal  0.000000e+00 -0.000000e+00 -1.000000e+00
   outer loop
     vertex  1.697361e+02 -5.918154e+01  1.397003e+01
     vertex  1.699324e+02 -5.956933e+01  1.397003e+01
     vertex  1.672124e+02 -5.981693e+01  1.397003e+01
   endloop
 endfacet
 facet normal  0.000000e+00  0.000000e+00 -1.000000e+00
   outer loop
     vertex  1.697361e+02 -5.918154e+01  1.397003e+01
     vertex  1.672124e+02 -5.981693e+01  1.397003e+01
     vertex  1.672567e+02 -5.960687e+01  1.397003e+01
   endloop
 endfacet
 facet normal  0.000000e+00  0.000000e+00 -1.000000e+00
   outer loop
     vertex  1.694348e+02 -5.887596e+01  1.397003e+01
     vertex  1.690376e+02 -5.867017e+01  1.397003e+01
     vertex  1.692543e+02 -5.876225e+01  1.397003e+01
   endloop
 endfacet
 facet normal -0.000000e+00  0.000000e+00 -1.000000e+00
   outer loop
     vertex  1.695967e+02 -5.901667e+01  1.397003e+01
     vertex  1.675770e+02 -5.904467e+01  1.397003e+01
     vertex  1.690376e+02 -5.867017e+01  1.397003e+01
   endloop
 endfacet
 facet normal  0.000000e+00  0.000000e+00 -1.000000e+00
   outer loop
     vertex  1.695967e+02 -5.901667e+01  1.397003e+01
     vertex  1.674406e+02 -5.921585e+01  1.397003e+01
     vertex  1.675770e+02 -5.904467e+01  1.397003e+01
   endloop
 endfacet
 facet normal  0.000000e+00  0.000000e+00 -1.000000e+00
   outer loop
     vertex  1.695967e+02 -5.901667e+01  1.397003e+01
     vertex  1.690376e+02 -5.867017e+01  1.397003e+01
     vertex  1.694348e+02 -5.887596e+01  1.397003e+01
   endloop
 endfacet
 facet normal  0.000000e+00  0.000000e+00 -1.000000e+00
   outer loop
     vertex  1.695967e+02 -5.901667e+01  1.397003e+01
     vertex  1.673332e+02 -5.940485e+01  1.397003e+01
     vertex  1.674406e+02 -5.921585e+01  1.397003e+01
   endloop
 endfacet
 facet normal  0.000000e+00  0.000000e+00 -1.000000e+00
   outer loop
     vertex  1.695967e+02 -5.901667e+01  1.397003e+01
     vertex  1.672567e+02 -5.960687e+01  1.397003e+01
     vertex  1.673332e+02 -5.940485e+01  1.397003e+01
   endloop
 endfacet
 facet normal  0.000000e+00 -0.000000e+00 -1.000000e+00
   outer loop
     vertex  1.695967e+02 -5.901667e+01  1.397003e+01
     vertex  1.697361e+02 -5.918154e+01  1.397003e+01
     vertex  1.672567e+02 -5.960687e+01  1.397003e+01
   endloop
 endfacet
 facet normal  0.000000e+00  0.000000e+00 -1.000000e+00
   outer loop
     vertex  9.666041e+01 -6.135826e+01  1.397003e+01
     vertex  9.591881e+01 -6.088929e+01  1.397003e+01
     vertex  9.578751e+01 -6.069970e+01  1.397003e+01
   endloop
 endfacet
 facet normal  0.000000e+00  0.000000e+00 -1.000000e+00
   outer loop
     vertex  9.666041e+01 -6.135826e+01  1.397003e+01
     vertex  9.607817e+01 -6.105363e+01  1.397003e+01
     vertex  9.591881e+01 -6.088929e+01  1.397003e+01
   endloop
 endfacet
 facet normal  0.000000e+00  0.000000e+00 -1.000000e+00
   outer loop
     vertex  9.666041e+01 -6.135826e+01  1.397003e+01
     vertex  9.626068e+01 -6.118887e+01  1.397003e+01
     vertex  9.607817e+01 -6.105363e+01  1.397003e+01
   endloop
 endfacet
 facet normal  0.000000e+00  0.000000e+00 -1.000000e+00
   outer loop
     vertex  9.666041e+01 -6.135826e+01  1.397003e+01
     vertex  9.645119e+01 -6.128799e+01  1.397003e+01
     vertex  9.626068e+01 -6.118887e+01  1.397003e+01
   endloop
 endfacet
 facet normal -0.000000e+00  0.000000e+00 -1.000000e+00
   outer loop
     vertex  9.730790e+01 -6.136589e+01  1.397003e+01
     vertex  9.687643e+01 -6.139464e+01  1.397003e+01
     vertex  9.666041e+01 -6.135826e+01  1.397003e+01
   endloop
 endfacet
 facet normal  0.000000e+00  0.000000e+00 -1.000000e+00
   outer loop
     vertex  9.730790e+01 -6.136589e+01  1.397003e+01
     vertex  9.709399e+01 -6.139698e+01  1.397003e+01
     vertex  9.687643e+01 -6.139464e+01  1.397003e+01
   endloop
 endfacet
 facet normal  0.000000e+00  0.000000e+00 -1.000000e+00
   outer loop
     vertex  9.730790e+01 -6.136589e+01  1.397003e+01
     vertex  9.666041e+01 -6.135826e+01  1.397003e+01
     vertex  9.578751e+01 -6.069970e+01  1.397003e+01
   endloop
 endfacet
 facet normal  0.000000e+00  0.000000e+00 -1.000000e+00
   outer loop
     vertex  9.751325e+01 -6.130273e+01  1.397003e+01
     vertex  9.560051e+01 -6.003004e+01  1.397003e+01
     vertex  9.561223e+01 -5.981693e+01  1.397003e+01
   endloop
 endfacet
 facet normal  0.000000e+00  0.000000e+00 -1.000000e+00
   outer loop
     vertex  9.751325e+01 -6.130273e+01  1.397003e+01
     vertex  9.562535e+01 -6.026432e+01  1.397003e+01
     vertex  9.560051e+01 -6.003004e+01  1.397003e+01
   endloop
 endfacet
 facet normal  0.000000e+00  0.000000e+00 -1.000000e+00
   outer loop
     vertex  9.751325e+01 -6.130273e+01  1.397003e+01
     vertex  9.568853e+01 -6.048956e+01  1.397003e+01
     vertex  9.562535e+01 -6.026432e+01  1.397003e+01
   endloop
 endfacet
 facet normal  0.000000e+00  0.000000e+00 -1.000000e+00
   outer loop
     vertex  9.751325e+01 -6.130273e+01  1.397003e+01
     vertex  9.578751e+01 -6.069970e+01  1.397003e+01
     vertex  9.568853e+01 -6.048956e+01  1.397003e+01
   endloop
 endfacet
 facet normal -0.000000e+00  0.000000e+00 -1.000000e+00
   outer loop
     vertex  9.751325e+01 -6.130273e+01  1.397003e+01
     vertex  9.730790e+01 -6.136589e+01  1.397003e+01
     vertex  9.578751e+01 -6.069970e+01  1.397003e+01
   endloop
 endfacet
 facet normal  0.000000e+00  0.000000e+00 -1.000000e+00
   outer loop
     vertex  9.820051e+01 -6.072070e+01  1.397003e+01
     vertex  9.806474e+01 -6.090938e+01  1.397003e+01
     vertex  9.789835e+01 -6.107405e+01  1.397003e+01
   endloop
 endfacet
 facet normal  0.000000e+00  0.000000e+00 -1.000000e+00
   outer loop
     vertex  9.652820e+01 -5.868208e+01  1.397003e+01
     vertex  9.613962e+01 -5.889585e+01  1.397003e+01
     vertex  9.632142e+01 -5.877567e+01  1.397003e+01
   endloop
 endfacet
 facet normal  0.000000e+00  0.000000e+00 -1.000000e+00
   outer loop
     vertex  9.674914e+01 -5.862281e+01  1.397003e+01
     vertex  9.597690e+01 -5.904467e+01  1.397003e+01
     vertex  9.613962e+01 -5.889585e+01  1.397003e+01
   endloop
 endfacet
 facet normal  0.000000e+00  0.000000e+00 -1.000000e+00
   outer loop
     vertex  9.674914e+01 -5.862281e+01  1.397003e+01
     vertex  9.613962e+01 -5.889585e+01  1.397003e+01
     vertex  9.652820e+01 -5.868208e+01  1.397003e+01
   endloop
 endfacet
 facet normal  0.000000e+00  0.000000e+00 -1.000000e+00
   outer loop
     vertex  9.697850e+01 -5.860029e+01  1.397003e+01
     vertex  9.584048e+01 -5.921585e+01  1.397003e+01
     vertex  9.597690e+01 -5.904467e+01  1.397003e+01
   endloop
 endfacet
 facet normal  0.000000e+00  0.000000e+00 -1.000000e+00
   outer loop
     vertex  9.697850e+01 -5.860029e+01  1.397003e+01
     vertex  9.573305e+01 -5.940485e+01  1.397003e+01
     vertex  9.584048e+01 -5.921585e+01  1.397003e+01
   endloop
 endfacet
 facet normal  0.000000e+00  0.000000e+00 -1.000000e+00
   outer loop
     vertex  9.697850e+01 -5.860029e+01  1.397003e+01
     vertex  9.565656e+01 -5.960687e+01  1.397003e+01
     vertex  9.573305e+01 -5.940485e+01  1.397003e+01
   endloop
 endfacet
 facet normal  0.000000e+00  0.000000e+00 -1.000000e+00
   outer loop
     vertex  9.697850e+01 -5.860029e+01  1.397003e+01
     vertex  9.597690e+01 -5.904467e+01  1.397003e+01
     vertex  9.674914e+01 -5.862281e+01  1.397003e+01
   endloop
 endfacet
 facet normal  0.000000e+00  0.000000e+00 -1.000000e+00
   outer loop
     vertex  9.833227e+01 -5.956933e+01  1.397003e+01
     vertex  9.838259e+01 -5.977876e+01  1.397003e+01
     vertex  9.840020e+01 -6.000012e+01  1.397003e+01
   endloop
 endfacet
 facet normal  0.000000e+00 -0.000000e+00 -1.000000e+00
   outer loop
     vertex  9.833227e+01 -5.956933e+01  1.397003e+01
     vertex  9.836891e+01 -6.029443e+01  1.397003e+01
     vertex  9.830259e+01 -6.051371e+01  1.397003e+01
   endloop
 endfacet
 facet normal  0.000000e+00  0.000000e+00 -1.000000e+00
   outer loop
     vertex  9.833227e+01 -5.956933e+01  1.397003e+01
     vertex  9.839277e+01 -6.014412e+01  1.397003e+01
     vertex  9.836891e+01 -6.029443e+01  1.397003e+01
   endloop
 endfacet
 facet normal  0.000000e+00  0.000000e+00 -1.000000e+00
   outer loop
     vertex  9.833227e+01 -5.956933e+01  1.397003e+01
     vertex  9.840020e+01 -6.000012e+01  1.397003e+01
     vertex  9.839277e+01 -6.014412e+01  1.397003e+01
   endloop
 endfacet
 facet normal  0.000000e+00  0.000000e+00 -1.000000e+00
   outer loop
     vertex  9.743750e+01 -5.867017e+01  1.397003e+01
     vertex  9.697850e+01 -5.860029e+01  1.397003e+01
     vertex  9.721010e+01 -5.861594e+01  1.397003e+01
   endloop
 endfacet
 facet normal  0.000000e+00  0.000000e+00 -1.000000e+00
   outer loop
     vertex  9.743750e+01 -5.867017e+01  1.397003e+01
     vertex  9.561223e+01 -5.981693e+01  1.397003e+01
     vertex  9.565656e+01 -5.960687e+01  1.397003e+01
   endloop
 endfacet
 facet normal -0.000000e+00  0.000000e+00 -1.000000e+00
   outer loop
     vertex  9.743750e+01 -5.867017e+01  1.397003e+01
     vertex  9.565656e+01 -5.960687e+01  1.397003e+01
     vertex  9.697850e+01 -5.860029e+01  1.397003e+01
   endloop
 endfacet
 facet normal -0.000000e+00  0.000000e+00 -1.000000e+00
   outer loop
     vertex  9.765417e+01 -5.876225e+01  1.397003e+01
     vertex  9.561223e+01 -5.981693e+01  1.397003e+01
     vertex  9.743750e+01 -5.867017e+01  1.397003e+01
   endloop
 endfacet
 facet normal  0.000000e+00  0.000000e+00 -1.000000e+00
   outer loop
     vertex  9.765417e+01 -5.876225e+01  1.397003e+01
     vertex  9.751325e+01 -6.130273e+01  1.397003e+01
     vertex  9.561223e+01 -5.981693e+01  1.397003e+01
   endloop
 endfacet
 facet normal  0.000000e+00  0.000000e+00 -1.000000e+00
   outer loop
     vertex  9.813595e+01 -5.918154e+01  1.397003e+01
     vertex  9.824892e+01 -5.936711e+01  1.397003e+01
     vertex  9.833227e+01 -5.956933e+01  1.397003e+01
   endloop
 endfacet
 facet normal  0.000000e+00  0.000000e+00 -1.000000e+00
   outer loop
     vertex  9.813595e+01 -5.918154e+01  1.397003e+01
     vertex  9.833227e+01 -5.956933e+01  1.397003e+01
     vertex  9.830259e+01 -6.051371e+01  1.397003e+01
   endloop
 endfacet
 facet normal -0.000000e+00  0.000000e+00 -1.000000e+00
   outer loop
     vertex  9.783463e+01 -5.887596e+01  1.397003e+01
     vertex  9.751325e+01 -6.130273e+01  1.397003e+01
     vertex  9.765417e+01 -5.876225e+01  1.397003e+01
   endloop
 endfacet
 facet normal  0.000000e+00  0.000000e+00 -1.000000e+00
   outer loop
     vertex  9.799660e+01 -5.901667e+01  1.397003e+01
     vertex  9.813595e+01 -5.918154e+01  1.397003e+01
     vertex  9.830259e+01 -6.051371e+01  1.397003e+01
   endloop
 endfacet
 facet normal  0.000000e+00  0.000000e+00 -1.000000e+00
   outer loop
     vertex  9.799660e+01 -5.901667e+01  1.397003e+01
     vertex  9.770541e+01 -6.120953e+01  1.397003e+01
     vertex  9.751325e+01 -6.130273e+01  1.397003e+01
   endloop
 endfacet
 facet normal  0.000000e+00  0.000000e+00 -1.000000e+00
   outer loop
     vertex  9.799660e+01 -5.901667e+01  1.397003e+01
     vertex  9.789835e+01 -6.107405e+01  1.397003e+01
     vertex  9.770541e+01 -6.120953e+01  1.397003e+01
   endloop
 endfacet
 facet normal  0.000000e+00  0.000000e+00 -1.000000e+00
   outer loop
     vertex  9.799660e+01 -5.901667e+01  1.397003e+01
     vertex  9.830259e+01 -6.051371e+01  1.397003e+01
     vertex  9.820051e+01 -6.072070e+01  1.397003e+01
   endloop
 endfacet
 facet normal  0.000000e+00 -0.000000e+00 -1.000000e+00
   outer loop
     vertex  9.799660e+01 -5.901667e+01  1.397003e+01
     vertex  9.820051e+01 -6.072070e+01  1.397003e+01
     vertex  9.789835e+01 -6.107405e+01  1.397003e+01
   endloop
 endfacet
 facet normal -0.000000e+00  0.000000e+00 -1.000000e+00
   outer loop
     vertex  9.799660e+01 -5.901667e+01  1.397003e+01
     vertex  9.751325e+01 -6.130273e+01  1.397003e+01
     vertex  9.783463e+01 -5.887596e+01  1.397003e+01
   endloop
 endfacet
endsolid
