ISO-10303-21;
HEADER;
/* Generated by software containing ST-Developer
 * from STEP Tools, Inc. (www.steptools.com) 
 */

FILE_DESCRIPTION(
/* description */ ('Designed by EasyEDA Pro'),
/* implementation_level */ '2;1');

FILE_NAME(
/* name */ 'kenpadV1.step',
/* time_stamp */ '2026-09-06T19:35:06+05:30',
/* author */ (''),
/* organization */ (''),
/* preprocessor_version */ 'ST-DEVELOPER v20.1',
/* originating_system */ 'Autodesk Translation Framework v15.8.0.0',
/* authorisation */ '');

FILE_SCHEMA (('AUTOMOTIVE_DESIGN { 1 0 10303 214 3 1 1 }'));
ENDSEC;

DATA;
#10=MECHANICAL_DESIGN_GEOMETRIC_PRESENTATION_REPRESENTATION('',(#19,#20),
#20359);
#11=ITEM_DEFINED_TRANSFORMATION($,$,#12875,#13558);
#12=(
REPRESENTATION_RELATIONSHIP($,$,#20370,#20369)
REPRESENTATION_RELATIONSHIP_WITH_TRANSFORMATION(#11)
SHAPE_REPRESENTATION_RELATIONSHIP()
);
#13=CONTEXT_DEPENDENT_SHAPE_REPRESENTATION(#12,#20368);
#14=NEXT_ASSEMBLY_USAGE_OCCURRENCE('3DShell_mcr step_T:1',
'3DShell_mcr step_T:1','3DShell_mcr step_T:1',#20372,#20373,
'3DShell_mcr step_T:1');
#15=SHAPE_REPRESENTATION_RELATIONSHIP('SRR','None',#20370,#17);
#16=SHAPE_REPRESENTATION_RELATIONSHIP('SRR','None',#20369,#18);
#17=ADVANCED_BREP_SHAPE_REPRESENTATION('',(#21),#20358);
#18=ADVANCED_BREP_SHAPE_REPRESENTATION('',(#22),#20357);
#19=STYLED_ITEM('',(#20383),#21);
#20=STYLED_ITEM('',(#20383),#22);
#21=MANIFOLD_SOLID_BREP('Body1',#12860);
#22=MANIFOLD_SOLID_BREP('Body1',#12861);
#23=CYLINDRICAL_SURFACE('',#13075,6.12522271234132);
#24=CYLINDRICAL_SURFACE('',#13178,2.67000542544888);
#25=CYLINDRICAL_SURFACE('',#13180,2.67000542545233);
#26=CYLINDRICAL_SURFACE('',#13182,2.67000542544793);
#27=CYLINDRICAL_SURFACE('',#13184,2.67000542545137);
#28=CYLINDRICAL_SURFACE('',#13194,1.4000028448179);
#29=CYLINDRICAL_SURFACE('',#13196,1.40000284481754);
#30=CYLINDRICAL_SURFACE('',#13198,1.40000284480649);
#31=CYLINDRICAL_SURFACE('',#13200,1.40000284480612);
#32=CYLINDRICAL_SURFACE('',#13404,2.90000589280904);
#33=CYLINDRICAL_SURFACE('',#13406,2.90000589281227);
#34=CYLINDRICAL_SURFACE('',#13408,2.90000589280904);
#35=CYLINDRICAL_SURFACE('',#13410,2.90000589281227);
#36=CYLINDRICAL_SURFACE('',#13522,1.60000325120784);
#37=CYLINDRICAL_SURFACE('',#13524,1.60000325120787);
#38=CYLINDRICAL_SURFACE('',#13526,1.60000325120688);
#39=CYLINDRICAL_SURFACE('',#13528,1.60000325120691);
#40=CYLINDRICAL_SURFACE('',#13530,4.17000847350078);
#41=CYLINDRICAL_SURFACE('',#13532,4.1700084735055);
#42=CYLINDRICAL_SURFACE('',#13534,4.17000847345381);
#43=CYLINDRICAL_SURFACE('',#13536,4.17000847345854);
#44=CYLINDRICAL_SURFACE('',#13554,2.87000583185577);
#45=CYLINDRICAL_SURFACE('',#13555,2.87000583185868);
#46=CYLINDRICAL_SURFACE('',#13556,2.87000583184835);
#47=CYLINDRICAL_SURFACE('',#13557,2.87000583185124);
#48=CIRCLE('',#12881,6.12522271234672);
#49=CIRCLE('',#13076,6.12522271234672);
#50=CIRCLE('',#13174,2.67000542545094);
#51=CIRCLE('',#13175,2.67000542545015);
#52=CIRCLE('',#13176,2.67000542545205);
#53=CIRCLE('',#13177,2.67000542545128);
#54=CIRCLE('',#13179,2.67000542545094);
#55=CIRCLE('',#13181,2.67000542545015);
#56=CIRCLE('',#13183,2.67000542545205);
#57=CIRCLE('',#13185,2.67000542545128);
#58=CIRCLE('',#13187,1.40000284480763);
#59=CIRCLE('',#13189,1.40000284480691);
#60=CIRCLE('',#13191,1.40000284480706);
#61=CIRCLE('',#13193,1.40000284480634);
#62=CIRCLE('',#13195,1.40000284480763);
#63=CIRCLE('',#13197,1.40000284480691);
#64=CIRCLE('',#13199,1.40000284480706);
#65=CIRCLE('',#13201,1.40000284480634);
#66=CIRCLE('',#13210,2.90000589281184);
#67=CIRCLE('',#13211,2.90000589281206);
#68=CIRCLE('',#13212,2.90000589281139);
#69=CIRCLE('',#13213,2.90000589281161);
#70=CIRCLE('',#13405,2.90000589281184);
#71=CIRCLE('',#13407,2.90000589281206);
#72=CIRCLE('',#13409,2.90000589281139);
#73=CIRCLE('',#13411,2.90000589281161);
#74=CIRCLE('',#13510,1.60000325120599);
#75=CIRCLE('',#13512,1.60000325120599);
#76=CIRCLE('',#13514,1.60000325120713);
#77=CIRCLE('',#13516,1.60000325120711);
#78=CIRCLE('',#13518,4.17000847345648);
#79=CIRCLE('',#13519,4.17000847345298);
#80=CIRCLE('',#13520,4.17000847345818);
#81=CIRCLE('',#13521,4.17000847345467);
#82=CIRCLE('',#13523,1.60000325120599);
#83=CIRCLE('',#13525,1.60000325120599);
#84=CIRCLE('',#13527,1.60000325120713);
#85=CIRCLE('',#13529,1.60000325120711);
#86=CIRCLE('',#13531,4.17000847345648);
#87=CIRCLE('',#13533,4.17000847345298);
#88=CIRCLE('',#13535,4.17000847345818);
#89=CIRCLE('',#13537,4.17000847345467);
#90=CIRCLE('',#13539,2.87000583184855);
#91=CIRCLE('',#13541,2.87000583184863);
#92=CIRCLE('',#13543,2.87000583185212);
#93=CIRCLE('',#13545,2.8700058318522);
#94=CIRCLE('',#13547,2.87000583184855);
#95=CIRCLE('',#13549,2.87000583184863);
#96=CIRCLE('',#13551,2.87000583185212);
#97=CIRCLE('',#13553,2.8700058318522);
#98=FACE_BOUND('',#771,.T.);
#99=FACE_BOUND('',#773,.T.);
#100=FACE_BOUND('',#774,.T.);
#101=FACE_BOUND('',#867,.T.);
#102=FACE_BOUND('',#965,.T.);
#103=FACE_BOUND('',#1068,.T.);
#104=FACE_BOUND('',#1069,.T.);
#105=FACE_BOUND('',#1070,.T.);
#106=FACE_BOUND('',#1071,.T.);
#107=FACE_BOUND('',#1072,.T.);
#108=FACE_BOUND('',#1073,.T.);
#109=FACE_BOUND('',#1079,.T.);
#110=FACE_BOUND('',#1081,.T.);
#111=FACE_BOUND('',#1083,.T.);
#112=FACE_BOUND('',#1085,.T.);
#113=FACE_BOUND('',#1098,.T.);
#114=FACE_BOUND('',#1099,.T.);
#115=FACE_BOUND('',#1100,.T.);
#116=FACE_BOUND('',#1101,.T.);
#117=FACE_BOUND('',#1103,.T.);
#118=FACE_BOUND('',#1298,.T.);
#119=FACE_BOUND('',#1396,.T.);
#120=FACE_BOUND('',#1398,.T.);
#121=FACE_BOUND('',#1400,.T.);
#122=FACE_BOUND('',#1402,.T.);
#123=FACE_BOUND('',#1404,.T.);
#124=FACE_BOUND('',#1405,.T.);
#125=FACE_BOUND('',#1406,.T.);
#126=FACE_BOUND('',#1407,.T.);
#127=FACE_BOUND('',#1417,.T.);
#128=FACE_BOUND('',#1419,.T.);
#129=FACE_BOUND('',#1421,.T.);
#130=FACE_BOUND('',#1423,.T.);
#131=FACE_BOUND('',#1425,.T.);
#132=FACE_BOUND('',#1427,.T.);
#133=FACE_BOUND('',#1429,.T.);
#134=FACE_BOUND('',#1431,.T.);
#135=FACE_OUTER_BOUND('',#767,.T.);
#136=FACE_OUTER_BOUND('',#768,.T.);
#137=FACE_OUTER_BOUND('',#769,.T.);
#138=FACE_OUTER_BOUND('',#770,.T.);
#139=FACE_OUTER_BOUND('',#772,.T.);
#140=FACE_OUTER_BOUND('',#775,.T.);
#141=FACE_OUTER_BOUND('',#776,.T.);
#142=FACE_OUTER_BOUND('',#777,.T.);
#143=FACE_OUTER_BOUND('',#778,.T.);
#144=FACE_OUTER_BOUND('',#779,.T.);
#145=FACE_OUTER_BOUND('',#780,.T.);
#146=FACE_OUTER_BOUND('',#781,.T.);
#147=FACE_OUTER_BOUND('',#782,.T.);
#148=FACE_OUTER_BOUND('',#783,.T.);
#149=FACE_OUTER_BOUND('',#784,.T.);
#150=FACE_OUTER_BOUND('',#785,.T.);
#151=FACE_OUTER_BOUND('',#786,.T.);
#152=FACE_OUTER_BOUND('',#787,.T.);
#153=FACE_OUTER_BOUND('',#788,.T.);
#154=FACE_OUTER_BOUND('',#789,.T.);
#155=FACE_OUTER_BOUND('',#790,.T.);
#156=FACE_OUTER_BOUND('',#791,.T.);
#157=FACE_OUTER_BOUND('',#792,.T.);
#158=FACE_OUTER_BOUND('',#793,.T.);
#159=FACE_OUTER_BOUND('',#794,.T.);
#160=FACE_OUTER_BOUND('',#795,.T.);
#161=FACE_OUTER_BOUND('',#796,.T.);
#162=FACE_OUTER_BOUND('',#797,.T.);
#163=FACE_OUTER_BOUND('',#798,.T.);
#164=FACE_OUTER_BOUND('',#799,.T.);
#165=FACE_OUTER_BOUND('',#800,.T.);
#166=FACE_OUTER_BOUND('',#801,.T.);
#167=FACE_OUTER_BOUND('',#802,.T.);
#168=FACE_OUTER_BOUND('',#803,.T.);
#169=FACE_OUTER_BOUND('',#804,.T.);
#170=FACE_OUTER_BOUND('',#805,.T.);
#171=FACE_OUTER_BOUND('',#806,.T.);
#172=FACE_OUTER_BOUND('',#807,.T.);
#173=FACE_OUTER_BOUND('',#808,.T.);
#174=FACE_OUTER_BOUND('',#809,.T.);
#175=FACE_OUTER_BOUND('',#810,.T.);
#176=FACE_OUTER_BOUND('',#811,.T.);
#177=FACE_OUTER_BOUND('',#812,.T.);
#178=FACE_OUTER_BOUND('',#813,.T.);
#179=FACE_OUTER_BOUND('',#814,.T.);
#180=FACE_OUTER_BOUND('',#815,.T.);
#181=FACE_OUTER_BOUND('',#816,.T.);
#182=FACE_OUTER_BOUND('',#817,.T.);
#183=FACE_OUTER_BOUND('',#818,.T.);
#184=FACE_OUTER_BOUND('',#819,.T.);
#185=FACE_OUTER_BOUND('',#820,.T.);
#186=FACE_OUTER_BOUND('',#821,.T.);
#187=FACE_OUTER_BOUND('',#822,.T.);
#188=FACE_OUTER_BOUND('',#823,.T.);
#189=FACE_OUTER_BOUND('',#824,.T.);
#190=FACE_OUTER_BOUND('',#825,.T.);
#191=FACE_OUTER_BOUND('',#826,.T.);
#192=FACE_OUTER_BOUND('',#827,.T.);
#193=FACE_OUTER_BOUND('',#828,.T.);
#194=FACE_OUTER_BOUND('',#829,.T.);
#195=FACE_OUTER_BOUND('',#830,.T.);
#196=FACE_OUTER_BOUND('',#831,.T.);
#197=FACE_OUTER_BOUND('',#832,.T.);
#198=FACE_OUTER_BOUND('',#833,.T.);
#199=FACE_OUTER_BOUND('',#834,.T.);
#200=FACE_OUTER_BOUND('',#835,.T.);
#201=FACE_OUTER_BOUND('',#836,.T.);
#202=FACE_OUTER_BOUND('',#837,.T.);
#203=FACE_OUTER_BOUND('',#838,.T.);
#204=FACE_OUTER_BOUND('',#839,.T.);
#205=FACE_OUTER_BOUND('',#840,.T.);
#206=FACE_OUTER_BOUND('',#841,.T.);
#207=FACE_OUTER_BOUND('',#842,.T.);
#208=FACE_OUTER_BOUND('',#843,.T.);
#209=FACE_OUTER_BOUND('',#844,.T.);
#210=FACE_OUTER_BOUND('',#845,.T.);
#211=FACE_OUTER_BOUND('',#846,.T.);
#212=FACE_OUTER_BOUND('',#847,.T.);
#213=FACE_OUTER_BOUND('',#848,.T.);
#214=FACE_OUTER_BOUND('',#849,.T.);
#215=FACE_OUTER_BOUND('',#850,.T.);
#216=FACE_OUTER_BOUND('',#851,.T.);
#217=FACE_OUTER_BOUND('',#852,.T.);
#218=FACE_OUTER_BOUND('',#853,.T.);
#219=FACE_OUTER_BOUND('',#854,.T.);
#220=FACE_OUTER_BOUND('',#855,.T.);
#221=FACE_OUTER_BOUND('',#856,.T.);
#222=FACE_OUTER_BOUND('',#857,.T.);
#223=FACE_OUTER_BOUND('',#858,.T.);
#224=FACE_OUTER_BOUND('',#859,.T.);
#225=FACE_OUTER_BOUND('',#860,.T.);
#226=FACE_OUTER_BOUND('',#861,.T.);
#227=FACE_OUTER_BOUND('',#862,.T.);
#228=FACE_OUTER_BOUND('',#863,.T.);
#229=FACE_OUTER_BOUND('',#864,.T.);
#230=FACE_OUTER_BOUND('',#865,.T.);
#231=FACE_OUTER_BOUND('',#866,.T.);
#232=FACE_OUTER_BOUND('',#868,.T.);
#233=FACE_OUTER_BOUND('',#869,.T.);
#234=FACE_OUTER_BOUND('',#870,.T.);
#235=FACE_OUTER_BOUND('',#871,.T.);
#236=FACE_OUTER_BOUND('',#872,.T.);
#237=FACE_OUTER_BOUND('',#873,.T.);
#238=FACE_OUTER_BOUND('',#874,.T.);
#239=FACE_OUTER_BOUND('',#875,.T.);
#240=FACE_OUTER_BOUND('',#876,.T.);
#241=FACE_OUTER_BOUND('',#877,.T.);
#242=FACE_OUTER_BOUND('',#878,.T.);
#243=FACE_OUTER_BOUND('',#879,.T.);
#244=FACE_OUTER_BOUND('',#880,.T.);
#245=FACE_OUTER_BOUND('',#881,.T.);
#246=FACE_OUTER_BOUND('',#882,.T.);
#247=FACE_OUTER_BOUND('',#883,.T.);
#248=FACE_OUTER_BOUND('',#884,.T.);
#249=FACE_OUTER_BOUND('',#885,.T.);
#250=FACE_OUTER_BOUND('',#886,.T.);
#251=FACE_OUTER_BOUND('',#887,.T.);
#252=FACE_OUTER_BOUND('',#888,.T.);
#253=FACE_OUTER_BOUND('',#889,.T.);
#254=FACE_OUTER_BOUND('',#890,.T.);
#255=FACE_OUTER_BOUND('',#891,.T.);
#256=FACE_OUTER_BOUND('',#892,.T.);
#257=FACE_OUTER_BOUND('',#893,.T.);
#258=FACE_OUTER_BOUND('',#894,.T.);
#259=FACE_OUTER_BOUND('',#895,.T.);
#260=FACE_OUTER_BOUND('',#896,.T.);
#261=FACE_OUTER_BOUND('',#897,.T.);
#262=FACE_OUTER_BOUND('',#898,.T.);
#263=FACE_OUTER_BOUND('',#899,.T.);
#264=FACE_OUTER_BOUND('',#900,.T.);
#265=FACE_OUTER_BOUND('',#901,.T.);
#266=FACE_OUTER_BOUND('',#902,.T.);
#267=FACE_OUTER_BOUND('',#903,.T.);
#268=FACE_OUTER_BOUND('',#904,.T.);
#269=FACE_OUTER_BOUND('',#905,.T.);
#270=FACE_OUTER_BOUND('',#906,.T.);
#271=FACE_OUTER_BOUND('',#907,.T.);
#272=FACE_OUTER_BOUND('',#908,.T.);
#273=FACE_OUTER_BOUND('',#909,.T.);
#274=FACE_OUTER_BOUND('',#910,.T.);
#275=FACE_OUTER_BOUND('',#911,.T.);
#276=FACE_OUTER_BOUND('',#912,.T.);
#277=FACE_OUTER_BOUND('',#913,.T.);
#278=FACE_OUTER_BOUND('',#914,.T.);
#279=FACE_OUTER_BOUND('',#915,.T.);
#280=FACE_OUTER_BOUND('',#916,.T.);
#281=FACE_OUTER_BOUND('',#917,.T.);
#282=FACE_OUTER_BOUND('',#918,.T.);
#283=FACE_OUTER_BOUND('',#919,.T.);
#284=FACE_OUTER_BOUND('',#920,.T.);
#285=FACE_OUTER_BOUND('',#921,.T.);
#286=FACE_OUTER_BOUND('',#922,.T.);
#287=FACE_OUTER_BOUND('',#923,.T.);
#288=FACE_OUTER_BOUND('',#924,.T.);
#289=FACE_OUTER_BOUND('',#925,.T.);
#290=FACE_OUTER_BOUND('',#926,.T.);
#291=FACE_OUTER_BOUND('',#927,.T.);
#292=FACE_OUTER_BOUND('',#928,.T.);
#293=FACE_OUTER_BOUND('',#929,.T.);
#294=FACE_OUTER_BOUND('',#930,.T.);
#295=FACE_OUTER_BOUND('',#931,.T.);
#296=FACE_OUTER_BOUND('',#932,.T.);
#297=FACE_OUTER_BOUND('',#933,.T.);
#298=FACE_OUTER_BOUND('',#934,.T.);
#299=FACE_OUTER_BOUND('',#935,.T.);
#300=FACE_OUTER_BOUND('',#936,.T.);
#301=FACE_OUTER_BOUND('',#937,.T.);
#302=FACE_OUTER_BOUND('',#938,.T.);
#303=FACE_OUTER_BOUND('',#939,.T.);
#304=FACE_OUTER_BOUND('',#940,.T.);
#305=FACE_OUTER_BOUND('',#941,.T.);
#306=FACE_OUTER_BOUND('',#942,.T.);
#307=FACE_OUTER_BOUND('',#943,.T.);
#308=FACE_OUTER_BOUND('',#944,.T.);
#309=FACE_OUTER_BOUND('',#945,.T.);
#310=FACE_OUTER_BOUND('',#946,.T.);
#311=FACE_OUTER_BOUND('',#947,.T.);
#312=FACE_OUTER_BOUND('',#948,.T.);
#313=FACE_OUTER_BOUND('',#949,.T.);
#314=FACE_OUTER_BOUND('',#950,.T.);
#315=FACE_OUTER_BOUND('',#951,.T.);
#316=FACE_OUTER_BOUND('',#952,.T.);
#317=FACE_OUTER_BOUND('',#953,.T.);
#318=FACE_OUTER_BOUND('',#954,.T.);
#319=FACE_OUTER_BOUND('',#955,.T.);
#320=FACE_OUTER_BOUND('',#956,.T.);
#321=FACE_OUTER_BOUND('',#957,.T.);
#322=FACE_OUTER_BOUND('',#958,.T.);
#323=FACE_OUTER_BOUND('',#959,.T.);
#324=FACE_OUTER_BOUND('',#960,.T.);
#325=FACE_OUTER_BOUND('',#961,.T.);
#326=FACE_OUTER_BOUND('',#962,.T.);
#327=FACE_OUTER_BOUND('',#963,.T.);
#328=FACE_OUTER_BOUND('',#964,.T.);
#329=FACE_OUTER_BOUND('',#966,.T.);
#330=FACE_OUTER_BOUND('',#967,.T.);
#331=FACE_OUTER_BOUND('',#968,.T.);
#332=FACE_OUTER_BOUND('',#969,.T.);
#333=FACE_OUTER_BOUND('',#970,.T.);
#334=FACE_OUTER_BOUND('',#971,.T.);
#335=FACE_OUTER_BOUND('',#972,.T.);
#336=FACE_OUTER_BOUND('',#973,.T.);
#337=FACE_OUTER_BOUND('',#974,.T.);
#338=FACE_OUTER_BOUND('',#975,.T.);
#339=FACE_OUTER_BOUND('',#976,.T.);
#340=FACE_OUTER_BOUND('',#977,.T.);
#341=FACE_OUTER_BOUND('',#978,.T.);
#342=FACE_OUTER_BOUND('',#979,.T.);
#343=FACE_OUTER_BOUND('',#980,.T.);
#344=FACE_OUTER_BOUND('',#981,.T.);
#345=FACE_OUTER_BOUND('',#982,.T.);
#346=FACE_OUTER_BOUND('',#983,.T.);
#347=FACE_OUTER_BOUND('',#984,.T.);
#348=FACE_OUTER_BOUND('',#985,.T.);
#349=FACE_OUTER_BOUND('',#986,.T.);
#350=FACE_OUTER_BOUND('',#987,.T.);
#351=FACE_OUTER_BOUND('',#988,.T.);
#352=FACE_OUTER_BOUND('',#989,.T.);
#353=FACE_OUTER_BOUND('',#990,.T.);
#354=FACE_OUTER_BOUND('',#991,.T.);
#355=FACE_OUTER_BOUND('',#992,.T.);
#356=FACE_OUTER_BOUND('',#993,.T.);
#357=FACE_OUTER_BOUND('',#994,.T.);
#358=FACE_OUTER_BOUND('',#995,.T.);
#359=FACE_OUTER_BOUND('',#996,.T.);
#360=FACE_OUTER_BOUND('',#997,.T.);
#361=FACE_OUTER_BOUND('',#998,.T.);
#362=FACE_OUTER_BOUND('',#999,.T.);
#363=FACE_OUTER_BOUND('',#1000,.T.);
#364=FACE_OUTER_BOUND('',#1001,.T.);
#365=FACE_OUTER_BOUND('',#1002,.T.);
#366=FACE_OUTER_BOUND('',#1003,.T.);
#367=FACE_OUTER_BOUND('',#1004,.T.);
#368=FACE_OUTER_BOUND('',#1005,.T.);
#369=FACE_OUTER_BOUND('',#1006,.T.);
#370=FACE_OUTER_BOUND('',#1007,.T.);
#371=FACE_OUTER_BOUND('',#1008,.T.);
#372=FACE_OUTER_BOUND('',#1009,.T.);
#373=FACE_OUTER_BOUND('',#1010,.T.);
#374=FACE_OUTER_BOUND('',#1011,.T.);
#375=FACE_OUTER_BOUND('',#1012,.T.);
#376=FACE_OUTER_BOUND('',#1013,.T.);
#377=FACE_OUTER_BOUND('',#1014,.T.);
#378=FACE_OUTER_BOUND('',#1015,.T.);
#379=FACE_OUTER_BOUND('',#1016,.T.);
#380=FACE_OUTER_BOUND('',#1017,.T.);
#381=FACE_OUTER_BOUND('',#1018,.T.);
#382=FACE_OUTER_BOUND('',#1019,.T.);
#383=FACE_OUTER_BOUND('',#1020,.T.);
#384=FACE_OUTER_BOUND('',#1021,.T.);
#385=FACE_OUTER_BOUND('',#1022,.T.);
#386=FACE_OUTER_BOUND('',#1023,.T.);
#387=FACE_OUTER_BOUND('',#1024,.T.);
#388=FACE_OUTER_BOUND('',#1025,.T.);
#389=FACE_OUTER_BOUND('',#1026,.T.);
#390=FACE_OUTER_BOUND('',#1027,.T.);
#391=FACE_OUTER_BOUND('',#1028,.T.);
#392=FACE_OUTER_BOUND('',#1029,.T.);
#393=FACE_OUTER_BOUND('',#1030,.T.);
#394=FACE_OUTER_BOUND('',#1031,.T.);
#395=FACE_OUTER_BOUND('',#1032,.T.);
#396=FACE_OUTER_BOUND('',#1033,.T.);
#397=FACE_OUTER_BOUND('',#1034,.T.);
#398=FACE_OUTER_BOUND('',#1035,.T.);
#399=FACE_OUTER_BOUND('',#1036,.T.);
#400=FACE_OUTER_BOUND('',#1037,.T.);
#401=FACE_OUTER_BOUND('',#1038,.T.);
#402=FACE_OUTER_BOUND('',#1039,.T.);
#403=FACE_OUTER_BOUND('',#1040,.T.);
#404=FACE_OUTER_BOUND('',#1041,.T.);
#405=FACE_OUTER_BOUND('',#1042,.T.);
#406=FACE_OUTER_BOUND('',#1043,.T.);
#407=FACE_OUTER_BOUND('',#1044,.T.);
#408=FACE_OUTER_BOUND('',#1045,.T.);
#409=FACE_OUTER_BOUND('',#1046,.T.);
#410=FACE_OUTER_BOUND('',#1047,.T.);
#411=FACE_OUTER_BOUND('',#1048,.T.);
#412=FACE_OUTER_BOUND('',#1049,.T.);
#413=FACE_OUTER_BOUND('',#1050,.T.);
#414=FACE_OUTER_BOUND('',#1051,.T.);
#415=FACE_OUTER_BOUND('',#1052,.T.);
#416=FACE_OUTER_BOUND('',#1053,.T.);
#417=FACE_OUTER_BOUND('',#1054,.T.);
#418=FACE_OUTER_BOUND('',#1055,.T.);
#419=FACE_OUTER_BOUND('',#1056,.T.);
#420=FACE_OUTER_BOUND('',#1057,.T.);
#421=FACE_OUTER_BOUND('',#1058,.T.);
#422=FACE_OUTER_BOUND('',#1059,.T.);
#423=FACE_OUTER_BOUND('',#1060,.T.);
#424=FACE_OUTER_BOUND('',#1061,.T.);
#425=FACE_OUTER_BOUND('',#1062,.T.);
#426=FACE_OUTER_BOUND('',#1063,.T.);
#427=FACE_OUTER_BOUND('',#1064,.T.);
#428=FACE_OUTER_BOUND('',#1065,.T.);
#429=FACE_OUTER_BOUND('',#1066,.T.);
#430=FACE_OUTER_BOUND('',#1067,.T.);
#431=FACE_OUTER_BOUND('',#1074,.T.);
#432=FACE_OUTER_BOUND('',#1075,.T.);
#433=FACE_OUTER_BOUND('',#1076,.T.);
#434=FACE_OUTER_BOUND('',#1077,.T.);
#435=FACE_OUTER_BOUND('',#1078,.T.);
#436=FACE_OUTER_BOUND('',#1080,.T.);
#437=FACE_OUTER_BOUND('',#1082,.T.);
#438=FACE_OUTER_BOUND('',#1084,.T.);
#439=FACE_OUTER_BOUND('',#1086,.T.);
#440=FACE_OUTER_BOUND('',#1087,.T.);
#441=FACE_OUTER_BOUND('',#1088,.T.);
#442=FACE_OUTER_BOUND('',#1089,.T.);
#443=FACE_OUTER_BOUND('',#1090,.T.);
#444=FACE_OUTER_BOUND('',#1091,.T.);
#445=FACE_OUTER_BOUND('',#1092,.T.);
#446=FACE_OUTER_BOUND('',#1093,.T.);
#447=FACE_OUTER_BOUND('',#1094,.T.);
#448=FACE_OUTER_BOUND('',#1095,.T.);
#449=FACE_OUTER_BOUND('',#1096,.T.);
#450=FACE_OUTER_BOUND('',#1097,.T.);
#451=FACE_OUTER_BOUND('',#1102,.T.);
#452=FACE_OUTER_BOUND('',#1104,.T.);
#453=FACE_OUTER_BOUND('',#1105,.T.);
#454=FACE_OUTER_BOUND('',#1106,.T.);
#455=FACE_OUTER_BOUND('',#1107,.T.);
#456=FACE_OUTER_BOUND('',#1108,.T.);
#457=FACE_OUTER_BOUND('',#1109,.T.);
#458=FACE_OUTER_BOUND('',#1110,.T.);
#459=FACE_OUTER_BOUND('',#1111,.T.);
#460=FACE_OUTER_BOUND('',#1112,.T.);
#461=FACE_OUTER_BOUND('',#1113,.T.);
#462=FACE_OUTER_BOUND('',#1114,.T.);
#463=FACE_OUTER_BOUND('',#1115,.T.);
#464=FACE_OUTER_BOUND('',#1116,.T.);
#465=FACE_OUTER_BOUND('',#1117,.T.);
#466=FACE_OUTER_BOUND('',#1118,.T.);
#467=FACE_OUTER_BOUND('',#1119,.T.);
#468=FACE_OUTER_BOUND('',#1120,.T.);
#469=FACE_OUTER_BOUND('',#1121,.T.);
#470=FACE_OUTER_BOUND('',#1122,.T.);
#471=FACE_OUTER_BOUND('',#1123,.T.);
#472=FACE_OUTER_BOUND('',#1124,.T.);
#473=FACE_OUTER_BOUND('',#1125,.T.);
#474=FACE_OUTER_BOUND('',#1126,.T.);
#475=FACE_OUTER_BOUND('',#1127,.T.);
#476=FACE_OUTER_BOUND('',#1128,.T.);
#477=FACE_OUTER_BOUND('',#1129,.T.);
#478=FACE_OUTER_BOUND('',#1130,.T.);
#479=FACE_OUTER_BOUND('',#1131,.T.);
#480=FACE_OUTER_BOUND('',#1132,.T.);
#481=FACE_OUTER_BOUND('',#1133,.T.);
#482=FACE_OUTER_BOUND('',#1134,.T.);
#483=FACE_OUTER_BOUND('',#1135,.T.);
#484=FACE_OUTER_BOUND('',#1136,.T.);
#485=FACE_OUTER_BOUND('',#1137,.T.);
#486=FACE_OUTER_BOUND('',#1138,.T.);
#487=FACE_OUTER_BOUND('',#1139,.T.);
#488=FACE_OUTER_BOUND('',#1140,.T.);
#489=FACE_OUTER_BOUND('',#1141,.T.);
#490=FACE_OUTER_BOUND('',#1142,.T.);
#491=FACE_OUTER_BOUND('',#1143,.T.);
#492=FACE_OUTER_BOUND('',#1144,.T.);
#493=FACE_OUTER_BOUND('',#1145,.T.);
#494=FACE_OUTER_BOUND('',#1146,.T.);
#495=FACE_OUTER_BOUND('',#1147,.T.);
#496=FACE_OUTER_BOUND('',#1148,.T.);
#497=FACE_OUTER_BOUND('',#1149,.T.);
#498=FACE_OUTER_BOUND('',#1150,.T.);
#499=FACE_OUTER_BOUND('',#1151,.T.);
#500=FACE_OUTER_BOUND('',#1152,.T.);
#501=FACE_OUTER_BOUND('',#1153,.T.);
#502=FACE_OUTER_BOUND('',#1154,.T.);
#503=FACE_OUTER_BOUND('',#1155,.T.);
#504=FACE_OUTER_BOUND('',#1156,.T.);
#505=FACE_OUTER_BOUND('',#1157,.T.);
#506=FACE_OUTER_BOUND('',#1158,.T.);
#507=FACE_OUTER_BOUND('',#1159,.T.);
#508=FACE_OUTER_BOUND('',#1160,.T.);
#509=FACE_OUTER_BOUND('',#1161,.T.);
#510=FACE_OUTER_BOUND('',#1162,.T.);
#511=FACE_OUTER_BOUND('',#1163,.T.);
#512=FACE_OUTER_BOUND('',#1164,.T.);
#513=FACE_OUTER_BOUND('',#1165,.T.);
#514=FACE_OUTER_BOUND('',#1166,.T.);
#515=FACE_OUTER_BOUND('',#1167,.T.);
#516=FACE_OUTER_BOUND('',#1168,.T.);
#517=FACE_OUTER_BOUND('',#1169,.T.);
#518=FACE_OUTER_BOUND('',#1170,.T.);
#519=FACE_OUTER_BOUND('',#1171,.T.);
#520=FACE_OUTER_BOUND('',#1172,.T.);
#521=FACE_OUTER_BOUND('',#1173,.T.);
#522=FACE_OUTER_BOUND('',#1174,.T.);
#523=FACE_OUTER_BOUND('',#1175,.T.);
#524=FACE_OUTER_BOUND('',#1176,.T.);
#525=FACE_OUTER_BOUND('',#1177,.T.);
#526=FACE_OUTER_BOUND('',#1178,.T.);
#527=FACE_OUTER_BOUND('',#1179,.T.);
#528=FACE_OUTER_BOUND('',#1180,.T.);
#529=FACE_OUTER_BOUND('',#1181,.T.);
#530=FACE_OUTER_BOUND('',#1182,.T.);
#531=FACE_OUTER_BOUND('',#1183,.T.);
#532=FACE_OUTER_BOUND('',#1184,.T.);
#533=FACE_OUTER_BOUND('',#1185,.T.);
#534=FACE_OUTER_BOUND('',#1186,.T.);
#535=FACE_OUTER_BOUND('',#1187,.T.);
#536=FACE_OUTER_BOUND('',#1188,.T.);
#537=FACE_OUTER_BOUND('',#1189,.T.);
#538=FACE_OUTER_BOUND('',#1190,.T.);
#539=FACE_OUTER_BOUND('',#1191,.T.);
#540=FACE_OUTER_BOUND('',#1192,.T.);
#541=FACE_OUTER_BOUND('',#1193,.T.);
#542=FACE_OUTER_BOUND('',#1194,.T.);
#543=FACE_OUTER_BOUND('',#1195,.T.);
#544=FACE_OUTER_BOUND('',#1196,.T.);
#545=FACE_OUTER_BOUND('',#1197,.T.);
#546=FACE_OUTER_BOUND('',#1198,.T.);
#547=FACE_OUTER_BOUND('',#1199,.T.);
#548=FACE_OUTER_BOUND('',#1200,.T.);
#549=FACE_OUTER_BOUND('',#1201,.T.);
#550=FACE_OUTER_BOUND('',#1202,.T.);
#551=FACE_OUTER_BOUND('',#1203,.T.);
#552=FACE_OUTER_BOUND('',#1204,.T.);
#553=FACE_OUTER_BOUND('',#1205,.T.);
#554=FACE_OUTER_BOUND('',#1206,.T.);
#555=FACE_OUTER_BOUND('',#1207,.T.);
#556=FACE_OUTER_BOUND('',#1208,.T.);
#557=FACE_OUTER_BOUND('',#1209,.T.);
#558=FACE_OUTER_BOUND('',#1210,.T.);
#559=FACE_OUTER_BOUND('',#1211,.T.);
#560=FACE_OUTER_BOUND('',#1212,.T.);
#561=FACE_OUTER_BOUND('',#1213,.T.);
#562=FACE_OUTER_BOUND('',#1214,.T.);
#563=FACE_OUTER_BOUND('',#1215,.T.);
#564=FACE_OUTER_BOUND('',#1216,.T.);
#565=FACE_OUTER_BOUND('',#1217,.T.);
#566=FACE_OUTER_BOUND('',#1218,.T.);
#567=FACE_OUTER_BOUND('',#1219,.T.);
#568=FACE_OUTER_BOUND('',#1220,.T.);
#569=FACE_OUTER_BOUND('',#1221,.T.);
#570=FACE_OUTER_BOUND('',#1222,.T.);
#571=FACE_OUTER_BOUND('',#1223,.T.);
#572=FACE_OUTER_BOUND('',#1224,.T.);
#573=FACE_OUTER_BOUND('',#1225,.T.);
#574=FACE_OUTER_BOUND('',#1226,.T.);
#575=FACE_OUTER_BOUND('',#1227,.T.);
#576=FACE_OUTER_BOUND('',#1228,.T.);
#577=FACE_OUTER_BOUND('',#1229,.T.);
#578=FACE_OUTER_BOUND('',#1230,.T.);
#579=FACE_OUTER_BOUND('',#1231,.T.);
#580=FACE_OUTER_BOUND('',#1232,.T.);
#581=FACE_OUTER_BOUND('',#1233,.T.);
#582=FACE_OUTER_BOUND('',#1234,.T.);
#583=FACE_OUTER_BOUND('',#1235,.T.);
#584=FACE_OUTER_BOUND('',#1236,.T.);
#585=FACE_OUTER_BOUND('',#1237,.T.);
#586=FACE_OUTER_BOUND('',#1238,.T.);
#587=FACE_OUTER_BOUND('',#1239,.T.);
#588=FACE_OUTER_BOUND('',#1240,.T.);
#589=FACE_OUTER_BOUND('',#1241,.T.);
#590=FACE_OUTER_BOUND('',#1242,.T.);
#591=FACE_OUTER_BOUND('',#1243,.T.);
#592=FACE_OUTER_BOUND('',#1244,.T.);
#593=FACE_OUTER_BOUND('',#1245,.T.);
#594=FACE_OUTER_BOUND('',#1246,.T.);
#595=FACE_OUTER_BOUND('',#1247,.T.);
#596=FACE_OUTER_BOUND('',#1248,.T.);
#597=FACE_OUTER_BOUND('',#1249,.T.);
#598=FACE_OUTER_BOUND('',#1250,.T.);
#599=FACE_OUTER_BOUND('',#1251,.T.);
#600=FACE_OUTER_BOUND('',#1252,.T.);
#601=FACE_OUTER_BOUND('',#1253,.T.);
#602=FACE_OUTER_BOUND('',#1254,.T.);
#603=FACE_OUTER_BOUND('',#1255,.T.);
#604=FACE_OUTER_BOUND('',#1256,.T.);
#605=FACE_OUTER_BOUND('',#1257,.T.);
#606=FACE_OUTER_BOUND('',#1258,.T.);
#607=FACE_OUTER_BOUND('',#1259,.T.);
#608=FACE_OUTER_BOUND('',#1260,.T.);
#609=FACE_OUTER_BOUND('',#1261,.T.);
#610=FACE_OUTER_BOUND('',#1262,.T.);
#611=FACE_OUTER_BOUND('',#1263,.T.);
#612=FACE_OUTER_BOUND('',#1264,.T.);
#613=FACE_OUTER_BOUND('',#1265,.T.);
#614=FACE_OUTER_BOUND('',#1266,.T.);
#615=FACE_OUTER_BOUND('',#1267,.T.);
#616=FACE_OUTER_BOUND('',#1268,.T.);
#617=FACE_OUTER_BOUND('',#1269,.T.);
#618=FACE_OUTER_BOUND('',#1270,.T.);
#619=FACE_OUTER_BOUND('',#1271,.T.);
#620=FACE_OUTER_BOUND('',#1272,.T.);
#621=FACE_OUTER_BOUND('',#1273,.T.);
#622=FACE_OUTER_BOUND('',#1274,.T.);
#623=FACE_OUTER_BOUND('',#1275,.T.);
#624=FACE_OUTER_BOUND('',#1276,.T.);
#625=FACE_OUTER_BOUND('',#1277,.T.);
#626=FACE_OUTER_BOUND('',#1278,.T.);
#627=FACE_OUTER_BOUND('',#1279,.T.);
#628=FACE_OUTER_BOUND('',#1280,.T.);
#629=FACE_OUTER_BOUND('',#1281,.T.);
#630=FACE_OUTER_BOUND('',#1282,.T.);
#631=FACE_OUTER_BOUND('',#1283,.T.);
#632=FACE_OUTER_BOUND('',#1284,.T.);
#633=FACE_OUTER_BOUND('',#1285,.T.);
#634=FACE_OUTER_BOUND('',#1286,.T.);
#635=FACE_OUTER_BOUND('',#1287,.T.);
#636=FACE_OUTER_BOUND('',#1288,.T.);
#637=FACE_OUTER_BOUND('',#1289,.T.);
#638=FACE_OUTER_BOUND('',#1290,.T.);
#639=FACE_OUTER_BOUND('',#1291,.T.);
#640=FACE_OUTER_BOUND('',#1292,.T.);
#641=FACE_OUTER_BOUND('',#1293,.T.);
#642=FACE_OUTER_BOUND('',#1294,.T.);
#643=FACE_OUTER_BOUND('',#1295,.T.);
#644=FACE_OUTER_BOUND('',#1296,.T.);
#645=FACE_OUTER_BOUND('',#1297,.T.);
#646=FACE_OUTER_BOUND('',#1299,.T.);
#647=FACE_OUTER_BOUND('',#1300,.T.);
#648=FACE_OUTER_BOUND('',#1301,.T.);
#649=FACE_OUTER_BOUND('',#1302,.T.);
#650=FACE_OUTER_BOUND('',#1303,.T.);
#651=FACE_OUTER_BOUND('',#1304,.T.);
#652=FACE_OUTER_BOUND('',#1305,.T.);
#653=FACE_OUTER_BOUND('',#1306,.T.);
#654=FACE_OUTER_BOUND('',#1307,.T.);
#655=FACE_OUTER_BOUND('',#1308,.T.);
#656=FACE_OUTER_BOUND('',#1309,.T.);
#657=FACE_OUTER_BOUND('',#1310,.T.);
#658=FACE_OUTER_BOUND('',#1311,.T.);
#659=FACE_OUTER_BOUND('',#1312,.T.);
#660=FACE_OUTER_BOUND('',#1313,.T.);
#661=FACE_OUTER_BOUND('',#1314,.T.);
#662=FACE_OUTER_BOUND('',#1315,.T.);
#663=FACE_OUTER_BOUND('',#1316,.T.);
#664=FACE_OUTER_BOUND('',#1317,.T.);
#665=FACE_OUTER_BOUND('',#1318,.T.);
#666=FACE_OUTER_BOUND('',#1319,.T.);
#667=FACE_OUTER_BOUND('',#1320,.T.);
#668=FACE_OUTER_BOUND('',#1321,.T.);
#669=FACE_OUTER_BOUND('',#1322,.T.);
#670=FACE_OUTER_BOUND('',#1323,.T.);
#671=FACE_OUTER_BOUND('',#1324,.T.);
#672=FACE_OUTER_BOUND('',#1325,.T.);
#673=FACE_OUTER_BOUND('',#1326,.T.);
#674=FACE_OUTER_BOUND('',#1327,.T.);
#675=FACE_OUTER_BOUND('',#1328,.T.);
#676=FACE_OUTER_BOUND('',#1329,.T.);
#677=FACE_OUTER_BOUND('',#1330,.T.);
#678=FACE_OUTER_BOUND('',#1331,.T.);
#679=FACE_OUTER_BOUND('',#1332,.T.);
#680=FACE_OUTER_BOUND('',#1333,.T.);
#681=FACE_OUTER_BOUND('',#1334,.T.);
#682=FACE_OUTER_BOUND('',#1335,.T.);
#683=FACE_OUTER_BOUND('',#1336,.T.);
#684=FACE_OUTER_BOUND('',#1337,.T.);
#685=FACE_OUTER_BOUND('',#1338,.T.);
#686=FACE_OUTER_BOUND('',#1339,.T.);
#687=FACE_OUTER_BOUND('',#1340,.T.);
#688=FACE_OUTER_BOUND('',#1341,.T.);
#689=FACE_OUTER_BOUND('',#1342,.T.);
#690=FACE_OUTER_BOUND('',#1343,.T.);
#691=FACE_OUTER_BOUND('',#1344,.T.);
#692=FACE_OUTER_BOUND('',#1345,.T.);
#693=FACE_OUTER_BOUND('',#1346,.T.);
#694=FACE_OUTER_BOUND('',#1347,.T.);
#695=FACE_OUTER_BOUND('',#1348,.T.);
#696=FACE_OUTER_BOUND('',#1349,.T.);
#697=FACE_OUTER_BOUND('',#1350,.T.);
#698=FACE_OUTER_BOUND('',#1351,.T.);
#699=FACE_OUTER_BOUND('',#1352,.T.);
#700=FACE_OUTER_BOUND('',#1353,.T.);
#701=FACE_OUTER_BOUND('',#1354,.T.);
#702=FACE_OUTER_BOUND('',#1355,.T.);
#703=FACE_OUTER_BOUND('',#1356,.T.);
#704=FACE_OUTER_BOUND('',#1357,.T.);
#705=FACE_OUTER_BOUND('',#1358,.T.);
#706=FACE_OUTER_BOUND('',#1359,.T.);
#707=FACE_OUTER_BOUND('',#1360,.T.);
#708=FACE_OUTER_BOUND('',#1361,.T.);
#709=FACE_OUTER_BOUND('',#1362,.T.);
#710=FACE_OUTER_BOUND('',#1363,.T.);
#711=FACE_OUTER_BOUND('',#1364,.T.);
#712=FACE_OUTER_BOUND('',#1365,.T.);
#713=FACE_OUTER_BOUND('',#1366,.T.);
#714=FACE_OUTER_BOUND('',#1367,.T.);
#715=FACE_OUTER_BOUND('',#1368,.T.);
#716=FACE_OUTER_BOUND('',#1369,.T.);
#717=FACE_OUTER_BOUND('',#1370,.T.);
#718=FACE_OUTER_BOUND('',#1371,.T.);
#719=FACE_OUTER_BOUND('',#1372,.T.);
#720=FACE_OUTER_BOUND('',#1373,.T.);
#721=FACE_OUTER_BOUND('',#1374,.T.);
#722=FACE_OUTER_BOUND('',#1375,.T.);
#723=FACE_OUTER_BOUND('',#1376,.T.);
#724=FACE_OUTER_BOUND('',#1377,.T.);
#725=FACE_OUTER_BOUND('',#1378,.T.);
#726=FACE_OUTER_BOUND('',#1379,.T.);
#727=FACE_OUTER_BOUND('',#1380,.T.);
#728=FACE_OUTER_BOUND('',#1381,.T.);
#729=FACE_OUTER_BOUND('',#1382,.T.);
#730=FACE_OUTER_BOUND('',#1383,.T.);
#731=FACE_OUTER_BOUND('',#1384,.T.);
#732=FACE_OUTER_BOUND('',#1385,.T.);
#733=FACE_OUTER_BOUND('',#1386,.T.);
#734=FACE_OUTER_BOUND('',#1387,.T.);
#735=FACE_OUTER_BOUND('',#1388,.T.);
#736=FACE_OUTER_BOUND('',#1389,.T.);
#737=FACE_OUTER_BOUND('',#1390,.T.);
#738=FACE_OUTER_BOUND('',#1391,.T.);
#739=FACE_OUTER_BOUND('',#1392,.T.);
#740=FACE_OUTER_BOUND('',#1393,.T.);
#741=FACE_OUTER_BOUND('',#1394,.T.);
#742=FACE_OUTER_BOUND('',#1395,.T.);
#743=FACE_OUTER_BOUND('',#1397,.T.);
#744=FACE_OUTER_BOUND('',#1399,.T.);
#745=FACE_OUTER_BOUND('',#1401,.T.);
#746=FACE_OUTER_BOUND('',#1403,.T.);
#747=FACE_OUTER_BOUND('',#1408,.T.);
#748=FACE_OUTER_BOUND('',#1409,.T.);
#749=FACE_OUTER_BOUND('',#1410,.T.);
#750=FACE_OUTER_BOUND('',#1411,.T.);
#751=FACE_OUTER_BOUND('',#1412,.T.);
#752=FACE_OUTER_BOUND('',#1413,.T.);
#753=FACE_OUTER_BOUND('',#1414,.T.);
#754=FACE_OUTER_BOUND('',#1415,.T.);
#755=FACE_OUTER_BOUND('',#1416,.T.);
#756=FACE_OUTER_BOUND('',#1418,.T.);
#757=FACE_OUTER_BOUND('',#1420,.T.);
#758=FACE_OUTER_BOUND('',#1422,.T.);
#759=FACE_OUTER_BOUND('',#1424,.T.);
#760=FACE_OUTER_BOUND('',#1426,.T.);
#761=FACE_OUTER_BOUND('',#1428,.T.);
#762=FACE_OUTER_BOUND('',#1430,.T.);
#763=FACE_OUTER_BOUND('',#1432,.T.);
#764=FACE_OUTER_BOUND('',#1433,.T.);
#765=FACE_OUTER_BOUND('',#1434,.T.);
#766=FACE_OUTER_BOUND('',#1435,.T.);
#767=EDGE_LOOP('',(#7991,#7992,#7993,#7994));
#768=EDGE_LOOP('',(#7995,#7996,#7997,#7998));
#769=EDGE_LOOP('',(#7999,#8000,#8001,#8002));
#770=EDGE_LOOP('',(#8003,#8004,#8005,#8006,#8007,#8008,#8009,#8010,#8011,
#8012,#8013,#8014,#8015,#8016,#8017,#8018,#8019,#8020,#8021,#8022,#8023,
#8024,#8025,#8026,#8027,#8028,#8029,#8030,#8031,#8032,#8033,#8034,#8035,
#8036,#8037,#8038,#8039,#8040,#8041,#8042,#8043,#8044,#8045,#8046,#8047,
#8048,#8049,#8050,#8051,#8052,#8053,#8054,#8055,#8056,#8057,#8058,#8059,
#8060,#8061,#8062,#8063,#8064,#8065,#8066,#8067,#8068,#8069,#8070,#8071,
#8072,#8073,#8074,#8075,#8076,#8077,#8078,#8079,#8080,#8081,#8082,#8083,
#8084,#8085,#8086,#8087,#8088,#8089,#8090,#8091,#8092,#8093,#8094,#8095,
#8096,#8097,#8098));
#771=EDGE_LOOP('',(#8099,#8100,#8101,#8102,#8103,#8104,#8105,#8106,#8107,
#8108,#8109,#8110,#8111,#8112,#8113,#8114,#8115,#8116,#8117,#8118,#8119,
#8120,#8121,#8122,#8123,#8124,#8125,#8126,#8127,#8128,#8129,#8130,#8131,
#8132,#8133,#8134,#8135,#8136,#8137,#8138,#8139,#8140,#8141,#8142,#8143,
#8144,#8145,#8146,#8147,#8148,#8149,#8150,#8151,#8152,#8153,#8154,#8155,
#8156,#8157,#8158,#8159,#8160,#8161,#8162,#8163,#8164,#8165,#8166,#8167,
#8168,#8169,#8170,#8171,#8172,#8173,#8174,#8175,#8176,#8177,#8178,#8179,
#8180,#8181,#8182,#8183,#8184,#8185,#8186,#8187,#8188,#8189,#8190,#8191,
#8192,#8193,#8194));
#772=EDGE_LOOP('',(#8195,#8196,#8197,#8198,#8199,#8200,#8201,#8202,#8203,
#8204,#8205,#8206,#8207,#8208,#8209,#8210,#8211,#8212,#8213,#8214,#8215,
#8216,#8217,#8218,#8219,#8220,#8221,#8222,#8223,#8224,#8225,#8226,#8227,
#8228,#8229,#8230,#8231,#8232,#8233,#8234,#8235,#8236,#8237,#8238,#8239,
#8240,#8241,#8242,#8243,#8244,#8245,#8246,#8247,#8248,#8249,#8250,#8251,
#8252,#8253,#8254,#8255,#8256,#8257,#8258,#8259,#8260,#8261,#8262,#8263,
#8264,#8265,#8266,#8267,#8268,#8269,#8270,#8271,#8272,#8273,#8274,#8275,
#8276,#8277,#8278,#8279,#8280,#8281,#8282,#8283,#8284,#8285,#8286,#8287,
#8288,#8289,#8290));
#773=EDGE_LOOP('',(#8291,#8292,#8293,#8294));
#774=EDGE_LOOP('',(#8295));
#775=EDGE_LOOP('',(#8296,#8297,#8298,#8299));
#776=EDGE_LOOP('',(#8300,#8301,#8302,#8303));
#777=EDGE_LOOP('',(#8304,#8305,#8306,#8307));
#778=EDGE_LOOP('',(#8308,#8309,#8310,#8311));
#779=EDGE_LOOP('',(#8312,#8313,#8314,#8315));
#780=EDGE_LOOP('',(#8316,#8317,#8318,#8319));
#781=EDGE_LOOP('',(#8320,#8321,#8322,#8323));
#782=EDGE_LOOP('',(#8324,#8325,#8326,#8327));
#783=EDGE_LOOP('',(#8328,#8329,#8330,#8331));
#784=EDGE_LOOP('',(#8332,#8333,#8334,#8335));
#785=EDGE_LOOP('',(#8336,#8337,#8338,#8339));
#786=EDGE_LOOP('',(#8340,#8341,#8342,#8343));
#787=EDGE_LOOP('',(#8344,#8345,#8346,#8347));
#788=EDGE_LOOP('',(#8348,#8349,#8350,#8351));
#789=EDGE_LOOP('',(#8352,#8353,#8354,#8355));
#790=EDGE_LOOP('',(#8356,#8357,#8358,#8359));
#791=EDGE_LOOP('',(#8360,#8361,#8362,#8363));
#792=EDGE_LOOP('',(#8364,#8365,#8366,#8367));
#793=EDGE_LOOP('',(#8368,#8369,#8370,#8371));
#794=EDGE_LOOP('',(#8372,#8373,#8374,#8375));
#795=EDGE_LOOP('',(#8376,#8377,#8378,#8379));
#796=EDGE_LOOP('',(#8380,#8381,#8382,#8383));
#797=EDGE_LOOP('',(#8384,#8385,#8386,#8387));
#798=EDGE_LOOP('',(#8388,#8389,#8390,#8391));
#799=EDGE_LOOP('',(#8392,#8393,#8394,#8395));
#800=EDGE_LOOP('',(#8396,#8397,#8398,#8399));
#801=EDGE_LOOP('',(#8400,#8401,#8402,#8403));
#802=EDGE_LOOP('',(#8404,#8405,#8406,#8407));
#803=EDGE_LOOP('',(#8408,#8409,#8410,#8411));
#804=EDGE_LOOP('',(#8412,#8413,#8414,#8415));
#805=EDGE_LOOP('',(#8416,#8417,#8418,#8419));
#806=EDGE_LOOP('',(#8420,#8421,#8422,#8423));
#807=EDGE_LOOP('',(#8424,#8425,#8426,#8427));
#808=EDGE_LOOP('',(#8428,#8429,#8430,#8431));
#809=EDGE_LOOP('',(#8432,#8433,#8434,#8435));
#810=EDGE_LOOP('',(#8436,#8437,#8438,#8439));
#811=EDGE_LOOP('',(#8440,#8441,#8442,#8443));
#812=EDGE_LOOP('',(#8444,#8445,#8446,#8447));
#813=EDGE_LOOP('',(#8448,#8449,#8450,#8451));
#814=EDGE_LOOP('',(#8452,#8453,#8454,#8455));
#815=EDGE_LOOP('',(#8456,#8457,#8458,#8459));
#816=EDGE_LOOP('',(#8460,#8461,#8462,#8463));
#817=EDGE_LOOP('',(#8464,#8465,#8466,#8467));
#818=EDGE_LOOP('',(#8468,#8469,#8470,#8471));
#819=EDGE_LOOP('',(#8472,#8473,#8474,#8475));
#820=EDGE_LOOP('',(#8476,#8477,#8478,#8479));
#821=EDGE_LOOP('',(#8480,#8481,#8482,#8483));
#822=EDGE_LOOP('',(#8484,#8485,#8486,#8487));
#823=EDGE_LOOP('',(#8488,#8489,#8490,#8491));
#824=EDGE_LOOP('',(#8492,#8493,#8494,#8495));
#825=EDGE_LOOP('',(#8496,#8497,#8498,#8499));
#826=EDGE_LOOP('',(#8500,#8501,#8502,#8503));
#827=EDGE_LOOP('',(#8504,#8505,#8506,#8507));
#828=EDGE_LOOP('',(#8508,#8509,#8510,#8511));
#829=EDGE_LOOP('',(#8512,#8513,#8514,#8515));
#830=EDGE_LOOP('',(#8516,#8517,#8518,#8519));
#831=EDGE_LOOP('',(#8520,#8521,#8522,#8523));
#832=EDGE_LOOP('',(#8524,#8525,#8526,#8527));
#833=EDGE_LOOP('',(#8528,#8529,#8530,#8531));
#834=EDGE_LOOP('',(#8532,#8533,#8534,#8535));
#835=EDGE_LOOP('',(#8536,#8537,#8538,#8539));
#836=EDGE_LOOP('',(#8540,#8541,#8542,#8543));
#837=EDGE_LOOP('',(#8544,#8545,#8546,#8547));
#838=EDGE_LOOP('',(#8548,#8549,#8550,#8551));
#839=EDGE_LOOP('',(#8552,#8553,#8554,#8555));
#840=EDGE_LOOP('',(#8556,#8557,#8558,#8559));
#841=EDGE_LOOP('',(#8560,#8561,#8562,#8563));
#842=EDGE_LOOP('',(#8564,#8565,#8566,#8567));
#843=EDGE_LOOP('',(#8568,#8569,#8570,#8571));
#844=EDGE_LOOP('',(#8572,#8573,#8574,#8575));
#845=EDGE_LOOP('',(#8576,#8577,#8578,#8579));
#846=EDGE_LOOP('',(#8580,#8581,#8582,#8583));
#847=EDGE_LOOP('',(#8584,#8585,#8586,#8587));
#848=EDGE_LOOP('',(#8588,#8589,#8590,#8591));
#849=EDGE_LOOP('',(#8592,#8593,#8594,#8595));
#850=EDGE_LOOP('',(#8596,#8597,#8598,#8599));
#851=EDGE_LOOP('',(#8600,#8601,#8602,#8603));
#852=EDGE_LOOP('',(#8604,#8605,#8606,#8607));
#853=EDGE_LOOP('',(#8608,#8609,#8610,#8611));
#854=EDGE_LOOP('',(#8612,#8613,#8614,#8615));
#855=EDGE_LOOP('',(#8616,#8617,#8618,#8619));
#856=EDGE_LOOP('',(#8620,#8621,#8622,#8623));
#857=EDGE_LOOP('',(#8624,#8625,#8626,#8627));
#858=EDGE_LOOP('',(#8628,#8629,#8630,#8631));
#859=EDGE_LOOP('',(#8632,#8633,#8634,#8635));
#860=EDGE_LOOP('',(#8636,#8637,#8638,#8639));
#861=EDGE_LOOP('',(#8640,#8641,#8642,#8643));
#862=EDGE_LOOP('',(#8644,#8645,#8646,#8647));
#863=EDGE_LOOP('',(#8648,#8649,#8650,#8651));
#864=EDGE_LOOP('',(#8652,#8653,#8654,#8655));
#865=EDGE_LOOP('',(#8656,#8657,#8658,#8659));
#866=EDGE_LOOP('',(#8660,#8661,#8662,#8663));
#867=EDGE_LOOP('',(#8664,#8665,#8666,#8667,#8668,#8669,#8670,#8671,#8672,
#8673,#8674,#8675,#8676,#8677,#8678,#8679,#8680,#8681,#8682,#8683,#8684,
#8685,#8686,#8687,#8688,#8689,#8690,#8691,#8692,#8693,#8694,#8695,#8696,
#8697,#8698,#8699,#8700,#8701,#8702,#8703,#8704,#8705,#8706,#8707,#8708,
#8709,#8710,#8711,#8712,#8713,#8714,#8715,#8716,#8717,#8718,#8719,#8720,
#8721,#8722,#8723,#8724,#8725,#8726,#8727,#8728,#8729,#8730,#8731,#8732,
#8733,#8734,#8735,#8736,#8737,#8738,#8739,#8740,#8741,#8742,#8743,#8744,
#8745,#8746,#8747,#8748,#8749,#8750,#8751,#8752,#8753,#8754,#8755,#8756,
#8757,#8758,#8759));
#868=EDGE_LOOP('',(#8760,#8761,#8762,#8763));
#869=EDGE_LOOP('',(#8764,#8765,#8766,#8767));
#870=EDGE_LOOP('',(#8768,#8769,#8770,#8771));
#871=EDGE_LOOP('',(#8772,#8773,#8774,#8775));
#872=EDGE_LOOP('',(#8776,#8777,#8778,#8779));
#873=EDGE_LOOP('',(#8780,#8781,#8782,#8783));
#874=EDGE_LOOP('',(#8784,#8785,#8786,#8787));
#875=EDGE_LOOP('',(#8788,#8789,#8790,#8791));
#876=EDGE_LOOP('',(#8792,#8793,#8794,#8795));
#877=EDGE_LOOP('',(#8796,#8797,#8798,#8799));
#878=EDGE_LOOP('',(#8800,#8801,#8802,#8803));
#879=EDGE_LOOP('',(#8804,#8805,#8806,#8807));
#880=EDGE_LOOP('',(#8808,#8809,#8810,#8811));
#881=EDGE_LOOP('',(#8812,#8813,#8814,#8815));
#882=EDGE_LOOP('',(#8816,#8817,#8818,#8819));
#883=EDGE_LOOP('',(#8820,#8821,#8822,#8823));
#884=EDGE_LOOP('',(#8824,#8825,#8826,#8827));
#885=EDGE_LOOP('',(#8828,#8829,#8830,#8831));
#886=EDGE_LOOP('',(#8832,#8833,#8834,#8835));
#887=EDGE_LOOP('',(#8836,#8837,#8838,#8839));
#888=EDGE_LOOP('',(#8840,#8841,#8842,#8843));
#889=EDGE_LOOP('',(#8844,#8845,#8846,#8847));
#890=EDGE_LOOP('',(#8848,#8849,#8850,#8851));
#891=EDGE_LOOP('',(#8852,#8853,#8854,#8855));
#892=EDGE_LOOP('',(#8856,#8857,#8858,#8859));
#893=EDGE_LOOP('',(#8860,#8861,#8862,#8863));
#894=EDGE_LOOP('',(#8864,#8865,#8866,#8867));
#895=EDGE_LOOP('',(#8868,#8869,#8870,#8871));
#896=EDGE_LOOP('',(#8872,#8873,#8874,#8875));
#897=EDGE_LOOP('',(#8876,#8877,#8878,#8879));
#898=EDGE_LOOP('',(#8880,#8881,#8882,#8883));
#899=EDGE_LOOP('',(#8884,#8885,#8886,#8887));
#900=EDGE_LOOP('',(#8888,#8889,#8890,#8891));
#901=EDGE_LOOP('',(#8892,#8893,#8894,#8895));
#902=EDGE_LOOP('',(#8896,#8897,#8898,#8899));
#903=EDGE_LOOP('',(#8900,#8901,#8902,#8903));
#904=EDGE_LOOP('',(#8904,#8905,#8906,#8907));
#905=EDGE_LOOP('',(#8908,#8909,#8910,#8911));
#906=EDGE_LOOP('',(#8912,#8913,#8914,#8915));
#907=EDGE_LOOP('',(#8916,#8917,#8918,#8919));
#908=EDGE_LOOP('',(#8920,#8921,#8922,#8923));
#909=EDGE_LOOP('',(#8924,#8925,#8926,#8927));
#910=EDGE_LOOP('',(#8928,#8929,#8930,#8931));
#911=EDGE_LOOP('',(#8932,#8933,#8934,#8935));
#912=EDGE_LOOP('',(#8936,#8937,#8938,#8939));
#913=EDGE_LOOP('',(#8940,#8941,#8942,#8943));
#914=EDGE_LOOP('',(#8944,#8945,#8946,#8947));
#915=EDGE_LOOP('',(#8948,#8949,#8950,#8951));
#916=EDGE_LOOP('',(#8952,#8953,#8954,#8955));
#917=EDGE_LOOP('',(#8956,#8957,#8958,#8959));
#918=EDGE_LOOP('',(#8960,#8961,#8962,#8963));
#919=EDGE_LOOP('',(#8964,#8965,#8966,#8967));
#920=EDGE_LOOP('',(#8968,#8969,#8970,#8971));
#921=EDGE_LOOP('',(#8972,#8973,#8974,#8975));
#922=EDGE_LOOP('',(#8976,#8977,#8978,#8979));
#923=EDGE_LOOP('',(#8980,#8981,#8982,#8983));
#924=EDGE_LOOP('',(#8984,#8985,#8986,#8987));
#925=EDGE_LOOP('',(#8988,#8989,#8990,#8991));
#926=EDGE_LOOP('',(#8992,#8993,#8994,#8995));
#927=EDGE_LOOP('',(#8996,#8997,#8998,#8999));
#928=EDGE_LOOP('',(#9000,#9001,#9002,#9003));
#929=EDGE_LOOP('',(#9004,#9005,#9006,#9007));
#930=EDGE_LOOP('',(#9008,#9009,#9010,#9011));
#931=EDGE_LOOP('',(#9012,#9013,#9014,#9015));
#932=EDGE_LOOP('',(#9016,#9017,#9018,#9019));
#933=EDGE_LOOP('',(#9020,#9021,#9022,#9023));
#934=EDGE_LOOP('',(#9024,#9025,#9026,#9027));
#935=EDGE_LOOP('',(#9028,#9029,#9030,#9031));
#936=EDGE_LOOP('',(#9032,#9033,#9034,#9035));
#937=EDGE_LOOP('',(#9036,#9037,#9038,#9039));
#938=EDGE_LOOP('',(#9040,#9041,#9042,#9043));
#939=EDGE_LOOP('',(#9044,#9045,#9046,#9047));
#940=EDGE_LOOP('',(#9048,#9049,#9050,#9051));
#941=EDGE_LOOP('',(#9052,#9053,#9054,#9055));
#942=EDGE_LOOP('',(#9056,#9057,#9058,#9059));
#943=EDGE_LOOP('',(#9060,#9061,#9062,#9063));
#944=EDGE_LOOP('',(#9064,#9065,#9066,#9067));
#945=EDGE_LOOP('',(#9068,#9069,#9070,#9071));
#946=EDGE_LOOP('',(#9072,#9073,#9074,#9075));
#947=EDGE_LOOP('',(#9076,#9077,#9078,#9079));
#948=EDGE_LOOP('',(#9080,#9081,#9082,#9083));
#949=EDGE_LOOP('',(#9084,#9085,#9086,#9087));
#950=EDGE_LOOP('',(#9088,#9089,#9090,#9091));
#951=EDGE_LOOP('',(#9092,#9093,#9094,#9095));
#952=EDGE_LOOP('',(#9096,#9097,#9098,#9099));
#953=EDGE_LOOP('',(#9100,#9101,#9102,#9103));
#954=EDGE_LOOP('',(#9104,#9105,#9106,#9107));
#955=EDGE_LOOP('',(#9108,#9109,#9110,#9111));
#956=EDGE_LOOP('',(#9112,#9113,#9114,#9115));
#957=EDGE_LOOP('',(#9116,#9117,#9118,#9119));
#958=EDGE_LOOP('',(#9120,#9121,#9122,#9123));
#959=EDGE_LOOP('',(#9124,#9125,#9126,#9127));
#960=EDGE_LOOP('',(#9128,#9129,#9130,#9131));
#961=EDGE_LOOP('',(#9132,#9133,#9134,#9135));
#962=EDGE_LOOP('',(#9136,#9137,#9138,#9139));
#963=EDGE_LOOP('',(#9140,#9141,#9142,#9143));
#964=EDGE_LOOP('',(#9144,#9145,#9146,#9147));
#965=EDGE_LOOP('',(#9148,#9149,#9150,#9151,#9152,#9153,#9154,#9155,#9156,
#9157,#9158,#9159,#9160,#9161,#9162,#9163,#9164,#9165,#9166,#9167,#9168,
#9169,#9170,#9171,#9172,#9173,#9174,#9175,#9176,#9177,#9178,#9179,#9180,
#9181,#9182,#9183,#9184,#9185,#9186,#9187,#9188,#9189,#9190,#9191,#9192,
#9193,#9194,#9195,#9196,#9197,#9198,#9199,#9200,#9201,#9202,#9203,#9204,
#9205,#9206,#9207,#9208,#9209,#9210,#9211,#9212,#9213,#9214,#9215,#9216,
#9217,#9218,#9219,#9220,#9221,#9222,#9223,#9224,#9225,#9226,#9227,#9228,
#9229,#9230,#9231,#9232,#9233,#9234,#9235,#9236,#9237,#9238,#9239,#9240,
#9241,#9242,#9243));
#966=EDGE_LOOP('',(#9244,#9245,#9246,#9247));
#967=EDGE_LOOP('',(#9248,#9249,#9250,#9251));
#968=EDGE_LOOP('',(#9252,#9253,#9254,#9255));
#969=EDGE_LOOP('',(#9256,#9257,#9258,#9259));
#970=EDGE_LOOP('',(#9260,#9261,#9262,#9263));
#971=EDGE_LOOP('',(#9264,#9265,#9266,#9267));
#972=EDGE_LOOP('',(#9268,#9269,#9270,#9271));
#973=EDGE_LOOP('',(#9272,#9273,#9274,#9275));
#974=EDGE_LOOP('',(#9276,#9277,#9278,#9279));
#975=EDGE_LOOP('',(#9280,#9281,#9282,#9283));
#976=EDGE_LOOP('',(#9284,#9285,#9286,#9287));
#977=EDGE_LOOP('',(#9288,#9289,#9290,#9291));
#978=EDGE_LOOP('',(#9292,#9293,#9294,#9295));
#979=EDGE_LOOP('',(#9296,#9297,#9298,#9299));
#980=EDGE_LOOP('',(#9300,#9301,#9302,#9303));
#981=EDGE_LOOP('',(#9304,#9305,#9306,#9307));
#982=EDGE_LOOP('',(#9308,#9309,#9310,#9311));
#983=EDGE_LOOP('',(#9312,#9313,#9314,#9315));
#984=EDGE_LOOP('',(#9316,#9317,#9318,#9319));
#985=EDGE_LOOP('',(#9320,#9321,#9322,#9323));
#986=EDGE_LOOP('',(#9324,#9325,#9326,#9327));
#987=EDGE_LOOP('',(#9328,#9329,#9330,#9331));
#988=EDGE_LOOP('',(#9332,#9333,#9334,#9335));
#989=EDGE_LOOP('',(#9336,#9337,#9338,#9339));
#990=EDGE_LOOP('',(#9340,#9341,#9342,#9343));
#991=EDGE_LOOP('',(#9344,#9345,#9346,#9347));
#992=EDGE_LOOP('',(#9348,#9349,#9350,#9351));
#993=EDGE_LOOP('',(#9352,#9353,#9354,#9355));
#994=EDGE_LOOP('',(#9356,#9357,#9358,#9359));
#995=EDGE_LOOP('',(#9360,#9361,#9362,#9363));
#996=EDGE_LOOP('',(#9364,#9365,#9366,#9367));
#997=EDGE_LOOP('',(#9368,#9369,#9370,#9371));
#998=EDGE_LOOP('',(#9372,#9373,#9374,#9375));
#999=EDGE_LOOP('',(#9376,#9377,#9378,#9379));
#1000=EDGE_LOOP('',(#9380,#9381,#9382,#9383));
#1001=EDGE_LOOP('',(#9384,#9385,#9386,#9387));
#1002=EDGE_LOOP('',(#9388,#9389,#9390,#9391));
#1003=EDGE_LOOP('',(#9392,#9393,#9394,#9395));
#1004=EDGE_LOOP('',(#9396,#9397,#9398,#9399));
#1005=EDGE_LOOP('',(#9400,#9401,#9402,#9403));
#1006=EDGE_LOOP('',(#9404,#9405,#9406,#9407));
#1007=EDGE_LOOP('',(#9408,#9409,#9410,#9411));
#1008=EDGE_LOOP('',(#9412,#9413,#9414,#9415));
#1009=EDGE_LOOP('',(#9416,#9417,#9418,#9419));
#1010=EDGE_LOOP('',(#9420,#9421,#9422,#9423));
#1011=EDGE_LOOP('',(#9424,#9425,#9426,#9427));
#1012=EDGE_LOOP('',(#9428,#9429,#9430,#9431));
#1013=EDGE_LOOP('',(#9432,#9433,#9434,#9435));
#1014=EDGE_LOOP('',(#9436,#9437,#9438,#9439));
#1015=EDGE_LOOP('',(#9440,#9441,#9442,#9443));
#1016=EDGE_LOOP('',(#9444,#9445,#9446,#9447));
#1017=EDGE_LOOP('',(#9448,#9449,#9450,#9451));
#1018=EDGE_LOOP('',(#9452,#9453,#9454,#9455));
#1019=EDGE_LOOP('',(#9456,#9457,#9458,#9459));
#1020=EDGE_LOOP('',(#9460,#9461,#9462,#9463));
#1021=EDGE_LOOP('',(#9464,#9465,#9466,#9467));
#1022=EDGE_LOOP('',(#9468,#9469,#9470,#9471));
#1023=EDGE_LOOP('',(#9472,#9473,#9474,#9475));
#1024=EDGE_LOOP('',(#9476,#9477,#9478,#9479));
#1025=EDGE_LOOP('',(#9480,#9481,#9482,#9483));
#1026=EDGE_LOOP('',(#9484,#9485,#9486,#9487));
#1027=EDGE_LOOP('',(#9488,#9489,#9490,#9491));
#1028=EDGE_LOOP('',(#9492,#9493,#9494,#9495));
#1029=EDGE_LOOP('',(#9496,#9497,#9498,#9499));
#1030=EDGE_LOOP('',(#9500,#9501,#9502,#9503));
#1031=EDGE_LOOP('',(#9504,#9505,#9506,#9507));
#1032=EDGE_LOOP('',(#9508,#9509,#9510,#9511));
#1033=EDGE_LOOP('',(#9512,#9513,#9514,#9515));
#1034=EDGE_LOOP('',(#9516,#9517,#9518,#9519));
#1035=EDGE_LOOP('',(#9520,#9521,#9522,#9523));
#1036=EDGE_LOOP('',(#9524,#9525,#9526,#9527));
#1037=EDGE_LOOP('',(#9528,#9529,#9530,#9531));
#1038=EDGE_LOOP('',(#9532,#9533,#9534,#9535));
#1039=EDGE_LOOP('',(#9536,#9537,#9538,#9539));
#1040=EDGE_LOOP('',(#9540,#9541,#9542,#9543));
#1041=EDGE_LOOP('',(#9544,#9545,#9546,#9547));
#1042=EDGE_LOOP('',(#9548,#9549,#9550,#9551));
#1043=EDGE_LOOP('',(#9552,#9553,#9554,#9555));
#1044=EDGE_LOOP('',(#9556,#9557,#9558,#9559));
#1045=EDGE_LOOP('',(#9560,#9561,#9562,#9563));
#1046=EDGE_LOOP('',(#9564,#9565,#9566,#9567));
#1047=EDGE_LOOP('',(#9568,#9569,#9570,#9571));
#1048=EDGE_LOOP('',(#9572,#9573,#9574,#9575));
#1049=EDGE_LOOP('',(#9576,#9577,#9578,#9579));
#1050=EDGE_LOOP('',(#9580,#9581,#9582,#9583));
#1051=EDGE_LOOP('',(#9584,#9585,#9586,#9587));
#1052=EDGE_LOOP('',(#9588,#9589,#9590,#9591));
#1053=EDGE_LOOP('',(#9592,#9593,#9594,#9595));
#1054=EDGE_LOOP('',(#9596,#9597,#9598,#9599));
#1055=EDGE_LOOP('',(#9600,#9601,#9602,#9603));
#1056=EDGE_LOOP('',(#9604,#9605,#9606,#9607));
#1057=EDGE_LOOP('',(#9608,#9609,#9610,#9611));
#1058=EDGE_LOOP('',(#9612,#9613,#9614,#9615));
#1059=EDGE_LOOP('',(#9616,#9617,#9618,#9619));
#1060=EDGE_LOOP('',(#9620,#9621,#9622,#9623));
#1061=EDGE_LOOP('',(#9624,#9625,#9626,#9627));
#1062=EDGE_LOOP('',(#9628,#9629,#9630,#9631));
#1063=EDGE_LOOP('',(#9632,#9633,#9634,#9635));
#1064=EDGE_LOOP('',(#9636,#9637,#9638,#9639));
#1065=EDGE_LOOP('',(#9640,#9641,#9642,#9643));
#1066=EDGE_LOOP('',(#9644,#9645,#9646,#9647));
#1067=EDGE_LOOP('',(#9648,#9649,#9650,#9651,#9652,#9653,#9654,#9655,#9656,
#9657,#9658,#9659,#9660,#9661,#9662,#9663,#9664,#9665,#9666,#9667,#9668,
#9669,#9670,#9671,#9672,#9673,#9674,#9675,#9676,#9677,#9678,#9679,#9680,
#9681,#9682,#9683,#9684,#9685,#9686,#9687,#9688,#9689,#9690,#9691,#9692,
#9693,#9694,#9695,#9696,#9697,#9698,#9699,#9700,#9701,#9702,#9703,#9704,
#9705,#9706,#9707,#9708,#9709,#9710,#9711,#9712,#9713,#9714,#9715,#9716,
#9717,#9718,#9719,#9720,#9721,#9722,#9723,#9724,#9725,#9726,#9727,#9728,
#9729,#9730,#9731,#9732,#9733,#9734,#9735,#9736,#9737,#9738,#9739,#9740,
#9741,#9742,#9743));
#1068=EDGE_LOOP('',(#9744));
#1069=EDGE_LOOP('',(#9745));
#1070=EDGE_LOOP('',(#9746,#9747,#9748,#9749));
#1071=EDGE_LOOP('',(#9750));
#1072=EDGE_LOOP('',(#9751));
#1073=EDGE_LOOP('',(#9752));
#1074=EDGE_LOOP('',(#9753,#9754,#9755,#9756));
#1075=EDGE_LOOP('',(#9757,#9758,#9759,#9760));
#1076=EDGE_LOOP('',(#9761,#9762,#9763,#9764));
#1077=EDGE_LOOP('',(#9765,#9766,#9767,#9768));
#1078=EDGE_LOOP('',(#9769));
#1079=EDGE_LOOP('',(#9770));
#1080=EDGE_LOOP('',(#9771));
#1081=EDGE_LOOP('',(#9772));
#1082=EDGE_LOOP('',(#9773));
#1083=EDGE_LOOP('',(#9774));
#1084=EDGE_LOOP('',(#9775));
#1085=EDGE_LOOP('',(#9776));
#1086=EDGE_LOOP('',(#9777,#9778,#9779,#9780));
#1087=EDGE_LOOP('',(#9781,#9782,#9783,#9784));
#1088=EDGE_LOOP('',(#9785,#9786,#9787,#9788));
#1089=EDGE_LOOP('',(#9789,#9790,#9791,#9792));
#1090=EDGE_LOOP('',(#9793));
#1091=EDGE_LOOP('',(#9794));
#1092=EDGE_LOOP('',(#9795));
#1093=EDGE_LOOP('',(#9796));
#1094=EDGE_LOOP('',(#9797,#9798,#9799,#9800));
#1095=EDGE_LOOP('',(#9801,#9802,#9803,#9804));
#1096=EDGE_LOOP('',(#9805,#9806,#9807,#9808));
#1097=EDGE_LOOP('',(#9809,#9810,#9811,#9812,#9813,#9814,#9815,#9816,#9817,
#9818,#9819,#9820,#9821,#9822,#9823,#9824,#9825,#9826,#9827,#9828,#9829,
#9830,#9831,#9832,#9833,#9834,#9835,#9836,#9837,#9838,#9839,#9840,#9841,
#9842,#9843,#9844,#9845,#9846,#9847,#9848,#9849,#9850,#9851,#9852,#9853,
#9854,#9855,#9856,#9857,#9858,#9859,#9860,#9861,#9862,#9863,#9864,#9865,
#9866,#9867,#9868,#9869,#9870,#9871,#9872,#9873,#9874,#9875,#9876,#9877,
#9878,#9879,#9880,#9881,#9882,#9883,#9884,#9885,#9886,#9887,#9888,#9889,
#9890,#9891,#9892,#9893,#9894,#9895,#9896,#9897,#9898,#9899,#9900,#9901,
#9902,#9903,#9904));
#1098=EDGE_LOOP('',(#9905));
#1099=EDGE_LOOP('',(#9906));
#1100=EDGE_LOOP('',(#9907));
#1101=EDGE_LOOP('',(#9908));
#1102=EDGE_LOOP('',(#9909,#9910,#9911,#9912,#9913,#9914,#9915,#9916,#9917,
#9918,#9919,#9920,#9921,#9922,#9923,#9924,#9925,#9926,#9927,#9928,#9929,
#9930,#9931,#9932,#9933,#9934,#9935,#9936,#9937,#9938,#9939,#9940,#9941,
#9942,#9943,#9944,#9945,#9946,#9947,#9948,#9949,#9950,#9951,#9952,#9953,
#9954,#9955,#9956,#9957,#9958,#9959,#9960,#9961,#9962,#9963,#9964,#9965,
#9966,#9967,#9968,#9969,#9970,#9971,#9972,#9973,#9974,#9975,#9976,#9977,
#9978,#9979,#9980,#9981,#9982,#9983,#9984,#9985,#9986,#9987,#9988,#9989,
#9990,#9991,#9992,#9993,#9994,#9995,#9996,#9997,#9998,#9999,#10000,#10001,
#10002,#10003,#10004));
#1103=EDGE_LOOP('',(#10005,#10006,#10007,#10008,#10009,#10010,#10011,#10012,
#10013,#10014,#10015,#10016,#10017,#10018,#10019,#10020,#10021,#10022,#10023,
#10024,#10025,#10026,#10027,#10028,#10029,#10030,#10031,#10032,#10033,#10034,
#10035,#10036,#10037,#10038,#10039,#10040,#10041,#10042,#10043,#10044,#10045,
#10046,#10047,#10048,#10049,#10050,#10051,#10052,#10053,#10054,#10055,#10056,
#10057,#10058,#10059,#10060,#10061,#10062,#10063,#10064,#10065,#10066,#10067,
#10068,#10069,#10070,#10071,#10072,#10073,#10074,#10075,#10076,#10077,#10078,
#10079,#10080,#10081,#10082,#10083,#10084,#10085,#10086,#10087,#10088,#10089,
#10090,#10091,#10092,#10093,#10094,#10095,#10096,#10097,#10098,#10099,#10100));
#1104=EDGE_LOOP('',(#10101,#10102,#10103,#10104));
#1105=EDGE_LOOP('',(#10105,#10106,#10107,#10108));
#1106=EDGE_LOOP('',(#10109,#10110,#10111,#10112));
#1107=EDGE_LOOP('',(#10113,#10114,#10115,#10116));
#1108=EDGE_LOOP('',(#10117,#10118,#10119,#10120));
#1109=EDGE_LOOP('',(#10121,#10122,#10123,#10124));
#1110=EDGE_LOOP('',(#10125,#10126,#10127,#10128));
#1111=EDGE_LOOP('',(#10129,#10130,#10131,#10132));
#1112=EDGE_LOOP('',(#10133,#10134,#10135,#10136));
#1113=EDGE_LOOP('',(#10137,#10138,#10139,#10140));
#1114=EDGE_LOOP('',(#10141,#10142,#10143,#10144));
#1115=EDGE_LOOP('',(#10145,#10146,#10147,#10148));
#1116=EDGE_LOOP('',(#10149,#10150,#10151,#10152));
#1117=EDGE_LOOP('',(#10153,#10154,#10155,#10156));
#1118=EDGE_LOOP('',(#10157,#10158,#10159,#10160));
#1119=EDGE_LOOP('',(#10161,#10162,#10163,#10164));
#1120=EDGE_LOOP('',(#10165,#10166,#10167,#10168));
#1121=EDGE_LOOP('',(#10169,#10170,#10171,#10172));
#1122=EDGE_LOOP('',(#10173,#10174,#10175,#10176));
#1123=EDGE_LOOP('',(#10177,#10178,#10179,#10180));
#1124=EDGE_LOOP('',(#10181,#10182,#10183,#10184));
#1125=EDGE_LOOP('',(#10185,#10186,#10187,#10188));
#1126=EDGE_LOOP('',(#10189,#10190,#10191,#10192));
#1127=EDGE_LOOP('',(#10193,#10194,#10195,#10196));
#1128=EDGE_LOOP('',(#10197,#10198,#10199,#10200));
#1129=EDGE_LOOP('',(#10201,#10202,#10203,#10204));
#1130=EDGE_LOOP('',(#10205,#10206,#10207,#10208));
#1131=EDGE_LOOP('',(#10209,#10210,#10211,#10212));
#1132=EDGE_LOOP('',(#10213,#10214,#10215,#10216));
#1133=EDGE_LOOP('',(#10217,#10218,#10219,#10220));
#1134=EDGE_LOOP('',(#10221,#10222,#10223,#10224));
#1135=EDGE_LOOP('',(#10225,#10226,#10227,#10228));
#1136=EDGE_LOOP('',(#10229,#10230,#10231,#10232));
#1137=EDGE_LOOP('',(#10233,#10234,#10235,#10236));
#1138=EDGE_LOOP('',(#10237,#10238,#10239,#10240));
#1139=EDGE_LOOP('',(#10241,#10242,#10243,#10244));
#1140=EDGE_LOOP('',(#10245,#10246,#10247,#10248));
#1141=EDGE_LOOP('',(#10249,#10250,#10251,#10252));
#1142=EDGE_LOOP('',(#10253,#10254,#10255,#10256));
#1143=EDGE_LOOP('',(#10257,#10258,#10259,#10260));
#1144=EDGE_LOOP('',(#10261,#10262,#10263,#10264));
#1145=EDGE_LOOP('',(#10265,#10266,#10267,#10268));
#1146=EDGE_LOOP('',(#10269,#10270,#10271,#10272));
#1147=EDGE_LOOP('',(#10273,#10274,#10275,#10276));
#1148=EDGE_LOOP('',(#10277,#10278,#10279,#10280));
#1149=EDGE_LOOP('',(#10281,#10282,#10283,#10284));
#1150=EDGE_LOOP('',(#10285,#10286,#10287,#10288));
#1151=EDGE_LOOP('',(#10289,#10290,#10291,#10292));
#1152=EDGE_LOOP('',(#10293,#10294,#10295,#10296));
#1153=EDGE_LOOP('',(#10297,#10298,#10299,#10300));
#1154=EDGE_LOOP('',(#10301,#10302,#10303,#10304));
#1155=EDGE_LOOP('',(#10305,#10306,#10307,#10308));
#1156=EDGE_LOOP('',(#10309,#10310,#10311,#10312));
#1157=EDGE_LOOP('',(#10313,#10314,#10315,#10316));
#1158=EDGE_LOOP('',(#10317,#10318,#10319,#10320));
#1159=EDGE_LOOP('',(#10321,#10322,#10323,#10324));
#1160=EDGE_LOOP('',(#10325,#10326,#10327,#10328));
#1161=EDGE_LOOP('',(#10329,#10330,#10331,#10332));
#1162=EDGE_LOOP('',(#10333,#10334,#10335,#10336));
#1163=EDGE_LOOP('',(#10337,#10338,#10339,#10340));
#1164=EDGE_LOOP('',(#10341,#10342,#10343,#10344));
#1165=EDGE_LOOP('',(#10345,#10346,#10347,#10348));
#1166=EDGE_LOOP('',(#10349,#10350,#10351,#10352));
#1167=EDGE_LOOP('',(#10353,#10354,#10355,#10356));
#1168=EDGE_LOOP('',(#10357,#10358,#10359,#10360));
#1169=EDGE_LOOP('',(#10361,#10362,#10363,#10364));
#1170=EDGE_LOOP('',(#10365,#10366,#10367,#10368));
#1171=EDGE_LOOP('',(#10369,#10370,#10371,#10372));
#1172=EDGE_LOOP('',(#10373,#10374,#10375,#10376));
#1173=EDGE_LOOP('',(#10377,#10378,#10379,#10380));
#1174=EDGE_LOOP('',(#10381,#10382,#10383,#10384));
#1175=EDGE_LOOP('',(#10385,#10386,#10387,#10388));
#1176=EDGE_LOOP('',(#10389,#10390,#10391,#10392));
#1177=EDGE_LOOP('',(#10393,#10394,#10395,#10396));
#1178=EDGE_LOOP('',(#10397,#10398,#10399,#10400));
#1179=EDGE_LOOP('',(#10401,#10402,#10403,#10404));
#1180=EDGE_LOOP('',(#10405,#10406,#10407,#10408));
#1181=EDGE_LOOP('',(#10409,#10410,#10411,#10412));
#1182=EDGE_LOOP('',(#10413,#10414,#10415,#10416));
#1183=EDGE_LOOP('',(#10417,#10418,#10419,#10420));
#1184=EDGE_LOOP('',(#10421,#10422,#10423,#10424));
#1185=EDGE_LOOP('',(#10425,#10426,#10427,#10428));
#1186=EDGE_LOOP('',(#10429,#10430,#10431,#10432));
#1187=EDGE_LOOP('',(#10433,#10434,#10435,#10436));
#1188=EDGE_LOOP('',(#10437,#10438,#10439,#10440));
#1189=EDGE_LOOP('',(#10441,#10442,#10443,#10444));
#1190=EDGE_LOOP('',(#10445,#10446,#10447,#10448));
#1191=EDGE_LOOP('',(#10449,#10450,#10451,#10452));
#1192=EDGE_LOOP('',(#10453,#10454,#10455,#10456));
#1193=EDGE_LOOP('',(#10457,#10458,#10459,#10460));
#1194=EDGE_LOOP('',(#10461,#10462,#10463,#10464));
#1195=EDGE_LOOP('',(#10465,#10466,#10467,#10468));
#1196=EDGE_LOOP('',(#10469,#10470,#10471,#10472));
#1197=EDGE_LOOP('',(#10473,#10474,#10475,#10476));
#1198=EDGE_LOOP('',(#10477,#10478,#10479,#10480));
#1199=EDGE_LOOP('',(#10481,#10482,#10483,#10484));
#1200=EDGE_LOOP('',(#10485,#10486,#10487,#10488));
#1201=EDGE_LOOP('',(#10489,#10490,#10491,#10492));
#1202=EDGE_LOOP('',(#10493,#10494,#10495,#10496));
#1203=EDGE_LOOP('',(#10497,#10498,#10499,#10500));
#1204=EDGE_LOOP('',(#10501,#10502,#10503,#10504));
#1205=EDGE_LOOP('',(#10505,#10506,#10507,#10508));
#1206=EDGE_LOOP('',(#10509,#10510,#10511,#10512));
#1207=EDGE_LOOP('',(#10513,#10514,#10515,#10516));
#1208=EDGE_LOOP('',(#10517,#10518,#10519,#10520));
#1209=EDGE_LOOP('',(#10521,#10522,#10523,#10524));
#1210=EDGE_LOOP('',(#10525,#10526,#10527,#10528));
#1211=EDGE_LOOP('',(#10529,#10530,#10531,#10532));
#1212=EDGE_LOOP('',(#10533,#10534,#10535,#10536));
#1213=EDGE_LOOP('',(#10537,#10538,#10539,#10540));
#1214=EDGE_LOOP('',(#10541,#10542,#10543,#10544));
#1215=EDGE_LOOP('',(#10545,#10546,#10547,#10548));
#1216=EDGE_LOOP('',(#10549,#10550,#10551,#10552));
#1217=EDGE_LOOP('',(#10553,#10554,#10555,#10556));
#1218=EDGE_LOOP('',(#10557,#10558,#10559,#10560));
#1219=EDGE_LOOP('',(#10561,#10562,#10563,#10564));
#1220=EDGE_LOOP('',(#10565,#10566,#10567,#10568));
#1221=EDGE_LOOP('',(#10569,#10570,#10571,#10572));
#1222=EDGE_LOOP('',(#10573,#10574,#10575,#10576));
#1223=EDGE_LOOP('',(#10577,#10578,#10579,#10580));
#1224=EDGE_LOOP('',(#10581,#10582,#10583,#10584));
#1225=EDGE_LOOP('',(#10585,#10586,#10587,#10588));
#1226=EDGE_LOOP('',(#10589,#10590,#10591,#10592));
#1227=EDGE_LOOP('',(#10593,#10594,#10595,#10596));
#1228=EDGE_LOOP('',(#10597,#10598,#10599,#10600));
#1229=EDGE_LOOP('',(#10601,#10602,#10603,#10604));
#1230=EDGE_LOOP('',(#10605,#10606,#10607,#10608));
#1231=EDGE_LOOP('',(#10609,#10610,#10611,#10612));
#1232=EDGE_LOOP('',(#10613,#10614,#10615,#10616));
#1233=EDGE_LOOP('',(#10617,#10618,#10619,#10620));
#1234=EDGE_LOOP('',(#10621,#10622,#10623,#10624));
#1235=EDGE_LOOP('',(#10625,#10626,#10627,#10628));
#1236=EDGE_LOOP('',(#10629,#10630,#10631,#10632));
#1237=EDGE_LOOP('',(#10633,#10634,#10635,#10636));
#1238=EDGE_LOOP('',(#10637,#10638,#10639,#10640));
#1239=EDGE_LOOP('',(#10641,#10642,#10643,#10644));
#1240=EDGE_LOOP('',(#10645,#10646,#10647,#10648));
#1241=EDGE_LOOP('',(#10649,#10650,#10651,#10652));
#1242=EDGE_LOOP('',(#10653,#10654,#10655,#10656));
#1243=EDGE_LOOP('',(#10657,#10658,#10659,#10660));
#1244=EDGE_LOOP('',(#10661,#10662,#10663,#10664));
#1245=EDGE_LOOP('',(#10665,#10666,#10667,#10668));
#1246=EDGE_LOOP('',(#10669,#10670,#10671,#10672));
#1247=EDGE_LOOP('',(#10673,#10674,#10675,#10676));
#1248=EDGE_LOOP('',(#10677,#10678,#10679,#10680));
#1249=EDGE_LOOP('',(#10681,#10682,#10683,#10684));
#1250=EDGE_LOOP('',(#10685,#10686,#10687,#10688));
#1251=EDGE_LOOP('',(#10689,#10690,#10691,#10692));
#1252=EDGE_LOOP('',(#10693,#10694,#10695,#10696));
#1253=EDGE_LOOP('',(#10697,#10698,#10699,#10700));
#1254=EDGE_LOOP('',(#10701,#10702,#10703,#10704));
#1255=EDGE_LOOP('',(#10705,#10706,#10707,#10708));
#1256=EDGE_LOOP('',(#10709,#10710,#10711,#10712));
#1257=EDGE_LOOP('',(#10713,#10714,#10715,#10716));
#1258=EDGE_LOOP('',(#10717,#10718,#10719,#10720));
#1259=EDGE_LOOP('',(#10721,#10722,#10723,#10724));
#1260=EDGE_LOOP('',(#10725,#10726,#10727,#10728));
#1261=EDGE_LOOP('',(#10729,#10730,#10731,#10732));
#1262=EDGE_LOOP('',(#10733,#10734,#10735,#10736));
#1263=EDGE_LOOP('',(#10737,#10738,#10739,#10740));
#1264=EDGE_LOOP('',(#10741,#10742,#10743,#10744));
#1265=EDGE_LOOP('',(#10745,#10746,#10747,#10748));
#1266=EDGE_LOOP('',(#10749,#10750,#10751,#10752));
#1267=EDGE_LOOP('',(#10753,#10754,#10755,#10756));
#1268=EDGE_LOOP('',(#10757,#10758,#10759,#10760));
#1269=EDGE_LOOP('',(#10761,#10762,#10763,#10764));
#1270=EDGE_LOOP('',(#10765,#10766,#10767,#10768));
#1271=EDGE_LOOP('',(#10769,#10770,#10771,#10772));
#1272=EDGE_LOOP('',(#10773,#10774,#10775,#10776));
#1273=EDGE_LOOP('',(#10777,#10778,#10779,#10780));
#1274=EDGE_LOOP('',(#10781,#10782,#10783,#10784));
#1275=EDGE_LOOP('',(#10785,#10786,#10787,#10788));
#1276=EDGE_LOOP('',(#10789,#10790,#10791,#10792));
#1277=EDGE_LOOP('',(#10793,#10794,#10795,#10796));
#1278=EDGE_LOOP('',(#10797,#10798,#10799,#10800));
#1279=EDGE_LOOP('',(#10801,#10802,#10803,#10804));
#1280=EDGE_LOOP('',(#10805,#10806,#10807,#10808));
#1281=EDGE_LOOP('',(#10809,#10810,#10811,#10812));
#1282=EDGE_LOOP('',(#10813,#10814,#10815,#10816));
#1283=EDGE_LOOP('',(#10817,#10818,#10819,#10820));
#1284=EDGE_LOOP('',(#10821,#10822,#10823,#10824));
#1285=EDGE_LOOP('',(#10825,#10826,#10827,#10828));
#1286=EDGE_LOOP('',(#10829,#10830,#10831,#10832));
#1287=EDGE_LOOP('',(#10833,#10834,#10835,#10836));
#1288=EDGE_LOOP('',(#10837,#10838,#10839,#10840));
#1289=EDGE_LOOP('',(#10841,#10842,#10843,#10844));
#1290=EDGE_LOOP('',(#10845,#10846,#10847,#10848));
#1291=EDGE_LOOP('',(#10849,#10850,#10851,#10852));
#1292=EDGE_LOOP('',(#10853,#10854,#10855,#10856));
#1293=EDGE_LOOP('',(#10857,#10858,#10859,#10860));
#1294=EDGE_LOOP('',(#10861,#10862,#10863,#10864));
#1295=EDGE_LOOP('',(#10865,#10866,#10867,#10868));
#1296=EDGE_LOOP('',(#10869,#10870,#10871,#10872));
#1297=EDGE_LOOP('',(#10873,#10874,#10875,#10876,#10877,#10878,#10879,#10880,
#10881,#10882,#10883,#10884,#10885,#10886,#10887,#10888,#10889,#10890,#10891,
#10892,#10893,#10894,#10895,#10896,#10897,#10898,#10899,#10900,#10901,#10902,
#10903,#10904,#10905,#10906,#10907,#10908,#10909,#10910,#10911,#10912,#10913,
#10914,#10915,#10916,#10917,#10918,#10919,#10920,#10921,#10922,#10923,#10924,
#10925,#10926,#10927,#10928,#10929,#10930,#10931,#10932,#10933,#10934,#10935,
#10936,#10937,#10938,#10939,#10940,#10941,#10942,#10943,#10944,#10945,#10946,
#10947,#10948,#10949,#10950,#10951,#10952,#10953,#10954,#10955,#10956,#10957,
#10958,#10959,#10960,#10961,#10962,#10963,#10964,#10965,#10966,#10967,#10968));
#1298=EDGE_LOOP('',(#10969,#10970,#10971,#10972,#10973,#10974,#10975,#10976,
#10977,#10978,#10979,#10980,#10981,#10982,#10983,#10984,#10985,#10986,#10987,
#10988,#10989,#10990,#10991,#10992,#10993,#10994,#10995,#10996,#10997,#10998,
#10999,#11000,#11001,#11002,#11003,#11004,#11005,#11006,#11007,#11008,#11009,
#11010,#11011,#11012,#11013,#11014,#11015,#11016,#11017,#11018,#11019,#11020,
#11021,#11022,#11023,#11024,#11025,#11026,#11027,#11028,#11029,#11030,#11031,
#11032,#11033,#11034,#11035,#11036,#11037,#11038,#11039,#11040,#11041,#11042,
#11043,#11044,#11045,#11046,#11047,#11048,#11049,#11050,#11051,#11052,#11053,
#11054,#11055,#11056,#11057,#11058,#11059,#11060,#11061,#11062,#11063,#11064));
#1299=EDGE_LOOP('',(#11065,#11066,#11067,#11068));
#1300=EDGE_LOOP('',(#11069,#11070,#11071,#11072));
#1301=EDGE_LOOP('',(#11073,#11074,#11075,#11076));
#1302=EDGE_LOOP('',(#11077,#11078,#11079,#11080));
#1303=EDGE_LOOP('',(#11081,#11082,#11083,#11084));
#1304=EDGE_LOOP('',(#11085,#11086,#11087,#11088));
#1305=EDGE_LOOP('',(#11089,#11090,#11091,#11092));
#1306=EDGE_LOOP('',(#11093,#11094,#11095,#11096));
#1307=EDGE_LOOP('',(#11097,#11098,#11099,#11100));
#1308=EDGE_LOOP('',(#11101,#11102,#11103,#11104));
#1309=EDGE_LOOP('',(#11105,#11106,#11107,#11108));
#1310=EDGE_LOOP('',(#11109,#11110,#11111,#11112));
#1311=EDGE_LOOP('',(#11113,#11114,#11115,#11116));
#1312=EDGE_LOOP('',(#11117,#11118,#11119,#11120));
#1313=EDGE_LOOP('',(#11121,#11122,#11123,#11124));
#1314=EDGE_LOOP('',(#11125,#11126,#11127,#11128));
#1315=EDGE_LOOP('',(#11129,#11130,#11131,#11132));
#1316=EDGE_LOOP('',(#11133,#11134,#11135,#11136));
#1317=EDGE_LOOP('',(#11137,#11138,#11139,#11140));
#1318=EDGE_LOOP('',(#11141,#11142,#11143,#11144));
#1319=EDGE_LOOP('',(#11145,#11146,#11147,#11148));
#1320=EDGE_LOOP('',(#11149,#11150,#11151,#11152));
#1321=EDGE_LOOP('',(#11153,#11154,#11155,#11156));
#1322=EDGE_LOOP('',(#11157,#11158,#11159,#11160));
#1323=EDGE_LOOP('',(#11161,#11162,#11163,#11164));
#1324=EDGE_LOOP('',(#11165,#11166,#11167,#11168));
#1325=EDGE_LOOP('',(#11169,#11170,#11171,#11172));
#1326=EDGE_LOOP('',(#11173,#11174,#11175,#11176));
#1327=EDGE_LOOP('',(#11177,#11178,#11179,#11180));
#1328=EDGE_LOOP('',(#11181,#11182,#11183,#11184));
#1329=EDGE_LOOP('',(#11185,#11186,#11187,#11188));
#1330=EDGE_LOOP('',(#11189,#11190,#11191,#11192));
#1331=EDGE_LOOP('',(#11193,#11194,#11195,#11196));
#1332=EDGE_LOOP('',(#11197,#11198,#11199,#11200));
#1333=EDGE_LOOP('',(#11201,#11202,#11203,#11204));
#1334=EDGE_LOOP('',(#11205,#11206,#11207,#11208));
#1335=EDGE_LOOP('',(#11209,#11210,#11211,#11212));
#1336=EDGE_LOOP('',(#11213,#11214,#11215,#11216));
#1337=EDGE_LOOP('',(#11217,#11218,#11219,#11220));
#1338=EDGE_LOOP('',(#11221,#11222,#11223,#11224));
#1339=EDGE_LOOP('',(#11225,#11226,#11227,#11228));
#1340=EDGE_LOOP('',(#11229,#11230,#11231,#11232));
#1341=EDGE_LOOP('',(#11233,#11234,#11235,#11236));
#1342=EDGE_LOOP('',(#11237,#11238,#11239,#11240));
#1343=EDGE_LOOP('',(#11241,#11242,#11243,#11244));
#1344=EDGE_LOOP('',(#11245,#11246,#11247,#11248));
#1345=EDGE_LOOP('',(#11249,#11250,#11251,#11252));
#1346=EDGE_LOOP('',(#11253,#11254,#11255,#11256));
#1347=EDGE_LOOP('',(#11257,#11258,#11259,#11260));
#1348=EDGE_LOOP('',(#11261,#11262,#11263,#11264));
#1349=EDGE_LOOP('',(#11265,#11266,#11267,#11268));
#1350=EDGE_LOOP('',(#11269,#11270,#11271,#11272));
#1351=EDGE_LOOP('',(#11273,#11274,#11275,#11276));
#1352=EDGE_LOOP('',(#11277,#11278,#11279,#11280));
#1353=EDGE_LOOP('',(#11281,#11282,#11283,#11284));
#1354=EDGE_LOOP('',(#11285,#11286,#11287,#11288));
#1355=EDGE_LOOP('',(#11289,#11290,#11291,#11292));
#1356=EDGE_LOOP('',(#11293,#11294,#11295,#11296));
#1357=EDGE_LOOP('',(#11297,#11298,#11299,#11300));
#1358=EDGE_LOOP('',(#11301,#11302,#11303,#11304));
#1359=EDGE_LOOP('',(#11305,#11306,#11307,#11308));
#1360=EDGE_LOOP('',(#11309,#11310,#11311,#11312));
#1361=EDGE_LOOP('',(#11313,#11314,#11315,#11316));
#1362=EDGE_LOOP('',(#11317,#11318,#11319,#11320));
#1363=EDGE_LOOP('',(#11321,#11322,#11323,#11324));
#1364=EDGE_LOOP('',(#11325,#11326,#11327,#11328));
#1365=EDGE_LOOP('',(#11329,#11330,#11331,#11332));
#1366=EDGE_LOOP('',(#11333,#11334,#11335,#11336));
#1367=EDGE_LOOP('',(#11337,#11338,#11339,#11340));
#1368=EDGE_LOOP('',(#11341,#11342,#11343,#11344));
#1369=EDGE_LOOP('',(#11345,#11346,#11347,#11348));
#1370=EDGE_LOOP('',(#11349,#11350,#11351,#11352));
#1371=EDGE_LOOP('',(#11353,#11354,#11355,#11356));
#1372=EDGE_LOOP('',(#11357,#11358,#11359,#11360));
#1373=EDGE_LOOP('',(#11361,#11362,#11363,#11364));
#1374=EDGE_LOOP('',(#11365,#11366,#11367,#11368));
#1375=EDGE_LOOP('',(#11369,#11370,#11371,#11372));
#1376=EDGE_LOOP('',(#11373,#11374,#11375,#11376));
#1377=EDGE_LOOP('',(#11377,#11378,#11379,#11380));
#1378=EDGE_LOOP('',(#11381,#11382,#11383,#11384));
#1379=EDGE_LOOP('',(#11385,#11386,#11387,#11388));
#1380=EDGE_LOOP('',(#11389,#11390,#11391,#11392));
#1381=EDGE_LOOP('',(#11393,#11394,#11395,#11396));
#1382=EDGE_LOOP('',(#11397,#11398,#11399,#11400));
#1383=EDGE_LOOP('',(#11401,#11402,#11403,#11404));
#1384=EDGE_LOOP('',(#11405,#11406,#11407,#11408));
#1385=EDGE_LOOP('',(#11409,#11410,#11411,#11412));
#1386=EDGE_LOOP('',(#11413,#11414,#11415,#11416));
#1387=EDGE_LOOP('',(#11417,#11418,#11419,#11420));
#1388=EDGE_LOOP('',(#11421,#11422,#11423,#11424));
#1389=EDGE_LOOP('',(#11425,#11426,#11427,#11428));
#1390=EDGE_LOOP('',(#11429,#11430,#11431,#11432));
#1391=EDGE_LOOP('',(#11433,#11434,#11435,#11436));
#1392=EDGE_LOOP('',(#11437,#11438,#11439,#11440));
#1393=EDGE_LOOP('',(#11441,#11442,#11443,#11444));
#1394=EDGE_LOOP('',(#11445,#11446,#11447,#11448));
#1395=EDGE_LOOP('',(#11449));
#1396=EDGE_LOOP('',(#11450));
#1397=EDGE_LOOP('',(#11451));
#1398=EDGE_LOOP('',(#11452));
#1399=EDGE_LOOP('',(#11453));
#1400=EDGE_LOOP('',(#11454));
#1401=EDGE_LOOP('',(#11455));
#1402=EDGE_LOOP('',(#11456));
#1403=EDGE_LOOP('',(#11457,#11458,#11459,#11460,#11461,#11462,#11463,#11464,
#11465,#11466,#11467,#11468,#11469,#11470,#11471,#11472,#11473,#11474,#11475,
#11476,#11477,#11478,#11479,#11480,#11481,#11482,#11483,#11484,#11485,#11486,
#11487,#11488,#11489,#11490,#11491,#11492,#11493,#11494,#11495,#11496,#11497,
#11498,#11499,#11500,#11501,#11502,#11503,#11504,#11505,#11506,#11507,#11508,
#11509,#11510,#11511,#11512,#11513,#11514,#11515,#11516,#11517,#11518,#11519,
#11520,#11521,#11522,#11523,#11524,#11525,#11526,#11527,#11528,#11529,#11530,
#11531,#11532,#11533,#11534,#11535,#11536,#11537,#11538,#11539,#11540,#11541,
#11542,#11543,#11544,#11545,#11546,#11547,#11548,#11549,#11550,#11551,#11552));
#1404=EDGE_LOOP('',(#11553));
#1405=EDGE_LOOP('',(#11554));
#1406=EDGE_LOOP('',(#11555));
#1407=EDGE_LOOP('',(#11556));
#1408=EDGE_LOOP('',(#11557,#11558,#11559,#11560));
#1409=EDGE_LOOP('',(#11561,#11562,#11563,#11564));
#1410=EDGE_LOOP('',(#11565,#11566,#11567,#11568));
#1411=EDGE_LOOP('',(#11569,#11570,#11571,#11572));
#1412=EDGE_LOOP('',(#11573,#11574,#11575,#11576));
#1413=EDGE_LOOP('',(#11577,#11578,#11579,#11580));
#1414=EDGE_LOOP('',(#11581,#11582,#11583,#11584));
#1415=EDGE_LOOP('',(#11585,#11586,#11587,#11588));
#1416=EDGE_LOOP('',(#11589));
#1417=EDGE_LOOP('',(#11590));
#1418=EDGE_LOOP('',(#11591));
#1419=EDGE_LOOP('',(#11592));
#1420=EDGE_LOOP('',(#11593));
#1421=EDGE_LOOP('',(#11594));
#1422=EDGE_LOOP('',(#11595));
#1423=EDGE_LOOP('',(#11596));
#1424=EDGE_LOOP('',(#11597));
#1425=EDGE_LOOP('',(#11598));
#1426=EDGE_LOOP('',(#11599));
#1427=EDGE_LOOP('',(#11600));
#1428=EDGE_LOOP('',(#11601));
#1429=EDGE_LOOP('',(#11602));
#1430=EDGE_LOOP('',(#11603));
#1431=EDGE_LOOP('',(#11604));
#1432=EDGE_LOOP('',(#11605,#11606,#11607,#11608));
#1433=EDGE_LOOP('',(#11609,#11610,#11611,#11612));
#1434=EDGE_LOOP('',(#11613,#11614,#11615,#11616));
#1435=EDGE_LOOP('',(#11617,#11618,#11619,#11620));
#1436=LINE('',#16699,#3201);
#1437=LINE('',#16701,#3202);
#1438=LINE('',#16703,#3203);
#1439=LINE('',#16704,#3204);
#1440=LINE('',#16708,#3205);
#1441=LINE('',#16709,#3206);
#1442=LINE('',#16710,#3207);
#1443=LINE('',#16713,#3208);
#1444=LINE('',#16715,#3209);
#1445=LINE('',#16716,#3210);
#1446=LINE('',#16719,#3211);
#1447=LINE('',#16721,#3212);
#1448=LINE('',#16723,#3213);
#1449=LINE('',#16725,#3214);
#1450=LINE('',#16727,#3215);
#1451=LINE('',#16729,#3216);
#1452=LINE('',#16731,#3217);
#1453=LINE('',#16733,#3218);
#1454=LINE('',#16735,#3219);
#1455=LINE('',#16737,#3220);
#1456=LINE('',#16739,#3221);
#1457=LINE('',#16741,#3222);
#1458=LINE('',#16743,#3223);
#1459=LINE('',#16745,#3224);
#1460=LINE('',#16747,#3225);
#1461=LINE('',#16749,#3226);
#1462=LINE('',#16751,#3227);
#1463=LINE('',#16753,#3228);
#1464=LINE('',#16755,#3229);
#1465=LINE('',#16757,#3230);
#1466=LINE('',#16759,#3231);
#1467=LINE('',#16761,#3232);
#1468=LINE('',#16763,#3233);
#1469=LINE('',#16765,#3234);
#1470=LINE('',#16767,#3235);
#1471=LINE('',#16769,#3236);
#1472=LINE('',#16771,#3237);
#1473=LINE('',#16773,#3238);
#1474=LINE('',#16775,#3239);
#1475=LINE('',#16777,#3240);
#1476=LINE('',#16779,#3241);
#1477=LINE('',#16781,#3242);
#1478=LINE('',#16783,#3243);
#1479=LINE('',#16785,#3244);
#1480=LINE('',#16787,#3245);
#1481=LINE('',#16789,#3246);
#1482=LINE('',#16791,#3247);
#1483=LINE('',#16793,#3248);
#1484=LINE('',#16795,#3249);
#1485=LINE('',#16797,#3250);
#1486=LINE('',#16799,#3251);
#1487=LINE('',#16801,#3252);
#1488=LINE('',#16803,#3253);
#1489=LINE('',#16805,#3254);
#1490=LINE('',#16807,#3255);
#1491=LINE('',#16809,#3256);
#1492=LINE('',#16811,#3257);
#1493=LINE('',#16813,#3258);
#1494=LINE('',#16815,#3259);
#1495=LINE('',#16817,#3260);
#1496=LINE('',#16819,#3261);
#1497=LINE('',#16821,#3262);
#1498=LINE('',#16823,#3263);
#1499=LINE('',#16825,#3264);
#1500=LINE('',#16827,#3265);
#1501=LINE('',#16829,#3266);
#1502=LINE('',#16831,#3267);
#1503=LINE('',#16833,#3268);
#1504=LINE('',#16835,#3269);
#1505=LINE('',#16837,#3270);
#1506=LINE('',#16839,#3271);
#1507=LINE('',#16841,#3272);
#1508=LINE('',#16843,#3273);
#1509=LINE('',#16845,#3274);
#1510=LINE('',#16847,#3275);
#1511=LINE('',#16849,#3276);
#1512=LINE('',#16851,#3277);
#1513=LINE('',#16853,#3278);
#1514=LINE('',#16855,#3279);
#1515=LINE('',#16857,#3280);
#1516=LINE('',#16859,#3281);
#1517=LINE('',#16861,#3282);
#1518=LINE('',#16863,#3283);
#1519=LINE('',#16865,#3284);
#1520=LINE('',#16867,#3285);
#1521=LINE('',#16869,#3286);
#1522=LINE('',#16871,#3287);
#1523=LINE('',#16873,#3288);
#1524=LINE('',#16875,#3289);
#1525=LINE('',#16877,#3290);
#1526=LINE('',#16879,#3291);
#1527=LINE('',#16881,#3292);
#1528=LINE('',#16883,#3293);
#1529=LINE('',#16885,#3294);
#1530=LINE('',#16887,#3295);
#1531=LINE('',#16889,#3296);
#1532=LINE('',#16891,#3297);
#1533=LINE('',#16893,#3298);
#1534=LINE('',#16895,#3299);
#1535=LINE('',#16897,#3300);
#1536=LINE('',#16899,#3301);
#1537=LINE('',#16901,#3302);
#1538=LINE('',#16902,#3303);
#1539=LINE('',#16905,#3304);
#1540=LINE('',#16907,#3305);
#1541=LINE('',#16909,#3306);
#1542=LINE('',#16911,#3307);
#1543=LINE('',#16913,#3308);
#1544=LINE('',#16915,#3309);
#1545=LINE('',#16917,#3310);
#1546=LINE('',#16919,#3311);
#1547=LINE('',#16921,#3312);
#1548=LINE('',#16923,#3313);
#1549=LINE('',#16925,#3314);
#1550=LINE('',#16927,#3315);
#1551=LINE('',#16929,#3316);
#1552=LINE('',#16931,#3317);
#1553=LINE('',#16933,#3318);
#1554=LINE('',#16935,#3319);
#1555=LINE('',#16937,#3320);
#1556=LINE('',#16939,#3321);
#1557=LINE('',#16941,#3322);
#1558=LINE('',#16943,#3323);
#1559=LINE('',#16945,#3324);
#1560=LINE('',#16947,#3325);
#1561=LINE('',#16949,#3326);
#1562=LINE('',#16951,#3327);
#1563=LINE('',#16953,#3328);
#1564=LINE('',#16955,#3329);
#1565=LINE('',#16957,#3330);
#1566=LINE('',#16959,#3331);
#1567=LINE('',#16961,#3332);
#1568=LINE('',#16963,#3333);
#1569=LINE('',#16965,#3334);
#1570=LINE('',#16967,#3335);
#1571=LINE('',#16969,#3336);
#1572=LINE('',#16971,#3337);
#1573=LINE('',#16973,#3338);
#1574=LINE('',#16975,#3339);
#1575=LINE('',#16977,#3340);
#1576=LINE('',#16979,#3341);
#1577=LINE('',#16981,#3342);
#1578=LINE('',#16983,#3343);
#1579=LINE('',#16985,#3344);
#1580=LINE('',#16987,#3345);
#1581=LINE('',#16989,#3346);
#1582=LINE('',#16991,#3347);
#1583=LINE('',#16993,#3348);
#1584=LINE('',#16995,#3349);
#1585=LINE('',#16997,#3350);
#1586=LINE('',#16999,#3351);
#1587=LINE('',#17001,#3352);
#1588=LINE('',#17003,#3353);
#1589=LINE('',#17005,#3354);
#1590=LINE('',#17007,#3355);
#1591=LINE('',#17009,#3356);
#1592=LINE('',#17011,#3357);
#1593=LINE('',#17013,#3358);
#1594=LINE('',#17015,#3359);
#1595=LINE('',#17017,#3360);
#1596=LINE('',#17019,#3361);
#1597=LINE('',#17021,#3362);
#1598=LINE('',#17023,#3363);
#1599=LINE('',#17025,#3364);
#1600=LINE('',#17027,#3365);
#1601=LINE('',#17029,#3366);
#1602=LINE('',#17031,#3367);
#1603=LINE('',#17033,#3368);
#1604=LINE('',#17035,#3369);
#1605=LINE('',#17037,#3370);
#1606=LINE('',#17039,#3371);
#1607=LINE('',#17041,#3372);
#1608=LINE('',#17043,#3373);
#1609=LINE('',#17045,#3374);
#1610=LINE('',#17047,#3375);
#1611=LINE('',#17049,#3376);
#1612=LINE('',#17051,#3377);
#1613=LINE('',#17053,#3378);
#1614=LINE('',#17055,#3379);
#1615=LINE('',#17057,#3380);
#1616=LINE('',#17059,#3381);
#1617=LINE('',#17061,#3382);
#1618=LINE('',#17063,#3383);
#1619=LINE('',#17065,#3384);
#1620=LINE('',#17067,#3385);
#1621=LINE('',#17069,#3386);
#1622=LINE('',#17071,#3387);
#1623=LINE('',#17073,#3388);
#1624=LINE('',#17075,#3389);
#1625=LINE('',#17077,#3390);
#1626=LINE('',#17079,#3391);
#1627=LINE('',#17081,#3392);
#1628=LINE('',#17083,#3393);
#1629=LINE('',#17085,#3394);
#1630=LINE('',#17087,#3395);
#1631=LINE('',#17089,#3396);
#1632=LINE('',#17091,#3397);
#1633=LINE('',#17093,#3398);
#1634=LINE('',#17094,#3399);
#1635=LINE('',#17097,#3400);
#1636=LINE('',#17099,#3401);
#1637=LINE('',#17101,#3402);
#1638=LINE('',#17103,#3403);
#1639=LINE('',#17105,#3404);
#1640=LINE('',#17107,#3405);
#1641=LINE('',#17109,#3406);
#1642=LINE('',#17111,#3407);
#1643=LINE('',#17113,#3408);
#1644=LINE('',#17115,#3409);
#1645=LINE('',#17117,#3410);
#1646=LINE('',#17119,#3411);
#1647=LINE('',#17121,#3412);
#1648=LINE('',#17123,#3413);
#1649=LINE('',#17125,#3414);
#1650=LINE('',#17127,#3415);
#1651=LINE('',#17129,#3416);
#1652=LINE('',#17131,#3417);
#1653=LINE('',#17133,#3418);
#1654=LINE('',#17135,#3419);
#1655=LINE('',#17137,#3420);
#1656=LINE('',#17139,#3421);
#1657=LINE('',#17141,#3422);
#1658=LINE('',#17143,#3423);
#1659=LINE('',#17145,#3424);
#1660=LINE('',#17147,#3425);
#1661=LINE('',#17149,#3426);
#1662=LINE('',#17151,#3427);
#1663=LINE('',#17153,#3428);
#1664=LINE('',#17155,#3429);
#1665=LINE('',#17157,#3430);
#1666=LINE('',#17159,#3431);
#1667=LINE('',#17161,#3432);
#1668=LINE('',#17163,#3433);
#1669=LINE('',#17165,#3434);
#1670=LINE('',#17167,#3435);
#1671=LINE('',#17169,#3436);
#1672=LINE('',#17171,#3437);
#1673=LINE('',#17173,#3438);
#1674=LINE('',#17175,#3439);
#1675=LINE('',#17177,#3440);
#1676=LINE('',#17179,#3441);
#1677=LINE('',#17181,#3442);
#1678=LINE('',#17183,#3443);
#1679=LINE('',#17185,#3444);
#1680=LINE('',#17187,#3445);
#1681=LINE('',#17189,#3446);
#1682=LINE('',#17191,#3447);
#1683=LINE('',#17193,#3448);
#1684=LINE('',#17195,#3449);
#1685=LINE('',#17197,#3450);
#1686=LINE('',#17199,#3451);
#1687=LINE('',#17201,#3452);
#1688=LINE('',#17203,#3453);
#1689=LINE('',#17205,#3454);
#1690=LINE('',#17207,#3455);
#1691=LINE('',#17209,#3456);
#1692=LINE('',#17211,#3457);
#1693=LINE('',#17213,#3458);
#1694=LINE('',#17215,#3459);
#1695=LINE('',#17217,#3460);
#1696=LINE('',#17219,#3461);
#1697=LINE('',#17221,#3462);
#1698=LINE('',#17223,#3463);
#1699=LINE('',#17225,#3464);
#1700=LINE('',#17227,#3465);
#1701=LINE('',#17229,#3466);
#1702=LINE('',#17231,#3467);
#1703=LINE('',#17233,#3468);
#1704=LINE('',#17235,#3469);
#1705=LINE('',#17237,#3470);
#1706=LINE('',#17239,#3471);
#1707=LINE('',#17241,#3472);
#1708=LINE('',#17243,#3473);
#1709=LINE('',#17245,#3474);
#1710=LINE('',#17247,#3475);
#1711=LINE('',#17249,#3476);
#1712=LINE('',#17251,#3477);
#1713=LINE('',#17253,#3478);
#1714=LINE('',#17255,#3479);
#1715=LINE('',#17257,#3480);
#1716=LINE('',#17259,#3481);
#1717=LINE('',#17261,#3482);
#1718=LINE('',#17263,#3483);
#1719=LINE('',#17265,#3484);
#1720=LINE('',#17267,#3485);
#1721=LINE('',#17269,#3486);
#1722=LINE('',#17271,#3487);
#1723=LINE('',#17273,#3488);
#1724=LINE('',#17275,#3489);
#1725=LINE('',#17277,#3490);
#1726=LINE('',#17279,#3491);
#1727=LINE('',#17280,#3492);
#1728=LINE('',#17283,#3493);
#1729=LINE('',#17285,#3494);
#1730=LINE('',#17287,#3495);
#1731=LINE('',#17288,#3496);
#1732=LINE('',#17292,#3497);
#1733=LINE('',#17294,#3498);
#1734=LINE('',#17296,#3499);
#1735=LINE('',#17298,#3500);
#1736=LINE('',#17300,#3501);
#1737=LINE('',#17302,#3502);
#1738=LINE('',#17304,#3503);
#1739=LINE('',#17306,#3504);
#1740=LINE('',#17308,#3505);
#1741=LINE('',#17310,#3506);
#1742=LINE('',#17312,#3507);
#1743=LINE('',#17314,#3508);
#1744=LINE('',#17316,#3509);
#1745=LINE('',#17318,#3510);
#1746=LINE('',#17320,#3511);
#1747=LINE('',#17322,#3512);
#1748=LINE('',#17324,#3513);
#1749=LINE('',#17326,#3514);
#1750=LINE('',#17328,#3515);
#1751=LINE('',#17330,#3516);
#1752=LINE('',#17332,#3517);
#1753=LINE('',#17334,#3518);
#1754=LINE('',#17336,#3519);
#1755=LINE('',#17338,#3520);
#1756=LINE('',#17340,#3521);
#1757=LINE('',#17342,#3522);
#1758=LINE('',#17344,#3523);
#1759=LINE('',#17346,#3524);
#1760=LINE('',#17348,#3525);
#1761=LINE('',#17350,#3526);
#1762=LINE('',#17352,#3527);
#1763=LINE('',#17354,#3528);
#1764=LINE('',#17356,#3529);
#1765=LINE('',#17358,#3530);
#1766=LINE('',#17360,#3531);
#1767=LINE('',#17362,#3532);
#1768=LINE('',#17364,#3533);
#1769=LINE('',#17366,#3534);
#1770=LINE('',#17368,#3535);
#1771=LINE('',#17370,#3536);
#1772=LINE('',#17372,#3537);
#1773=LINE('',#17374,#3538);
#1774=LINE('',#17376,#3539);
#1775=LINE('',#17378,#3540);
#1776=LINE('',#17380,#3541);
#1777=LINE('',#17382,#3542);
#1778=LINE('',#17384,#3543);
#1779=LINE('',#17386,#3544);
#1780=LINE('',#17388,#3545);
#1781=LINE('',#17390,#3546);
#1782=LINE('',#17392,#3547);
#1783=LINE('',#17394,#3548);
#1784=LINE('',#17396,#3549);
#1785=LINE('',#17398,#3550);
#1786=LINE('',#17400,#3551);
#1787=LINE('',#17402,#3552);
#1788=LINE('',#17404,#3553);
#1789=LINE('',#17406,#3554);
#1790=LINE('',#17408,#3555);
#1791=LINE('',#17410,#3556);
#1792=LINE('',#17412,#3557);
#1793=LINE('',#17414,#3558);
#1794=LINE('',#17416,#3559);
#1795=LINE('',#17418,#3560);
#1796=LINE('',#17420,#3561);
#1797=LINE('',#17422,#3562);
#1798=LINE('',#17424,#3563);
#1799=LINE('',#17426,#3564);
#1800=LINE('',#17428,#3565);
#1801=LINE('',#17430,#3566);
#1802=LINE('',#17432,#3567);
#1803=LINE('',#17434,#3568);
#1804=LINE('',#17436,#3569);
#1805=LINE('',#17438,#3570);
#1806=LINE('',#17440,#3571);
#1807=LINE('',#17442,#3572);
#1808=LINE('',#17444,#3573);
#1809=LINE('',#17446,#3574);
#1810=LINE('',#17448,#3575);
#1811=LINE('',#17450,#3576);
#1812=LINE('',#17452,#3577);
#1813=LINE('',#17454,#3578);
#1814=LINE('',#17456,#3579);
#1815=LINE('',#17458,#3580);
#1816=LINE('',#17460,#3581);
#1817=LINE('',#17462,#3582);
#1818=LINE('',#17464,#3583);
#1819=LINE('',#17466,#3584);
#1820=LINE('',#17468,#3585);
#1821=LINE('',#17470,#3586);
#1822=LINE('',#17472,#3587);
#1823=LINE('',#17474,#3588);
#1824=LINE('',#17477,#3589);
#1825=LINE('',#17479,#3590);
#1826=LINE('',#17481,#3591);
#1827=LINE('',#17483,#3592);
#1828=LINE('',#17485,#3593);
#1829=LINE('',#17487,#3594);
#1830=LINE('',#17489,#3595);
#1831=LINE('',#17491,#3596);
#1832=LINE('',#17493,#3597);
#1833=LINE('',#17495,#3598);
#1834=LINE('',#17497,#3599);
#1835=LINE('',#17499,#3600);
#1836=LINE('',#17501,#3601);
#1837=LINE('',#17503,#3602);
#1838=LINE('',#17505,#3603);
#1839=LINE('',#17507,#3604);
#1840=LINE('',#17509,#3605);
#1841=LINE('',#17511,#3606);
#1842=LINE('',#17513,#3607);
#1843=LINE('',#17515,#3608);
#1844=LINE('',#17517,#3609);
#1845=LINE('',#17519,#3610);
#1846=LINE('',#17521,#3611);
#1847=LINE('',#17523,#3612);
#1848=LINE('',#17525,#3613);
#1849=LINE('',#17527,#3614);
#1850=LINE('',#17529,#3615);
#1851=LINE('',#17531,#3616);
#1852=LINE('',#17533,#3617);
#1853=LINE('',#17535,#3618);
#1854=LINE('',#17537,#3619);
#1855=LINE('',#17539,#3620);
#1856=LINE('',#17541,#3621);
#1857=LINE('',#17543,#3622);
#1858=LINE('',#17545,#3623);
#1859=LINE('',#17547,#3624);
#1860=LINE('',#17549,#3625);
#1861=LINE('',#17551,#3626);
#1862=LINE('',#17553,#3627);
#1863=LINE('',#17555,#3628);
#1864=LINE('',#17557,#3629);
#1865=LINE('',#17559,#3630);
#1866=LINE('',#17561,#3631);
#1867=LINE('',#17563,#3632);
#1868=LINE('',#17565,#3633);
#1869=LINE('',#17567,#3634);
#1870=LINE('',#17569,#3635);
#1871=LINE('',#17571,#3636);
#1872=LINE('',#17573,#3637);
#1873=LINE('',#17575,#3638);
#1874=LINE('',#17577,#3639);
#1875=LINE('',#17579,#3640);
#1876=LINE('',#17581,#3641);
#1877=LINE('',#17583,#3642);
#1878=LINE('',#17585,#3643);
#1879=LINE('',#17587,#3644);
#1880=LINE('',#17589,#3645);
#1881=LINE('',#17591,#3646);
#1882=LINE('',#17593,#3647);
#1883=LINE('',#17595,#3648);
#1884=LINE('',#17597,#3649);
#1885=LINE('',#17599,#3650);
#1886=LINE('',#17601,#3651);
#1887=LINE('',#17603,#3652);
#1888=LINE('',#17605,#3653);
#1889=LINE('',#17607,#3654);
#1890=LINE('',#17609,#3655);
#1891=LINE('',#17611,#3656);
#1892=LINE('',#17613,#3657);
#1893=LINE('',#17615,#3658);
#1894=LINE('',#17617,#3659);
#1895=LINE('',#17619,#3660);
#1896=LINE('',#17621,#3661);
#1897=LINE('',#17623,#3662);
#1898=LINE('',#17625,#3663);
#1899=LINE('',#17627,#3664);
#1900=LINE('',#17629,#3665);
#1901=LINE('',#17631,#3666);
#1902=LINE('',#17633,#3667);
#1903=LINE('',#17635,#3668);
#1904=LINE('',#17637,#3669);
#1905=LINE('',#17639,#3670);
#1906=LINE('',#17641,#3671);
#1907=LINE('',#17643,#3672);
#1908=LINE('',#17645,#3673);
#1909=LINE('',#17647,#3674);
#1910=LINE('',#17649,#3675);
#1911=LINE('',#17651,#3676);
#1912=LINE('',#17653,#3677);
#1913=LINE('',#17655,#3678);
#1914=LINE('',#17657,#3679);
#1915=LINE('',#17659,#3680);
#1916=LINE('',#17661,#3681);
#1917=LINE('',#17663,#3682);
#1918=LINE('',#17665,#3683);
#1919=LINE('',#17666,#3684);
#1920=LINE('',#17670,#3685);
#1921=LINE('',#17672,#3686);
#1922=LINE('',#17673,#3687);
#1923=LINE('',#17676,#3688);
#1924=LINE('',#17677,#3689);
#1925=LINE('',#17680,#3690);
#1926=LINE('',#17681,#3691);
#1927=LINE('',#17684,#3692);
#1928=LINE('',#17685,#3693);
#1929=LINE('',#17688,#3694);
#1930=LINE('',#17689,#3695);
#1931=LINE('',#17692,#3696);
#1932=LINE('',#17693,#3697);
#1933=LINE('',#17696,#3698);
#1934=LINE('',#17697,#3699);
#1935=LINE('',#17700,#3700);
#1936=LINE('',#17701,#3701);
#1937=LINE('',#17704,#3702);
#1938=LINE('',#17705,#3703);
#1939=LINE('',#17708,#3704);
#1940=LINE('',#17709,#3705);
#1941=LINE('',#17712,#3706);
#1942=LINE('',#17713,#3707);
#1943=LINE('',#17716,#3708);
#1944=LINE('',#17717,#3709);
#1945=LINE('',#17720,#3710);
#1946=LINE('',#17721,#3711);
#1947=LINE('',#17724,#3712);
#1948=LINE('',#17725,#3713);
#1949=LINE('',#17728,#3714);
#1950=LINE('',#17729,#3715);
#1951=LINE('',#17732,#3716);
#1952=LINE('',#17733,#3717);
#1953=LINE('',#17736,#3718);
#1954=LINE('',#17737,#3719);
#1955=LINE('',#17740,#3720);
#1956=LINE('',#17741,#3721);
#1957=LINE('',#17744,#3722);
#1958=LINE('',#17745,#3723);
#1959=LINE('',#17748,#3724);
#1960=LINE('',#17749,#3725);
#1961=LINE('',#17752,#3726);
#1962=LINE('',#17753,#3727);
#1963=LINE('',#17756,#3728);
#1964=LINE('',#17757,#3729);
#1965=LINE('',#17760,#3730);
#1966=LINE('',#17761,#3731);
#1967=LINE('',#17764,#3732);
#1968=LINE('',#17765,#3733);
#1969=LINE('',#17768,#3734);
#1970=LINE('',#17769,#3735);
#1971=LINE('',#17772,#3736);
#1972=LINE('',#17773,#3737);
#1973=LINE('',#17776,#3738);
#1974=LINE('',#17777,#3739);
#1975=LINE('',#17780,#3740);
#1976=LINE('',#17781,#3741);
#1977=LINE('',#17784,#3742);
#1978=LINE('',#17785,#3743);
#1979=LINE('',#17788,#3744);
#1980=LINE('',#17789,#3745);
#1981=LINE('',#17792,#3746);
#1982=LINE('',#17793,#3747);
#1983=LINE('',#17796,#3748);
#1984=LINE('',#17797,#3749);
#1985=LINE('',#17800,#3750);
#1986=LINE('',#17801,#3751);
#1987=LINE('',#17804,#3752);
#1988=LINE('',#17805,#3753);
#1989=LINE('',#17808,#3754);
#1990=LINE('',#17809,#3755);
#1991=LINE('',#17812,#3756);
#1992=LINE('',#17813,#3757);
#1993=LINE('',#17816,#3758);
#1994=LINE('',#17817,#3759);
#1995=LINE('',#17820,#3760);
#1996=LINE('',#17821,#3761);
#1997=LINE('',#17824,#3762);
#1998=LINE('',#17825,#3763);
#1999=LINE('',#17828,#3764);
#2000=LINE('',#17829,#3765);
#2001=LINE('',#17832,#3766);
#2002=LINE('',#17833,#3767);
#2003=LINE('',#17836,#3768);
#2004=LINE('',#17837,#3769);
#2005=LINE('',#17840,#3770);
#2006=LINE('',#17841,#3771);
#2007=LINE('',#17844,#3772);
#2008=LINE('',#17845,#3773);
#2009=LINE('',#17848,#3774);
#2010=LINE('',#17849,#3775);
#2011=LINE('',#17852,#3776);
#2012=LINE('',#17853,#3777);
#2013=LINE('',#17856,#3778);
#2014=LINE('',#17857,#3779);
#2015=LINE('',#17860,#3780);
#2016=LINE('',#17861,#3781);
#2017=LINE('',#17864,#3782);
#2018=LINE('',#17865,#3783);
#2019=LINE('',#17868,#3784);
#2020=LINE('',#17869,#3785);
#2021=LINE('',#17872,#3786);
#2022=LINE('',#17873,#3787);
#2023=LINE('',#17876,#3788);
#2024=LINE('',#17877,#3789);
#2025=LINE('',#17880,#3790);
#2026=LINE('',#17881,#3791);
#2027=LINE('',#17884,#3792);
#2028=LINE('',#17885,#3793);
#2029=LINE('',#17888,#3794);
#2030=LINE('',#17889,#3795);
#2031=LINE('',#17892,#3796);
#2032=LINE('',#17893,#3797);
#2033=LINE('',#17896,#3798);
#2034=LINE('',#17897,#3799);
#2035=LINE('',#17900,#3800);
#2036=LINE('',#17901,#3801);
#2037=LINE('',#17904,#3802);
#2038=LINE('',#17905,#3803);
#2039=LINE('',#17908,#3804);
#2040=LINE('',#17909,#3805);
#2041=LINE('',#17912,#3806);
#2042=LINE('',#17913,#3807);
#2043=LINE('',#17916,#3808);
#2044=LINE('',#17917,#3809);
#2045=LINE('',#17920,#3810);
#2046=LINE('',#17921,#3811);
#2047=LINE('',#17924,#3812);
#2048=LINE('',#17925,#3813);
#2049=LINE('',#17928,#3814);
#2050=LINE('',#17929,#3815);
#2051=LINE('',#17932,#3816);
#2052=LINE('',#17933,#3817);
#2053=LINE('',#17936,#3818);
#2054=LINE('',#17937,#3819);
#2055=LINE('',#17940,#3820);
#2056=LINE('',#17941,#3821);
#2057=LINE('',#17944,#3822);
#2058=LINE('',#17945,#3823);
#2059=LINE('',#17948,#3824);
#2060=LINE('',#17949,#3825);
#2061=LINE('',#17952,#3826);
#2062=LINE('',#17953,#3827);
#2063=LINE('',#17956,#3828);
#2064=LINE('',#17957,#3829);
#2065=LINE('',#17960,#3830);
#2066=LINE('',#17961,#3831);
#2067=LINE('',#17964,#3832);
#2068=LINE('',#17965,#3833);
#2069=LINE('',#17968,#3834);
#2070=LINE('',#17969,#3835);
#2071=LINE('',#17972,#3836);
#2072=LINE('',#17973,#3837);
#2073=LINE('',#17976,#3838);
#2074=LINE('',#17977,#3839);
#2075=LINE('',#17980,#3840);
#2076=LINE('',#17981,#3841);
#2077=LINE('',#17984,#3842);
#2078=LINE('',#17985,#3843);
#2079=LINE('',#17988,#3844);
#2080=LINE('',#17989,#3845);
#2081=LINE('',#17992,#3846);
#2082=LINE('',#17993,#3847);
#2083=LINE('',#17996,#3848);
#2084=LINE('',#17997,#3849);
#2085=LINE('',#18000,#3850);
#2086=LINE('',#18001,#3851);
#2087=LINE('',#18004,#3852);
#2088=LINE('',#18005,#3853);
#2089=LINE('',#18008,#3854);
#2090=LINE('',#18009,#3855);
#2091=LINE('',#18012,#3856);
#2092=LINE('',#18013,#3857);
#2093=LINE('',#18016,#3858);
#2094=LINE('',#18017,#3859);
#2095=LINE('',#18020,#3860);
#2096=LINE('',#18021,#3861);
#2097=LINE('',#18024,#3862);
#2098=LINE('',#18025,#3863);
#2099=LINE('',#18028,#3864);
#2100=LINE('',#18029,#3865);
#2101=LINE('',#18032,#3866);
#2102=LINE('',#18033,#3867);
#2103=LINE('',#18036,#3868);
#2104=LINE('',#18037,#3869);
#2105=LINE('',#18040,#3870);
#2106=LINE('',#18041,#3871);
#2107=LINE('',#18044,#3872);
#2108=LINE('',#18045,#3873);
#2109=LINE('',#18048,#3874);
#2110=LINE('',#18049,#3875);
#2111=LINE('',#18051,#3876);
#2112=LINE('',#18054,#3877);
#2113=LINE('',#18056,#3878);
#2114=LINE('',#18058,#3879);
#2115=LINE('',#18060,#3880);
#2116=LINE('',#18062,#3881);
#2117=LINE('',#18064,#3882);
#2118=LINE('',#18066,#3883);
#2119=LINE('',#18068,#3884);
#2120=LINE('',#18070,#3885);
#2121=LINE('',#18072,#3886);
#2122=LINE('',#18074,#3887);
#2123=LINE('',#18076,#3888);
#2124=LINE('',#18078,#3889);
#2125=LINE('',#18080,#3890);
#2126=LINE('',#18082,#3891);
#2127=LINE('',#18084,#3892);
#2128=LINE('',#18086,#3893);
#2129=LINE('',#18088,#3894);
#2130=LINE('',#18090,#3895);
#2131=LINE('',#18092,#3896);
#2132=LINE('',#18094,#3897);
#2133=LINE('',#18096,#3898);
#2134=LINE('',#18098,#3899);
#2135=LINE('',#18100,#3900);
#2136=LINE('',#18102,#3901);
#2137=LINE('',#18104,#3902);
#2138=LINE('',#18106,#3903);
#2139=LINE('',#18108,#3904);
#2140=LINE('',#18110,#3905);
#2141=LINE('',#18112,#3906);
#2142=LINE('',#18114,#3907);
#2143=LINE('',#18116,#3908);
#2144=LINE('',#18118,#3909);
#2145=LINE('',#18120,#3910);
#2146=LINE('',#18122,#3911);
#2147=LINE('',#18124,#3912);
#2148=LINE('',#18126,#3913);
#2149=LINE('',#18128,#3914);
#2150=LINE('',#18130,#3915);
#2151=LINE('',#18132,#3916);
#2152=LINE('',#18134,#3917);
#2153=LINE('',#18136,#3918);
#2154=LINE('',#18138,#3919);
#2155=LINE('',#18140,#3920);
#2156=LINE('',#18142,#3921);
#2157=LINE('',#18144,#3922);
#2158=LINE('',#18146,#3923);
#2159=LINE('',#18148,#3924);
#2160=LINE('',#18150,#3925);
#2161=LINE('',#18152,#3926);
#2162=LINE('',#18154,#3927);
#2163=LINE('',#18156,#3928);
#2164=LINE('',#18158,#3929);
#2165=LINE('',#18160,#3930);
#2166=LINE('',#18162,#3931);
#2167=LINE('',#18164,#3932);
#2168=LINE('',#18166,#3933);
#2169=LINE('',#18168,#3934);
#2170=LINE('',#18170,#3935);
#2171=LINE('',#18172,#3936);
#2172=LINE('',#18174,#3937);
#2173=LINE('',#18176,#3938);
#2174=LINE('',#18178,#3939);
#2175=LINE('',#18180,#3940);
#2176=LINE('',#18182,#3941);
#2177=LINE('',#18184,#3942);
#2178=LINE('',#18186,#3943);
#2179=LINE('',#18188,#3944);
#2180=LINE('',#18190,#3945);
#2181=LINE('',#18192,#3946);
#2182=LINE('',#18194,#3947);
#2183=LINE('',#18196,#3948);
#2184=LINE('',#18198,#3949);
#2185=LINE('',#18200,#3950);
#2186=LINE('',#18202,#3951);
#2187=LINE('',#18204,#3952);
#2188=LINE('',#18206,#3953);
#2189=LINE('',#18208,#3954);
#2190=LINE('',#18210,#3955);
#2191=LINE('',#18212,#3956);
#2192=LINE('',#18214,#3957);
#2193=LINE('',#18216,#3958);
#2194=LINE('',#18218,#3959);
#2195=LINE('',#18220,#3960);
#2196=LINE('',#18222,#3961);
#2197=LINE('',#18224,#3962);
#2198=LINE('',#18226,#3963);
#2199=LINE('',#18228,#3964);
#2200=LINE('',#18230,#3965);
#2201=LINE('',#18232,#3966);
#2202=LINE('',#18234,#3967);
#2203=LINE('',#18236,#3968);
#2204=LINE('',#18238,#3969);
#2205=LINE('',#18240,#3970);
#2206=LINE('',#18242,#3971);
#2207=LINE('',#18243,#3972);
#2208=LINE('',#18247,#3973);
#2209=LINE('',#18248,#3974);
#2210=LINE('',#18249,#3975);
#2211=LINE('',#18252,#3976);
#2212=LINE('',#18253,#3977);
#2213=LINE('',#18256,#3978);
#2214=LINE('',#18257,#3979);
#2215=LINE('',#18259,#3980);
#2216=LINE('',#18262,#3981);
#2217=LINE('',#18265,#3982);
#2218=LINE('',#18266,#3983);
#2219=LINE('',#18268,#3984);
#2220=LINE('',#18270,#3985);
#2221=LINE('',#18272,#3986);
#2222=LINE('',#18274,#3987);
#2223=LINE('',#18276,#3988);
#2224=LINE('',#18278,#3989);
#2225=LINE('',#18280,#3990);
#2226=LINE('',#18282,#3991);
#2227=LINE('',#18284,#3992);
#2228=LINE('',#18286,#3993);
#2229=LINE('',#18288,#3994);
#2230=LINE('',#18290,#3995);
#2231=LINE('',#18292,#3996);
#2232=LINE('',#18294,#3997);
#2233=LINE('',#18296,#3998);
#2234=LINE('',#18298,#3999);
#2235=LINE('',#18300,#4000);
#2236=LINE('',#18302,#4001);
#2237=LINE('',#18304,#4002);
#2238=LINE('',#18306,#4003);
#2239=LINE('',#18308,#4004);
#2240=LINE('',#18310,#4005);
#2241=LINE('',#18312,#4006);
#2242=LINE('',#18314,#4007);
#2243=LINE('',#18316,#4008);
#2244=LINE('',#18318,#4009);
#2245=LINE('',#18320,#4010);
#2246=LINE('',#18322,#4011);
#2247=LINE('',#18324,#4012);
#2248=LINE('',#18326,#4013);
#2249=LINE('',#18328,#4014);
#2250=LINE('',#18330,#4015);
#2251=LINE('',#18332,#4016);
#2252=LINE('',#18334,#4017);
#2253=LINE('',#18336,#4018);
#2254=LINE('',#18338,#4019);
#2255=LINE('',#18340,#4020);
#2256=LINE('',#18342,#4021);
#2257=LINE('',#18344,#4022);
#2258=LINE('',#18346,#4023);
#2259=LINE('',#18348,#4024);
#2260=LINE('',#18350,#4025);
#2261=LINE('',#18352,#4026);
#2262=LINE('',#18354,#4027);
#2263=LINE('',#18356,#4028);
#2264=LINE('',#18358,#4029);
#2265=LINE('',#18360,#4030);
#2266=LINE('',#18362,#4031);
#2267=LINE('',#18364,#4032);
#2268=LINE('',#18366,#4033);
#2269=LINE('',#18368,#4034);
#2270=LINE('',#18370,#4035);
#2271=LINE('',#18372,#4036);
#2272=LINE('',#18374,#4037);
#2273=LINE('',#18376,#4038);
#2274=LINE('',#18378,#4039);
#2275=LINE('',#18380,#4040);
#2276=LINE('',#18382,#4041);
#2277=LINE('',#18384,#4042);
#2278=LINE('',#18386,#4043);
#2279=LINE('',#18388,#4044);
#2280=LINE('',#18390,#4045);
#2281=LINE('',#18392,#4046);
#2282=LINE('',#18394,#4047);
#2283=LINE('',#18396,#4048);
#2284=LINE('',#18398,#4049);
#2285=LINE('',#18400,#4050);
#2286=LINE('',#18402,#4051);
#2287=LINE('',#18404,#4052);
#2288=LINE('',#18406,#4053);
#2289=LINE('',#18408,#4054);
#2290=LINE('',#18410,#4055);
#2291=LINE('',#18412,#4056);
#2292=LINE('',#18414,#4057);
#2293=LINE('',#18416,#4058);
#2294=LINE('',#18418,#4059);
#2295=LINE('',#18420,#4060);
#2296=LINE('',#18422,#4061);
#2297=LINE('',#18424,#4062);
#2298=LINE('',#18426,#4063);
#2299=LINE('',#18428,#4064);
#2300=LINE('',#18430,#4065);
#2301=LINE('',#18432,#4066);
#2302=LINE('',#18434,#4067);
#2303=LINE('',#18436,#4068);
#2304=LINE('',#18438,#4069);
#2305=LINE('',#18440,#4070);
#2306=LINE('',#18442,#4071);
#2307=LINE('',#18444,#4072);
#2308=LINE('',#18446,#4073);
#2309=LINE('',#18448,#4074);
#2310=LINE('',#18450,#4075);
#2311=LINE('',#18452,#4076);
#2312=LINE('',#18454,#4077);
#2313=LINE('',#18468,#4078);
#2314=LINE('',#18472,#4079);
#2315=LINE('',#18476,#4080);
#2316=LINE('',#18480,#4081);
#2317=LINE('',#18496,#4082);
#2318=LINE('',#18500,#4083);
#2319=LINE('',#18504,#4084);
#2320=LINE('',#18508,#4085);
#2321=LINE('',#18516,#4086);
#2322=LINE('',#18518,#4087);
#2323=LINE('',#18520,#4088);
#2324=LINE('',#18521,#4089);
#2325=LINE('',#18525,#4090);
#2326=LINE('',#18526,#4091);
#2327=LINE('',#18527,#4092);
#2328=LINE('',#18530,#4093);
#2329=LINE('',#18532,#4094);
#2330=LINE('',#18533,#4095);
#2331=LINE('',#18536,#4096);
#2332=LINE('',#18538,#4097);
#2333=LINE('',#18540,#4098);
#2334=LINE('',#18542,#4099);
#2335=LINE('',#18544,#4100);
#2336=LINE('',#18546,#4101);
#2337=LINE('',#18548,#4102);
#2338=LINE('',#18550,#4103);
#2339=LINE('',#18552,#4104);
#2340=LINE('',#18554,#4105);
#2341=LINE('',#18556,#4106);
#2342=LINE('',#18558,#4107);
#2343=LINE('',#18560,#4108);
#2344=LINE('',#18562,#4109);
#2345=LINE('',#18564,#4110);
#2346=LINE('',#18566,#4111);
#2347=LINE('',#18568,#4112);
#2348=LINE('',#18570,#4113);
#2349=LINE('',#18572,#4114);
#2350=LINE('',#18574,#4115);
#2351=LINE('',#18576,#4116);
#2352=LINE('',#18578,#4117);
#2353=LINE('',#18580,#4118);
#2354=LINE('',#18582,#4119);
#2355=LINE('',#18584,#4120);
#2356=LINE('',#18586,#4121);
#2357=LINE('',#18588,#4122);
#2358=LINE('',#18590,#4123);
#2359=LINE('',#18592,#4124);
#2360=LINE('',#18594,#4125);
#2361=LINE('',#18596,#4126);
#2362=LINE('',#18598,#4127);
#2363=LINE('',#18600,#4128);
#2364=LINE('',#18602,#4129);
#2365=LINE('',#18604,#4130);
#2366=LINE('',#18606,#4131);
#2367=LINE('',#18608,#4132);
#2368=LINE('',#18610,#4133);
#2369=LINE('',#18612,#4134);
#2370=LINE('',#18614,#4135);
#2371=LINE('',#18616,#4136);
#2372=LINE('',#18618,#4137);
#2373=LINE('',#18620,#4138);
#2374=LINE('',#18622,#4139);
#2375=LINE('',#18624,#4140);
#2376=LINE('',#18626,#4141);
#2377=LINE('',#18628,#4142);
#2378=LINE('',#18630,#4143);
#2379=LINE('',#18632,#4144);
#2380=LINE('',#18634,#4145);
#2381=LINE('',#18636,#4146);
#2382=LINE('',#18638,#4147);
#2383=LINE('',#18640,#4148);
#2384=LINE('',#18642,#4149);
#2385=LINE('',#18644,#4150);
#2386=LINE('',#18646,#4151);
#2387=LINE('',#18648,#4152);
#2388=LINE('',#18650,#4153);
#2389=LINE('',#18652,#4154);
#2390=LINE('',#18654,#4155);
#2391=LINE('',#18656,#4156);
#2392=LINE('',#18658,#4157);
#2393=LINE('',#18660,#4158);
#2394=LINE('',#18662,#4159);
#2395=LINE('',#18664,#4160);
#2396=LINE('',#18666,#4161);
#2397=LINE('',#18668,#4162);
#2398=LINE('',#18670,#4163);
#2399=LINE('',#18672,#4164);
#2400=LINE('',#18674,#4165);
#2401=LINE('',#18676,#4166);
#2402=LINE('',#18678,#4167);
#2403=LINE('',#18680,#4168);
#2404=LINE('',#18682,#4169);
#2405=LINE('',#18684,#4170);
#2406=LINE('',#18686,#4171);
#2407=LINE('',#18688,#4172);
#2408=LINE('',#18690,#4173);
#2409=LINE('',#18692,#4174);
#2410=LINE('',#18694,#4175);
#2411=LINE('',#18696,#4176);
#2412=LINE('',#18698,#4177);
#2413=LINE('',#18700,#4178);
#2414=LINE('',#18702,#4179);
#2415=LINE('',#18704,#4180);
#2416=LINE('',#18706,#4181);
#2417=LINE('',#18708,#4182);
#2418=LINE('',#18710,#4183);
#2419=LINE('',#18712,#4184);
#2420=LINE('',#18714,#4185);
#2421=LINE('',#18716,#4186);
#2422=LINE('',#18718,#4187);
#2423=LINE('',#18719,#4188);
#2424=LINE('',#18730,#4189);
#2425=LINE('',#18732,#4190);
#2426=LINE('',#18734,#4191);
#2427=LINE('',#18736,#4192);
#2428=LINE('',#18738,#4193);
#2429=LINE('',#18740,#4194);
#2430=LINE('',#18742,#4195);
#2431=LINE('',#18744,#4196);
#2432=LINE('',#18746,#4197);
#2433=LINE('',#18748,#4198);
#2434=LINE('',#18750,#4199);
#2435=LINE('',#18752,#4200);
#2436=LINE('',#18754,#4201);
#2437=LINE('',#18756,#4202);
#2438=LINE('',#18758,#4203);
#2439=LINE('',#18760,#4204);
#2440=LINE('',#18762,#4205);
#2441=LINE('',#18764,#4206);
#2442=LINE('',#18766,#4207);
#2443=LINE('',#18768,#4208);
#2444=LINE('',#18770,#4209);
#2445=LINE('',#18772,#4210);
#2446=LINE('',#18774,#4211);
#2447=LINE('',#18776,#4212);
#2448=LINE('',#18778,#4213);
#2449=LINE('',#18780,#4214);
#2450=LINE('',#18782,#4215);
#2451=LINE('',#18784,#4216);
#2452=LINE('',#18786,#4217);
#2453=LINE('',#18788,#4218);
#2454=LINE('',#18790,#4219);
#2455=LINE('',#18792,#4220);
#2456=LINE('',#18794,#4221);
#2457=LINE('',#18796,#4222);
#2458=LINE('',#18798,#4223);
#2459=LINE('',#18800,#4224);
#2460=LINE('',#18802,#4225);
#2461=LINE('',#18804,#4226);
#2462=LINE('',#18806,#4227);
#2463=LINE('',#18808,#4228);
#2464=LINE('',#18810,#4229);
#2465=LINE('',#18812,#4230);
#2466=LINE('',#18814,#4231);
#2467=LINE('',#18816,#4232);
#2468=LINE('',#18818,#4233);
#2469=LINE('',#18820,#4234);
#2470=LINE('',#18822,#4235);
#2471=LINE('',#18824,#4236);
#2472=LINE('',#18826,#4237);
#2473=LINE('',#18828,#4238);
#2474=LINE('',#18830,#4239);
#2475=LINE('',#18832,#4240);
#2476=LINE('',#18834,#4241);
#2477=LINE('',#18836,#4242);
#2478=LINE('',#18838,#4243);
#2479=LINE('',#18840,#4244);
#2480=LINE('',#18842,#4245);
#2481=LINE('',#18844,#4246);
#2482=LINE('',#18846,#4247);
#2483=LINE('',#18848,#4248);
#2484=LINE('',#18850,#4249);
#2485=LINE('',#18852,#4250);
#2486=LINE('',#18854,#4251);
#2487=LINE('',#18856,#4252);
#2488=LINE('',#18858,#4253);
#2489=LINE('',#18860,#4254);
#2490=LINE('',#18862,#4255);
#2491=LINE('',#18864,#4256);
#2492=LINE('',#18866,#4257);
#2493=LINE('',#18868,#4258);
#2494=LINE('',#18870,#4259);
#2495=LINE('',#18872,#4260);
#2496=LINE('',#18874,#4261);
#2497=LINE('',#18876,#4262);
#2498=LINE('',#18878,#4263);
#2499=LINE('',#18880,#4264);
#2500=LINE('',#18882,#4265);
#2501=LINE('',#18884,#4266);
#2502=LINE('',#18886,#4267);
#2503=LINE('',#18888,#4268);
#2504=LINE('',#18890,#4269);
#2505=LINE('',#18892,#4270);
#2506=LINE('',#18894,#4271);
#2507=LINE('',#18896,#4272);
#2508=LINE('',#18898,#4273);
#2509=LINE('',#18900,#4274);
#2510=LINE('',#18902,#4275);
#2511=LINE('',#18904,#4276);
#2512=LINE('',#18906,#4277);
#2513=LINE('',#18908,#4278);
#2514=LINE('',#18910,#4279);
#2515=LINE('',#18912,#4280);
#2516=LINE('',#18913,#4281);
#2517=LINE('',#18916,#4282);
#2518=LINE('',#18918,#4283);
#2519=LINE('',#18920,#4284);
#2520=LINE('',#18922,#4285);
#2521=LINE('',#18924,#4286);
#2522=LINE('',#18926,#4287);
#2523=LINE('',#18928,#4288);
#2524=LINE('',#18930,#4289);
#2525=LINE('',#18932,#4290);
#2526=LINE('',#18934,#4291);
#2527=LINE('',#18936,#4292);
#2528=LINE('',#18938,#4293);
#2529=LINE('',#18940,#4294);
#2530=LINE('',#18942,#4295);
#2531=LINE('',#18944,#4296);
#2532=LINE('',#18946,#4297);
#2533=LINE('',#18948,#4298);
#2534=LINE('',#18950,#4299);
#2535=LINE('',#18952,#4300);
#2536=LINE('',#18954,#4301);
#2537=LINE('',#18956,#4302);
#2538=LINE('',#18958,#4303);
#2539=LINE('',#18960,#4304);
#2540=LINE('',#18962,#4305);
#2541=LINE('',#18964,#4306);
#2542=LINE('',#18966,#4307);
#2543=LINE('',#18968,#4308);
#2544=LINE('',#18970,#4309);
#2545=LINE('',#18972,#4310);
#2546=LINE('',#18974,#4311);
#2547=LINE('',#18976,#4312);
#2548=LINE('',#18978,#4313);
#2549=LINE('',#18980,#4314);
#2550=LINE('',#18982,#4315);
#2551=LINE('',#18984,#4316);
#2552=LINE('',#18986,#4317);
#2553=LINE('',#18988,#4318);
#2554=LINE('',#18990,#4319);
#2555=LINE('',#18992,#4320);
#2556=LINE('',#18994,#4321);
#2557=LINE('',#18996,#4322);
#2558=LINE('',#18998,#4323);
#2559=LINE('',#19000,#4324);
#2560=LINE('',#19002,#4325);
#2561=LINE('',#19004,#4326);
#2562=LINE('',#19006,#4327);
#2563=LINE('',#19008,#4328);
#2564=LINE('',#19010,#4329);
#2565=LINE('',#19012,#4330);
#2566=LINE('',#19014,#4331);
#2567=LINE('',#19016,#4332);
#2568=LINE('',#19018,#4333);
#2569=LINE('',#19020,#4334);
#2570=LINE('',#19022,#4335);
#2571=LINE('',#19024,#4336);
#2572=LINE('',#19026,#4337);
#2573=LINE('',#19028,#4338);
#2574=LINE('',#19030,#4339);
#2575=LINE('',#19032,#4340);
#2576=LINE('',#19034,#4341);
#2577=LINE('',#19036,#4342);
#2578=LINE('',#19038,#4343);
#2579=LINE('',#19040,#4344);
#2580=LINE('',#19042,#4345);
#2581=LINE('',#19044,#4346);
#2582=LINE('',#19046,#4347);
#2583=LINE('',#19048,#4348);
#2584=LINE('',#19050,#4349);
#2585=LINE('',#19052,#4350);
#2586=LINE('',#19054,#4351);
#2587=LINE('',#19056,#4352);
#2588=LINE('',#19058,#4353);
#2589=LINE('',#19060,#4354);
#2590=LINE('',#19062,#4355);
#2591=LINE('',#19064,#4356);
#2592=LINE('',#19066,#4357);
#2593=LINE('',#19068,#4358);
#2594=LINE('',#19070,#4359);
#2595=LINE('',#19072,#4360);
#2596=LINE('',#19074,#4361);
#2597=LINE('',#19076,#4362);
#2598=LINE('',#19078,#4363);
#2599=LINE('',#19080,#4364);
#2600=LINE('',#19082,#4365);
#2601=LINE('',#19084,#4366);
#2602=LINE('',#19086,#4367);
#2603=LINE('',#19088,#4368);
#2604=LINE('',#19090,#4369);
#2605=LINE('',#19092,#4370);
#2606=LINE('',#19094,#4371);
#2607=LINE('',#19096,#4372);
#2608=LINE('',#19098,#4373);
#2609=LINE('',#19100,#4374);
#2610=LINE('',#19102,#4375);
#2611=LINE('',#19104,#4376);
#2612=LINE('',#19105,#4377);
#2613=LINE('',#19107,#4378);
#2614=LINE('',#19109,#4379);
#2615=LINE('',#19111,#4380);
#2616=LINE('',#19113,#4381);
#2617=LINE('',#19115,#4382);
#2618=LINE('',#19117,#4383);
#2619=LINE('',#19119,#4384);
#2620=LINE('',#19121,#4385);
#2621=LINE('',#19123,#4386);
#2622=LINE('',#19125,#4387);
#2623=LINE('',#19127,#4388);
#2624=LINE('',#19129,#4389);
#2625=LINE('',#19131,#4390);
#2626=LINE('',#19133,#4391);
#2627=LINE('',#19135,#4392);
#2628=LINE('',#19137,#4393);
#2629=LINE('',#19139,#4394);
#2630=LINE('',#19141,#4395);
#2631=LINE('',#19143,#4396);
#2632=LINE('',#19145,#4397);
#2633=LINE('',#19147,#4398);
#2634=LINE('',#19149,#4399);
#2635=LINE('',#19151,#4400);
#2636=LINE('',#19153,#4401);
#2637=LINE('',#19155,#4402);
#2638=LINE('',#19157,#4403);
#2639=LINE('',#19159,#4404);
#2640=LINE('',#19161,#4405);
#2641=LINE('',#19163,#4406);
#2642=LINE('',#19165,#4407);
#2643=LINE('',#19167,#4408);
#2644=LINE('',#19169,#4409);
#2645=LINE('',#19171,#4410);
#2646=LINE('',#19173,#4411);
#2647=LINE('',#19175,#4412);
#2648=LINE('',#19177,#4413);
#2649=LINE('',#19179,#4414);
#2650=LINE('',#19181,#4415);
#2651=LINE('',#19183,#4416);
#2652=LINE('',#19185,#4417);
#2653=LINE('',#19187,#4418);
#2654=LINE('',#19189,#4419);
#2655=LINE('',#19191,#4420);
#2656=LINE('',#19193,#4421);
#2657=LINE('',#19195,#4422);
#2658=LINE('',#19197,#4423);
#2659=LINE('',#19199,#4424);
#2660=LINE('',#19201,#4425);
#2661=LINE('',#19203,#4426);
#2662=LINE('',#19205,#4427);
#2663=LINE('',#19207,#4428);
#2664=LINE('',#19209,#4429);
#2665=LINE('',#19211,#4430);
#2666=LINE('',#19213,#4431);
#2667=LINE('',#19215,#4432);
#2668=LINE('',#19217,#4433);
#2669=LINE('',#19219,#4434);
#2670=LINE('',#19221,#4435);
#2671=LINE('',#19223,#4436);
#2672=LINE('',#19225,#4437);
#2673=LINE('',#19227,#4438);
#2674=LINE('',#19229,#4439);
#2675=LINE('',#19231,#4440);
#2676=LINE('',#19233,#4441);
#2677=LINE('',#19235,#4442);
#2678=LINE('',#19237,#4443);
#2679=LINE('',#19239,#4444);
#2680=LINE('',#19241,#4445);
#2681=LINE('',#19243,#4446);
#2682=LINE('',#19245,#4447);
#2683=LINE('',#19247,#4448);
#2684=LINE('',#19249,#4449);
#2685=LINE('',#19251,#4450);
#2686=LINE('',#19253,#4451);
#2687=LINE('',#19255,#4452);
#2688=LINE('',#19257,#4453);
#2689=LINE('',#19259,#4454);
#2690=LINE('',#19261,#4455);
#2691=LINE('',#19263,#4456);
#2692=LINE('',#19265,#4457);
#2693=LINE('',#19267,#4458);
#2694=LINE('',#19269,#4459);
#2695=LINE('',#19271,#4460);
#2696=LINE('',#19273,#4461);
#2697=LINE('',#19275,#4462);
#2698=LINE('',#19277,#4463);
#2699=LINE('',#19279,#4464);
#2700=LINE('',#19281,#4465);
#2701=LINE('',#19283,#4466);
#2702=LINE('',#19285,#4467);
#2703=LINE('',#19287,#4468);
#2704=LINE('',#19289,#4469);
#2705=LINE('',#19293,#4470);
#2706=LINE('',#19295,#4471);
#2707=LINE('',#19296,#4472);
#2708=LINE('',#19299,#4473);
#2709=LINE('',#19300,#4474);
#2710=LINE('',#19303,#4475);
#2711=LINE('',#19304,#4476);
#2712=LINE('',#19307,#4477);
#2713=LINE('',#19308,#4478);
#2714=LINE('',#19311,#4479);
#2715=LINE('',#19312,#4480);
#2716=LINE('',#19315,#4481);
#2717=LINE('',#19316,#4482);
#2718=LINE('',#19319,#4483);
#2719=LINE('',#19320,#4484);
#2720=LINE('',#19323,#4485);
#2721=LINE('',#19324,#4486);
#2722=LINE('',#19327,#4487);
#2723=LINE('',#19328,#4488);
#2724=LINE('',#19331,#4489);
#2725=LINE('',#19332,#4490);
#2726=LINE('',#19335,#4491);
#2727=LINE('',#19336,#4492);
#2728=LINE('',#19339,#4493);
#2729=LINE('',#19340,#4494);
#2730=LINE('',#19343,#4495);
#2731=LINE('',#19344,#4496);
#2732=LINE('',#19347,#4497);
#2733=LINE('',#19348,#4498);
#2734=LINE('',#19351,#4499);
#2735=LINE('',#19352,#4500);
#2736=LINE('',#19355,#4501);
#2737=LINE('',#19356,#4502);
#2738=LINE('',#19359,#4503);
#2739=LINE('',#19360,#4504);
#2740=LINE('',#19363,#4505);
#2741=LINE('',#19364,#4506);
#2742=LINE('',#19367,#4507);
#2743=LINE('',#19368,#4508);
#2744=LINE('',#19371,#4509);
#2745=LINE('',#19372,#4510);
#2746=LINE('',#19375,#4511);
#2747=LINE('',#19376,#4512);
#2748=LINE('',#19379,#4513);
#2749=LINE('',#19380,#4514);
#2750=LINE('',#19383,#4515);
#2751=LINE('',#19384,#4516);
#2752=LINE('',#19387,#4517);
#2753=LINE('',#19388,#4518);
#2754=LINE('',#19391,#4519);
#2755=LINE('',#19392,#4520);
#2756=LINE('',#19395,#4521);
#2757=LINE('',#19396,#4522);
#2758=LINE('',#19399,#4523);
#2759=LINE('',#19400,#4524);
#2760=LINE('',#19403,#4525);
#2761=LINE('',#19404,#4526);
#2762=LINE('',#19407,#4527);
#2763=LINE('',#19408,#4528);
#2764=LINE('',#19411,#4529);
#2765=LINE('',#19412,#4530);
#2766=LINE('',#19415,#4531);
#2767=LINE('',#19416,#4532);
#2768=LINE('',#19419,#4533);
#2769=LINE('',#19420,#4534);
#2770=LINE('',#19423,#4535);
#2771=LINE('',#19424,#4536);
#2772=LINE('',#19427,#4537);
#2773=LINE('',#19428,#4538);
#2774=LINE('',#19431,#4539);
#2775=LINE('',#19432,#4540);
#2776=LINE('',#19435,#4541);
#2777=LINE('',#19436,#4542);
#2778=LINE('',#19439,#4543);
#2779=LINE('',#19440,#4544);
#2780=LINE('',#19443,#4545);
#2781=LINE('',#19444,#4546);
#2782=LINE('',#19447,#4547);
#2783=LINE('',#19448,#4548);
#2784=LINE('',#19451,#4549);
#2785=LINE('',#19452,#4550);
#2786=LINE('',#19455,#4551);
#2787=LINE('',#19456,#4552);
#2788=LINE('',#19459,#4553);
#2789=LINE('',#19460,#4554);
#2790=LINE('',#19463,#4555);
#2791=LINE('',#19464,#4556);
#2792=LINE('',#19467,#4557);
#2793=LINE('',#19468,#4558);
#2794=LINE('',#19471,#4559);
#2795=LINE('',#19472,#4560);
#2796=LINE('',#19475,#4561);
#2797=LINE('',#19476,#4562);
#2798=LINE('',#19479,#4563);
#2799=LINE('',#19480,#4564);
#2800=LINE('',#19483,#4565);
#2801=LINE('',#19484,#4566);
#2802=LINE('',#19487,#4567);
#2803=LINE('',#19488,#4568);
#2804=LINE('',#19491,#4569);
#2805=LINE('',#19492,#4570);
#2806=LINE('',#19495,#4571);
#2807=LINE('',#19496,#4572);
#2808=LINE('',#19499,#4573);
#2809=LINE('',#19500,#4574);
#2810=LINE('',#19503,#4575);
#2811=LINE('',#19504,#4576);
#2812=LINE('',#19507,#4577);
#2813=LINE('',#19508,#4578);
#2814=LINE('',#19511,#4579);
#2815=LINE('',#19512,#4580);
#2816=LINE('',#19515,#4581);
#2817=LINE('',#19516,#4582);
#2818=LINE('',#19519,#4583);
#2819=LINE('',#19520,#4584);
#2820=LINE('',#19523,#4585);
#2821=LINE('',#19524,#4586);
#2822=LINE('',#19527,#4587);
#2823=LINE('',#19528,#4588);
#2824=LINE('',#19531,#4589);
#2825=LINE('',#19532,#4590);
#2826=LINE('',#19535,#4591);
#2827=LINE('',#19536,#4592);
#2828=LINE('',#19539,#4593);
#2829=LINE('',#19540,#4594);
#2830=LINE('',#19543,#4595);
#2831=LINE('',#19544,#4596);
#2832=LINE('',#19547,#4597);
#2833=LINE('',#19548,#4598);
#2834=LINE('',#19551,#4599);
#2835=LINE('',#19552,#4600);
#2836=LINE('',#19555,#4601);
#2837=LINE('',#19556,#4602);
#2838=LINE('',#19559,#4603);
#2839=LINE('',#19560,#4604);
#2840=LINE('',#19563,#4605);
#2841=LINE('',#19564,#4606);
#2842=LINE('',#19567,#4607);
#2843=LINE('',#19568,#4608);
#2844=LINE('',#19571,#4609);
#2845=LINE('',#19572,#4610);
#2846=LINE('',#19575,#4611);
#2847=LINE('',#19576,#4612);
#2848=LINE('',#19579,#4613);
#2849=LINE('',#19580,#4614);
#2850=LINE('',#19583,#4615);
#2851=LINE('',#19584,#4616);
#2852=LINE('',#19587,#4617);
#2853=LINE('',#19588,#4618);
#2854=LINE('',#19591,#4619);
#2855=LINE('',#19592,#4620);
#2856=LINE('',#19595,#4621);
#2857=LINE('',#19596,#4622);
#2858=LINE('',#19599,#4623);
#2859=LINE('',#19600,#4624);
#2860=LINE('',#19603,#4625);
#2861=LINE('',#19604,#4626);
#2862=LINE('',#19607,#4627);
#2863=LINE('',#19608,#4628);
#2864=LINE('',#19611,#4629);
#2865=LINE('',#19612,#4630);
#2866=LINE('',#19615,#4631);
#2867=LINE('',#19616,#4632);
#2868=LINE('',#19619,#4633);
#2869=LINE('',#19620,#4634);
#2870=LINE('',#19623,#4635);
#2871=LINE('',#19624,#4636);
#2872=LINE('',#19627,#4637);
#2873=LINE('',#19628,#4638);
#2874=LINE('',#19631,#4639);
#2875=LINE('',#19632,#4640);
#2876=LINE('',#19635,#4641);
#2877=LINE('',#19636,#4642);
#2878=LINE('',#19639,#4643);
#2879=LINE('',#19640,#4644);
#2880=LINE('',#19643,#4645);
#2881=LINE('',#19644,#4646);
#2882=LINE('',#19647,#4647);
#2883=LINE('',#19648,#4648);
#2884=LINE('',#19651,#4649);
#2885=LINE('',#19652,#4650);
#2886=LINE('',#19655,#4651);
#2887=LINE('',#19656,#4652);
#2888=LINE('',#19659,#4653);
#2889=LINE('',#19660,#4654);
#2890=LINE('',#19663,#4655);
#2891=LINE('',#19664,#4656);
#2892=LINE('',#19667,#4657);
#2893=LINE('',#19668,#4658);
#2894=LINE('',#19671,#4659);
#2895=LINE('',#19672,#4660);
#2896=LINE('',#19674,#4661);
#2897=LINE('',#19678,#4662);
#2898=LINE('',#19682,#4663);
#2899=LINE('',#19686,#4664);
#2900=LINE('',#19690,#4665);
#2901=LINE('',#19694,#4666);
#2902=LINE('',#19696,#4667);
#2903=LINE('',#19698,#4668);
#2904=LINE('',#19700,#4669);
#2905=LINE('',#19702,#4670);
#2906=LINE('',#19704,#4671);
#2907=LINE('',#19706,#4672);
#2908=LINE('',#19708,#4673);
#2909=LINE('',#19710,#4674);
#2910=LINE('',#19712,#4675);
#2911=LINE('',#19714,#4676);
#2912=LINE('',#19716,#4677);
#2913=LINE('',#19718,#4678);
#2914=LINE('',#19720,#4679);
#2915=LINE('',#19722,#4680);
#2916=LINE('',#19724,#4681);
#2917=LINE('',#19726,#4682);
#2918=LINE('',#19728,#4683);
#2919=LINE('',#19730,#4684);
#2920=LINE('',#19732,#4685);
#2921=LINE('',#19734,#4686);
#2922=LINE('',#19736,#4687);
#2923=LINE('',#19738,#4688);
#2924=LINE('',#19740,#4689);
#2925=LINE('',#19742,#4690);
#2926=LINE('',#19744,#4691);
#2927=LINE('',#19746,#4692);
#2928=LINE('',#19748,#4693);
#2929=LINE('',#19750,#4694);
#2930=LINE('',#19752,#4695);
#2931=LINE('',#19754,#4696);
#2932=LINE('',#19756,#4697);
#2933=LINE('',#19758,#4698);
#2934=LINE('',#19760,#4699);
#2935=LINE('',#19762,#4700);
#2936=LINE('',#19764,#4701);
#2937=LINE('',#19766,#4702);
#2938=LINE('',#19768,#4703);
#2939=LINE('',#19770,#4704);
#2940=LINE('',#19772,#4705);
#2941=LINE('',#19774,#4706);
#2942=LINE('',#19776,#4707);
#2943=LINE('',#19778,#4708);
#2944=LINE('',#19780,#4709);
#2945=LINE('',#19782,#4710);
#2946=LINE('',#19784,#4711);
#2947=LINE('',#19786,#4712);
#2948=LINE('',#19788,#4713);
#2949=LINE('',#19790,#4714);
#2950=LINE('',#19792,#4715);
#2951=LINE('',#19794,#4716);
#2952=LINE('',#19796,#4717);
#2953=LINE('',#19798,#4718);
#2954=LINE('',#19800,#4719);
#2955=LINE('',#19802,#4720);
#2956=LINE('',#19804,#4721);
#2957=LINE('',#19806,#4722);
#2958=LINE('',#19808,#4723);
#2959=LINE('',#19810,#4724);
#2960=LINE('',#19812,#4725);
#2961=LINE('',#19814,#4726);
#2962=LINE('',#19816,#4727);
#2963=LINE('',#19818,#4728);
#2964=LINE('',#19820,#4729);
#2965=LINE('',#19822,#4730);
#2966=LINE('',#19824,#4731);
#2967=LINE('',#19826,#4732);
#2968=LINE('',#19828,#4733);
#2969=LINE('',#19830,#4734);
#2970=LINE('',#19832,#4735);
#2971=LINE('',#19834,#4736);
#2972=LINE('',#19836,#4737);
#2973=LINE('',#19838,#4738);
#2974=LINE('',#19840,#4739);
#2975=LINE('',#19842,#4740);
#2976=LINE('',#19844,#4741);
#2977=LINE('',#19846,#4742);
#2978=LINE('',#19848,#4743);
#2979=LINE('',#19850,#4744);
#2980=LINE('',#19852,#4745);
#2981=LINE('',#19854,#4746);
#2982=LINE('',#19856,#4747);
#2983=LINE('',#19858,#4748);
#2984=LINE('',#19860,#4749);
#2985=LINE('',#19862,#4750);
#2986=LINE('',#19864,#4751);
#2987=LINE('',#19866,#4752);
#2988=LINE('',#19868,#4753);
#2989=LINE('',#19870,#4754);
#2990=LINE('',#19872,#4755);
#2991=LINE('',#19874,#4756);
#2992=LINE('',#19876,#4757);
#2993=LINE('',#19878,#4758);
#2994=LINE('',#19880,#4759);
#2995=LINE('',#19882,#4760);
#2996=LINE('',#19883,#4761);
#2997=LINE('',#19887,#4762);
#2998=LINE('',#19888,#4763);
#2999=LINE('',#19889,#4764);
#3000=LINE('',#19892,#4765);
#3001=LINE('',#19893,#4766);
#3002=LINE('',#19896,#4767);
#3003=LINE('',#19897,#4768);
#3004=LINE('',#19900,#4769);
#3005=LINE('',#19901,#4770);
#3006=LINE('',#19904,#4771);
#3007=LINE('',#19905,#4772);
#3008=LINE('',#19908,#4773);
#3009=LINE('',#19909,#4774);
#3010=LINE('',#19912,#4775);
#3011=LINE('',#19913,#4776);
#3012=LINE('',#19916,#4777);
#3013=LINE('',#19917,#4778);
#3014=LINE('',#19920,#4779);
#3015=LINE('',#19921,#4780);
#3016=LINE('',#19924,#4781);
#3017=LINE('',#19925,#4782);
#3018=LINE('',#19928,#4783);
#3019=LINE('',#19929,#4784);
#3020=LINE('',#19932,#4785);
#3021=LINE('',#19933,#4786);
#3022=LINE('',#19936,#4787);
#3023=LINE('',#19937,#4788);
#3024=LINE('',#19940,#4789);
#3025=LINE('',#19941,#4790);
#3026=LINE('',#19944,#4791);
#3027=LINE('',#19945,#4792);
#3028=LINE('',#19948,#4793);
#3029=LINE('',#19949,#4794);
#3030=LINE('',#19952,#4795);
#3031=LINE('',#19953,#4796);
#3032=LINE('',#19956,#4797);
#3033=LINE('',#19957,#4798);
#3034=LINE('',#19960,#4799);
#3035=LINE('',#19961,#4800);
#3036=LINE('',#19964,#4801);
#3037=LINE('',#19965,#4802);
#3038=LINE('',#19968,#4803);
#3039=LINE('',#19969,#4804);
#3040=LINE('',#19972,#4805);
#3041=LINE('',#19973,#4806);
#3042=LINE('',#19976,#4807);
#3043=LINE('',#19977,#4808);
#3044=LINE('',#19980,#4809);
#3045=LINE('',#19981,#4810);
#3046=LINE('',#19984,#4811);
#3047=LINE('',#19985,#4812);
#3048=LINE('',#19988,#4813);
#3049=LINE('',#19989,#4814);
#3050=LINE('',#19992,#4815);
#3051=LINE('',#19993,#4816);
#3052=LINE('',#19996,#4817);
#3053=LINE('',#19997,#4818);
#3054=LINE('',#20000,#4819);
#3055=LINE('',#20001,#4820);
#3056=LINE('',#20004,#4821);
#3057=LINE('',#20005,#4822);
#3058=LINE('',#20008,#4823);
#3059=LINE('',#20009,#4824);
#3060=LINE('',#20012,#4825);
#3061=LINE('',#20013,#4826);
#3062=LINE('',#20016,#4827);
#3063=LINE('',#20017,#4828);
#3064=LINE('',#20020,#4829);
#3065=LINE('',#20021,#4830);
#3066=LINE('',#20024,#4831);
#3067=LINE('',#20025,#4832);
#3068=LINE('',#20028,#4833);
#3069=LINE('',#20029,#4834);
#3070=LINE('',#20032,#4835);
#3071=LINE('',#20033,#4836);
#3072=LINE('',#20036,#4837);
#3073=LINE('',#20037,#4838);
#3074=LINE('',#20040,#4839);
#3075=LINE('',#20041,#4840);
#3076=LINE('',#20044,#4841);
#3077=LINE('',#20045,#4842);
#3078=LINE('',#20048,#4843);
#3079=LINE('',#20049,#4844);
#3080=LINE('',#20052,#4845);
#3081=LINE('',#20053,#4846);
#3082=LINE('',#20056,#4847);
#3083=LINE('',#20057,#4848);
#3084=LINE('',#20060,#4849);
#3085=LINE('',#20061,#4850);
#3086=LINE('',#20064,#4851);
#3087=LINE('',#20065,#4852);
#3088=LINE('',#20068,#4853);
#3089=LINE('',#20069,#4854);
#3090=LINE('',#20072,#4855);
#3091=LINE('',#20073,#4856);
#3092=LINE('',#20076,#4857);
#3093=LINE('',#20077,#4858);
#3094=LINE('',#20080,#4859);
#3095=LINE('',#20081,#4860);
#3096=LINE('',#20084,#4861);
#3097=LINE('',#20085,#4862);
#3098=LINE('',#20088,#4863);
#3099=LINE('',#20089,#4864);
#3100=LINE('',#20092,#4865);
#3101=LINE('',#20093,#4866);
#3102=LINE('',#20096,#4867);
#3103=LINE('',#20097,#4868);
#3104=LINE('',#20100,#4869);
#3105=LINE('',#20101,#4870);
#3106=LINE('',#20104,#4871);
#3107=LINE('',#20105,#4872);
#3108=LINE('',#20108,#4873);
#3109=LINE('',#20109,#4874);
#3110=LINE('',#20112,#4875);
#3111=LINE('',#20113,#4876);
#3112=LINE('',#20116,#4877);
#3113=LINE('',#20117,#4878);
#3114=LINE('',#20120,#4879);
#3115=LINE('',#20121,#4880);
#3116=LINE('',#20124,#4881);
#3117=LINE('',#20125,#4882);
#3118=LINE('',#20128,#4883);
#3119=LINE('',#20129,#4884);
#3120=LINE('',#20132,#4885);
#3121=LINE('',#20133,#4886);
#3122=LINE('',#20136,#4887);
#3123=LINE('',#20137,#4888);
#3124=LINE('',#20140,#4889);
#3125=LINE('',#20141,#4890);
#3126=LINE('',#20144,#4891);
#3127=LINE('',#20145,#4892);
#3128=LINE('',#20148,#4893);
#3129=LINE('',#20149,#4894);
#3130=LINE('',#20152,#4895);
#3131=LINE('',#20153,#4896);
#3132=LINE('',#20156,#4897);
#3133=LINE('',#20157,#4898);
#3134=LINE('',#20160,#4899);
#3135=LINE('',#20161,#4900);
#3136=LINE('',#20164,#4901);
#3137=LINE('',#20165,#4902);
#3138=LINE('',#20168,#4903);
#3139=LINE('',#20169,#4904);
#3140=LINE('',#20172,#4905);
#3141=LINE('',#20173,#4906);
#3142=LINE('',#20176,#4907);
#3143=LINE('',#20177,#4908);
#3144=LINE('',#20180,#4909);
#3145=LINE('',#20181,#4910);
#3146=LINE('',#20184,#4911);
#3147=LINE('',#20185,#4912);
#3148=LINE('',#20188,#4913);
#3149=LINE('',#20189,#4914);
#3150=LINE('',#20192,#4915);
#3151=LINE('',#20193,#4916);
#3152=LINE('',#20196,#4917);
#3153=LINE('',#20197,#4918);
#3154=LINE('',#20200,#4919);
#3155=LINE('',#20201,#4920);
#3156=LINE('',#20204,#4921);
#3157=LINE('',#20205,#4922);
#3158=LINE('',#20208,#4923);
#3159=LINE('',#20209,#4924);
#3160=LINE('',#20212,#4925);
#3161=LINE('',#20213,#4926);
#3162=LINE('',#20216,#4927);
#3163=LINE('',#20217,#4928);
#3164=LINE('',#20220,#4929);
#3165=LINE('',#20221,#4930);
#3166=LINE('',#20224,#4931);
#3167=LINE('',#20225,#4932);
#3168=LINE('',#20228,#4933);
#3169=LINE('',#20229,#4934);
#3170=LINE('',#20232,#4935);
#3171=LINE('',#20233,#4936);
#3172=LINE('',#20236,#4937);
#3173=LINE('',#20237,#4938);
#3174=LINE('',#20240,#4939);
#3175=LINE('',#20241,#4940);
#3176=LINE('',#20244,#4941);
#3177=LINE('',#20245,#4942);
#3178=LINE('',#20248,#4943);
#3179=LINE('',#20249,#4944);
#3180=LINE('',#20252,#4945);
#3181=LINE('',#20253,#4946);
#3182=LINE('',#20256,#4947);
#3183=LINE('',#20257,#4948);
#3184=LINE('',#20260,#4949);
#3185=LINE('',#20261,#4950);
#3186=LINE('',#20264,#4951);
#3187=LINE('',#20265,#4952);
#3188=LINE('',#20267,#4953);
#3189=LINE('',#20292,#4954);
#3190=LINE('',#20296,#4955);
#3191=LINE('',#20300,#4956);
#3192=LINE('',#20304,#4957);
#3193=LINE('',#20307,#4958);
#3194=LINE('',#20311,#4959);
#3195=LINE('',#20315,#4960);
#3196=LINE('',#20319,#4961);
#3197=LINE('',#20346,#4962);
#3198=LINE('',#20348,#4963);
#3199=LINE('',#20350,#4964);
#3200=LINE('',#20352,#4965);
#3201=VECTOR('',#13565,10.);
#3202=VECTOR('',#13566,10.);
#3203=VECTOR('',#13567,10.);
#3204=VECTOR('',#13568,10.);
#3205=VECTOR('',#13571,10.);
#3206=VECTOR('',#13572,10.);
#3207=VECTOR('',#13573,10.);
#3208=VECTOR('',#13576,10.);
#3209=VECTOR('',#13577,10.);
#3210=VECTOR('',#13578,10.);
#3211=VECTOR('',#13581,10.);
#3212=VECTOR('',#13582,10.);
#3213=VECTOR('',#13583,10.);
#3214=VECTOR('',#13584,10.);
#3215=VECTOR('',#13585,10.);
#3216=VECTOR('',#13586,10.);
#3217=VECTOR('',#13587,10.);
#3218=VECTOR('',#13588,10.);
#3219=VECTOR('',#13589,10.);
#3220=VECTOR('',#13590,10.);
#3221=VECTOR('',#13591,10.);
#3222=VECTOR('',#13592,10.);
#3223=VECTOR('',#13593,10.);
#3224=VECTOR('',#13594,10.);
#3225=VECTOR('',#13595,10.);
#3226=VECTOR('',#13596,10.);
#3227=VECTOR('',#13597,10.);
#3228=VECTOR('',#13598,10.);
#3229=VECTOR('',#13599,10.);
#3230=VECTOR('',#13600,10.);
#3231=VECTOR('',#13601,10.);
#3232=VECTOR('',#13602,10.);
#3233=VECTOR('',#13603,10.);
#3234=VECTOR('',#13604,10.);
#3235=VECTOR('',#13605,10.);
#3236=VECTOR('',#13606,10.);
#3237=VECTOR('',#13607,10.);
#3238=VECTOR('',#13608,10.);
#3239=VECTOR('',#13609,10.);
#3240=VECTOR('',#13610,10.);
#3241=VECTOR('',#13611,10.);
#3242=VECTOR('',#13612,10.);
#3243=VECTOR('',#13613,10.);
#3244=VECTOR('',#13614,10.);
#3245=VECTOR('',#13615,10.);
#3246=VECTOR('',#13616,10.);
#3247=VECTOR('',#13617,10.);
#3248=VECTOR('',#13618,10.);
#3249=VECTOR('',#13619,10.);
#3250=VECTOR('',#13620,10.);
#3251=VECTOR('',#13621,10.);
#3252=VECTOR('',#13622,10.);
#3253=VECTOR('',#13623,10.);
#3254=VECTOR('',#13624,10.);
#3255=VECTOR('',#13625,10.);
#3256=VECTOR('',#13626,10.);
#3257=VECTOR('',#13627,10.);
#3258=VECTOR('',#13628,10.);
#3259=VECTOR('',#13629,10.);
#3260=VECTOR('',#13630,10.);
#3261=VECTOR('',#13631,10.);
#3262=VECTOR('',#13632,10.);
#3263=VECTOR('',#13633,10.);
#3264=VECTOR('',#13634,10.);
#3265=VECTOR('',#13635,10.);
#3266=VECTOR('',#13636,10.);
#3267=VECTOR('',#13637,10.);
#3268=VECTOR('',#13638,10.);
#3269=VECTOR('',#13639,10.);
#3270=VECTOR('',#13640,10.);
#3271=VECTOR('',#13641,10.);
#3272=VECTOR('',#13642,10.);
#3273=VECTOR('',#13643,10.);
#3274=VECTOR('',#13644,10.);
#3275=VECTOR('',#13645,10.);
#3276=VECTOR('',#13646,10.);
#3277=VECTOR('',#13647,10.);
#3278=VECTOR('',#13648,10.);
#3279=VECTOR('',#13649,10.);
#3280=VECTOR('',#13650,10.);
#3281=VECTOR('',#13651,10.);
#3282=VECTOR('',#13652,10.);
#3283=VECTOR('',#13653,10.);
#3284=VECTOR('',#13654,10.);
#3285=VECTOR('',#13655,10.);
#3286=VECTOR('',#13656,10.);
#3287=VECTOR('',#13657,10.);
#3288=VECTOR('',#13658,10.);
#3289=VECTOR('',#13659,10.);
#3290=VECTOR('',#13660,10.);
#3291=VECTOR('',#13661,10.);
#3292=VECTOR('',#13662,10.);
#3293=VECTOR('',#13663,10.);
#3294=VECTOR('',#13664,10.);
#3295=VECTOR('',#13665,10.);
#3296=VECTOR('',#13666,10.);
#3297=VECTOR('',#13667,10.);
#3298=VECTOR('',#13668,10.);
#3299=VECTOR('',#13669,10.);
#3300=VECTOR('',#13670,10.);
#3301=VECTOR('',#13671,10.);
#3302=VECTOR('',#13672,10.);
#3303=VECTOR('',#13673,10.);
#3304=VECTOR('',#13674,10.);
#3305=VECTOR('',#13675,10.);
#3306=VECTOR('',#13676,10.);
#3307=VECTOR('',#13677,10.);
#3308=VECTOR('',#13678,10.);
#3309=VECTOR('',#13679,10.);
#3310=VECTOR('',#13680,10.);
#3311=VECTOR('',#13681,10.);
#3312=VECTOR('',#13682,10.);
#3313=VECTOR('',#13683,10.);
#3314=VECTOR('',#13684,10.);
#3315=VECTOR('',#13685,10.);
#3316=VECTOR('',#13686,10.);
#3317=VECTOR('',#13687,10.);
#3318=VECTOR('',#13688,10.);
#3319=VECTOR('',#13689,10.);
#3320=VECTOR('',#13690,10.);
#3321=VECTOR('',#13691,10.);
#3322=VECTOR('',#13692,10.);
#3323=VECTOR('',#13693,10.);
#3324=VECTOR('',#13694,10.);
#3325=VECTOR('',#13695,10.);
#3326=VECTOR('',#13696,10.);
#3327=VECTOR('',#13697,10.);
#3328=VECTOR('',#13698,10.);
#3329=VECTOR('',#13699,10.);
#3330=VECTOR('',#13700,10.);
#3331=VECTOR('',#13701,10.);
#3332=VECTOR('',#13702,10.);
#3333=VECTOR('',#13703,10.);
#3334=VECTOR('',#13704,10.);
#3335=VECTOR('',#13705,10.);
#3336=VECTOR('',#13706,10.);
#3337=VECTOR('',#13707,10.);
#3338=VECTOR('',#13708,10.);
#3339=VECTOR('',#13709,10.);
#3340=VECTOR('',#13710,10.);
#3341=VECTOR('',#13711,10.);
#3342=VECTOR('',#13712,10.);
#3343=VECTOR('',#13713,10.);
#3344=VECTOR('',#13714,10.);
#3345=VECTOR('',#13715,10.);
#3346=VECTOR('',#13716,10.);
#3347=VECTOR('',#13717,10.);
#3348=VECTOR('',#13718,10.);
#3349=VECTOR('',#13719,10.);
#3350=VECTOR('',#13720,10.);
#3351=VECTOR('',#13721,10.);
#3352=VECTOR('',#13722,10.);
#3353=VECTOR('',#13723,10.);
#3354=VECTOR('',#13724,10.);
#3355=VECTOR('',#13725,10.);
#3356=VECTOR('',#13726,10.);
#3357=VECTOR('',#13727,10.);
#3358=VECTOR('',#13728,10.);
#3359=VECTOR('',#13729,10.);
#3360=VECTOR('',#13730,10.);
#3361=VECTOR('',#13731,10.);
#3362=VECTOR('',#13732,10.);
#3363=VECTOR('',#13733,10.);
#3364=VECTOR('',#13734,10.);
#3365=VECTOR('',#13735,10.);
#3366=VECTOR('',#13736,10.);
#3367=VECTOR('',#13737,10.);
#3368=VECTOR('',#13738,10.);
#3369=VECTOR('',#13739,10.);
#3370=VECTOR('',#13740,10.);
#3371=VECTOR('',#13741,10.);
#3372=VECTOR('',#13742,10.);
#3373=VECTOR('',#13743,10.);
#3374=VECTOR('',#13744,10.);
#3375=VECTOR('',#13745,10.);
#3376=VECTOR('',#13746,10.);
#3377=VECTOR('',#13747,10.);
#3378=VECTOR('',#13748,10.);
#3379=VECTOR('',#13749,10.);
#3380=VECTOR('',#13750,10.);
#3381=VECTOR('',#13751,10.);
#3382=VECTOR('',#13752,10.);
#3383=VECTOR('',#13753,10.);
#3384=VECTOR('',#13754,10.);
#3385=VECTOR('',#13755,10.);
#3386=VECTOR('',#13756,10.);
#3387=VECTOR('',#13757,10.);
#3388=VECTOR('',#13758,10.);
#3389=VECTOR('',#13759,10.);
#3390=VECTOR('',#13760,10.);
#3391=VECTOR('',#13761,10.);
#3392=VECTOR('',#13762,10.);
#3393=VECTOR('',#13763,10.);
#3394=VECTOR('',#13764,10.);
#3395=VECTOR('',#13765,10.);
#3396=VECTOR('',#13766,10.);
#3397=VECTOR('',#13767,10.);
#3398=VECTOR('',#13768,10.);
#3399=VECTOR('',#13769,10.);
#3400=VECTOR('',#13772,10.);
#3401=VECTOR('',#13773,10.);
#3402=VECTOR('',#13774,10.);
#3403=VECTOR('',#13775,10.);
#3404=VECTOR('',#13776,10.);
#3405=VECTOR('',#13777,10.);
#3406=VECTOR('',#13778,10.);
#3407=VECTOR('',#13779,10.);
#3408=VECTOR('',#13780,10.);
#3409=VECTOR('',#13781,10.);
#3410=VECTOR('',#13782,10.);
#3411=VECTOR('',#13783,10.);
#3412=VECTOR('',#13784,10.);
#3413=VECTOR('',#13785,10.);
#3414=VECTOR('',#13786,10.);
#3415=VECTOR('',#13787,10.);
#3416=VECTOR('',#13788,10.);
#3417=VECTOR('',#13789,10.);
#3418=VECTOR('',#13790,10.);
#3419=VECTOR('',#13791,10.);
#3420=VECTOR('',#13792,10.);
#3421=VECTOR('',#13793,10.);
#3422=VECTOR('',#13794,10.);
#3423=VECTOR('',#13795,10.);
#3424=VECTOR('',#13796,10.);
#3425=VECTOR('',#13797,10.);
#3426=VECTOR('',#13798,10.);
#3427=VECTOR('',#13799,10.);
#3428=VECTOR('',#13800,10.);
#3429=VECTOR('',#13801,10.);
#3430=VECTOR('',#13802,10.);
#3431=VECTOR('',#13803,10.);
#3432=VECTOR('',#13804,10.);
#3433=VECTOR('',#13805,10.);
#3434=VECTOR('',#13806,10.);
#3435=VECTOR('',#13807,10.);
#3436=VECTOR('',#13808,10.);
#3437=VECTOR('',#13809,10.);
#3438=VECTOR('',#13810,10.);
#3439=VECTOR('',#13811,10.);
#3440=VECTOR('',#13812,10.);
#3441=VECTOR('',#13813,10.);
#3442=VECTOR('',#13814,10.);
#3443=VECTOR('',#13815,10.);
#3444=VECTOR('',#13816,10.);
#3445=VECTOR('',#13817,10.);
#3446=VECTOR('',#13818,10.);
#3447=VECTOR('',#13819,10.);
#3448=VECTOR('',#13820,10.);
#3449=VECTOR('',#13821,10.);
#3450=VECTOR('',#13822,10.);
#3451=VECTOR('',#13823,10.);
#3452=VECTOR('',#13824,10.);
#3453=VECTOR('',#13825,10.);
#3454=VECTOR('',#13826,10.);
#3455=VECTOR('',#13827,10.);
#3456=VECTOR('',#13828,10.);
#3457=VECTOR('',#13829,10.);
#3458=VECTOR('',#13830,10.);
#3459=VECTOR('',#13831,10.);
#3460=VECTOR('',#13832,10.);
#3461=VECTOR('',#13833,10.);
#3462=VECTOR('',#13834,10.);
#3463=VECTOR('',#13835,10.);
#3464=VECTOR('',#13836,10.);
#3465=VECTOR('',#13837,10.);
#3466=VECTOR('',#13838,10.);
#3467=VECTOR('',#13839,10.);
#3468=VECTOR('',#13840,10.);
#3469=VECTOR('',#13841,10.);
#3470=VECTOR('',#13842,10.);
#3471=VECTOR('',#13843,10.);
#3472=VECTOR('',#13844,10.);
#3473=VECTOR('',#13845,10.);
#3474=VECTOR('',#13846,10.);
#3475=VECTOR('',#13847,10.);
#3476=VECTOR('',#13848,10.);
#3477=VECTOR('',#13849,10.);
#3478=VECTOR('',#13850,10.);
#3479=VECTOR('',#13851,10.);
#3480=VECTOR('',#13852,10.);
#3481=VECTOR('',#13853,10.);
#3482=VECTOR('',#13854,10.);
#3483=VECTOR('',#13855,10.);
#3484=VECTOR('',#13856,10.);
#3485=VECTOR('',#13857,10.);
#3486=VECTOR('',#13858,10.);
#3487=VECTOR('',#13859,10.);
#3488=VECTOR('',#13860,10.);
#3489=VECTOR('',#13861,10.);
#3490=VECTOR('',#13862,10.);
#3491=VECTOR('',#13863,10.);
#3492=VECTOR('',#13864,10.);
#3493=VECTOR('',#13865,10.);
#3494=VECTOR('',#13866,10.);
#3495=VECTOR('',#13867,10.);
#3496=VECTOR('',#13868,10.);
#3497=VECTOR('',#13873,10.);
#3498=VECTOR('',#13876,10.);
#3499=VECTOR('',#13879,10.);
#3500=VECTOR('',#13882,10.);
#3501=VECTOR('',#13885,10.);
#3502=VECTOR('',#13888,10.);
#3503=VECTOR('',#13891,10.);
#3504=VECTOR('',#13894,10.);
#3505=VECTOR('',#13897,10.);
#3506=VECTOR('',#13900,10.);
#3507=VECTOR('',#13903,10.);
#3508=VECTOR('',#13906,10.);
#3509=VECTOR('',#13909,10.);
#3510=VECTOR('',#13912,10.);
#3511=VECTOR('',#13915,10.);
#3512=VECTOR('',#13918,10.);
#3513=VECTOR('',#13921,10.);
#3514=VECTOR('',#13924,10.);
#3515=VECTOR('',#13927,10.);
#3516=VECTOR('',#13930,10.);
#3517=VECTOR('',#13933,10.);
#3518=VECTOR('',#13936,10.);
#3519=VECTOR('',#13939,10.);
#3520=VECTOR('',#13942,10.);
#3521=VECTOR('',#13945,10.);
#3522=VECTOR('',#13948,10.);
#3523=VECTOR('',#13951,10.);
#3524=VECTOR('',#13954,10.);
#3525=VECTOR('',#13957,10.);
#3526=VECTOR('',#13960,10.);
#3527=VECTOR('',#13963,10.);
#3528=VECTOR('',#13966,10.);
#3529=VECTOR('',#13969,10.);
#3530=VECTOR('',#13972,10.);
#3531=VECTOR('',#13975,10.);
#3532=VECTOR('',#13978,10.);
#3533=VECTOR('',#13981,10.);
#3534=VECTOR('',#13984,10.);
#3535=VECTOR('',#13987,10.);
#3536=VECTOR('',#13990,10.);
#3537=VECTOR('',#13993,10.);
#3538=VECTOR('',#13996,10.);
#3539=VECTOR('',#13999,10.);
#3540=VECTOR('',#14002,10.);
#3541=VECTOR('',#14005,10.);
#3542=VECTOR('',#14008,10.);
#3543=VECTOR('',#14011,10.);
#3544=VECTOR('',#14014,10.);
#3545=VECTOR('',#14017,10.);
#3546=VECTOR('',#14020,10.);
#3547=VECTOR('',#14023,10.);
#3548=VECTOR('',#14026,10.);
#3549=VECTOR('',#14029,10.);
#3550=VECTOR('',#14032,10.);
#3551=VECTOR('',#14035,10.);
#3552=VECTOR('',#14038,10.);
#3553=VECTOR('',#14041,10.);
#3554=VECTOR('',#14044,10.);
#3555=VECTOR('',#14047,10.);
#3556=VECTOR('',#14050,10.);
#3557=VECTOR('',#14053,10.);
#3558=VECTOR('',#14056,10.);
#3559=VECTOR('',#14059,10.);
#3560=VECTOR('',#14062,10.);
#3561=VECTOR('',#14065,10.);
#3562=VECTOR('',#14068,10.);
#3563=VECTOR('',#14071,10.);
#3564=VECTOR('',#14074,10.);
#3565=VECTOR('',#14077,10.);
#3566=VECTOR('',#14080,10.);
#3567=VECTOR('',#14083,10.);
#3568=VECTOR('',#14086,10.);
#3569=VECTOR('',#14089,10.);
#3570=VECTOR('',#14092,10.);
#3571=VECTOR('',#14095,10.);
#3572=VECTOR('',#14098,10.);
#3573=VECTOR('',#14101,10.);
#3574=VECTOR('',#14104,10.);
#3575=VECTOR('',#14107,10.);
#3576=VECTOR('',#14110,10.);
#3577=VECTOR('',#14113,10.);
#3578=VECTOR('',#14116,10.);
#3579=VECTOR('',#14119,10.);
#3580=VECTOR('',#14122,10.);
#3581=VECTOR('',#14125,10.);
#3582=VECTOR('',#14128,10.);
#3583=VECTOR('',#14131,10.);
#3584=VECTOR('',#14134,10.);
#3585=VECTOR('',#14137,10.);
#3586=VECTOR('',#14140,10.);
#3587=VECTOR('',#14143,10.);
#3588=VECTOR('',#14146,10.);
#3589=VECTOR('',#14147,10.);
#3590=VECTOR('',#14148,10.);
#3591=VECTOR('',#14149,10.);
#3592=VECTOR('',#14150,10.);
#3593=VECTOR('',#14151,10.);
#3594=VECTOR('',#14152,10.);
#3595=VECTOR('',#14153,10.);
#3596=VECTOR('',#14154,10.);
#3597=VECTOR('',#14155,10.);
#3598=VECTOR('',#14156,10.);
#3599=VECTOR('',#14157,10.);
#3600=VECTOR('',#14158,10.);
#3601=VECTOR('',#14159,10.);
#3602=VECTOR('',#14160,10.);
#3603=VECTOR('',#14161,10.);
#3604=VECTOR('',#14162,10.);
#3605=VECTOR('',#14163,10.);
#3606=VECTOR('',#14164,10.);
#3607=VECTOR('',#14165,10.);
#3608=VECTOR('',#14166,10.);
#3609=VECTOR('',#14167,10.);
#3610=VECTOR('',#14168,10.);
#3611=VECTOR('',#14169,10.);
#3612=VECTOR('',#14170,10.);
#3613=VECTOR('',#14171,10.);
#3614=VECTOR('',#14172,10.);
#3615=VECTOR('',#14173,10.);
#3616=VECTOR('',#14174,10.);
#3617=VECTOR('',#14175,10.);
#3618=VECTOR('',#14176,10.);
#3619=VECTOR('',#14177,10.);
#3620=VECTOR('',#14178,10.);
#3621=VECTOR('',#14179,10.);
#3622=VECTOR('',#14180,10.);
#3623=VECTOR('',#14181,10.);
#3624=VECTOR('',#14182,10.);
#3625=VECTOR('',#14183,10.);
#3626=VECTOR('',#14184,10.);
#3627=VECTOR('',#14185,10.);
#3628=VECTOR('',#14186,10.);
#3629=VECTOR('',#14187,10.);
#3630=VECTOR('',#14188,10.);
#3631=VECTOR('',#14189,10.);
#3632=VECTOR('',#14190,10.);
#3633=VECTOR('',#14191,10.);
#3634=VECTOR('',#14192,10.);
#3635=VECTOR('',#14193,10.);
#3636=VECTOR('',#14194,10.);
#3637=VECTOR('',#14195,10.);
#3638=VECTOR('',#14196,10.);
#3639=VECTOR('',#14197,10.);
#3640=VECTOR('',#14198,10.);
#3641=VECTOR('',#14199,10.);
#3642=VECTOR('',#14200,10.);
#3643=VECTOR('',#14201,10.);
#3644=VECTOR('',#14202,10.);
#3645=VECTOR('',#14203,10.);
#3646=VECTOR('',#14204,10.);
#3647=VECTOR('',#14205,10.);
#3648=VECTOR('',#14206,10.);
#3649=VECTOR('',#14207,10.);
#3650=VECTOR('',#14208,10.);
#3651=VECTOR('',#14209,10.);
#3652=VECTOR('',#14210,10.);
#3653=VECTOR('',#14211,10.);
#3654=VECTOR('',#14212,10.);
#3655=VECTOR('',#14213,10.);
#3656=VECTOR('',#14214,10.);
#3657=VECTOR('',#14215,10.);
#3658=VECTOR('',#14216,10.);
#3659=VECTOR('',#14217,10.);
#3660=VECTOR('',#14218,10.);
#3661=VECTOR('',#14219,10.);
#3662=VECTOR('',#14220,10.);
#3663=VECTOR('',#14221,10.);
#3664=VECTOR('',#14222,10.);
#3665=VECTOR('',#14223,10.);
#3666=VECTOR('',#14224,10.);
#3667=VECTOR('',#14225,10.);
#3668=VECTOR('',#14226,10.);
#3669=VECTOR('',#14227,10.);
#3670=VECTOR('',#14228,10.);
#3671=VECTOR('',#14229,10.);
#3672=VECTOR('',#14230,10.);
#3673=VECTOR('',#14231,10.);
#3674=VECTOR('',#14232,10.);
#3675=VECTOR('',#14233,10.);
#3676=VECTOR('',#14234,10.);
#3677=VECTOR('',#14235,10.);
#3678=VECTOR('',#14236,10.);
#3679=VECTOR('',#14237,10.);
#3680=VECTOR('',#14238,10.);
#3681=VECTOR('',#14239,10.);
#3682=VECTOR('',#14240,10.);
#3683=VECTOR('',#14241,10.);
#3684=VECTOR('',#14242,10.);
#3685=VECTOR('',#14247,10.);
#3686=VECTOR('',#14248,10.);
#3687=VECTOR('',#14249,10.);
#3688=VECTOR('',#14252,10.);
#3689=VECTOR('',#14253,10.);
#3690=VECTOR('',#14256,10.);
#3691=VECTOR('',#14257,10.);
#3692=VECTOR('',#14260,10.);
#3693=VECTOR('',#14261,10.);
#3694=VECTOR('',#14264,10.);
#3695=VECTOR('',#14265,10.);
#3696=VECTOR('',#14268,10.);
#3697=VECTOR('',#14269,10.);
#3698=VECTOR('',#14272,10.);
#3699=VECTOR('',#14273,10.);
#3700=VECTOR('',#14276,10.);
#3701=VECTOR('',#14277,10.);
#3702=VECTOR('',#14280,10.);
#3703=VECTOR('',#14281,10.);
#3704=VECTOR('',#14284,10.);
#3705=VECTOR('',#14285,10.);
#3706=VECTOR('',#14288,10.);
#3707=VECTOR('',#14289,10.);
#3708=VECTOR('',#14292,10.);
#3709=VECTOR('',#14293,10.);
#3710=VECTOR('',#14296,10.);
#3711=VECTOR('',#14297,10.);
#3712=VECTOR('',#14300,10.);
#3713=VECTOR('',#14301,10.);
#3714=VECTOR('',#14304,10.);
#3715=VECTOR('',#14305,10.);
#3716=VECTOR('',#14308,10.);
#3717=VECTOR('',#14309,10.);
#3718=VECTOR('',#14312,10.);
#3719=VECTOR('',#14313,10.);
#3720=VECTOR('',#14316,10.);
#3721=VECTOR('',#14317,10.);
#3722=VECTOR('',#14320,10.);
#3723=VECTOR('',#14321,10.);
#3724=VECTOR('',#14324,10.);
#3725=VECTOR('',#14325,10.);
#3726=VECTOR('',#14328,10.);
#3727=VECTOR('',#14329,10.);
#3728=VECTOR('',#14332,10.);
#3729=VECTOR('',#14333,10.);
#3730=VECTOR('',#14336,10.);
#3731=VECTOR('',#14337,10.);
#3732=VECTOR('',#14340,10.);
#3733=VECTOR('',#14341,10.);
#3734=VECTOR('',#14344,10.);
#3735=VECTOR('',#14345,10.);
#3736=VECTOR('',#14348,10.);
#3737=VECTOR('',#14349,10.);
#3738=VECTOR('',#14352,10.);
#3739=VECTOR('',#14353,10.);
#3740=VECTOR('',#14356,10.);
#3741=VECTOR('',#14357,10.);
#3742=VECTOR('',#14360,10.);
#3743=VECTOR('',#14361,10.);
#3744=VECTOR('',#14364,10.);
#3745=VECTOR('',#14365,10.);
#3746=VECTOR('',#14368,10.);
#3747=VECTOR('',#14369,10.);
#3748=VECTOR('',#14372,10.);
#3749=VECTOR('',#14373,10.);
#3750=VECTOR('',#14376,10.);
#3751=VECTOR('',#14377,10.);
#3752=VECTOR('',#14380,10.);
#3753=VECTOR('',#14381,10.);
#3754=VECTOR('',#14384,10.);
#3755=VECTOR('',#14385,10.);
#3756=VECTOR('',#14388,10.);
#3757=VECTOR('',#14389,10.);
#3758=VECTOR('',#14392,10.);
#3759=VECTOR('',#14393,10.);
#3760=VECTOR('',#14396,10.);
#3761=VECTOR('',#14397,10.);
#3762=VECTOR('',#14400,10.);
#3763=VECTOR('',#14401,10.);
#3764=VECTOR('',#14404,10.);
#3765=VECTOR('',#14405,10.);
#3766=VECTOR('',#14408,10.);
#3767=VECTOR('',#14409,10.);
#3768=VECTOR('',#14412,10.);
#3769=VECTOR('',#14413,10.);
#3770=VECTOR('',#14416,10.);
#3771=VECTOR('',#14417,10.);
#3772=VECTOR('',#14420,10.);
#3773=VECTOR('',#14421,10.);
#3774=VECTOR('',#14424,10.);
#3775=VECTOR('',#14425,10.);
#3776=VECTOR('',#14428,10.);
#3777=VECTOR('',#14429,10.);
#3778=VECTOR('',#14432,10.);
#3779=VECTOR('',#14433,10.);
#3780=VECTOR('',#14436,10.);
#3781=VECTOR('',#14437,10.);
#3782=VECTOR('',#14440,10.);
#3783=VECTOR('',#14441,10.);
#3784=VECTOR('',#14444,10.);
#3785=VECTOR('',#14445,10.);
#3786=VECTOR('',#14448,10.);
#3787=VECTOR('',#14449,10.);
#3788=VECTOR('',#14452,10.);
#3789=VECTOR('',#14453,10.);
#3790=VECTOR('',#14456,10.);
#3791=VECTOR('',#14457,10.);
#3792=VECTOR('',#14460,10.);
#3793=VECTOR('',#14461,10.);
#3794=VECTOR('',#14464,10.);
#3795=VECTOR('',#14465,10.);
#3796=VECTOR('',#14468,10.);
#3797=VECTOR('',#14469,10.);
#3798=VECTOR('',#14472,10.);
#3799=VECTOR('',#14473,10.);
#3800=VECTOR('',#14476,10.);
#3801=VECTOR('',#14477,10.);
#3802=VECTOR('',#14480,10.);
#3803=VECTOR('',#14481,10.);
#3804=VECTOR('',#14484,10.);
#3805=VECTOR('',#14485,10.);
#3806=VECTOR('',#14488,10.);
#3807=VECTOR('',#14489,10.);
#3808=VECTOR('',#14492,10.);
#3809=VECTOR('',#14493,10.);
#3810=VECTOR('',#14496,10.);
#3811=VECTOR('',#14497,10.);
#3812=VECTOR('',#14500,10.);
#3813=VECTOR('',#14501,10.);
#3814=VECTOR('',#14504,10.);
#3815=VECTOR('',#14505,10.);
#3816=VECTOR('',#14508,10.);
#3817=VECTOR('',#14509,10.);
#3818=VECTOR('',#14512,10.);
#3819=VECTOR('',#14513,10.);
#3820=VECTOR('',#14516,10.);
#3821=VECTOR('',#14517,10.);
#3822=VECTOR('',#14520,10.);
#3823=VECTOR('',#14521,10.);
#3824=VECTOR('',#14524,10.);
#3825=VECTOR('',#14525,10.);
#3826=VECTOR('',#14528,10.);
#3827=VECTOR('',#14529,10.);
#3828=VECTOR('',#14532,10.);
#3829=VECTOR('',#14533,10.);
#3830=VECTOR('',#14536,10.);
#3831=VECTOR('',#14537,10.);
#3832=VECTOR('',#14540,10.);
#3833=VECTOR('',#14541,10.);
#3834=VECTOR('',#14544,10.);
#3835=VECTOR('',#14545,10.);
#3836=VECTOR('',#14548,10.);
#3837=VECTOR('',#14549,10.);
#3838=VECTOR('',#14552,10.);
#3839=VECTOR('',#14553,10.);
#3840=VECTOR('',#14556,10.);
#3841=VECTOR('',#14557,10.);
#3842=VECTOR('',#14560,10.);
#3843=VECTOR('',#14561,10.);
#3844=VECTOR('',#14564,10.);
#3845=VECTOR('',#14565,10.);
#3846=VECTOR('',#14568,10.);
#3847=VECTOR('',#14569,10.);
#3848=VECTOR('',#14572,10.);
#3849=VECTOR('',#14573,10.);
#3850=VECTOR('',#14576,10.);
#3851=VECTOR('',#14577,10.);
#3852=VECTOR('',#14580,10.);
#3853=VECTOR('',#14581,10.);
#3854=VECTOR('',#14584,10.);
#3855=VECTOR('',#14585,10.);
#3856=VECTOR('',#14588,10.);
#3857=VECTOR('',#14589,10.);
#3858=VECTOR('',#14592,10.);
#3859=VECTOR('',#14593,10.);
#3860=VECTOR('',#14596,10.);
#3861=VECTOR('',#14597,10.);
#3862=VECTOR('',#14600,10.);
#3863=VECTOR('',#14601,10.);
#3864=VECTOR('',#14604,10.);
#3865=VECTOR('',#14605,10.);
#3866=VECTOR('',#14608,10.);
#3867=VECTOR('',#14609,10.);
#3868=VECTOR('',#14612,10.);
#3869=VECTOR('',#14613,10.);
#3870=VECTOR('',#14616,10.);
#3871=VECTOR('',#14617,10.);
#3872=VECTOR('',#14620,10.);
#3873=VECTOR('',#14621,10.);
#3874=VECTOR('',#14624,10.);
#3875=VECTOR('',#14625,10.);
#3876=VECTOR('',#14628,10.);
#3877=VECTOR('',#14629,10.);
#3878=VECTOR('',#14630,10.);
#3879=VECTOR('',#14631,10.);
#3880=VECTOR('',#14632,10.);
#3881=VECTOR('',#14633,10.);
#3882=VECTOR('',#14634,10.);
#3883=VECTOR('',#14635,10.);
#3884=VECTOR('',#14636,10.);
#3885=VECTOR('',#14637,10.);
#3886=VECTOR('',#14638,10.);
#3887=VECTOR('',#14639,10.);
#3888=VECTOR('',#14640,10.);
#3889=VECTOR('',#14641,10.);
#3890=VECTOR('',#14642,10.);
#3891=VECTOR('',#14643,10.);
#3892=VECTOR('',#14644,10.);
#3893=VECTOR('',#14645,10.);
#3894=VECTOR('',#14646,10.);
#3895=VECTOR('',#14647,10.);
#3896=VECTOR('',#14648,10.);
#3897=VECTOR('',#14649,10.);
#3898=VECTOR('',#14650,10.);
#3899=VECTOR('',#14651,10.);
#3900=VECTOR('',#14652,10.);
#3901=VECTOR('',#14653,10.);
#3902=VECTOR('',#14654,10.);
#3903=VECTOR('',#14655,10.);
#3904=VECTOR('',#14656,10.);
#3905=VECTOR('',#14657,10.);
#3906=VECTOR('',#14658,10.);
#3907=VECTOR('',#14659,10.);
#3908=VECTOR('',#14660,10.);
#3909=VECTOR('',#14661,10.);
#3910=VECTOR('',#14662,10.);
#3911=VECTOR('',#14663,10.);
#3912=VECTOR('',#14664,10.);
#3913=VECTOR('',#14665,10.);
#3914=VECTOR('',#14666,10.);
#3915=VECTOR('',#14667,10.);
#3916=VECTOR('',#14668,10.);
#3917=VECTOR('',#14669,10.);
#3918=VECTOR('',#14670,10.);
#3919=VECTOR('',#14671,10.);
#3920=VECTOR('',#14672,10.);
#3921=VECTOR('',#14673,10.);
#3922=VECTOR('',#14674,10.);
#3923=VECTOR('',#14675,10.);
#3924=VECTOR('',#14676,10.);
#3925=VECTOR('',#14677,10.);
#3926=VECTOR('',#14678,10.);
#3927=VECTOR('',#14679,10.);
#3928=VECTOR('',#14680,10.);
#3929=VECTOR('',#14681,10.);
#3930=VECTOR('',#14682,10.);
#3931=VECTOR('',#14683,10.);
#3932=VECTOR('',#14684,10.);
#3933=VECTOR('',#14685,10.);
#3934=VECTOR('',#14686,10.);
#3935=VECTOR('',#14687,10.);
#3936=VECTOR('',#14688,10.);
#3937=VECTOR('',#14689,10.);
#3938=VECTOR('',#14690,10.);
#3939=VECTOR('',#14691,10.);
#3940=VECTOR('',#14692,10.);
#3941=VECTOR('',#14693,10.);
#3942=VECTOR('',#14694,10.);
#3943=VECTOR('',#14695,10.);
#3944=VECTOR('',#14696,10.);
#3945=VECTOR('',#14697,10.);
#3946=VECTOR('',#14698,10.);
#3947=VECTOR('',#14699,10.);
#3948=VECTOR('',#14700,10.);
#3949=VECTOR('',#14701,10.);
#3950=VECTOR('',#14702,10.);
#3951=VECTOR('',#14703,10.);
#3952=VECTOR('',#14704,10.);
#3953=VECTOR('',#14705,10.);
#3954=VECTOR('',#14706,10.);
#3955=VECTOR('',#14707,10.);
#3956=VECTOR('',#14708,10.);
#3957=VECTOR('',#14709,10.);
#3958=VECTOR('',#14710,10.);
#3959=VECTOR('',#14711,10.);
#3960=VECTOR('',#14712,10.);
#3961=VECTOR('',#14713,10.);
#3962=VECTOR('',#14714,10.);
#3963=VECTOR('',#14715,10.);
#3964=VECTOR('',#14716,10.);
#3965=VECTOR('',#14717,10.);
#3966=VECTOR('',#14718,10.);
#3967=VECTOR('',#14719,10.);
#3968=VECTOR('',#14720,10.);
#3969=VECTOR('',#14721,10.);
#3970=VECTOR('',#14722,10.);
#3971=VECTOR('',#14723,10.);
#3972=VECTOR('',#14724,10.);
#3973=VECTOR('',#14727,10.);
#3974=VECTOR('',#14728,10.);
#3975=VECTOR('',#14729,10.);
#3976=VECTOR('',#14732,10.);
#3977=VECTOR('',#14733,10.);
#3978=VECTOR('',#14736,10.);
#3979=VECTOR('',#14737,10.);
#3980=VECTOR('',#14740,10.);
#3981=VECTOR('',#14743,6.12522271234132);
#3982=VECTOR('',#14748,10.);
#3983=VECTOR('',#14749,10.);
#3984=VECTOR('',#14752,10.);
#3985=VECTOR('',#14755,10.);
#3986=VECTOR('',#14758,10.);
#3987=VECTOR('',#14761,10.);
#3988=VECTOR('',#14764,10.);
#3989=VECTOR('',#14767,10.);
#3990=VECTOR('',#14770,10.);
#3991=VECTOR('',#14773,10.);
#3992=VECTOR('',#14776,10.);
#3993=VECTOR('',#14779,10.);
#3994=VECTOR('',#14782,10.);
#3995=VECTOR('',#14785,10.);
#3996=VECTOR('',#14788,10.);
#3997=VECTOR('',#14791,10.);
#3998=VECTOR('',#14794,10.);
#3999=VECTOR('',#14797,10.);
#4000=VECTOR('',#14800,10.);
#4001=VECTOR('',#14803,10.);
#4002=VECTOR('',#14806,10.);
#4003=VECTOR('',#14809,10.);
#4004=VECTOR('',#14812,10.);
#4005=VECTOR('',#14815,10.);
#4006=VECTOR('',#14818,10.);
#4007=VECTOR('',#14821,10.);
#4008=VECTOR('',#14824,10.);
#4009=VECTOR('',#14827,10.);
#4010=VECTOR('',#14830,10.);
#4011=VECTOR('',#14833,10.);
#4012=VECTOR('',#14836,10.);
#4013=VECTOR('',#14839,10.);
#4014=VECTOR('',#14842,10.);
#4015=VECTOR('',#14845,10.);
#4016=VECTOR('',#14848,10.);
#4017=VECTOR('',#14851,10.);
#4018=VECTOR('',#14854,10.);
#4019=VECTOR('',#14857,10.);
#4020=VECTOR('',#14860,10.);
#4021=VECTOR('',#14863,10.);
#4022=VECTOR('',#14866,10.);
#4023=VECTOR('',#14869,10.);
#4024=VECTOR('',#14872,10.);
#4025=VECTOR('',#14875,10.);
#4026=VECTOR('',#14878,10.);
#4027=VECTOR('',#14881,10.);
#4028=VECTOR('',#14884,10.);
#4029=VECTOR('',#14887,10.);
#4030=VECTOR('',#14890,10.);
#4031=VECTOR('',#14893,10.);
#4032=VECTOR('',#14896,10.);
#4033=VECTOR('',#14899,10.);
#4034=VECTOR('',#14902,10.);
#4035=VECTOR('',#14905,10.);
#4036=VECTOR('',#14908,10.);
#4037=VECTOR('',#14911,10.);
#4038=VECTOR('',#14914,10.);
#4039=VECTOR('',#14917,10.);
#4040=VECTOR('',#14920,10.);
#4041=VECTOR('',#14923,10.);
#4042=VECTOR('',#14926,10.);
#4043=VECTOR('',#14929,10.);
#4044=VECTOR('',#14932,10.);
#4045=VECTOR('',#14935,10.);
#4046=VECTOR('',#14938,10.);
#4047=VECTOR('',#14941,10.);
#4048=VECTOR('',#14944,10.);
#4049=VECTOR('',#14947,10.);
#4050=VECTOR('',#14950,10.);
#4051=VECTOR('',#14953,10.);
#4052=VECTOR('',#14956,10.);
#4053=VECTOR('',#14959,10.);
#4054=VECTOR('',#14962,10.);
#4055=VECTOR('',#14965,10.);
#4056=VECTOR('',#14968,10.);
#4057=VECTOR('',#14971,10.);
#4058=VECTOR('',#14974,10.);
#4059=VECTOR('',#14977,10.);
#4060=VECTOR('',#14980,10.);
#4061=VECTOR('',#14983,10.);
#4062=VECTOR('',#14986,10.);
#4063=VECTOR('',#14989,10.);
#4064=VECTOR('',#14992,10.);
#4065=VECTOR('',#14995,10.);
#4066=VECTOR('',#14998,10.);
#4067=VECTOR('',#15001,10.);
#4068=VECTOR('',#15004,10.);
#4069=VECTOR('',#15007,10.);
#4070=VECTOR('',#15010,10.);
#4071=VECTOR('',#15013,10.);
#4072=VECTOR('',#15016,10.);
#4073=VECTOR('',#15019,10.);
#4074=VECTOR('',#15022,10.);
#4075=VECTOR('',#15025,10.);
#4076=VECTOR('',#15028,10.);
#4077=VECTOR('',#15031,10.);
#4078=VECTOR('',#15048,2.67000542544888);
#4079=VECTOR('',#15053,2.67000542545233);
#4080=VECTOR('',#15058,2.67000542544793);
#4081=VECTOR('',#15063,2.67000542545137);
#4082=VECTOR('',#15084,1.4000028448179);
#4083=VECTOR('',#15089,1.40000284481754);
#4084=VECTOR('',#15094,1.40000284480649);
#4085=VECTOR('',#15099,1.40000284480612);
#4086=VECTOR('',#15110,10.);
#4087=VECTOR('',#15111,10.);
#4088=VECTOR('',#15112,10.);
#4089=VECTOR('',#15113,10.);
#4090=VECTOR('',#15116,10.);
#4091=VECTOR('',#15117,10.);
#4092=VECTOR('',#15118,10.);
#4093=VECTOR('',#15121,10.);
#4094=VECTOR('',#15122,10.);
#4095=VECTOR('',#15123,10.);
#4096=VECTOR('',#15126,10.);
#4097=VECTOR('',#15127,10.);
#4098=VECTOR('',#15128,10.);
#4099=VECTOR('',#15129,10.);
#4100=VECTOR('',#15130,10.);
#4101=VECTOR('',#15131,10.);
#4102=VECTOR('',#15132,10.);
#4103=VECTOR('',#15133,10.);
#4104=VECTOR('',#15134,10.);
#4105=VECTOR('',#15135,10.);
#4106=VECTOR('',#15136,10.);
#4107=VECTOR('',#15137,10.);
#4108=VECTOR('',#15138,10.);
#4109=VECTOR('',#15139,10.);
#4110=VECTOR('',#15140,10.);
#4111=VECTOR('',#15141,10.);
#4112=VECTOR('',#15142,10.);
#4113=VECTOR('',#15143,10.);
#4114=VECTOR('',#15144,10.);
#4115=VECTOR('',#15145,10.);
#4116=VECTOR('',#15146,10.);
#4117=VECTOR('',#15147,10.);
#4118=VECTOR('',#15148,10.);
#4119=VECTOR('',#15149,10.);
#4120=VECTOR('',#15150,10.);
#4121=VECTOR('',#15151,10.);
#4122=VECTOR('',#15152,10.);
#4123=VECTOR('',#15153,10.);
#4124=VECTOR('',#15154,10.);
#4125=VECTOR('',#15155,10.);
#4126=VECTOR('',#15156,10.);
#4127=VECTOR('',#15157,10.);
#4128=VECTOR('',#15158,10.);
#4129=VECTOR('',#15159,10.);
#4130=VECTOR('',#15160,10.);
#4131=VECTOR('',#15161,10.);
#4132=VECTOR('',#15162,10.);
#4133=VECTOR('',#15163,10.);
#4134=VECTOR('',#15164,10.);
#4135=VECTOR('',#15165,10.);
#4136=VECTOR('',#15166,10.);
#4137=VECTOR('',#15167,10.);
#4138=VECTOR('',#15168,10.);
#4139=VECTOR('',#15169,10.);
#4140=VECTOR('',#15170,10.);
#4141=VECTOR('',#15171,10.);
#4142=VECTOR('',#15172,10.);
#4143=VECTOR('',#15173,10.);
#4144=VECTOR('',#15174,10.);
#4145=VECTOR('',#15175,10.);
#4146=VECTOR('',#15176,10.);
#4147=VECTOR('',#15177,10.);
#4148=VECTOR('',#15178,10.);
#4149=VECTOR('',#15179,10.);
#4150=VECTOR('',#15180,10.);
#4151=VECTOR('',#15181,10.);
#4152=VECTOR('',#15182,10.);
#4153=VECTOR('',#15183,10.);
#4154=VECTOR('',#15184,10.);
#4155=VECTOR('',#15185,10.);
#4156=VECTOR('',#15186,10.);
#4157=VECTOR('',#15187,10.);
#4158=VECTOR('',#15188,10.);
#4159=VECTOR('',#15189,10.);
#4160=VECTOR('',#15190,10.);
#4161=VECTOR('',#15191,10.);
#4162=VECTOR('',#15192,10.);
#4163=VECTOR('',#15193,10.);
#4164=VECTOR('',#15194,10.);
#4165=VECTOR('',#15195,10.);
#4166=VECTOR('',#15196,10.);
#4167=VECTOR('',#15197,10.);
#4168=VECTOR('',#15198,10.);
#4169=VECTOR('',#15199,10.);
#4170=VECTOR('',#15200,10.);
#4171=VECTOR('',#15201,10.);
#4172=VECTOR('',#15202,10.);
#4173=VECTOR('',#15203,10.);
#4174=VECTOR('',#15204,10.);
#4175=VECTOR('',#15205,10.);
#4176=VECTOR('',#15206,10.);
#4177=VECTOR('',#15207,10.);
#4178=VECTOR('',#15208,10.);
#4179=VECTOR('',#15209,10.);
#4180=VECTOR('',#15210,10.);
#4181=VECTOR('',#15211,10.);
#4182=VECTOR('',#15212,10.);
#4183=VECTOR('',#15213,10.);
#4184=VECTOR('',#15214,10.);
#4185=VECTOR('',#15215,10.);
#4186=VECTOR('',#15216,10.);
#4187=VECTOR('',#15217,10.);
#4188=VECTOR('',#15218,10.);
#4189=VECTOR('',#15229,10.);
#4190=VECTOR('',#15230,10.);
#4191=VECTOR('',#15231,10.);
#4192=VECTOR('',#15232,10.);
#4193=VECTOR('',#15233,10.);
#4194=VECTOR('',#15234,10.);
#4195=VECTOR('',#15235,10.);
#4196=VECTOR('',#15236,10.);
#4197=VECTOR('',#15237,10.);
#4198=VECTOR('',#15238,10.);
#4199=VECTOR('',#15239,10.);
#4200=VECTOR('',#15240,10.);
#4201=VECTOR('',#15241,10.);
#4202=VECTOR('',#15242,10.);
#4203=VECTOR('',#15243,10.);
#4204=VECTOR('',#15244,10.);
#4205=VECTOR('',#15245,10.);
#4206=VECTOR('',#15246,10.);
#4207=VECTOR('',#15247,10.);
#4208=VECTOR('',#15248,10.);
#4209=VECTOR('',#15249,10.);
#4210=VECTOR('',#15250,10.);
#4211=VECTOR('',#15251,10.);
#4212=VECTOR('',#15252,10.);
#4213=VECTOR('',#15253,10.);
#4214=VECTOR('',#15254,10.);
#4215=VECTOR('',#15255,10.);
#4216=VECTOR('',#15256,10.);
#4217=VECTOR('',#15257,10.);
#4218=VECTOR('',#15258,10.);
#4219=VECTOR('',#15259,10.);
#4220=VECTOR('',#15260,10.);
#4221=VECTOR('',#15261,10.);
#4222=VECTOR('',#15262,10.);
#4223=VECTOR('',#15263,10.);
#4224=VECTOR('',#15264,10.);
#4225=VECTOR('',#15265,10.);
#4226=VECTOR('',#15266,10.);
#4227=VECTOR('',#15267,10.);
#4228=VECTOR('',#15268,10.);
#4229=VECTOR('',#15269,10.);
#4230=VECTOR('',#15270,10.);
#4231=VECTOR('',#15271,10.);
#4232=VECTOR('',#15272,10.);
#4233=VECTOR('',#15273,10.);
#4234=VECTOR('',#15274,10.);
#4235=VECTOR('',#15275,10.);
#4236=VECTOR('',#15276,10.);
#4237=VECTOR('',#15277,10.);
#4238=VECTOR('',#15278,10.);
#4239=VECTOR('',#15279,10.);
#4240=VECTOR('',#15280,10.);
#4241=VECTOR('',#15281,10.);
#4242=VECTOR('',#15282,10.);
#4243=VECTOR('',#15283,10.);
#4244=VECTOR('',#15284,10.);
#4245=VECTOR('',#15285,10.);
#4246=VECTOR('',#15286,10.);
#4247=VECTOR('',#15287,10.);
#4248=VECTOR('',#15288,10.);
#4249=VECTOR('',#15289,10.);
#4250=VECTOR('',#15290,10.);
#4251=VECTOR('',#15291,10.);
#4252=VECTOR('',#15292,10.);
#4253=VECTOR('',#15293,10.);
#4254=VECTOR('',#15294,10.);
#4255=VECTOR('',#15295,10.);
#4256=VECTOR('',#15296,10.);
#4257=VECTOR('',#15297,10.);
#4258=VECTOR('',#15298,10.);
#4259=VECTOR('',#15299,10.);
#4260=VECTOR('',#15300,10.);
#4261=VECTOR('',#15301,10.);
#4262=VECTOR('',#15302,10.);
#4263=VECTOR('',#15303,10.);
#4264=VECTOR('',#15304,10.);
#4265=VECTOR('',#15305,10.);
#4266=VECTOR('',#15306,10.);
#4267=VECTOR('',#15307,10.);
#4268=VECTOR('',#15308,10.);
#4269=VECTOR('',#15309,10.);
#4270=VECTOR('',#15310,10.);
#4271=VECTOR('',#15311,10.);
#4272=VECTOR('',#15312,10.);
#4273=VECTOR('',#15313,10.);
#4274=VECTOR('',#15314,10.);
#4275=VECTOR('',#15315,10.);
#4276=VECTOR('',#15316,10.);
#4277=VECTOR('',#15317,10.);
#4278=VECTOR('',#15318,10.);
#4279=VECTOR('',#15319,10.);
#4280=VECTOR('',#15320,10.);
#4281=VECTOR('',#15321,10.);
#4282=VECTOR('',#15322,10.);
#4283=VECTOR('',#15323,10.);
#4284=VECTOR('',#15324,10.);
#4285=VECTOR('',#15325,10.);
#4286=VECTOR('',#15326,10.);
#4287=VECTOR('',#15327,10.);
#4288=VECTOR('',#15328,10.);
#4289=VECTOR('',#15329,10.);
#4290=VECTOR('',#15330,10.);
#4291=VECTOR('',#15331,10.);
#4292=VECTOR('',#15332,10.);
#4293=VECTOR('',#15333,10.);
#4294=VECTOR('',#15334,10.);
#4295=VECTOR('',#15335,10.);
#4296=VECTOR('',#15336,10.);
#4297=VECTOR('',#15337,10.);
#4298=VECTOR('',#15338,10.);
#4299=VECTOR('',#15339,10.);
#4300=VECTOR('',#15340,10.);
#4301=VECTOR('',#15341,10.);
#4302=VECTOR('',#15342,10.);
#4303=VECTOR('',#15343,10.);
#4304=VECTOR('',#15344,10.);
#4305=VECTOR('',#15345,10.);
#4306=VECTOR('',#15346,10.);
#4307=VECTOR('',#15347,10.);
#4308=VECTOR('',#15348,10.);
#4309=VECTOR('',#15349,10.);
#4310=VECTOR('',#15350,10.);
#4311=VECTOR('',#15351,10.);
#4312=VECTOR('',#15352,10.);
#4313=VECTOR('',#15353,10.);
#4314=VECTOR('',#15354,10.);
#4315=VECTOR('',#15355,10.);
#4316=VECTOR('',#15356,10.);
#4317=VECTOR('',#15357,10.);
#4318=VECTOR('',#15358,10.);
#4319=VECTOR('',#15359,10.);
#4320=VECTOR('',#15360,10.);
#4321=VECTOR('',#15361,10.);
#4322=VECTOR('',#15362,10.);
#4323=VECTOR('',#15363,10.);
#4324=VECTOR('',#15364,10.);
#4325=VECTOR('',#15365,10.);
#4326=VECTOR('',#15366,10.);
#4327=VECTOR('',#15367,10.);
#4328=VECTOR('',#15368,10.);
#4329=VECTOR('',#15369,10.);
#4330=VECTOR('',#15370,10.);
#4331=VECTOR('',#15371,10.);
#4332=VECTOR('',#15372,10.);
#4333=VECTOR('',#15373,10.);
#4334=VECTOR('',#15374,10.);
#4335=VECTOR('',#15375,10.);
#4336=VECTOR('',#15376,10.);
#4337=VECTOR('',#15377,10.);
#4338=VECTOR('',#15378,10.);
#4339=VECTOR('',#15379,10.);
#4340=VECTOR('',#15380,10.);
#4341=VECTOR('',#15381,10.);
#4342=VECTOR('',#15382,10.);
#4343=VECTOR('',#15383,10.);
#4344=VECTOR('',#15384,10.);
#4345=VECTOR('',#15385,10.);
#4346=VECTOR('',#15386,10.);
#4347=VECTOR('',#15387,10.);
#4348=VECTOR('',#15388,10.);
#4349=VECTOR('',#15389,10.);
#4350=VECTOR('',#15390,10.);
#4351=VECTOR('',#15391,10.);
#4352=VECTOR('',#15392,10.);
#4353=VECTOR('',#15393,10.);
#4354=VECTOR('',#15394,10.);
#4355=VECTOR('',#15395,10.);
#4356=VECTOR('',#15396,10.);
#4357=VECTOR('',#15397,10.);
#4358=VECTOR('',#15398,10.);
#4359=VECTOR('',#15399,10.);
#4360=VECTOR('',#15400,10.);
#4361=VECTOR('',#15401,10.);
#4362=VECTOR('',#15402,10.);
#4363=VECTOR('',#15403,10.);
#4364=VECTOR('',#15404,10.);
#4365=VECTOR('',#15405,10.);
#4366=VECTOR('',#15406,10.);
#4367=VECTOR('',#15407,10.);
#4368=VECTOR('',#15408,10.);
#4369=VECTOR('',#15409,10.);
#4370=VECTOR('',#15410,10.);
#4371=VECTOR('',#15411,10.);
#4372=VECTOR('',#15412,10.);
#4373=VECTOR('',#15413,10.);
#4374=VECTOR('',#15414,10.);
#4375=VECTOR('',#15415,10.);
#4376=VECTOR('',#15416,10.);
#4377=VECTOR('',#15417,10.);
#4378=VECTOR('',#15420,10.);
#4379=VECTOR('',#15423,10.);
#4380=VECTOR('',#15426,10.);
#4381=VECTOR('',#15429,10.);
#4382=VECTOR('',#15432,10.);
#4383=VECTOR('',#15435,10.);
#4384=VECTOR('',#15438,10.);
#4385=VECTOR('',#15441,10.);
#4386=VECTOR('',#15444,10.);
#4387=VECTOR('',#15447,10.);
#4388=VECTOR('',#15450,10.);
#4389=VECTOR('',#15453,10.);
#4390=VECTOR('',#15456,10.);
#4391=VECTOR('',#15459,10.);
#4392=VECTOR('',#15462,10.);
#4393=VECTOR('',#15465,10.);
#4394=VECTOR('',#15468,10.);
#4395=VECTOR('',#15471,10.);
#4396=VECTOR('',#15474,10.);
#4397=VECTOR('',#15477,10.);
#4398=VECTOR('',#15480,10.);
#4399=VECTOR('',#15483,10.);
#4400=VECTOR('',#15486,10.);
#4401=VECTOR('',#15489,10.);
#4402=VECTOR('',#15492,10.);
#4403=VECTOR('',#15495,10.);
#4404=VECTOR('',#15498,10.);
#4405=VECTOR('',#15501,10.);
#4406=VECTOR('',#15504,10.);
#4407=VECTOR('',#15507,10.);
#4408=VECTOR('',#15510,10.);
#4409=VECTOR('',#15513,10.);
#4410=VECTOR('',#15516,10.);
#4411=VECTOR('',#15519,10.);
#4412=VECTOR('',#15522,10.);
#4413=VECTOR('',#15525,10.);
#4414=VECTOR('',#15528,10.);
#4415=VECTOR('',#15531,10.);
#4416=VECTOR('',#15534,10.);
#4417=VECTOR('',#15537,10.);
#4418=VECTOR('',#15540,10.);
#4419=VECTOR('',#15543,10.);
#4420=VECTOR('',#15546,10.);
#4421=VECTOR('',#15549,10.);
#4422=VECTOR('',#15552,10.);
#4423=VECTOR('',#15555,10.);
#4424=VECTOR('',#15558,10.);
#4425=VECTOR('',#15561,10.);
#4426=VECTOR('',#15564,10.);
#4427=VECTOR('',#15567,10.);
#4428=VECTOR('',#15570,10.);
#4429=VECTOR('',#15573,10.);
#4430=VECTOR('',#15576,10.);
#4431=VECTOR('',#15579,10.);
#4432=VECTOR('',#15582,10.);
#4433=VECTOR('',#15585,10.);
#4434=VECTOR('',#15588,10.);
#4435=VECTOR('',#15591,10.);
#4436=VECTOR('',#15594,10.);
#4437=VECTOR('',#15597,10.);
#4438=VECTOR('',#15600,10.);
#4439=VECTOR('',#15603,10.);
#4440=VECTOR('',#15606,10.);
#4441=VECTOR('',#15609,10.);
#4442=VECTOR('',#15612,10.);
#4443=VECTOR('',#15615,10.);
#4444=VECTOR('',#15618,10.);
#4445=VECTOR('',#15621,10.);
#4446=VECTOR('',#15624,10.);
#4447=VECTOR('',#15627,10.);
#4448=VECTOR('',#15630,10.);
#4449=VECTOR('',#15633,10.);
#4450=VECTOR('',#15636,10.);
#4451=VECTOR('',#15639,10.);
#4452=VECTOR('',#15642,10.);
#4453=VECTOR('',#15645,10.);
#4454=VECTOR('',#15648,10.);
#4455=VECTOR('',#15651,10.);
#4456=VECTOR('',#15654,10.);
#4457=VECTOR('',#15657,10.);
#4458=VECTOR('',#15660,10.);
#4459=VECTOR('',#15663,10.);
#4460=VECTOR('',#15666,10.);
#4461=VECTOR('',#15669,10.);
#4462=VECTOR('',#15672,10.);
#4463=VECTOR('',#15675,10.);
#4464=VECTOR('',#15678,10.);
#4465=VECTOR('',#15681,10.);
#4466=VECTOR('',#15684,10.);
#4467=VECTOR('',#15687,10.);
#4468=VECTOR('',#15690,10.);
#4469=VECTOR('',#15693,10.);
#4470=VECTOR('',#15698,10.);
#4471=VECTOR('',#15699,10.);
#4472=VECTOR('',#15700,10.);
#4473=VECTOR('',#15703,10.);
#4474=VECTOR('',#15704,10.);
#4475=VECTOR('',#15707,10.);
#4476=VECTOR('',#15708,10.);
#4477=VECTOR('',#15711,10.);
#4478=VECTOR('',#15712,10.);
#4479=VECTOR('',#15715,10.);
#4480=VECTOR('',#15716,10.);
#4481=VECTOR('',#15719,10.);
#4482=VECTOR('',#15720,10.);
#4483=VECTOR('',#15723,10.);
#4484=VECTOR('',#15724,10.);
#4485=VECTOR('',#15727,10.);
#4486=VECTOR('',#15728,10.);
#4487=VECTOR('',#15731,10.);
#4488=VECTOR('',#15732,10.);
#4489=VECTOR('',#15735,10.);
#4490=VECTOR('',#15736,10.);
#4491=VECTOR('',#15739,10.);
#4492=VECTOR('',#15740,10.);
#4493=VECTOR('',#15743,10.);
#4494=VECTOR('',#15744,10.);
#4495=VECTOR('',#15747,10.);
#4496=VECTOR('',#15748,10.);
#4497=VECTOR('',#15751,10.);
#4498=VECTOR('',#15752,10.);
#4499=VECTOR('',#15755,10.);
#4500=VECTOR('',#15756,10.);
#4501=VECTOR('',#15759,10.);
#4502=VECTOR('',#15760,10.);
#4503=VECTOR('',#15763,10.);
#4504=VECTOR('',#15764,10.);
#4505=VECTOR('',#15767,10.);
#4506=VECTOR('',#15768,10.);
#4507=VECTOR('',#15771,10.);
#4508=VECTOR('',#15772,10.);
#4509=VECTOR('',#15775,10.);
#4510=VECTOR('',#15776,10.);
#4511=VECTOR('',#15779,10.);
#4512=VECTOR('',#15780,10.);
#4513=VECTOR('',#15783,10.);
#4514=VECTOR('',#15784,10.);
#4515=VECTOR('',#15787,10.);
#4516=VECTOR('',#15788,10.);
#4517=VECTOR('',#15791,10.);
#4518=VECTOR('',#15792,10.);
#4519=VECTOR('',#15795,10.);
#4520=VECTOR('',#15796,10.);
#4521=VECTOR('',#15799,10.);
#4522=VECTOR('',#15800,10.);
#4523=VECTOR('',#15803,10.);
#4524=VECTOR('',#15804,10.);
#4525=VECTOR('',#15807,10.);
#4526=VECTOR('',#15808,10.);
#4527=VECTOR('',#15811,10.);
#4528=VECTOR('',#15812,10.);
#4529=VECTOR('',#15815,10.);
#4530=VECTOR('',#15816,10.);
#4531=VECTOR('',#15819,10.);
#4532=VECTOR('',#15820,10.);
#4533=VECTOR('',#15823,10.);
#4534=VECTOR('',#15824,10.);
#4535=VECTOR('',#15827,10.);
#4536=VECTOR('',#15828,10.);
#4537=VECTOR('',#15831,10.);
#4538=VECTOR('',#15832,10.);
#4539=VECTOR('',#15835,10.);
#4540=VECTOR('',#15836,10.);
#4541=VECTOR('',#15839,10.);
#4542=VECTOR('',#15840,10.);
#4543=VECTOR('',#15843,10.);
#4544=VECTOR('',#15844,10.);
#4545=VECTOR('',#15847,10.);
#4546=VECTOR('',#15848,10.);
#4547=VECTOR('',#15851,10.);
#4548=VECTOR('',#15852,10.);
#4549=VECTOR('',#15855,10.);
#4550=VECTOR('',#15856,10.);
#4551=VECTOR('',#15859,10.);
#4552=VECTOR('',#15860,10.);
#4553=VECTOR('',#15863,10.);
#4554=VECTOR('',#15864,10.);
#4555=VECTOR('',#15867,10.);
#4556=VECTOR('',#15868,10.);
#4557=VECTOR('',#15871,10.);
#4558=VECTOR('',#15872,10.);
#4559=VECTOR('',#15875,10.);
#4560=VECTOR('',#15876,10.);
#4561=VECTOR('',#15879,10.);
#4562=VECTOR('',#15880,10.);
#4563=VECTOR('',#15883,10.);
#4564=VECTOR('',#15884,10.);
#4565=VECTOR('',#15887,10.);
#4566=VECTOR('',#15888,10.);
#4567=VECTOR('',#15891,10.);
#4568=VECTOR('',#15892,10.);
#4569=VECTOR('',#15895,10.);
#4570=VECTOR('',#15896,10.);
#4571=VECTOR('',#15899,10.);
#4572=VECTOR('',#15900,10.);
#4573=VECTOR('',#15903,10.);
#4574=VECTOR('',#15904,10.);
#4575=VECTOR('',#15907,10.);
#4576=VECTOR('',#15908,10.);
#4577=VECTOR('',#15911,10.);
#4578=VECTOR('',#15912,10.);
#4579=VECTOR('',#15915,10.);
#4580=VECTOR('',#15916,10.);
#4581=VECTOR('',#15919,10.);
#4582=VECTOR('',#15920,10.);
#4583=VECTOR('',#15923,10.);
#4584=VECTOR('',#15924,10.);
#4585=VECTOR('',#15927,10.);
#4586=VECTOR('',#15928,10.);
#4587=VECTOR('',#15931,10.);
#4588=VECTOR('',#15932,10.);
#4589=VECTOR('',#15935,10.);
#4590=VECTOR('',#15936,10.);
#4591=VECTOR('',#15939,10.);
#4592=VECTOR('',#15940,10.);
#4593=VECTOR('',#15943,10.);
#4594=VECTOR('',#15944,10.);
#4595=VECTOR('',#15947,10.);
#4596=VECTOR('',#15948,10.);
#4597=VECTOR('',#15951,10.);
#4598=VECTOR('',#15952,10.);
#4599=VECTOR('',#15955,10.);
#4600=VECTOR('',#15956,10.);
#4601=VECTOR('',#15959,10.);
#4602=VECTOR('',#15960,10.);
#4603=VECTOR('',#15963,10.);
#4604=VECTOR('',#15964,10.);
#4605=VECTOR('',#15967,10.);
#4606=VECTOR('',#15968,10.);
#4607=VECTOR('',#15971,10.);
#4608=VECTOR('',#15972,10.);
#4609=VECTOR('',#15975,10.);
#4610=VECTOR('',#15976,10.);
#4611=VECTOR('',#15979,10.);
#4612=VECTOR('',#15980,10.);
#4613=VECTOR('',#15983,10.);
#4614=VECTOR('',#15984,10.);
#4615=VECTOR('',#15987,10.);
#4616=VECTOR('',#15988,10.);
#4617=VECTOR('',#15991,10.);
#4618=VECTOR('',#15992,10.);
#4619=VECTOR('',#15995,10.);
#4620=VECTOR('',#15996,10.);
#4621=VECTOR('',#15999,10.);
#4622=VECTOR('',#16000,10.);
#4623=VECTOR('',#16003,10.);
#4624=VECTOR('',#16004,10.);
#4625=VECTOR('',#16007,10.);
#4626=VECTOR('',#16008,10.);
#4627=VECTOR('',#16011,10.);
#4628=VECTOR('',#16012,10.);
#4629=VECTOR('',#16015,10.);
#4630=VECTOR('',#16016,10.);
#4631=VECTOR('',#16019,10.);
#4632=VECTOR('',#16020,10.);
#4633=VECTOR('',#16023,10.);
#4634=VECTOR('',#16024,10.);
#4635=VECTOR('',#16027,10.);
#4636=VECTOR('',#16028,10.);
#4637=VECTOR('',#16031,10.);
#4638=VECTOR('',#16032,10.);
#4639=VECTOR('',#16035,10.);
#4640=VECTOR('',#16036,10.);
#4641=VECTOR('',#16039,10.);
#4642=VECTOR('',#16040,10.);
#4643=VECTOR('',#16043,10.);
#4644=VECTOR('',#16044,10.);
#4645=VECTOR('',#16047,10.);
#4646=VECTOR('',#16048,10.);
#4647=VECTOR('',#16051,10.);
#4648=VECTOR('',#16052,10.);
#4649=VECTOR('',#16055,10.);
#4650=VECTOR('',#16056,10.);
#4651=VECTOR('',#16059,10.);
#4652=VECTOR('',#16060,10.);
#4653=VECTOR('',#16063,10.);
#4654=VECTOR('',#16064,10.);
#4655=VECTOR('',#16067,10.);
#4656=VECTOR('',#16068,10.);
#4657=VECTOR('',#16071,10.);
#4658=VECTOR('',#16072,10.);
#4659=VECTOR('',#16075,10.);
#4660=VECTOR('',#16076,10.);
#4661=VECTOR('',#16079,10.);
#4662=VECTOR('',#16084,2.90000589280904);
#4663=VECTOR('',#16089,2.90000589281227);
#4664=VECTOR('',#16094,2.90000589280904);
#4665=VECTOR('',#16099,2.90000589281227);
#4666=VECTOR('',#16102,10.);
#4667=VECTOR('',#16103,10.);
#4668=VECTOR('',#16104,10.);
#4669=VECTOR('',#16105,10.);
#4670=VECTOR('',#16106,10.);
#4671=VECTOR('',#16107,10.);
#4672=VECTOR('',#16108,10.);
#4673=VECTOR('',#16109,10.);
#4674=VECTOR('',#16110,10.);
#4675=VECTOR('',#16111,10.);
#4676=VECTOR('',#16112,10.);
#4677=VECTOR('',#16113,10.);
#4678=VECTOR('',#16114,10.);
#4679=VECTOR('',#16115,10.);
#4680=VECTOR('',#16116,10.);
#4681=VECTOR('',#16117,10.);
#4682=VECTOR('',#16118,10.);
#4683=VECTOR('',#16119,10.);
#4684=VECTOR('',#16120,10.);
#4685=VECTOR('',#16121,10.);
#4686=VECTOR('',#16122,10.);
#4687=VECTOR('',#16123,10.);
#4688=VECTOR('',#16124,10.);
#4689=VECTOR('',#16125,10.);
#4690=VECTOR('',#16126,10.);
#4691=VECTOR('',#16127,10.);
#4692=VECTOR('',#16128,10.);
#4693=VECTOR('',#16129,10.);
#4694=VECTOR('',#16130,10.);
#4695=VECTOR('',#16131,10.);
#4696=VECTOR('',#16132,10.);
#4697=VECTOR('',#16133,10.);
#4698=VECTOR('',#16134,10.);
#4699=VECTOR('',#16135,10.);
#4700=VECTOR('',#16136,10.);
#4701=VECTOR('',#16137,10.);
#4702=VECTOR('',#16138,10.);
#4703=VECTOR('',#16139,10.);
#4704=VECTOR('',#16140,10.);
#4705=VECTOR('',#16141,10.);
#4706=VECTOR('',#16142,10.);
#4707=VECTOR('',#16143,10.);
#4708=VECTOR('',#16144,10.);
#4709=VECTOR('',#16145,10.);
#4710=VECTOR('',#16146,10.);
#4711=VECTOR('',#16147,10.);
#4712=VECTOR('',#16148,10.);
#4713=VECTOR('',#16149,10.);
#4714=VECTOR('',#16150,10.);
#4715=VECTOR('',#16151,10.);
#4716=VECTOR('',#16152,10.);
#4717=VECTOR('',#16153,10.);
#4718=VECTOR('',#16154,10.);
#4719=VECTOR('',#16155,10.);
#4720=VECTOR('',#16156,10.);
#4721=VECTOR('',#16157,10.);
#4722=VECTOR('',#16158,10.);
#4723=VECTOR('',#16159,10.);
#4724=VECTOR('',#16160,10.);
#4725=VECTOR('',#16161,10.);
#4726=VECTOR('',#16162,10.);
#4727=VECTOR('',#16163,10.);
#4728=VECTOR('',#16164,10.);
#4729=VECTOR('',#16165,10.);
#4730=VECTOR('',#16166,10.);
#4731=VECTOR('',#16167,10.);
#4732=VECTOR('',#16168,10.);
#4733=VECTOR('',#16169,10.);
#4734=VECTOR('',#16170,10.);
#4735=VECTOR('',#16171,10.);
#4736=VECTOR('',#16172,10.);
#4737=VECTOR('',#16173,10.);
#4738=VECTOR('',#16174,10.);
#4739=VECTOR('',#16175,10.);
#4740=VECTOR('',#16176,10.);
#4741=VECTOR('',#16177,10.);
#4742=VECTOR('',#16178,10.);
#4743=VECTOR('',#16179,10.);
#4744=VECTOR('',#16180,10.);
#4745=VECTOR('',#16181,10.);
#4746=VECTOR('',#16182,10.);
#4747=VECTOR('',#16183,10.);
#4748=VECTOR('',#16184,10.);
#4749=VECTOR('',#16185,10.);
#4750=VECTOR('',#16186,10.);
#4751=VECTOR('',#16187,10.);
#4752=VECTOR('',#16188,10.);
#4753=VECTOR('',#16189,10.);
#4754=VECTOR('',#16190,10.);
#4755=VECTOR('',#16191,10.);
#4756=VECTOR('',#16192,10.);
#4757=VECTOR('',#16193,10.);
#4758=VECTOR('',#16194,10.);
#4759=VECTOR('',#16195,10.);
#4760=VECTOR('',#16196,10.);
#4761=VECTOR('',#16197,10.);
#4762=VECTOR('',#16200,10.);
#4763=VECTOR('',#16201,10.);
#4764=VECTOR('',#16202,10.);
#4765=VECTOR('',#16205,10.);
#4766=VECTOR('',#16206,10.);
#4767=VECTOR('',#16209,10.);
#4768=VECTOR('',#16210,10.);
#4769=VECTOR('',#16213,10.);
#4770=VECTOR('',#16214,10.);
#4771=VECTOR('',#16217,10.);
#4772=VECTOR('',#16218,10.);
#4773=VECTOR('',#16221,10.);
#4774=VECTOR('',#16222,10.);
#4775=VECTOR('',#16225,10.);
#4776=VECTOR('',#16226,10.);
#4777=VECTOR('',#16229,10.);
#4778=VECTOR('',#16230,10.);
#4779=VECTOR('',#16233,10.);
#4780=VECTOR('',#16234,10.);
#4781=VECTOR('',#16237,10.);
#4782=VECTOR('',#16238,10.);
#4783=VECTOR('',#16241,10.);
#4784=VECTOR('',#16242,10.);
#4785=VECTOR('',#16245,10.);
#4786=VECTOR('',#16246,10.);
#4787=VECTOR('',#16249,10.);
#4788=VECTOR('',#16250,10.);
#4789=VECTOR('',#16253,10.);
#4790=VECTOR('',#16254,10.);
#4791=VECTOR('',#16257,10.);
#4792=VECTOR('',#16258,10.);
#4793=VECTOR('',#16261,10.);
#4794=VECTOR('',#16262,10.);
#4795=VECTOR('',#16265,10.);
#4796=VECTOR('',#16266,10.);
#4797=VECTOR('',#16269,10.);
#4798=VECTOR('',#16270,10.);
#4799=VECTOR('',#16273,10.);
#4800=VECTOR('',#16274,10.);
#4801=VECTOR('',#16277,10.);
#4802=VECTOR('',#16278,10.);
#4803=VECTOR('',#16281,10.);
#4804=VECTOR('',#16282,10.);
#4805=VECTOR('',#16285,10.);
#4806=VECTOR('',#16286,10.);
#4807=VECTOR('',#16289,10.);
#4808=VECTOR('',#16290,10.);
#4809=VECTOR('',#16293,10.);
#4810=VECTOR('',#16294,10.);
#4811=VECTOR('',#16297,10.);
#4812=VECTOR('',#16298,10.);
#4813=VECTOR('',#16301,10.);
#4814=VECTOR('',#16302,10.);
#4815=VECTOR('',#16305,10.);
#4816=VECTOR('',#16306,10.);
#4817=VECTOR('',#16309,10.);
#4818=VECTOR('',#16310,10.);
#4819=VECTOR('',#16313,10.);
#4820=VECTOR('',#16314,10.);
#4821=VECTOR('',#16317,10.);
#4822=VECTOR('',#16318,10.);
#4823=VECTOR('',#16321,10.);
#4824=VECTOR('',#16322,10.);
#4825=VECTOR('',#16325,10.);
#4826=VECTOR('',#16326,10.);
#4827=VECTOR('',#16329,10.);
#4828=VECTOR('',#16330,10.);
#4829=VECTOR('',#16333,10.);
#4830=VECTOR('',#16334,10.);
#4831=VECTOR('',#16337,10.);
#4832=VECTOR('',#16338,10.);
#4833=VECTOR('',#16341,10.);
#4834=VECTOR('',#16342,10.);
#4835=VECTOR('',#16345,10.);
#4836=VECTOR('',#16346,10.);
#4837=VECTOR('',#16349,10.);
#4838=VECTOR('',#16350,10.);
#4839=VECTOR('',#16353,10.);
#4840=VECTOR('',#16354,10.);
#4841=VECTOR('',#16357,10.);
#4842=VECTOR('',#16358,10.);
#4843=VECTOR('',#16361,10.);
#4844=VECTOR('',#16362,10.);
#4845=VECTOR('',#16365,10.);
#4846=VECTOR('',#16366,10.);
#4847=VECTOR('',#16369,10.);
#4848=VECTOR('',#16370,10.);
#4849=VECTOR('',#16373,10.);
#4850=VECTOR('',#16374,10.);
#4851=VECTOR('',#16377,10.);
#4852=VECTOR('',#16378,10.);
#4853=VECTOR('',#16381,10.);
#4854=VECTOR('',#16382,10.);
#4855=VECTOR('',#16385,10.);
#4856=VECTOR('',#16386,10.);
#4857=VECTOR('',#16389,10.);
#4858=VECTOR('',#16390,10.);
#4859=VECTOR('',#16393,10.);
#4860=VECTOR('',#16394,10.);
#4861=VECTOR('',#16397,10.);
#4862=VECTOR('',#16398,10.);
#4863=VECTOR('',#16401,10.);
#4864=VECTOR('',#16402,10.);
#4865=VECTOR('',#16405,10.);
#4866=VECTOR('',#16406,10.);
#4867=VECTOR('',#16409,10.);
#4868=VECTOR('',#16410,10.);
#4869=VECTOR('',#16413,10.);
#4870=VECTOR('',#16414,10.);
#4871=VECTOR('',#16417,10.);
#4872=VECTOR('',#16418,10.);
#4873=VECTOR('',#16421,10.);
#4874=VECTOR('',#16422,10.);
#4875=VECTOR('',#16425,10.);
#4876=VECTOR('',#16426,10.);
#4877=VECTOR('',#16429,10.);
#4878=VECTOR('',#16430,10.);
#4879=VECTOR('',#16433,10.);
#4880=VECTOR('',#16434,10.);
#4881=VECTOR('',#16437,10.);
#4882=VECTOR('',#16438,10.);
#4883=VECTOR('',#16441,10.);
#4884=VECTOR('',#16442,10.);
#4885=VECTOR('',#16445,10.);
#4886=VECTOR('',#16446,10.);
#4887=VECTOR('',#16449,10.);
#4888=VECTOR('',#16450,10.);
#4889=VECTOR('',#16453,10.);
#4890=VECTOR('',#16454,10.);
#4891=VECTOR('',#16457,10.);
#4892=VECTOR('',#16458,10.);
#4893=VECTOR('',#16461,10.);
#4894=VECTOR('',#16462,10.);
#4895=VECTOR('',#16465,10.);
#4896=VECTOR('',#16466,10.);
#4897=VECTOR('',#16469,10.);
#4898=VECTOR('',#16470,10.);
#4899=VECTOR('',#16473,10.);
#4900=VECTOR('',#16474,10.);
#4901=VECTOR('',#16477,10.);
#4902=VECTOR('',#16478,10.);
#4903=VECTOR('',#16481,10.);
#4904=VECTOR('',#16482,10.);
#4905=VECTOR('',#16485,10.);
#4906=VECTOR('',#16486,10.);
#4907=VECTOR('',#16489,10.);
#4908=VECTOR('',#16490,10.);
#4909=VECTOR('',#16493,10.);
#4910=VECTOR('',#16494,10.);
#4911=VECTOR('',#16497,10.);
#4912=VECTOR('',#16498,10.);
#4913=VECTOR('',#16501,10.);
#4914=VECTOR('',#16502,10.);
#4915=VECTOR('',#16505,10.);
#4916=VECTOR('',#16506,10.);
#4917=VECTOR('',#16509,10.);
#4918=VECTOR('',#16510,10.);
#4919=VECTOR('',#16513,10.);
#4920=VECTOR('',#16514,10.);
#4921=VECTOR('',#16517,10.);
#4922=VECTOR('',#16518,10.);
#4923=VECTOR('',#16521,10.);
#4924=VECTOR('',#16522,10.);
#4925=VECTOR('',#16525,10.);
#4926=VECTOR('',#16526,10.);
#4927=VECTOR('',#16529,10.);
#4928=VECTOR('',#16530,10.);
#4929=VECTOR('',#16533,10.);
#4930=VECTOR('',#16534,10.);
#4931=VECTOR('',#16537,10.);
#4932=VECTOR('',#16538,10.);
#4933=VECTOR('',#16541,10.);
#4934=VECTOR('',#16542,10.);
#4935=VECTOR('',#16545,10.);
#4936=VECTOR('',#16546,10.);
#4937=VECTOR('',#16549,10.);
#4938=VECTOR('',#16550,10.);
#4939=VECTOR('',#16553,10.);
#4940=VECTOR('',#16554,10.);
#4941=VECTOR('',#16557,10.);
#4942=VECTOR('',#16558,10.);
#4943=VECTOR('',#16561,10.);
#4944=VECTOR('',#16562,10.);
#4945=VECTOR('',#16565,10.);
#4946=VECTOR('',#16566,10.);
#4947=VECTOR('',#16569,10.);
#4948=VECTOR('',#16570,10.);
#4949=VECTOR('',#16573,10.);
#4950=VECTOR('',#16574,10.);
#4951=VECTOR('',#16577,10.);
#4952=VECTOR('',#16578,10.);
#4953=VECTOR('',#16581,10.);
#4954=VECTOR('',#16612,1.60000325120784);
#4955=VECTOR('',#16617,1.60000325120787);
#4956=VECTOR('',#16622,1.60000325120688);
#4957=VECTOR('',#16627,1.60000325120691);
#4958=VECTOR('',#16630,4.17000847350078);
#4959=VECTOR('',#16635,4.1700084735055);
#4960=VECTOR('',#16640,4.17000847345381);
#4961=VECTOR('',#16645,4.17000847345854);
#4962=VECTOR('',#16682,2.87000583185577);
#4963=VECTOR('',#16685,2.87000583185868);
#4964=VECTOR('',#16688,2.87000583184835);
#4965=VECTOR('',#16691,2.87000583185124);
#4966=VERTEX_POINT('',#16697);
#4967=VERTEX_POINT('',#16698);
#4968=VERTEX_POINT('',#16700);
#4969=VERTEX_POINT('',#16702);
#4970=VERTEX_POINT('',#16706);
#4971=VERTEX_POINT('',#16707);
#4972=VERTEX_POINT('',#16712);
#4973=VERTEX_POINT('',#16714);
#4974=VERTEX_POINT('',#16718);
#4975=VERTEX_POINT('',#16720);
#4976=VERTEX_POINT('',#16722);
#4977=VERTEX_POINT('',#16724);
#4978=VERTEX_POINT('',#16726);
#4979=VERTEX_POINT('',#16728);
#4980=VERTEX_POINT('',#16730);
#4981=VERTEX_POINT('',#16732);
#4982=VERTEX_POINT('',#16734);
#4983=VERTEX_POINT('',#16736);
#4984=VERTEX_POINT('',#16738);
#4985=VERTEX_POINT('',#16740);
#4986=VERTEX_POINT('',#16742);
#4987=VERTEX_POINT('',#16744);
#4988=VERTEX_POINT('',#16746);
#4989=VERTEX_POINT('',#16748);
#4990=VERTEX_POINT('',#16750);
#4991=VERTEX_POINT('',#16752);
#4992=VERTEX_POINT('',#16754);
#4993=VERTEX_POINT('',#16756);
#4994=VERTEX_POINT('',#16758);
#4995=VERTEX_POINT('',#16760);
#4996=VERTEX_POINT('',#16762);
#4997=VERTEX_POINT('',#16764);
#4998=VERTEX_POINT('',#16766);
#4999=VERTEX_POINT('',#16768);
#5000=VERTEX_POINT('',#16770);
#5001=VERTEX_POINT('',#16772);
#5002=VERTEX_POINT('',#16774);
#5003=VERTEX_POINT('',#16776);
#5004=VERTEX_POINT('',#16778);
#5005=VERTEX_POINT('',#16780);
#5006=VERTEX_POINT('',#16782);
#5007=VERTEX_POINT('',#16784);
#5008=VERTEX_POINT('',#16786);
#5009=VERTEX_POINT('',#16788);
#5010=VERTEX_POINT('',#16790);
#5011=VERTEX_POINT('',#16792);
#5012=VERTEX_POINT('',#16794);
#5013=VERTEX_POINT('',#16796);
#5014=VERTEX_POINT('',#16798);
#5015=VERTEX_POINT('',#16800);
#5016=VERTEX_POINT('',#16802);
#5017=VERTEX_POINT('',#16804);
#5018=VERTEX_POINT('',#16806);
#5019=VERTEX_POINT('',#16808);
#5020=VERTEX_POINT('',#16810);
#5021=VERTEX_POINT('',#16812);
#5022=VERTEX_POINT('',#16814);
#5023=VERTEX_POINT('',#16816);
#5024=VERTEX_POINT('',#16818);
#5025=VERTEX_POINT('',#16820);
#5026=VERTEX_POINT('',#16822);
#5027=VERTEX_POINT('',#16824);
#5028=VERTEX_POINT('',#16826);
#5029=VERTEX_POINT('',#16828);
#5030=VERTEX_POINT('',#16830);
#5031=VERTEX_POINT('',#16832);
#5032=VERTEX_POINT('',#16834);
#5033=VERTEX_POINT('',#16836);
#5034=VERTEX_POINT('',#16838);
#5035=VERTEX_POINT('',#16840);
#5036=VERTEX_POINT('',#16842);
#5037=VERTEX_POINT('',#16844);
#5038=VERTEX_POINT('',#16846);
#5039=VERTEX_POINT('',#16848);
#5040=VERTEX_POINT('',#16850);
#5041=VERTEX_POINT('',#16852);
#5042=VERTEX_POINT('',#16854);
#5043=VERTEX_POINT('',#16856);
#5044=VERTEX_POINT('',#16858);
#5045=VERTEX_POINT('',#16860);
#5046=VERTEX_POINT('',#16862);
#5047=VERTEX_POINT('',#16864);
#5048=VERTEX_POINT('',#16866);
#5049=VERTEX_POINT('',#16868);
#5050=VERTEX_POINT('',#16870);
#5051=VERTEX_POINT('',#16872);
#5052=VERTEX_POINT('',#16874);
#5053=VERTEX_POINT('',#16876);
#5054=VERTEX_POINT('',#16878);
#5055=VERTEX_POINT('',#16880);
#5056=VERTEX_POINT('',#16882);
#5057=VERTEX_POINT('',#16884);
#5058=VERTEX_POINT('',#16886);
#5059=VERTEX_POINT('',#16888);
#5060=VERTEX_POINT('',#16890);
#5061=VERTEX_POINT('',#16892);
#5062=VERTEX_POINT('',#16894);
#5063=VERTEX_POINT('',#16896);
#5064=VERTEX_POINT('',#16898);
#5065=VERTEX_POINT('',#16900);
#5066=VERTEX_POINT('',#16903);
#5067=VERTEX_POINT('',#16904);
#5068=VERTEX_POINT('',#16906);
#5069=VERTEX_POINT('',#16908);
#5070=VERTEX_POINT('',#16910);
#5071=VERTEX_POINT('',#16912);
#5072=VERTEX_POINT('',#16914);
#5073=VERTEX_POINT('',#16916);
#5074=VERTEX_POINT('',#16918);
#5075=VERTEX_POINT('',#16920);
#5076=VERTEX_POINT('',#16922);
#5077=VERTEX_POINT('',#16924);
#5078=VERTEX_POINT('',#16926);
#5079=VERTEX_POINT('',#16928);
#5080=VERTEX_POINT('',#16930);
#5081=VERTEX_POINT('',#16932);
#5082=VERTEX_POINT('',#16934);
#5083=VERTEX_POINT('',#16936);
#5084=VERTEX_POINT('',#16938);
#5085=VERTEX_POINT('',#16940);
#5086=VERTEX_POINT('',#16942);
#5087=VERTEX_POINT('',#16944);
#5088=VERTEX_POINT('',#16946);
#5089=VERTEX_POINT('',#16948);
#5090=VERTEX_POINT('',#16950);
#5091=VERTEX_POINT('',#16952);
#5092=VERTEX_POINT('',#16954);
#5093=VERTEX_POINT('',#16956);
#5094=VERTEX_POINT('',#16958);
#5095=VERTEX_POINT('',#16960);
#5096=VERTEX_POINT('',#16962);
#5097=VERTEX_POINT('',#16964);
#5098=VERTEX_POINT('',#16966);
#5099=VERTEX_POINT('',#16968);
#5100=VERTEX_POINT('',#16970);
#5101=VERTEX_POINT('',#16972);
#5102=VERTEX_POINT('',#16974);
#5103=VERTEX_POINT('',#16976);
#5104=VERTEX_POINT('',#16978);
#5105=VERTEX_POINT('',#16980);
#5106=VERTEX_POINT('',#16982);
#5107=VERTEX_POINT('',#16984);
#5108=VERTEX_POINT('',#16986);
#5109=VERTEX_POINT('',#16988);
#5110=VERTEX_POINT('',#16990);
#5111=VERTEX_POINT('',#16992);
#5112=VERTEX_POINT('',#16994);
#5113=VERTEX_POINT('',#16996);
#5114=VERTEX_POINT('',#16998);
#5115=VERTEX_POINT('',#17000);
#5116=VERTEX_POINT('',#17002);
#5117=VERTEX_POINT('',#17004);
#5118=VERTEX_POINT('',#17006);
#5119=VERTEX_POINT('',#17008);
#5120=VERTEX_POINT('',#17010);
#5121=VERTEX_POINT('',#17012);
#5122=VERTEX_POINT('',#17014);
#5123=VERTEX_POINT('',#17016);
#5124=VERTEX_POINT('',#17018);
#5125=VERTEX_POINT('',#17020);
#5126=VERTEX_POINT('',#17022);
#5127=VERTEX_POINT('',#17024);
#5128=VERTEX_POINT('',#17026);
#5129=VERTEX_POINT('',#17028);
#5130=VERTEX_POINT('',#17030);
#5131=VERTEX_POINT('',#17032);
#5132=VERTEX_POINT('',#17034);
#5133=VERTEX_POINT('',#17036);
#5134=VERTEX_POINT('',#17038);
#5135=VERTEX_POINT('',#17040);
#5136=VERTEX_POINT('',#17042);
#5137=VERTEX_POINT('',#17044);
#5138=VERTEX_POINT('',#17046);
#5139=VERTEX_POINT('',#17048);
#5140=VERTEX_POINT('',#17050);
#5141=VERTEX_POINT('',#17052);
#5142=VERTEX_POINT('',#17054);
#5143=VERTEX_POINT('',#17056);
#5144=VERTEX_POINT('',#17058);
#5145=VERTEX_POINT('',#17060);
#5146=VERTEX_POINT('',#17062);
#5147=VERTEX_POINT('',#17064);
#5148=VERTEX_POINT('',#17066);
#5149=VERTEX_POINT('',#17068);
#5150=VERTEX_POINT('',#17070);
#5151=VERTEX_POINT('',#17072);
#5152=VERTEX_POINT('',#17074);
#5153=VERTEX_POINT('',#17076);
#5154=VERTEX_POINT('',#17078);
#5155=VERTEX_POINT('',#17080);
#5156=VERTEX_POINT('',#17082);
#5157=VERTEX_POINT('',#17084);
#5158=VERTEX_POINT('',#17086);
#5159=VERTEX_POINT('',#17088);
#5160=VERTEX_POINT('',#17090);
#5161=VERTEX_POINT('',#17092);
#5162=VERTEX_POINT('',#17096);
#5163=VERTEX_POINT('',#17098);
#5164=VERTEX_POINT('',#17100);
#5165=VERTEX_POINT('',#17102);
#5166=VERTEX_POINT('',#17104);
#5167=VERTEX_POINT('',#17106);
#5168=VERTEX_POINT('',#17108);
#5169=VERTEX_POINT('',#17110);
#5170=VERTEX_POINT('',#17112);
#5171=VERTEX_POINT('',#17114);
#5172=VERTEX_POINT('',#17116);
#5173=VERTEX_POINT('',#17118);
#5174=VERTEX_POINT('',#17120);
#5175=VERTEX_POINT('',#17122);
#5176=VERTEX_POINT('',#17124);
#5177=VERTEX_POINT('',#17126);
#5178=VERTEX_POINT('',#17128);
#5179=VERTEX_POINT('',#17130);
#5180=VERTEX_POINT('',#17132);
#5181=VERTEX_POINT('',#17134);
#5182=VERTEX_POINT('',#17136);
#5183=VERTEX_POINT('',#17138);
#5184=VERTEX_POINT('',#17140);
#5185=VERTEX_POINT('',#17142);
#5186=VERTEX_POINT('',#17144);
#5187=VERTEX_POINT('',#17146);
#5188=VERTEX_POINT('',#17148);
#5189=VERTEX_POINT('',#17150);
#5190=VERTEX_POINT('',#17152);
#5191=VERTEX_POINT('',#17154);
#5192=VERTEX_POINT('',#17156);
#5193=VERTEX_POINT('',#17158);
#5194=VERTEX_POINT('',#17160);
#5195=VERTEX_POINT('',#17162);
#5196=VERTEX_POINT('',#17164);
#5197=VERTEX_POINT('',#17166);
#5198=VERTEX_POINT('',#17168);
#5199=VERTEX_POINT('',#17170);
#5200=VERTEX_POINT('',#17172);
#5201=VERTEX_POINT('',#17174);
#5202=VERTEX_POINT('',#17176);
#5203=VERTEX_POINT('',#17178);
#5204=VERTEX_POINT('',#17180);
#5205=VERTEX_POINT('',#17182);
#5206=VERTEX_POINT('',#17184);
#5207=VERTEX_POINT('',#17186);
#5208=VERTEX_POINT('',#17188);
#5209=VERTEX_POINT('',#17190);
#5210=VERTEX_POINT('',#17192);
#5211=VERTEX_POINT('',#17194);
#5212=VERTEX_POINT('',#17196);
#5213=VERTEX_POINT('',#17198);
#5214=VERTEX_POINT('',#17200);
#5215=VERTEX_POINT('',#17202);
#5216=VERTEX_POINT('',#17204);
#5217=VERTEX_POINT('',#17206);
#5218=VERTEX_POINT('',#17208);
#5219=VERTEX_POINT('',#17210);
#5220=VERTEX_POINT('',#17212);
#5221=VERTEX_POINT('',#17214);
#5222=VERTEX_POINT('',#17216);
#5223=VERTEX_POINT('',#17218);
#5224=VERTEX_POINT('',#17220);
#5225=VERTEX_POINT('',#17222);
#5226=VERTEX_POINT('',#17224);
#5227=VERTEX_POINT('',#17226);
#5228=VERTEX_POINT('',#17228);
#5229=VERTEX_POINT('',#17230);
#5230=VERTEX_POINT('',#17232);
#5231=VERTEX_POINT('',#17234);
#5232=VERTEX_POINT('',#17236);
#5233=VERTEX_POINT('',#17238);
#5234=VERTEX_POINT('',#17240);
#5235=VERTEX_POINT('',#17242);
#5236=VERTEX_POINT('',#17244);
#5237=VERTEX_POINT('',#17246);
#5238=VERTEX_POINT('',#17248);
#5239=VERTEX_POINT('',#17250);
#5240=VERTEX_POINT('',#17252);
#5241=VERTEX_POINT('',#17254);
#5242=VERTEX_POINT('',#17256);
#5243=VERTEX_POINT('',#17258);
#5244=VERTEX_POINT('',#17260);
#5245=VERTEX_POINT('',#17262);
#5246=VERTEX_POINT('',#17264);
#5247=VERTEX_POINT('',#17266);
#5248=VERTEX_POINT('',#17268);
#5249=VERTEX_POINT('',#17270);
#5250=VERTEX_POINT('',#17272);
#5251=VERTEX_POINT('',#17274);
#5252=VERTEX_POINT('',#17276);
#5253=VERTEX_POINT('',#17278);
#5254=VERTEX_POINT('',#17281);
#5255=VERTEX_POINT('',#17282);
#5256=VERTEX_POINT('',#17284);
#5257=VERTEX_POINT('',#17286);
#5258=VERTEX_POINT('',#17289);
#5259=VERTEX_POINT('',#17475);
#5260=VERTEX_POINT('',#17476);
#5261=VERTEX_POINT('',#17478);
#5262=VERTEX_POINT('',#17480);
#5263=VERTEX_POINT('',#17482);
#5264=VERTEX_POINT('',#17484);
#5265=VERTEX_POINT('',#17486);
#5266=VERTEX_POINT('',#17488);
#5267=VERTEX_POINT('',#17490);
#5268=VERTEX_POINT('',#17492);
#5269=VERTEX_POINT('',#17494);
#5270=VERTEX_POINT('',#17496);
#5271=VERTEX_POINT('',#17498);
#5272=VERTEX_POINT('',#17500);
#5273=VERTEX_POINT('',#17502);
#5274=VERTEX_POINT('',#17504);
#5275=VERTEX_POINT('',#17506);
#5276=VERTEX_POINT('',#17508);
#5277=VERTEX_POINT('',#17510);
#5278=VERTEX_POINT('',#17512);
#5279=VERTEX_POINT('',#17514);
#5280=VERTEX_POINT('',#17516);
#5281=VERTEX_POINT('',#17518);
#5282=VERTEX_POINT('',#17520);
#5283=VERTEX_POINT('',#17522);
#5284=VERTEX_POINT('',#17524);
#5285=VERTEX_POINT('',#17526);
#5286=VERTEX_POINT('',#17528);
#5287=VERTEX_POINT('',#17530);
#5288=VERTEX_POINT('',#17532);
#5289=VERTEX_POINT('',#17534);
#5290=VERTEX_POINT('',#17536);
#5291=VERTEX_POINT('',#17538);
#5292=VERTEX_POINT('',#17540);
#5293=VERTEX_POINT('',#17542);
#5294=VERTEX_POINT('',#17544);
#5295=VERTEX_POINT('',#17546);
#5296=VERTEX_POINT('',#17548);
#5297=VERTEX_POINT('',#17550);
#5298=VERTEX_POINT('',#17552);
#5299=VERTEX_POINT('',#17554);
#5300=VERTEX_POINT('',#17556);
#5301=VERTEX_POINT('',#17558);
#5302=VERTEX_POINT('',#17560);
#5303=VERTEX_POINT('',#17562);
#5304=VERTEX_POINT('',#17564);
#5305=VERTEX_POINT('',#17566);
#5306=VERTEX_POINT('',#17568);
#5307=VERTEX_POINT('',#17570);
#5308=VERTEX_POINT('',#17572);
#5309=VERTEX_POINT('',#17574);
#5310=VERTEX_POINT('',#17576);
#5311=VERTEX_POINT('',#17578);
#5312=VERTEX_POINT('',#17580);
#5313=VERTEX_POINT('',#17582);
#5314=VERTEX_POINT('',#17584);
#5315=VERTEX_POINT('',#17586);
#5316=VERTEX_POINT('',#17588);
#5317=VERTEX_POINT('',#17590);
#5318=VERTEX_POINT('',#17592);
#5319=VERTEX_POINT('',#17594);
#5320=VERTEX_POINT('',#17596);
#5321=VERTEX_POINT('',#17598);
#5322=VERTEX_POINT('',#17600);
#5323=VERTEX_POINT('',#17602);
#5324=VERTEX_POINT('',#17604);
#5325=VERTEX_POINT('',#17606);
#5326=VERTEX_POINT('',#17608);
#5327=VERTEX_POINT('',#17610);
#5328=VERTEX_POINT('',#17612);
#5329=VERTEX_POINT('',#17614);
#5330=VERTEX_POINT('',#17616);
#5331=VERTEX_POINT('',#17618);
#5332=VERTEX_POINT('',#17620);
#5333=VERTEX_POINT('',#17622);
#5334=VERTEX_POINT('',#17624);
#5335=VERTEX_POINT('',#17626);
#5336=VERTEX_POINT('',#17628);
#5337=VERTEX_POINT('',#17630);
#5338=VERTEX_POINT('',#17632);
#5339=VERTEX_POINT('',#17634);
#5340=VERTEX_POINT('',#17636);
#5341=VERTEX_POINT('',#17638);
#5342=VERTEX_POINT('',#17640);
#5343=VERTEX_POINT('',#17642);
#5344=VERTEX_POINT('',#17644);
#5345=VERTEX_POINT('',#17646);
#5346=VERTEX_POINT('',#17648);
#5347=VERTEX_POINT('',#17650);
#5348=VERTEX_POINT('',#17652);
#5349=VERTEX_POINT('',#17654);
#5350=VERTEX_POINT('',#17656);
#5351=VERTEX_POINT('',#17658);
#5352=VERTEX_POINT('',#17660);
#5353=VERTEX_POINT('',#17662);
#5354=VERTEX_POINT('',#17664);
#5355=VERTEX_POINT('',#17669);
#5356=VERTEX_POINT('',#17671);
#5357=VERTEX_POINT('',#17675);
#5358=VERTEX_POINT('',#17679);
#5359=VERTEX_POINT('',#17683);
#5360=VERTEX_POINT('',#17687);
#5361=VERTEX_POINT('',#17691);
#5362=VERTEX_POINT('',#17695);
#5363=VERTEX_POINT('',#17699);
#5364=VERTEX_POINT('',#17703);
#5365=VERTEX_POINT('',#17707);
#5366=VERTEX_POINT('',#17711);
#5367=VERTEX_POINT('',#17715);
#5368=VERTEX_POINT('',#17719);
#5369=VERTEX_POINT('',#17723);
#5370=VERTEX_POINT('',#17727);
#5371=VERTEX_POINT('',#17731);
#5372=VERTEX_POINT('',#17735);
#5373=VERTEX_POINT('',#17739);
#5374=VERTEX_POINT('',#17743);
#5375=VERTEX_POINT('',#17747);
#5376=VERTEX_POINT('',#17751);
#5377=VERTEX_POINT('',#17755);
#5378=VERTEX_POINT('',#17759);
#5379=VERTEX_POINT('',#17763);
#5380=VERTEX_POINT('',#17767);
#5381=VERTEX_POINT('',#17771);
#5382=VERTEX_POINT('',#17775);
#5383=VERTEX_POINT('',#17779);
#5384=VERTEX_POINT('',#17783);
#5385=VERTEX_POINT('',#17787);
#5386=VERTEX_POINT('',#17791);
#5387=VERTEX_POINT('',#17795);
#5388=VERTEX_POINT('',#17799);
#5389=VERTEX_POINT('',#17803);
#5390=VERTEX_POINT('',#17807);
#5391=VERTEX_POINT('',#17811);
#5392=VERTEX_POINT('',#17815);
#5393=VERTEX_POINT('',#17819);
#5394=VERTEX_POINT('',#17823);
#5395=VERTEX_POINT('',#17827);
#5396=VERTEX_POINT('',#17831);
#5397=VERTEX_POINT('',#17835);
#5398=VERTEX_POINT('',#17839);
#5399=VERTEX_POINT('',#17843);
#5400=VERTEX_POINT('',#17847);
#5401=VERTEX_POINT('',#17851);
#5402=VERTEX_POINT('',#17855);
#5403=VERTEX_POINT('',#17859);
#5404=VERTEX_POINT('',#17863);
#5405=VERTEX_POINT('',#17867);
#5406=VERTEX_POINT('',#17871);
#5407=VERTEX_POINT('',#17875);
#5408=VERTEX_POINT('',#17879);
#5409=VERTEX_POINT('',#17883);
#5410=VERTEX_POINT('',#17887);
#5411=VERTEX_POINT('',#17891);
#5412=VERTEX_POINT('',#17895);
#5413=VERTEX_POINT('',#17899);
#5414=VERTEX_POINT('',#17903);
#5415=VERTEX_POINT('',#17907);
#5416=VERTEX_POINT('',#17911);
#5417=VERTEX_POINT('',#17915);
#5418=VERTEX_POINT('',#17919);
#5419=VERTEX_POINT('',#17923);
#5420=VERTEX_POINT('',#17927);
#5421=VERTEX_POINT('',#17931);
#5422=VERTEX_POINT('',#17935);
#5423=VERTEX_POINT('',#17939);
#5424=VERTEX_POINT('',#17943);
#5425=VERTEX_POINT('',#17947);
#5426=VERTEX_POINT('',#17951);
#5427=VERTEX_POINT('',#17955);
#5428=VERTEX_POINT('',#17959);
#5429=VERTEX_POINT('',#17963);
#5430=VERTEX_POINT('',#17967);
#5431=VERTEX_POINT('',#17971);
#5432=VERTEX_POINT('',#17975);
#5433=VERTEX_POINT('',#17979);
#5434=VERTEX_POINT('',#17983);
#5435=VERTEX_POINT('',#17987);
#5436=VERTEX_POINT('',#17991);
#5437=VERTEX_POINT('',#17995);
#5438=VERTEX_POINT('',#17999);
#5439=VERTEX_POINT('',#18003);
#5440=VERTEX_POINT('',#18007);
#5441=VERTEX_POINT('',#18011);
#5442=VERTEX_POINT('',#18015);
#5443=VERTEX_POINT('',#18019);
#5444=VERTEX_POINT('',#18023);
#5445=VERTEX_POINT('',#18027);
#5446=VERTEX_POINT('',#18031);
#5447=VERTEX_POINT('',#18035);
#5448=VERTEX_POINT('',#18039);
#5449=VERTEX_POINT('',#18043);
#5450=VERTEX_POINT('',#18047);
#5451=VERTEX_POINT('',#18052);
#5452=VERTEX_POINT('',#18053);
#5453=VERTEX_POINT('',#18055);
#5454=VERTEX_POINT('',#18057);
#5455=VERTEX_POINT('',#18059);
#5456=VERTEX_POINT('',#18061);
#5457=VERTEX_POINT('',#18063);
#5458=VERTEX_POINT('',#18065);
#5459=VERTEX_POINT('',#18067);
#5460=VERTEX_POINT('',#18069);
#5461=VERTEX_POINT('',#18071);
#5462=VERTEX_POINT('',#18073);
#5463=VERTEX_POINT('',#18075);
#5464=VERTEX_POINT('',#18077);
#5465=VERTEX_POINT('',#18079);
#5466=VERTEX_POINT('',#18081);
#5467=VERTEX_POINT('',#18083);
#5468=VERTEX_POINT('',#18085);
#5469=VERTEX_POINT('',#18087);
#5470=VERTEX_POINT('',#18089);
#5471=VERTEX_POINT('',#18091);
#5472=VERTEX_POINT('',#18093);
#5473=VERTEX_POINT('',#18095);
#5474=VERTEX_POINT('',#18097);
#5475=VERTEX_POINT('',#18099);
#5476=VERTEX_POINT('',#18101);
#5477=VERTEX_POINT('',#18103);
#5478=VERTEX_POINT('',#18105);
#5479=VERTEX_POINT('',#18107);
#5480=VERTEX_POINT('',#18109);
#5481=VERTEX_POINT('',#18111);
#5482=VERTEX_POINT('',#18113);
#5483=VERTEX_POINT('',#18115);
#5484=VERTEX_POINT('',#18117);
#5485=VERTEX_POINT('',#18119);
#5486=VERTEX_POINT('',#18121);
#5487=VERTEX_POINT('',#18123);
#5488=VERTEX_POINT('',#18125);
#5489=VERTEX_POINT('',#18127);
#5490=VERTEX_POINT('',#18129);
#5491=VERTEX_POINT('',#18131);
#5492=VERTEX_POINT('',#18133);
#5493=VERTEX_POINT('',#18135);
#5494=VERTEX_POINT('',#18137);
#5495=VERTEX_POINT('',#18139);
#5496=VERTEX_POINT('',#18141);
#5497=VERTEX_POINT('',#18143);
#5498=VERTEX_POINT('',#18145);
#5499=VERTEX_POINT('',#18147);
#5500=VERTEX_POINT('',#18149);
#5501=VERTEX_POINT('',#18151);
#5502=VERTEX_POINT('',#18153);
#5503=VERTEX_POINT('',#18155);
#5504=VERTEX_POINT('',#18157);
#5505=VERTEX_POINT('',#18159);
#5506=VERTEX_POINT('',#18161);
#5507=VERTEX_POINT('',#18163);
#5508=VERTEX_POINT('',#18165);
#5509=VERTEX_POINT('',#18167);
#5510=VERTEX_POINT('',#18169);
#5511=VERTEX_POINT('',#18171);
#5512=VERTEX_POINT('',#18173);
#5513=VERTEX_POINT('',#18175);
#5514=VERTEX_POINT('',#18177);
#5515=VERTEX_POINT('',#18179);
#5516=VERTEX_POINT('',#18181);
#5517=VERTEX_POINT('',#18183);
#5518=VERTEX_POINT('',#18185);
#5519=VERTEX_POINT('',#18187);
#5520=VERTEX_POINT('',#18189);
#5521=VERTEX_POINT('',#18191);
#5522=VERTEX_POINT('',#18193);
#5523=VERTEX_POINT('',#18195);
#5524=VERTEX_POINT('',#18197);
#5525=VERTEX_POINT('',#18199);
#5526=VERTEX_POINT('',#18201);
#5527=VERTEX_POINT('',#18203);
#5528=VERTEX_POINT('',#18205);
#5529=VERTEX_POINT('',#18207);
#5530=VERTEX_POINT('',#18209);
#5531=VERTEX_POINT('',#18211);
#5532=VERTEX_POINT('',#18213);
#5533=VERTEX_POINT('',#18215);
#5534=VERTEX_POINT('',#18217);
#5535=VERTEX_POINT('',#18219);
#5536=VERTEX_POINT('',#18221);
#5537=VERTEX_POINT('',#18223);
#5538=VERTEX_POINT('',#18225);
#5539=VERTEX_POINT('',#18227);
#5540=VERTEX_POINT('',#18229);
#5541=VERTEX_POINT('',#18231);
#5542=VERTEX_POINT('',#18233);
#5543=VERTEX_POINT('',#18235);
#5544=VERTEX_POINT('',#18237);
#5545=VERTEX_POINT('',#18239);
#5546=VERTEX_POINT('',#18241);
#5547=VERTEX_POINT('',#18245);
#5548=VERTEX_POINT('',#18246);
#5549=VERTEX_POINT('',#18251);
#5550=VERTEX_POINT('',#18255);
#5551=VERTEX_POINT('',#18261);
#5552=VERTEX_POINT('',#18457);
#5553=VERTEX_POINT('',#18459);
#5554=VERTEX_POINT('',#18461);
#5555=VERTEX_POINT('',#18463);
#5556=VERTEX_POINT('',#18466);
#5557=VERTEX_POINT('',#18470);
#5558=VERTEX_POINT('',#18474);
#5559=VERTEX_POINT('',#18478);
#5560=VERTEX_POINT('',#18482);
#5561=VERTEX_POINT('',#18485);
#5562=VERTEX_POINT('',#18488);
#5563=VERTEX_POINT('',#18491);
#5564=VERTEX_POINT('',#18494);
#5565=VERTEX_POINT('',#18498);
#5566=VERTEX_POINT('',#18502);
#5567=VERTEX_POINT('',#18506);
#5568=VERTEX_POINT('',#18514);
#5569=VERTEX_POINT('',#18515);
#5570=VERTEX_POINT('',#18517);
#5571=VERTEX_POINT('',#18519);
#5572=VERTEX_POINT('',#18523);
#5573=VERTEX_POINT('',#18524);
#5574=VERTEX_POINT('',#18529);
#5575=VERTEX_POINT('',#18531);
#5576=VERTEX_POINT('',#18535);
#5577=VERTEX_POINT('',#18537);
#5578=VERTEX_POINT('',#18539);
#5579=VERTEX_POINT('',#18541);
#5580=VERTEX_POINT('',#18543);
#5581=VERTEX_POINT('',#18545);
#5582=VERTEX_POINT('',#18547);
#5583=VERTEX_POINT('',#18549);
#5584=VERTEX_POINT('',#18551);
#5585=VERTEX_POINT('',#18553);
#5586=VERTEX_POINT('',#18555);
#5587=VERTEX_POINT('',#18557);
#5588=VERTEX_POINT('',#18559);
#5589=VERTEX_POINT('',#18561);
#5590=VERTEX_POINT('',#18563);
#5591=VERTEX_POINT('',#18565);
#5592=VERTEX_POINT('',#18567);
#5593=VERTEX_POINT('',#18569);
#5594=VERTEX_POINT('',#18571);
#5595=VERTEX_POINT('',#18573);
#5596=VERTEX_POINT('',#18575);
#5597=VERTEX_POINT('',#18577);
#5598=VERTEX_POINT('',#18579);
#5599=VERTEX_POINT('',#18581);
#5600=VERTEX_POINT('',#18583);
#5601=VERTEX_POINT('',#18585);
#5602=VERTEX_POINT('',#18587);
#5603=VERTEX_POINT('',#18589);
#5604=VERTEX_POINT('',#18591);
#5605=VERTEX_POINT('',#18593);
#5606=VERTEX_POINT('',#18595);
#5607=VERTEX_POINT('',#18597);
#5608=VERTEX_POINT('',#18599);
#5609=VERTEX_POINT('',#18601);
#5610=VERTEX_POINT('',#18603);
#5611=VERTEX_POINT('',#18605);
#5612=VERTEX_POINT('',#18607);
#5613=VERTEX_POINT('',#18609);
#5614=VERTEX_POINT('',#18611);
#5615=VERTEX_POINT('',#18613);
#5616=VERTEX_POINT('',#18615);
#5617=VERTEX_POINT('',#18617);
#5618=VERTEX_POINT('',#18619);
#5619=VERTEX_POINT('',#18621);
#5620=VERTEX_POINT('',#18623);
#5621=VERTEX_POINT('',#18625);
#5622=VERTEX_POINT('',#18627);
#5623=VERTEX_POINT('',#18629);
#5624=VERTEX_POINT('',#18631);
#5625=VERTEX_POINT('',#18633);
#5626=VERTEX_POINT('',#18635);
#5627=VERTEX_POINT('',#18637);
#5628=VERTEX_POINT('',#18639);
#5629=VERTEX_POINT('',#18641);
#5630=VERTEX_POINT('',#18643);
#5631=VERTEX_POINT('',#18645);
#5632=VERTEX_POINT('',#18647);
#5633=VERTEX_POINT('',#18649);
#5634=VERTEX_POINT('',#18651);
#5635=VERTEX_POINT('',#18653);
#5636=VERTEX_POINT('',#18655);
#5637=VERTEX_POINT('',#18657);
#5638=VERTEX_POINT('',#18659);
#5639=VERTEX_POINT('',#18661);
#5640=VERTEX_POINT('',#18663);
#5641=VERTEX_POINT('',#18665);
#5642=VERTEX_POINT('',#18667);
#5643=VERTEX_POINT('',#18669);
#5644=VERTEX_POINT('',#18671);
#5645=VERTEX_POINT('',#18673);
#5646=VERTEX_POINT('',#18675);
#5647=VERTEX_POINT('',#18677);
#5648=VERTEX_POINT('',#18679);
#5649=VERTEX_POINT('',#18681);
#5650=VERTEX_POINT('',#18683);
#5651=VERTEX_POINT('',#18685);
#5652=VERTEX_POINT('',#18687);
#5653=VERTEX_POINT('',#18689);
#5654=VERTEX_POINT('',#18691);
#5655=VERTEX_POINT('',#18693);
#5656=VERTEX_POINT('',#18695);
#5657=VERTEX_POINT('',#18697);
#5658=VERTEX_POINT('',#18699);
#5659=VERTEX_POINT('',#18701);
#5660=VERTEX_POINT('',#18703);
#5661=VERTEX_POINT('',#18705);
#5662=VERTEX_POINT('',#18707);
#5663=VERTEX_POINT('',#18709);
#5664=VERTEX_POINT('',#18711);
#5665=VERTEX_POINT('',#18713);
#5666=VERTEX_POINT('',#18715);
#5667=VERTEX_POINT('',#18717);
#5668=VERTEX_POINT('',#18720);
#5669=VERTEX_POINT('',#18722);
#5670=VERTEX_POINT('',#18724);
#5671=VERTEX_POINT('',#18726);
#5672=VERTEX_POINT('',#18729);
#5673=VERTEX_POINT('',#18731);
#5674=VERTEX_POINT('',#18733);
#5675=VERTEX_POINT('',#18735);
#5676=VERTEX_POINT('',#18737);
#5677=VERTEX_POINT('',#18739);
#5678=VERTEX_POINT('',#18741);
#5679=VERTEX_POINT('',#18743);
#5680=VERTEX_POINT('',#18745);
#5681=VERTEX_POINT('',#18747);
#5682=VERTEX_POINT('',#18749);
#5683=VERTEX_POINT('',#18751);
#5684=VERTEX_POINT('',#18753);
#5685=VERTEX_POINT('',#18755);
#5686=VERTEX_POINT('',#18757);
#5687=VERTEX_POINT('',#18759);
#5688=VERTEX_POINT('',#18761);
#5689=VERTEX_POINT('',#18763);
#5690=VERTEX_POINT('',#18765);
#5691=VERTEX_POINT('',#18767);
#5692=VERTEX_POINT('',#18769);
#5693=VERTEX_POINT('',#18771);
#5694=VERTEX_POINT('',#18773);
#5695=VERTEX_POINT('',#18775);
#5696=VERTEX_POINT('',#18777);
#5697=VERTEX_POINT('',#18779);
#5698=VERTEX_POINT('',#18781);
#5699=VERTEX_POINT('',#18783);
#5700=VERTEX_POINT('',#18785);
#5701=VERTEX_POINT('',#18787);
#5702=VERTEX_POINT('',#18789);
#5703=VERTEX_POINT('',#18791);
#5704=VERTEX_POINT('',#18793);
#5705=VERTEX_POINT('',#18795);
#5706=VERTEX_POINT('',#18797);
#5707=VERTEX_POINT('',#18799);
#5708=VERTEX_POINT('',#18801);
#5709=VERTEX_POINT('',#18803);
#5710=VERTEX_POINT('',#18805);
#5711=VERTEX_POINT('',#18807);
#5712=VERTEX_POINT('',#18809);
#5713=VERTEX_POINT('',#18811);
#5714=VERTEX_POINT('',#18813);
#5715=VERTEX_POINT('',#18815);
#5716=VERTEX_POINT('',#18817);
#5717=VERTEX_POINT('',#18819);
#5718=VERTEX_POINT('',#18821);
#5719=VERTEX_POINT('',#18823);
#5720=VERTEX_POINT('',#18825);
#5721=VERTEX_POINT('',#18827);
#5722=VERTEX_POINT('',#18829);
#5723=VERTEX_POINT('',#18831);
#5724=VERTEX_POINT('',#18833);
#5725=VERTEX_POINT('',#18835);
#5726=VERTEX_POINT('',#18837);
#5727=VERTEX_POINT('',#18839);
#5728=VERTEX_POINT('',#18841);
#5729=VERTEX_POINT('',#18843);
#5730=VERTEX_POINT('',#18845);
#5731=VERTEX_POINT('',#18847);
#5732=VERTEX_POINT('',#18849);
#5733=VERTEX_POINT('',#18851);
#5734=VERTEX_POINT('',#18853);
#5735=VERTEX_POINT('',#18855);
#5736=VERTEX_POINT('',#18857);
#5737=VERTEX_POINT('',#18859);
#5738=VERTEX_POINT('',#18861);
#5739=VERTEX_POINT('',#18863);
#5740=VERTEX_POINT('',#18865);
#5741=VERTEX_POINT('',#18867);
#5742=VERTEX_POINT('',#18869);
#5743=VERTEX_POINT('',#18871);
#5744=VERTEX_POINT('',#18873);
#5745=VERTEX_POINT('',#18875);
#5746=VERTEX_POINT('',#18877);
#5747=VERTEX_POINT('',#18879);
#5748=VERTEX_POINT('',#18881);
#5749=VERTEX_POINT('',#18883);
#5750=VERTEX_POINT('',#18885);
#5751=VERTEX_POINT('',#18887);
#5752=VERTEX_POINT('',#18889);
#5753=VERTEX_POINT('',#18891);
#5754=VERTEX_POINT('',#18893);
#5755=VERTEX_POINT('',#18895);
#5756=VERTEX_POINT('',#18897);
#5757=VERTEX_POINT('',#18899);
#5758=VERTEX_POINT('',#18901);
#5759=VERTEX_POINT('',#18903);
#5760=VERTEX_POINT('',#18905);
#5761=VERTEX_POINT('',#18907);
#5762=VERTEX_POINT('',#18909);
#5763=VERTEX_POINT('',#18911);
#5764=VERTEX_POINT('',#18914);
#5765=VERTEX_POINT('',#18915);
#5766=VERTEX_POINT('',#18917);
#5767=VERTEX_POINT('',#18919);
#5768=VERTEX_POINT('',#18921);
#5769=VERTEX_POINT('',#18923);
#5770=VERTEX_POINT('',#18925);
#5771=VERTEX_POINT('',#18927);
#5772=VERTEX_POINT('',#18929);
#5773=VERTEX_POINT('',#18931);
#5774=VERTEX_POINT('',#18933);
#5775=VERTEX_POINT('',#18935);
#5776=VERTEX_POINT('',#18937);
#5777=VERTEX_POINT('',#18939);
#5778=VERTEX_POINT('',#18941);
#5779=VERTEX_POINT('',#18943);
#5780=VERTEX_POINT('',#18945);
#5781=VERTEX_POINT('',#18947);
#5782=VERTEX_POINT('',#18949);
#5783=VERTEX_POINT('',#18951);
#5784=VERTEX_POINT('',#18953);
#5785=VERTEX_POINT('',#18955);
#5786=VERTEX_POINT('',#18957);
#5787=VERTEX_POINT('',#18959);
#5788=VERTEX_POINT('',#18961);
#5789=VERTEX_POINT('',#18963);
#5790=VERTEX_POINT('',#18965);
#5791=VERTEX_POINT('',#18967);
#5792=VERTEX_POINT('',#18969);
#5793=VERTEX_POINT('',#18971);
#5794=VERTEX_POINT('',#18973);
#5795=VERTEX_POINT('',#18975);
#5796=VERTEX_POINT('',#18977);
#5797=VERTEX_POINT('',#18979);
#5798=VERTEX_POINT('',#18981);
#5799=VERTEX_POINT('',#18983);
#5800=VERTEX_POINT('',#18985);
#5801=VERTEX_POINT('',#18987);
#5802=VERTEX_POINT('',#18989);
#5803=VERTEX_POINT('',#18991);
#5804=VERTEX_POINT('',#18993);
#5805=VERTEX_POINT('',#18995);
#5806=VERTEX_POINT('',#18997);
#5807=VERTEX_POINT('',#18999);
#5808=VERTEX_POINT('',#19001);
#5809=VERTEX_POINT('',#19003);
#5810=VERTEX_POINT('',#19005);
#5811=VERTEX_POINT('',#19007);
#5812=VERTEX_POINT('',#19009);
#5813=VERTEX_POINT('',#19011);
#5814=VERTEX_POINT('',#19013);
#5815=VERTEX_POINT('',#19015);
#5816=VERTEX_POINT('',#19017);
#5817=VERTEX_POINT('',#19019);
#5818=VERTEX_POINT('',#19021);
#5819=VERTEX_POINT('',#19023);
#5820=VERTEX_POINT('',#19025);
#5821=VERTEX_POINT('',#19027);
#5822=VERTEX_POINT('',#19029);
#5823=VERTEX_POINT('',#19031);
#5824=VERTEX_POINT('',#19033);
#5825=VERTEX_POINT('',#19035);
#5826=VERTEX_POINT('',#19037);
#5827=VERTEX_POINT('',#19039);
#5828=VERTEX_POINT('',#19041);
#5829=VERTEX_POINT('',#19043);
#5830=VERTEX_POINT('',#19045);
#5831=VERTEX_POINT('',#19047);
#5832=VERTEX_POINT('',#19049);
#5833=VERTEX_POINT('',#19051);
#5834=VERTEX_POINT('',#19053);
#5835=VERTEX_POINT('',#19055);
#5836=VERTEX_POINT('',#19057);
#5837=VERTEX_POINT('',#19059);
#5838=VERTEX_POINT('',#19061);
#5839=VERTEX_POINT('',#19063);
#5840=VERTEX_POINT('',#19065);
#5841=VERTEX_POINT('',#19067);
#5842=VERTEX_POINT('',#19069);
#5843=VERTEX_POINT('',#19071);
#5844=VERTEX_POINT('',#19073);
#5845=VERTEX_POINT('',#19075);
#5846=VERTEX_POINT('',#19077);
#5847=VERTEX_POINT('',#19079);
#5848=VERTEX_POINT('',#19081);
#5849=VERTEX_POINT('',#19083);
#5850=VERTEX_POINT('',#19085);
#5851=VERTEX_POINT('',#19087);
#5852=VERTEX_POINT('',#19089);
#5853=VERTEX_POINT('',#19091);
#5854=VERTEX_POINT('',#19093);
#5855=VERTEX_POINT('',#19095);
#5856=VERTEX_POINT('',#19097);
#5857=VERTEX_POINT('',#19099);
#5858=VERTEX_POINT('',#19101);
#5859=VERTEX_POINT('',#19103);
#5860=VERTEX_POINT('',#19292);
#5861=VERTEX_POINT('',#19294);
#5862=VERTEX_POINT('',#19298);
#5863=VERTEX_POINT('',#19302);
#5864=VERTEX_POINT('',#19306);
#5865=VERTEX_POINT('',#19310);
#5866=VERTEX_POINT('',#19314);
#5867=VERTEX_POINT('',#19318);
#5868=VERTEX_POINT('',#19322);
#5869=VERTEX_POINT('',#19326);
#5870=VERTEX_POINT('',#19330);
#5871=VERTEX_POINT('',#19334);
#5872=VERTEX_POINT('',#19338);
#5873=VERTEX_POINT('',#19342);
#5874=VERTEX_POINT('',#19346);
#5875=VERTEX_POINT('',#19350);
#5876=VERTEX_POINT('',#19354);
#5877=VERTEX_POINT('',#19358);
#5878=VERTEX_POINT('',#19362);
#5879=VERTEX_POINT('',#19366);
#5880=VERTEX_POINT('',#19370);
#5881=VERTEX_POINT('',#19374);
#5882=VERTEX_POINT('',#19378);
#5883=VERTEX_POINT('',#19382);
#5884=VERTEX_POINT('',#19386);
#5885=VERTEX_POINT('',#19390);
#5886=VERTEX_POINT('',#19394);
#5887=VERTEX_POINT('',#19398);
#5888=VERTEX_POINT('',#19402);
#5889=VERTEX_POINT('',#19406);
#5890=VERTEX_POINT('',#19410);
#5891=VERTEX_POINT('',#19414);
#5892=VERTEX_POINT('',#19418);
#5893=VERTEX_POINT('',#19422);
#5894=VERTEX_POINT('',#19426);
#5895=VERTEX_POINT('',#19430);
#5896=VERTEX_POINT('',#19434);
#5897=VERTEX_POINT('',#19438);
#5898=VERTEX_POINT('',#19442);
#5899=VERTEX_POINT('',#19446);
#5900=VERTEX_POINT('',#19450);
#5901=VERTEX_POINT('',#19454);
#5902=VERTEX_POINT('',#19458);
#5903=VERTEX_POINT('',#19462);
#5904=VERTEX_POINT('',#19466);
#5905=VERTEX_POINT('',#19470);
#5906=VERTEX_POINT('',#19474);
#5907=VERTEX_POINT('',#19478);
#5908=VERTEX_POINT('',#19482);
#5909=VERTEX_POINT('',#19486);
#5910=VERTEX_POINT('',#19490);
#5911=VERTEX_POINT('',#19494);
#5912=VERTEX_POINT('',#19498);
#5913=VERTEX_POINT('',#19502);
#5914=VERTEX_POINT('',#19506);
#5915=VERTEX_POINT('',#19510);
#5916=VERTEX_POINT('',#19514);
#5917=VERTEX_POINT('',#19518);
#5918=VERTEX_POINT('',#19522);
#5919=VERTEX_POINT('',#19526);
#5920=VERTEX_POINT('',#19530);
#5921=VERTEX_POINT('',#19534);
#5922=VERTEX_POINT('',#19538);
#5923=VERTEX_POINT('',#19542);
#5924=VERTEX_POINT('',#19546);
#5925=VERTEX_POINT('',#19550);
#5926=VERTEX_POINT('',#19554);
#5927=VERTEX_POINT('',#19558);
#5928=VERTEX_POINT('',#19562);
#5929=VERTEX_POINT('',#19566);
#5930=VERTEX_POINT('',#19570);
#5931=VERTEX_POINT('',#19574);
#5932=VERTEX_POINT('',#19578);
#5933=VERTEX_POINT('',#19582);
#5934=VERTEX_POINT('',#19586);
#5935=VERTEX_POINT('',#19590);
#5936=VERTEX_POINT('',#19594);
#5937=VERTEX_POINT('',#19598);
#5938=VERTEX_POINT('',#19602);
#5939=VERTEX_POINT('',#19606);
#5940=VERTEX_POINT('',#19610);
#5941=VERTEX_POINT('',#19614);
#5942=VERTEX_POINT('',#19618);
#5943=VERTEX_POINT('',#19622);
#5944=VERTEX_POINT('',#19626);
#5945=VERTEX_POINT('',#19630);
#5946=VERTEX_POINT('',#19634);
#5947=VERTEX_POINT('',#19638);
#5948=VERTEX_POINT('',#19642);
#5949=VERTEX_POINT('',#19646);
#5950=VERTEX_POINT('',#19650);
#5951=VERTEX_POINT('',#19654);
#5952=VERTEX_POINT('',#19658);
#5953=VERTEX_POINT('',#19662);
#5954=VERTEX_POINT('',#19666);
#5955=VERTEX_POINT('',#19670);
#5956=VERTEX_POINT('',#19676);
#5957=VERTEX_POINT('',#19680);
#5958=VERTEX_POINT('',#19684);
#5959=VERTEX_POINT('',#19688);
#5960=VERTEX_POINT('',#19692);
#5961=VERTEX_POINT('',#19693);
#5962=VERTEX_POINT('',#19695);
#5963=VERTEX_POINT('',#19697);
#5964=VERTEX_POINT('',#19699);
#5965=VERTEX_POINT('',#19701);
#5966=VERTEX_POINT('',#19703);
#5967=VERTEX_POINT('',#19705);
#5968=VERTEX_POINT('',#19707);
#5969=VERTEX_POINT('',#19709);
#5970=VERTEX_POINT('',#19711);
#5971=VERTEX_POINT('',#19713);
#5972=VERTEX_POINT('',#19715);
#5973=VERTEX_POINT('',#19717);
#5974=VERTEX_POINT('',#19719);
#5975=VERTEX_POINT('',#19721);
#5976=VERTEX_POINT('',#19723);
#5977=VERTEX_POINT('',#19725);
#5978=VERTEX_POINT('',#19727);
#5979=VERTEX_POINT('',#19729);
#5980=VERTEX_POINT('',#19731);
#5981=VERTEX_POINT('',#19733);
#5982=VERTEX_POINT('',#19735);
#5983=VERTEX_POINT('',#19737);
#5984=VERTEX_POINT('',#19739);
#5985=VERTEX_POINT('',#19741);
#5986=VERTEX_POINT('',#19743);
#5987=VERTEX_POINT('',#19745);
#5988=VERTEX_POINT('',#19747);
#5989=VERTEX_POINT('',#19749);
#5990=VERTEX_POINT('',#19751);
#5991=VERTEX_POINT('',#19753);
#5992=VERTEX_POINT('',#19755);
#5993=VERTEX_POINT('',#19757);
#5994=VERTEX_POINT('',#19759);
#5995=VERTEX_POINT('',#19761);
#5996=VERTEX_POINT('',#19763);
#5997=VERTEX_POINT('',#19765);
#5998=VERTEX_POINT('',#19767);
#5999=VERTEX_POINT('',#19769);
#6000=VERTEX_POINT('',#19771);
#6001=VERTEX_POINT('',#19773);
#6002=VERTEX_POINT('',#19775);
#6003=VERTEX_POINT('',#19777);
#6004=VERTEX_POINT('',#19779);
#6005=VERTEX_POINT('',#19781);
#6006=VERTEX_POINT('',#19783);
#6007=VERTEX_POINT('',#19785);
#6008=VERTEX_POINT('',#19787);
#6009=VERTEX_POINT('',#19789);
#6010=VERTEX_POINT('',#19791);
#6011=VERTEX_POINT('',#19793);
#6012=VERTEX_POINT('',#19795);
#6013=VERTEX_POINT('',#19797);
#6014=VERTEX_POINT('',#19799);
#6015=VERTEX_POINT('',#19801);
#6016=VERTEX_POINT('',#19803);
#6017=VERTEX_POINT('',#19805);
#6018=VERTEX_POINT('',#19807);
#6019=VERTEX_POINT('',#19809);
#6020=VERTEX_POINT('',#19811);
#6021=VERTEX_POINT('',#19813);
#6022=VERTEX_POINT('',#19815);
#6023=VERTEX_POINT('',#19817);
#6024=VERTEX_POINT('',#19819);
#6025=VERTEX_POINT('',#19821);
#6026=VERTEX_POINT('',#19823);
#6027=VERTEX_POINT('',#19825);
#6028=VERTEX_POINT('',#19827);
#6029=VERTEX_POINT('',#19829);
#6030=VERTEX_POINT('',#19831);
#6031=VERTEX_POINT('',#19833);
#6032=VERTEX_POINT('',#19835);
#6033=VERTEX_POINT('',#19837);
#6034=VERTEX_POINT('',#19839);
#6035=VERTEX_POINT('',#19841);
#6036=VERTEX_POINT('',#19843);
#6037=VERTEX_POINT('',#19845);
#6038=VERTEX_POINT('',#19847);
#6039=VERTEX_POINT('',#19849);
#6040=VERTEX_POINT('',#19851);
#6041=VERTEX_POINT('',#19853);
#6042=VERTEX_POINT('',#19855);
#6043=VERTEX_POINT('',#19857);
#6044=VERTEX_POINT('',#19859);
#6045=VERTEX_POINT('',#19861);
#6046=VERTEX_POINT('',#19863);
#6047=VERTEX_POINT('',#19865);
#6048=VERTEX_POINT('',#19867);
#6049=VERTEX_POINT('',#19869);
#6050=VERTEX_POINT('',#19871);
#6051=VERTEX_POINT('',#19873);
#6052=VERTEX_POINT('',#19875);
#6053=VERTEX_POINT('',#19877);
#6054=VERTEX_POINT('',#19879);
#6055=VERTEX_POINT('',#19881);
#6056=VERTEX_POINT('',#19885);
#6057=VERTEX_POINT('',#19886);
#6058=VERTEX_POINT('',#19891);
#6059=VERTEX_POINT('',#19895);
#6060=VERTEX_POINT('',#19899);
#6061=VERTEX_POINT('',#19903);
#6062=VERTEX_POINT('',#19907);
#6063=VERTEX_POINT('',#19911);
#6064=VERTEX_POINT('',#19915);
#6065=VERTEX_POINT('',#19919);
#6066=VERTEX_POINT('',#19923);
#6067=VERTEX_POINT('',#19927);
#6068=VERTEX_POINT('',#19931);
#6069=VERTEX_POINT('',#19935);
#6070=VERTEX_POINT('',#19939);
#6071=VERTEX_POINT('',#19943);
#6072=VERTEX_POINT('',#19947);
#6073=VERTEX_POINT('',#19951);
#6074=VERTEX_POINT('',#19955);
#6075=VERTEX_POINT('',#19959);
#6076=VERTEX_POINT('',#19963);
#6077=VERTEX_POINT('',#19967);
#6078=VERTEX_POINT('',#19971);
#6079=VERTEX_POINT('',#19975);
#6080=VERTEX_POINT('',#19979);
#6081=VERTEX_POINT('',#19983);
#6082=VERTEX_POINT('',#19987);
#6083=VERTEX_POINT('',#19991);
#6084=VERTEX_POINT('',#19995);
#6085=VERTEX_POINT('',#19999);
#6086=VERTEX_POINT('',#20003);
#6087=VERTEX_POINT('',#20007);
#6088=VERTEX_POINT('',#20011);
#6089=VERTEX_POINT('',#20015);
#6090=VERTEX_POINT('',#20019);
#6091=VERTEX_POINT('',#20023);
#6092=VERTEX_POINT('',#20027);
#6093=VERTEX_POINT('',#20031);
#6094=VERTEX_POINT('',#20035);
#6095=VERTEX_POINT('',#20039);
#6096=VERTEX_POINT('',#20043);
#6097=VERTEX_POINT('',#20047);
#6098=VERTEX_POINT('',#20051);
#6099=VERTEX_POINT('',#20055);
#6100=VERTEX_POINT('',#20059);
#6101=VERTEX_POINT('',#20063);
#6102=VERTEX_POINT('',#20067);
#6103=VERTEX_POINT('',#20071);
#6104=VERTEX_POINT('',#20075);
#6105=VERTEX_POINT('',#20079);
#6106=VERTEX_POINT('',#20083);
#6107=VERTEX_POINT('',#20087);
#6108=VERTEX_POINT('',#20091);
#6109=VERTEX_POINT('',#20095);
#6110=VERTEX_POINT('',#20099);
#6111=VERTEX_POINT('',#20103);
#6112=VERTEX_POINT('',#20107);
#6113=VERTEX_POINT('',#20111);
#6114=VERTEX_POINT('',#20115);
#6115=VERTEX_POINT('',#20119);
#6116=VERTEX_POINT('',#20123);
#6117=VERTEX_POINT('',#20127);
#6118=VERTEX_POINT('',#20131);
#6119=VERTEX_POINT('',#20135);
#6120=VERTEX_POINT('',#20139);
#6121=VERTEX_POINT('',#20143);
#6122=VERTEX_POINT('',#20147);
#6123=VERTEX_POINT('',#20151);
#6124=VERTEX_POINT('',#20155);
#6125=VERTEX_POINT('',#20159);
#6126=VERTEX_POINT('',#20163);
#6127=VERTEX_POINT('',#20167);
#6128=VERTEX_POINT('',#20171);
#6129=VERTEX_POINT('',#20175);
#6130=VERTEX_POINT('',#20179);
#6131=VERTEX_POINT('',#20183);
#6132=VERTEX_POINT('',#20187);
#6133=VERTEX_POINT('',#20191);
#6134=VERTEX_POINT('',#20195);
#6135=VERTEX_POINT('',#20199);
#6136=VERTEX_POINT('',#20203);
#6137=VERTEX_POINT('',#20207);
#6138=VERTEX_POINT('',#20211);
#6139=VERTEX_POINT('',#20215);
#6140=VERTEX_POINT('',#20219);
#6141=VERTEX_POINT('',#20223);
#6142=VERTEX_POINT('',#20227);
#6143=VERTEX_POINT('',#20231);
#6144=VERTEX_POINT('',#20235);
#6145=VERTEX_POINT('',#20239);
#6146=VERTEX_POINT('',#20243);
#6147=VERTEX_POINT('',#20247);
#6148=VERTEX_POINT('',#20251);
#6149=VERTEX_POINT('',#20255);
#6150=VERTEX_POINT('',#20259);
#6151=VERTEX_POINT('',#20263);
#6152=VERTEX_POINT('',#20269);
#6153=VERTEX_POINT('',#20272);
#6154=VERTEX_POINT('',#20275);
#6155=VERTEX_POINT('',#20278);
#6156=VERTEX_POINT('',#20281);
#6157=VERTEX_POINT('',#20283);
#6158=VERTEX_POINT('',#20285);
#6159=VERTEX_POINT('',#20287);
#6160=VERTEX_POINT('',#20290);
#6161=VERTEX_POINT('',#20294);
#6162=VERTEX_POINT('',#20298);
#6163=VERTEX_POINT('',#20302);
#6164=VERTEX_POINT('',#20306);
#6165=VERTEX_POINT('',#20310);
#6166=VERTEX_POINT('',#20314);
#6167=VERTEX_POINT('',#20318);
#6168=VERTEX_POINT('',#20322);
#6169=VERTEX_POINT('',#20325);
#6170=VERTEX_POINT('',#20328);
#6171=VERTEX_POINT('',#20331);
#6172=VERTEX_POINT('',#20334);
#6173=VERTEX_POINT('',#20337);
#6174=VERTEX_POINT('',#20340);
#6175=VERTEX_POINT('',#20343);
#6176=EDGE_CURVE('',#4966,#4967,#1436,.T.);
#6177=EDGE_CURVE('',#4967,#4968,#1437,.T.);
#6178=EDGE_CURVE('',#4969,#4968,#1438,.T.);
#6179=EDGE_CURVE('',#4966,#4969,#1439,.T.);
#6180=EDGE_CURVE('',#4970,#4971,#1440,.T.);
#6181=EDGE_CURVE('',#4971,#4967,#1441,.T.);
#6182=EDGE_CURVE('',#4970,#4966,#1442,.T.);
#6183=EDGE_CURVE('',#4968,#4972,#1443,.T.);
#6184=EDGE_CURVE('',#4973,#4972,#1444,.T.);
#6185=EDGE_CURVE('',#4969,#4973,#1445,.T.);
#6186=EDGE_CURVE('',#4973,#4974,#1446,.T.);
#6187=EDGE_CURVE('',#4974,#4975,#1447,.T.);
#6188=EDGE_CURVE('',#4975,#4976,#1448,.T.);
#6189=EDGE_CURVE('',#4976,#4977,#1449,.T.);
#6190=EDGE_CURVE('',#4977,#4978,#1450,.T.);
#6191=EDGE_CURVE('',#4978,#4979,#1451,.T.);
#6192=EDGE_CURVE('',#4979,#4980,#1452,.T.);
#6193=EDGE_CURVE('',#4980,#4981,#1453,.T.);
#6194=EDGE_CURVE('',#4981,#4982,#1454,.T.);
#6195=EDGE_CURVE('',#4982,#4983,#1455,.T.);
#6196=EDGE_CURVE('',#4983,#4984,#1456,.T.);
#6197=EDGE_CURVE('',#4984,#4985,#1457,.T.);
#6198=EDGE_CURVE('',#4985,#4986,#1458,.T.);
#6199=EDGE_CURVE('',#4986,#4987,#1459,.T.);
#6200=EDGE_CURVE('',#4987,#4988,#1460,.T.);
#6201=EDGE_CURVE('',#4988,#4989,#1461,.T.);
#6202=EDGE_CURVE('',#4989,#4990,#1462,.T.);
#6203=EDGE_CURVE('',#4990,#4991,#1463,.T.);
#6204=EDGE_CURVE('',#4991,#4992,#1464,.T.);
#6205=EDGE_CURVE('',#4992,#4993,#1465,.T.);
#6206=EDGE_CURVE('',#4993,#4994,#1466,.T.);
#6207=EDGE_CURVE('',#4994,#4995,#1467,.T.);
#6208=EDGE_CURVE('',#4995,#4996,#1468,.T.);
#6209=EDGE_CURVE('',#4996,#4997,#1469,.T.);
#6210=EDGE_CURVE('',#4997,#4998,#1470,.T.);
#6211=EDGE_CURVE('',#4998,#4999,#1471,.T.);
#6212=EDGE_CURVE('',#4999,#5000,#1472,.T.);
#6213=EDGE_CURVE('',#5000,#5001,#1473,.T.);
#6214=EDGE_CURVE('',#5001,#5002,#1474,.T.);
#6215=EDGE_CURVE('',#5002,#5003,#1475,.T.);
#6216=EDGE_CURVE('',#5003,#5004,#1476,.T.);
#6217=EDGE_CURVE('',#5004,#5005,#1477,.T.);
#6218=EDGE_CURVE('',#5005,#5006,#1478,.T.);
#6219=EDGE_CURVE('',#5006,#5007,#1479,.T.);
#6220=EDGE_CURVE('',#5007,#5008,#1480,.T.);
#6221=EDGE_CURVE('',#5008,#5009,#1481,.T.);
#6222=EDGE_CURVE('',#5009,#5010,#1482,.T.);
#6223=EDGE_CURVE('',#5010,#5011,#1483,.T.);
#6224=EDGE_CURVE('',#5011,#5012,#1484,.T.);
#6225=EDGE_CURVE('',#5012,#5013,#1485,.T.);
#6226=EDGE_CURVE('',#5013,#5014,#1486,.T.);
#6227=EDGE_CURVE('',#5014,#5015,#1487,.T.);
#6228=EDGE_CURVE('',#5015,#5016,#1488,.T.);
#6229=EDGE_CURVE('',#5016,#5017,#1489,.T.);
#6230=EDGE_CURVE('',#5017,#5018,#1490,.T.);
#6231=EDGE_CURVE('',#5018,#5019,#1491,.T.);
#6232=EDGE_CURVE('',#5019,#5020,#1492,.T.);
#6233=EDGE_CURVE('',#5020,#5021,#1493,.T.);
#6234=EDGE_CURVE('',#5021,#5022,#1494,.T.);
#6235=EDGE_CURVE('',#5022,#5023,#1495,.T.);
#6236=EDGE_CURVE('',#5023,#5024,#1496,.T.);
#6237=EDGE_CURVE('',#5024,#5025,#1497,.T.);
#6238=EDGE_CURVE('',#5025,#5026,#1498,.T.);
#6239=EDGE_CURVE('',#5026,#5027,#1499,.T.);
#6240=EDGE_CURVE('',#5027,#5028,#1500,.T.);
#6241=EDGE_CURVE('',#5028,#5029,#1501,.T.);
#6242=EDGE_CURVE('',#5029,#5030,#1502,.T.);
#6243=EDGE_CURVE('',#5030,#5031,#1503,.T.);
#6244=EDGE_CURVE('',#5031,#5032,#1504,.T.);
#6245=EDGE_CURVE('',#5032,#5033,#1505,.T.);
#6246=EDGE_CURVE('',#5033,#5034,#1506,.T.);
#6247=EDGE_CURVE('',#5034,#5035,#1507,.T.);
#6248=EDGE_CURVE('',#5035,#5036,#1508,.T.);
#6249=EDGE_CURVE('',#5036,#5037,#1509,.T.);
#6250=EDGE_CURVE('',#5037,#5038,#1510,.T.);
#6251=EDGE_CURVE('',#5038,#5039,#1511,.T.);
#6252=EDGE_CURVE('',#5039,#5040,#1512,.T.);
#6253=EDGE_CURVE('',#5040,#5041,#1513,.T.);
#6254=EDGE_CURVE('',#5041,#5042,#1514,.T.);
#6255=EDGE_CURVE('',#5042,#5043,#1515,.T.);
#6256=EDGE_CURVE('',#5043,#5044,#1516,.T.);
#6257=EDGE_CURVE('',#5044,#5045,#1517,.T.);
#6258=EDGE_CURVE('',#5045,#5046,#1518,.T.);
#6259=EDGE_CURVE('',#5046,#5047,#1519,.T.);
#6260=EDGE_CURVE('',#5047,#5048,#1520,.T.);
#6261=EDGE_CURVE('',#5048,#5049,#1521,.T.);
#6262=EDGE_CURVE('',#5049,#5050,#1522,.T.);
#6263=EDGE_CURVE('',#5050,#5051,#1523,.T.);
#6264=EDGE_CURVE('',#5051,#5052,#1524,.T.);
#6265=EDGE_CURVE('',#5052,#5053,#1525,.T.);
#6266=EDGE_CURVE('',#5053,#5054,#1526,.T.);
#6267=EDGE_CURVE('',#5054,#5055,#1527,.T.);
#6268=EDGE_CURVE('',#5055,#5056,#1528,.T.);
#6269=EDGE_CURVE('',#5056,#5057,#1529,.T.);
#6270=EDGE_CURVE('',#5057,#5058,#1530,.T.);
#6271=EDGE_CURVE('',#5058,#5059,#1531,.T.);
#6272=EDGE_CURVE('',#5059,#5060,#1532,.T.);
#6273=EDGE_CURVE('',#5060,#5061,#1533,.T.);
#6274=EDGE_CURVE('',#5061,#5062,#1534,.T.);
#6275=EDGE_CURVE('',#5062,#5063,#1535,.T.);
#6276=EDGE_CURVE('',#5063,#5064,#1536,.T.);
#6277=EDGE_CURVE('',#5064,#5065,#1537,.T.);
#6278=EDGE_CURVE('',#5065,#4970,#1538,.T.);
#6279=EDGE_CURVE('',#5066,#5067,#1539,.T.);
#6280=EDGE_CURVE('',#5068,#5066,#1540,.T.);
#6281=EDGE_CURVE('',#5069,#5068,#1541,.T.);
#6282=EDGE_CURVE('',#5070,#5069,#1542,.T.);
#6283=EDGE_CURVE('',#5071,#5070,#1543,.T.);
#6284=EDGE_CURVE('',#5072,#5071,#1544,.T.);
#6285=EDGE_CURVE('',#5073,#5072,#1545,.T.);
#6286=EDGE_CURVE('',#5074,#5073,#1546,.T.);
#6287=EDGE_CURVE('',#5075,#5074,#1547,.T.);
#6288=EDGE_CURVE('',#5076,#5075,#1548,.T.);
#6289=EDGE_CURVE('',#5077,#5076,#1549,.T.);
#6290=EDGE_CURVE('',#5078,#5077,#1550,.T.);
#6291=EDGE_CURVE('',#5079,#5078,#1551,.T.);
#6292=EDGE_CURVE('',#5080,#5079,#1552,.T.);
#6293=EDGE_CURVE('',#5081,#5080,#1553,.T.);
#6294=EDGE_CURVE('',#5082,#5081,#1554,.T.);
#6295=EDGE_CURVE('',#5083,#5082,#1555,.T.);
#6296=EDGE_CURVE('',#5084,#5083,#1556,.T.);
#6297=EDGE_CURVE('',#5085,#5084,#1557,.T.);
#6298=EDGE_CURVE('',#5086,#5085,#1558,.T.);
#6299=EDGE_CURVE('',#5087,#5086,#1559,.T.);
#6300=EDGE_CURVE('',#5088,#5087,#1560,.T.);
#6301=EDGE_CURVE('',#5089,#5088,#1561,.T.);
#6302=EDGE_CURVE('',#5090,#5089,#1562,.T.);
#6303=EDGE_CURVE('',#5091,#5090,#1563,.T.);
#6304=EDGE_CURVE('',#5092,#5091,#1564,.T.);
#6305=EDGE_CURVE('',#5093,#5092,#1565,.T.);
#6306=EDGE_CURVE('',#5094,#5093,#1566,.T.);
#6307=EDGE_CURVE('',#5095,#5094,#1567,.T.);
#6308=EDGE_CURVE('',#5096,#5095,#1568,.T.);
#6309=EDGE_CURVE('',#5097,#5096,#1569,.T.);
#6310=EDGE_CURVE('',#5098,#5097,#1570,.T.);
#6311=EDGE_CURVE('',#5099,#5098,#1571,.T.);
#6312=EDGE_CURVE('',#5100,#5099,#1572,.T.);
#6313=EDGE_CURVE('',#5101,#5100,#1573,.T.);
#6314=EDGE_CURVE('',#5102,#5101,#1574,.T.);
#6315=EDGE_CURVE('',#5103,#5102,#1575,.T.);
#6316=EDGE_CURVE('',#5104,#5103,#1576,.T.);
#6317=EDGE_CURVE('',#5105,#5104,#1577,.T.);
#6318=EDGE_CURVE('',#5106,#5105,#1578,.T.);
#6319=EDGE_CURVE('',#5107,#5106,#1579,.T.);
#6320=EDGE_CURVE('',#5108,#5107,#1580,.T.);
#6321=EDGE_CURVE('',#5109,#5108,#1581,.T.);
#6322=EDGE_CURVE('',#5110,#5109,#1582,.T.);
#6323=EDGE_CURVE('',#5111,#5110,#1583,.T.);
#6324=EDGE_CURVE('',#5112,#5111,#1584,.T.);
#6325=EDGE_CURVE('',#5113,#5112,#1585,.T.);
#6326=EDGE_CURVE('',#5114,#5113,#1586,.T.);
#6327=EDGE_CURVE('',#5115,#5114,#1587,.T.);
#6328=EDGE_CURVE('',#5115,#5116,#1588,.T.);
#6329=EDGE_CURVE('',#5116,#5117,#1589,.T.);
#6330=EDGE_CURVE('',#5117,#5118,#1590,.T.);
#6331=EDGE_CURVE('',#5118,#5119,#1591,.T.);
#6332=EDGE_CURVE('',#5119,#5120,#1592,.T.);
#6333=EDGE_CURVE('',#5120,#5121,#1593,.T.);
#6334=EDGE_CURVE('',#5121,#5122,#1594,.T.);
#6335=EDGE_CURVE('',#5122,#5123,#1595,.T.);
#6336=EDGE_CURVE('',#5123,#5124,#1596,.T.);
#6337=EDGE_CURVE('',#5124,#5125,#1597,.T.);
#6338=EDGE_CURVE('',#5125,#5126,#1598,.T.);
#6339=EDGE_CURVE('',#5126,#5127,#1599,.T.);
#6340=EDGE_CURVE('',#5127,#5128,#1600,.T.);
#6341=EDGE_CURVE('',#5128,#5129,#1601,.T.);
#6342=EDGE_CURVE('',#5129,#5130,#1602,.T.);
#6343=EDGE_CURVE('',#5130,#5131,#1603,.T.);
#6344=EDGE_CURVE('',#5131,#5132,#1604,.T.);
#6345=EDGE_CURVE('',#5132,#5133,#1605,.T.);
#6346=EDGE_CURVE('',#5133,#5134,#1606,.T.);
#6347=EDGE_CURVE('',#5134,#5135,#1607,.T.);
#6348=EDGE_CURVE('',#5135,#5136,#1608,.T.);
#6349=EDGE_CURVE('',#5136,#5137,#1609,.T.);
#6350=EDGE_CURVE('',#5137,#5138,#1610,.T.);
#6351=EDGE_CURVE('',#5138,#5139,#1611,.T.);
#6352=EDGE_CURVE('',#5139,#5140,#1612,.T.);
#6353=EDGE_CURVE('',#5141,#5140,#1613,.T.);
#6354=EDGE_CURVE('',#5142,#5141,#1614,.T.);
#6355=EDGE_CURVE('',#5143,#5142,#1615,.T.);
#6356=EDGE_CURVE('',#5144,#5143,#1616,.T.);
#6357=EDGE_CURVE('',#5145,#5144,#1617,.T.);
#6358=EDGE_CURVE('',#5146,#5145,#1618,.T.);
#6359=EDGE_CURVE('',#5147,#5146,#1619,.T.);
#6360=EDGE_CURVE('',#5148,#5147,#1620,.T.);
#6361=EDGE_CURVE('',#5149,#5148,#1621,.T.);
#6362=EDGE_CURVE('',#5150,#5149,#1622,.T.);
#6363=EDGE_CURVE('',#5151,#5150,#1623,.T.);
#6364=EDGE_CURVE('',#5152,#5151,#1624,.T.);
#6365=EDGE_CURVE('',#5153,#5152,#1625,.T.);
#6366=EDGE_CURVE('',#5154,#5153,#1626,.T.);
#6367=EDGE_CURVE('',#5155,#5154,#1627,.T.);
#6368=EDGE_CURVE('',#5156,#5155,#1628,.T.);
#6369=EDGE_CURVE('',#5157,#5156,#1629,.T.);
#6370=EDGE_CURVE('',#5158,#5157,#1630,.T.);
#6371=EDGE_CURVE('',#5159,#5158,#1631,.T.);
#6372=EDGE_CURVE('',#5160,#5159,#1632,.T.);
#6373=EDGE_CURVE('',#5161,#5160,#1633,.T.);
#6374=EDGE_CURVE('',#5067,#5161,#1634,.T.);
#6375=EDGE_CURVE('',#5162,#4971,#1635,.T.);
#6376=EDGE_CURVE('',#5163,#5162,#1636,.T.);
#6377=EDGE_CURVE('',#5164,#5163,#1637,.T.);
#6378=EDGE_CURVE('',#5165,#5164,#1638,.T.);
#6379=EDGE_CURVE('',#5166,#5165,#1639,.T.);
#6380=EDGE_CURVE('',#5167,#5166,#1640,.T.);
#6381=EDGE_CURVE('',#5168,#5167,#1641,.T.);
#6382=EDGE_CURVE('',#5169,#5168,#1642,.T.);
#6383=EDGE_CURVE('',#5170,#5169,#1643,.T.);
#6384=EDGE_CURVE('',#5171,#5170,#1644,.T.);
#6385=EDGE_CURVE('',#5172,#5171,#1645,.T.);
#6386=EDGE_CURVE('',#5173,#5172,#1646,.T.);
#6387=EDGE_CURVE('',#5174,#5173,#1647,.T.);
#6388=EDGE_CURVE('',#5175,#5174,#1648,.T.);
#6389=EDGE_CURVE('',#5176,#5175,#1649,.T.);
#6390=EDGE_CURVE('',#5177,#5176,#1650,.T.);
#6391=EDGE_CURVE('',#5178,#5177,#1651,.T.);
#6392=EDGE_CURVE('',#5179,#5178,#1652,.T.);
#6393=EDGE_CURVE('',#5180,#5179,#1653,.T.);
#6394=EDGE_CURVE('',#5181,#5180,#1654,.T.);
#6395=EDGE_CURVE('',#5182,#5181,#1655,.T.);
#6396=EDGE_CURVE('',#5183,#5182,#1656,.T.);
#6397=EDGE_CURVE('',#5184,#5183,#1657,.T.);
#6398=EDGE_CURVE('',#5185,#5184,#1658,.T.);
#6399=EDGE_CURVE('',#5186,#5185,#1659,.T.);
#6400=EDGE_CURVE('',#5187,#5186,#1660,.T.);
#6401=EDGE_CURVE('',#5188,#5187,#1661,.T.);
#6402=EDGE_CURVE('',#5189,#5188,#1662,.T.);
#6403=EDGE_CURVE('',#5190,#5189,#1663,.T.);
#6404=EDGE_CURVE('',#5191,#5190,#1664,.T.);
#6405=EDGE_CURVE('',#5192,#5191,#1665,.T.);
#6406=EDGE_CURVE('',#5193,#5192,#1666,.T.);
#6407=EDGE_CURVE('',#5194,#5193,#1667,.T.);
#6408=EDGE_CURVE('',#5195,#5194,#1668,.T.);
#6409=EDGE_CURVE('',#5196,#5195,#1669,.T.);
#6410=EDGE_CURVE('',#5197,#5196,#1670,.T.);
#6411=EDGE_CURVE('',#5198,#5197,#1671,.T.);
#6412=EDGE_CURVE('',#5199,#5198,#1672,.T.);
#6413=EDGE_CURVE('',#5200,#5199,#1673,.T.);
#6414=EDGE_CURVE('',#5201,#5200,#1674,.T.);
#6415=EDGE_CURVE('',#5202,#5201,#1675,.T.);
#6416=EDGE_CURVE('',#5203,#5202,#1676,.T.);
#6417=EDGE_CURVE('',#5204,#5203,#1677,.T.);
#6418=EDGE_CURVE('',#5205,#5204,#1678,.T.);
#6419=EDGE_CURVE('',#5206,#5205,#1679,.T.);
#6420=EDGE_CURVE('',#5207,#5206,#1680,.T.);
#6421=EDGE_CURVE('',#5208,#5207,#1681,.T.);
#6422=EDGE_CURVE('',#5209,#5208,#1682,.T.);
#6423=EDGE_CURVE('',#5210,#5209,#1683,.T.);
#6424=EDGE_CURVE('',#5211,#5210,#1684,.T.);
#6425=EDGE_CURVE('',#5212,#5211,#1685,.T.);
#6426=EDGE_CURVE('',#5213,#5212,#1686,.T.);
#6427=EDGE_CURVE('',#5214,#5213,#1687,.T.);
#6428=EDGE_CURVE('',#5215,#5214,#1688,.T.);
#6429=EDGE_CURVE('',#5216,#5215,#1689,.T.);
#6430=EDGE_CURVE('',#5217,#5216,#1690,.T.);
#6431=EDGE_CURVE('',#5218,#5217,#1691,.T.);
#6432=EDGE_CURVE('',#5219,#5218,#1692,.T.);
#6433=EDGE_CURVE('',#5220,#5219,#1693,.T.);
#6434=EDGE_CURVE('',#5221,#5220,#1694,.T.);
#6435=EDGE_CURVE('',#5222,#5221,#1695,.T.);
#6436=EDGE_CURVE('',#5223,#5222,#1696,.T.);
#6437=EDGE_CURVE('',#5224,#5223,#1697,.T.);
#6438=EDGE_CURVE('',#5225,#5224,#1698,.T.);
#6439=EDGE_CURVE('',#5226,#5225,#1699,.T.);
#6440=EDGE_CURVE('',#5227,#5226,#1700,.T.);
#6441=EDGE_CURVE('',#5228,#5227,#1701,.T.);
#6442=EDGE_CURVE('',#5229,#5228,#1702,.T.);
#6443=EDGE_CURVE('',#5230,#5229,#1703,.T.);
#6444=EDGE_CURVE('',#5231,#5230,#1704,.T.);
#6445=EDGE_CURVE('',#5232,#5231,#1705,.T.);
#6446=EDGE_CURVE('',#5233,#5232,#1706,.T.);
#6447=EDGE_CURVE('',#5234,#5233,#1707,.T.);
#6448=EDGE_CURVE('',#5235,#5234,#1708,.T.);
#6449=EDGE_CURVE('',#5236,#5235,#1709,.T.);
#6450=EDGE_CURVE('',#5237,#5236,#1710,.T.);
#6451=EDGE_CURVE('',#5238,#5237,#1711,.T.);
#6452=EDGE_CURVE('',#5239,#5238,#1712,.T.);
#6453=EDGE_CURVE('',#5240,#5239,#1713,.T.);
#6454=EDGE_CURVE('',#5241,#5240,#1714,.T.);
#6455=EDGE_CURVE('',#5242,#5241,#1715,.T.);
#6456=EDGE_CURVE('',#5243,#5242,#1716,.T.);
#6457=EDGE_CURVE('',#5244,#5243,#1717,.T.);
#6458=EDGE_CURVE('',#5245,#5244,#1718,.T.);
#6459=EDGE_CURVE('',#5246,#5245,#1719,.T.);
#6460=EDGE_CURVE('',#5247,#5246,#1720,.T.);
#6461=EDGE_CURVE('',#5248,#5247,#1721,.T.);
#6462=EDGE_CURVE('',#5249,#5248,#1722,.T.);
#6463=EDGE_CURVE('',#5250,#5249,#1723,.T.);
#6464=EDGE_CURVE('',#5251,#5250,#1724,.T.);
#6465=EDGE_CURVE('',#5252,#5251,#1725,.T.);
#6466=EDGE_CURVE('',#5253,#5252,#1726,.T.);
#6467=EDGE_CURVE('',#4972,#5253,#1727,.T.);
#6468=EDGE_CURVE('',#5254,#5255,#1728,.T.);
#6469=EDGE_CURVE('',#5255,#5256,#1729,.T.);
#6470=EDGE_CURVE('',#5256,#5257,#1730,.T.);
#6471=EDGE_CURVE('',#5257,#5254,#1731,.T.);
#6472=EDGE_CURVE('',#5258,#5258,#48,.T.);
#6473=EDGE_CURVE('',#5065,#5162,#1732,.T.);
#6474=EDGE_CURVE('',#4974,#5253,#1733,.T.);
#6475=EDGE_CURVE('',#5064,#5163,#1734,.T.);
#6476=EDGE_CURVE('',#4975,#5252,#1735,.T.);
#6477=EDGE_CURVE('',#5063,#5164,#1736,.T.);
#6478=EDGE_CURVE('',#4976,#5251,#1737,.T.);
#6479=EDGE_CURVE('',#5062,#5165,#1738,.T.);
#6480=EDGE_CURVE('',#4977,#5250,#1739,.T.);
#6481=EDGE_CURVE('',#5061,#5166,#1740,.T.);
#6482=EDGE_CURVE('',#4978,#5249,#1741,.T.);
#6483=EDGE_CURVE('',#5060,#5167,#1742,.T.);
#6484=EDGE_CURVE('',#4979,#5248,#1743,.T.);
#6485=EDGE_CURVE('',#5059,#5168,#1744,.T.);
#6486=EDGE_CURVE('',#4980,#5247,#1745,.T.);
#6487=EDGE_CURVE('',#5058,#5169,#1746,.T.);
#6488=EDGE_CURVE('',#4981,#5246,#1747,.T.);
#6489=EDGE_CURVE('',#5057,#5170,#1748,.T.);
#6490=EDGE_CURVE('',#4982,#5245,#1749,.T.);
#6491=EDGE_CURVE('',#5056,#5171,#1750,.T.);
#6492=EDGE_CURVE('',#4983,#5244,#1751,.T.);
#6493=EDGE_CURVE('',#5055,#5172,#1752,.T.);
#6494=EDGE_CURVE('',#4984,#5243,#1753,.T.);
#6495=EDGE_CURVE('',#5054,#5173,#1754,.T.);
#6496=EDGE_CURVE('',#4985,#5242,#1755,.T.);
#6497=EDGE_CURVE('',#5053,#5174,#1756,.T.);
#6498=EDGE_CURVE('',#4986,#5241,#1757,.T.);
#6499=EDGE_CURVE('',#5052,#5175,#1758,.T.);
#6500=EDGE_CURVE('',#4987,#5240,#1759,.T.);
#6501=EDGE_CURVE('',#5051,#5176,#1760,.T.);
#6502=EDGE_CURVE('',#4988,#5239,#1761,.T.);
#6503=EDGE_CURVE('',#5050,#5177,#1762,.T.);
#6504=EDGE_CURVE('',#4989,#5238,#1763,.T.);
#6505=EDGE_CURVE('',#5049,#5178,#1764,.T.);
#6506=EDGE_CURVE('',#4990,#5237,#1765,.T.);
#6507=EDGE_CURVE('',#5048,#5179,#1766,.T.);
#6508=EDGE_CURVE('',#4991,#5236,#1767,.T.);
#6509=EDGE_CURVE('',#5047,#5180,#1768,.T.);
#6510=EDGE_CURVE('',#4992,#5235,#1769,.T.);
#6511=EDGE_CURVE('',#5046,#5181,#1770,.T.);
#6512=EDGE_CURVE('',#4993,#5234,#1771,.T.);
#6513=EDGE_CURVE('',#5045,#5182,#1772,.T.);
#6514=EDGE_CURVE('',#4994,#5233,#1773,.T.);
#6515=EDGE_CURVE('',#5044,#5183,#1774,.T.);
#6516=EDGE_CURVE('',#4995,#5232,#1775,.T.);
#6517=EDGE_CURVE('',#5043,#5184,#1776,.T.);
#6518=EDGE_CURVE('',#4996,#5231,#1777,.T.);
#6519=EDGE_CURVE('',#5042,#5185,#1778,.T.);
#6520=EDGE_CURVE('',#4997,#5230,#1779,.T.);
#6521=EDGE_CURVE('',#5041,#5186,#1780,.T.);
#6522=EDGE_CURVE('',#4998,#5229,#1781,.T.);
#6523=EDGE_CURVE('',#5040,#5187,#1782,.T.);
#6524=EDGE_CURVE('',#4999,#5228,#1783,.T.);
#6525=EDGE_CURVE('',#5039,#5188,#1784,.T.);
#6526=EDGE_CURVE('',#5000,#5227,#1785,.T.);
#6527=EDGE_CURVE('',#5038,#5189,#1786,.T.);
#6528=EDGE_CURVE('',#5001,#5226,#1787,.T.);
#6529=EDGE_CURVE('',#5037,#5190,#1788,.T.);
#6530=EDGE_CURVE('',#5002,#5225,#1789,.T.);
#6531=EDGE_CURVE('',#5036,#5191,#1790,.T.);
#6532=EDGE_CURVE('',#5003,#5224,#1791,.T.);
#6533=EDGE_CURVE('',#5035,#5192,#1792,.T.);
#6534=EDGE_CURVE('',#5004,#5223,#1793,.T.);
#6535=EDGE_CURVE('',#5034,#5193,#1794,.T.);
#6536=EDGE_CURVE('',#5005,#5222,#1795,.T.);
#6537=EDGE_CURVE('',#5033,#5194,#1796,.T.);
#6538=EDGE_CURVE('',#5006,#5221,#1797,.T.);
#6539=EDGE_CURVE('',#5032,#5195,#1798,.T.);
#6540=EDGE_CURVE('',#5007,#5220,#1799,.T.);
#6541=EDGE_CURVE('',#5031,#5196,#1800,.T.);
#6542=EDGE_CURVE('',#5008,#5219,#1801,.T.);
#6543=EDGE_CURVE('',#5030,#5197,#1802,.T.);
#6544=EDGE_CURVE('',#5009,#5218,#1803,.T.);
#6545=EDGE_CURVE('',#5029,#5198,#1804,.T.);
#6546=EDGE_CURVE('',#5010,#5217,#1805,.T.);
#6547=EDGE_CURVE('',#5028,#5199,#1806,.T.);
#6548=EDGE_CURVE('',#5011,#5216,#1807,.T.);
#6549=EDGE_CURVE('',#5027,#5200,#1808,.T.);
#6550=EDGE_CURVE('',#5012,#5215,#1809,.T.);
#6551=EDGE_CURVE('',#5026,#5201,#1810,.T.);
#6552=EDGE_CURVE('',#5013,#5214,#1811,.T.);
#6553=EDGE_CURVE('',#5025,#5202,#1812,.T.);
#6554=EDGE_CURVE('',#5014,#5213,#1813,.T.);
#6555=EDGE_CURVE('',#5024,#5203,#1814,.T.);
#6556=EDGE_CURVE('',#5015,#5212,#1815,.T.);
#6557=EDGE_CURVE('',#5023,#5204,#1816,.T.);
#6558=EDGE_CURVE('',#5016,#5211,#1817,.T.);
#6559=EDGE_CURVE('',#5022,#5205,#1818,.T.);
#6560=EDGE_CURVE('',#5017,#5210,#1819,.T.);
#6561=EDGE_CURVE('',#5021,#5206,#1820,.T.);
#6562=EDGE_CURVE('',#5018,#5209,#1821,.T.);
#6563=EDGE_CURVE('',#5020,#5207,#1822,.T.);
#6564=EDGE_CURVE('',#5019,#5208,#1823,.T.);
#6565=EDGE_CURVE('',#5259,#5260,#1824,.T.);
#6566=EDGE_CURVE('',#5260,#5261,#1825,.T.);
#6567=EDGE_CURVE('',#5261,#5262,#1826,.T.);
#6568=EDGE_CURVE('',#5262,#5263,#1827,.T.);
#6569=EDGE_CURVE('',#5263,#5264,#1828,.T.);
#6570=EDGE_CURVE('',#5264,#5265,#1829,.T.);
#6571=EDGE_CURVE('',#5265,#5266,#1830,.T.);
#6572=EDGE_CURVE('',#5266,#5267,#1831,.T.);
#6573=EDGE_CURVE('',#5267,#5268,#1832,.T.);
#6574=EDGE_CURVE('',#5268,#5269,#1833,.T.);
#6575=EDGE_CURVE('',#5269,#5270,#1834,.T.);
#6576=EDGE_CURVE('',#5270,#5271,#1835,.T.);
#6577=EDGE_CURVE('',#5271,#5272,#1836,.T.);
#6578=EDGE_CURVE('',#5272,#5273,#1837,.T.);
#6579=EDGE_CURVE('',#5273,#5274,#1838,.T.);
#6580=EDGE_CURVE('',#5274,#5275,#1839,.T.);
#6581=EDGE_CURVE('',#5275,#5276,#1840,.T.);
#6582=EDGE_CURVE('',#5276,#5277,#1841,.T.);
#6583=EDGE_CURVE('',#5277,#5278,#1842,.T.);
#6584=EDGE_CURVE('',#5278,#5279,#1843,.T.);
#6585=EDGE_CURVE('',#5280,#5279,#1844,.T.);
#6586=EDGE_CURVE('',#5281,#5280,#1845,.T.);
#6587=EDGE_CURVE('',#5282,#5281,#1846,.T.);
#6588=EDGE_CURVE('',#5283,#5282,#1847,.T.);
#6589=EDGE_CURVE('',#5284,#5283,#1848,.T.);
#6590=EDGE_CURVE('',#5285,#5284,#1849,.T.);
#6591=EDGE_CURVE('',#5286,#5285,#1850,.T.);
#6592=EDGE_CURVE('',#5287,#5286,#1851,.T.);
#6593=EDGE_CURVE('',#5288,#5287,#1852,.T.);
#6594=EDGE_CURVE('',#5289,#5288,#1853,.T.);
#6595=EDGE_CURVE('',#5290,#5289,#1854,.T.);
#6596=EDGE_CURVE('',#5291,#5290,#1855,.T.);
#6597=EDGE_CURVE('',#5292,#5291,#1856,.T.);
#6598=EDGE_CURVE('',#5293,#5292,#1857,.T.);
#6599=EDGE_CURVE('',#5294,#5293,#1858,.T.);
#6600=EDGE_CURVE('',#5295,#5294,#1859,.T.);
#6601=EDGE_CURVE('',#5296,#5295,#1860,.T.);
#6602=EDGE_CURVE('',#5297,#5296,#1861,.T.);
#6603=EDGE_CURVE('',#5298,#5297,#1862,.T.);
#6604=EDGE_CURVE('',#5299,#5298,#1863,.T.);
#6605=EDGE_CURVE('',#5300,#5299,#1864,.T.);
#6606=EDGE_CURVE('',#5301,#5300,#1865,.T.);
#6607=EDGE_CURVE('',#5302,#5301,#1866,.T.);
#6608=EDGE_CURVE('',#5303,#5302,#1867,.T.);
#6609=EDGE_CURVE('',#5304,#5303,#1868,.T.);
#6610=EDGE_CURVE('',#5305,#5304,#1869,.T.);
#6611=EDGE_CURVE('',#5306,#5305,#1870,.T.);
#6612=EDGE_CURVE('',#5307,#5306,#1871,.T.);
#6613=EDGE_CURVE('',#5308,#5307,#1872,.T.);
#6614=EDGE_CURVE('',#5309,#5308,#1873,.T.);
#6615=EDGE_CURVE('',#5310,#5309,#1874,.T.);
#6616=EDGE_CURVE('',#5311,#5310,#1875,.T.);
#6617=EDGE_CURVE('',#5312,#5311,#1876,.T.);
#6618=EDGE_CURVE('',#5313,#5312,#1877,.T.);
#6619=EDGE_CURVE('',#5314,#5313,#1878,.T.);
#6620=EDGE_CURVE('',#5315,#5314,#1879,.T.);
#6621=EDGE_CURVE('',#5316,#5315,#1880,.T.);
#6622=EDGE_CURVE('',#5317,#5316,#1881,.T.);
#6623=EDGE_CURVE('',#5318,#5317,#1882,.T.);
#6624=EDGE_CURVE('',#5319,#5318,#1883,.T.);
#6625=EDGE_CURVE('',#5320,#5319,#1884,.T.);
#6626=EDGE_CURVE('',#5321,#5320,#1885,.T.);
#6627=EDGE_CURVE('',#5322,#5321,#1886,.T.);
#6628=EDGE_CURVE('',#5323,#5322,#1887,.T.);
#6629=EDGE_CURVE('',#5324,#5323,#1888,.T.);
#6630=EDGE_CURVE('',#5325,#5324,#1889,.T.);
#6631=EDGE_CURVE('',#5326,#5325,#1890,.T.);
#6632=EDGE_CURVE('',#5327,#5326,#1891,.T.);
#6633=EDGE_CURVE('',#5328,#5327,#1892,.T.);
#6634=EDGE_CURVE('',#5329,#5328,#1893,.T.);
#6635=EDGE_CURVE('',#5330,#5329,#1894,.T.);
#6636=EDGE_CURVE('',#5330,#5331,#1895,.T.);
#6637=EDGE_CURVE('',#5331,#5332,#1896,.T.);
#6638=EDGE_CURVE('',#5332,#5333,#1897,.T.);
#6639=EDGE_CURVE('',#5333,#5334,#1898,.T.);
#6640=EDGE_CURVE('',#5334,#5335,#1899,.T.);
#6641=EDGE_CURVE('',#5335,#5336,#1900,.T.);
#6642=EDGE_CURVE('',#5336,#5337,#1901,.T.);
#6643=EDGE_CURVE('',#5337,#5338,#1902,.T.);
#6644=EDGE_CURVE('',#5338,#5339,#1903,.T.);
#6645=EDGE_CURVE('',#5339,#5340,#1904,.T.);
#6646=EDGE_CURVE('',#5340,#5341,#1905,.T.);
#6647=EDGE_CURVE('',#5341,#5342,#1906,.T.);
#6648=EDGE_CURVE('',#5342,#5343,#1907,.T.);
#6649=EDGE_CURVE('',#5343,#5344,#1908,.T.);
#6650=EDGE_CURVE('',#5344,#5345,#1909,.T.);
#6651=EDGE_CURVE('',#5345,#5346,#1910,.T.);
#6652=EDGE_CURVE('',#5346,#5347,#1911,.T.);
#6653=EDGE_CURVE('',#5347,#5348,#1912,.T.);
#6654=EDGE_CURVE('',#5348,#5349,#1913,.T.);
#6655=EDGE_CURVE('',#5349,#5350,#1914,.T.);
#6656=EDGE_CURVE('',#5350,#5351,#1915,.T.);
#6657=EDGE_CURVE('',#5351,#5352,#1916,.T.);
#6658=EDGE_CURVE('',#5352,#5353,#1917,.T.);
#6659=EDGE_CURVE('',#5353,#5354,#1918,.T.);
#6660=EDGE_CURVE('',#5354,#5259,#1919,.T.);
#6661=EDGE_CURVE('',#5067,#5355,#1920,.T.);
#6662=EDGE_CURVE('',#5356,#5355,#1921,.T.);
#6663=EDGE_CURVE('',#5066,#5356,#1922,.T.);
#6664=EDGE_CURVE('',#5161,#5357,#1923,.T.);
#6665=EDGE_CURVE('',#5355,#5357,#1924,.T.);
#6666=EDGE_CURVE('',#5160,#5358,#1925,.T.);
#6667=EDGE_CURVE('',#5357,#5358,#1926,.T.);
#6668=EDGE_CURVE('',#5159,#5359,#1927,.T.);
#6669=EDGE_CURVE('',#5358,#5359,#1928,.T.);
#6670=EDGE_CURVE('',#5158,#5360,#1929,.T.);
#6671=EDGE_CURVE('',#5359,#5360,#1930,.T.);
#6672=EDGE_CURVE('',#5157,#5361,#1931,.T.);
#6673=EDGE_CURVE('',#5360,#5361,#1932,.T.);
#6674=EDGE_CURVE('',#5156,#5362,#1933,.T.);
#6675=EDGE_CURVE('',#5361,#5362,#1934,.T.);
#6676=EDGE_CURVE('',#5155,#5363,#1935,.T.);
#6677=EDGE_CURVE('',#5362,#5363,#1936,.T.);
#6678=EDGE_CURVE('',#5154,#5364,#1937,.T.);
#6679=EDGE_CURVE('',#5363,#5364,#1938,.T.);
#6680=EDGE_CURVE('',#5153,#5365,#1939,.T.);
#6681=EDGE_CURVE('',#5364,#5365,#1940,.T.);
#6682=EDGE_CURVE('',#5152,#5366,#1941,.T.);
#6683=EDGE_CURVE('',#5365,#5366,#1942,.T.);
#6684=EDGE_CURVE('',#5151,#5367,#1943,.T.);
#6685=EDGE_CURVE('',#5366,#5367,#1944,.T.);
#6686=EDGE_CURVE('',#5150,#5368,#1945,.T.);
#6687=EDGE_CURVE('',#5367,#5368,#1946,.T.);
#6688=EDGE_CURVE('',#5149,#5369,#1947,.T.);
#6689=EDGE_CURVE('',#5368,#5369,#1948,.T.);
#6690=EDGE_CURVE('',#5148,#5370,#1949,.T.);
#6691=EDGE_CURVE('',#5369,#5370,#1950,.T.);
#6692=EDGE_CURVE('',#5147,#5371,#1951,.T.);
#6693=EDGE_CURVE('',#5370,#5371,#1952,.T.);
#6694=EDGE_CURVE('',#5146,#5372,#1953,.T.);
#6695=EDGE_CURVE('',#5371,#5372,#1954,.T.);
#6696=EDGE_CURVE('',#5145,#5373,#1955,.T.);
#6697=EDGE_CURVE('',#5372,#5373,#1956,.T.);
#6698=EDGE_CURVE('',#5144,#5374,#1957,.T.);
#6699=EDGE_CURVE('',#5373,#5374,#1958,.T.);
#6700=EDGE_CURVE('',#5143,#5375,#1959,.T.);
#6701=EDGE_CURVE('',#5374,#5375,#1960,.T.);
#6702=EDGE_CURVE('',#5142,#5376,#1961,.T.);
#6703=EDGE_CURVE('',#5375,#5376,#1962,.T.);
#6704=EDGE_CURVE('',#5141,#5377,#1963,.T.);
#6705=EDGE_CURVE('',#5376,#5377,#1964,.T.);
#6706=EDGE_CURVE('',#5140,#5378,#1965,.T.);
#6707=EDGE_CURVE('',#5377,#5378,#1966,.T.);
#6708=EDGE_CURVE('',#5139,#5379,#1967,.T.);
#6709=EDGE_CURVE('',#5378,#5379,#1968,.T.);
#6710=EDGE_CURVE('',#5138,#5380,#1969,.T.);
#6711=EDGE_CURVE('',#5379,#5380,#1970,.T.);
#6712=EDGE_CURVE('',#5137,#5381,#1971,.T.);
#6713=EDGE_CURVE('',#5380,#5381,#1972,.T.);
#6714=EDGE_CURVE('',#5136,#5382,#1973,.T.);
#6715=EDGE_CURVE('',#5381,#5382,#1974,.T.);
#6716=EDGE_CURVE('',#5135,#5383,#1975,.T.);
#6717=EDGE_CURVE('',#5382,#5383,#1976,.T.);
#6718=EDGE_CURVE('',#5134,#5384,#1977,.T.);
#6719=EDGE_CURVE('',#5383,#5384,#1978,.T.);
#6720=EDGE_CURVE('',#5133,#5385,#1979,.T.);
#6721=EDGE_CURVE('',#5384,#5385,#1980,.T.);
#6722=EDGE_CURVE('',#5132,#5386,#1981,.T.);
#6723=EDGE_CURVE('',#5385,#5386,#1982,.T.);
#6724=EDGE_CURVE('',#5131,#5387,#1983,.T.);
#6725=EDGE_CURVE('',#5386,#5387,#1984,.T.);
#6726=EDGE_CURVE('',#5130,#5388,#1985,.T.);
#6727=EDGE_CURVE('',#5387,#5388,#1986,.T.);
#6728=EDGE_CURVE('',#5129,#5389,#1987,.T.);
#6729=EDGE_CURVE('',#5388,#5389,#1988,.T.);
#6730=EDGE_CURVE('',#5128,#5390,#1989,.T.);
#6731=EDGE_CURVE('',#5389,#5390,#1990,.T.);
#6732=EDGE_CURVE('',#5127,#5391,#1991,.T.);
#6733=EDGE_CURVE('',#5390,#5391,#1992,.T.);
#6734=EDGE_CURVE('',#5126,#5392,#1993,.T.);
#6735=EDGE_CURVE('',#5391,#5392,#1994,.T.);
#6736=EDGE_CURVE('',#5125,#5393,#1995,.T.);
#6737=EDGE_CURVE('',#5392,#5393,#1996,.T.);
#6738=EDGE_CURVE('',#5124,#5394,#1997,.T.);
#6739=EDGE_CURVE('',#5393,#5394,#1998,.T.);
#6740=EDGE_CURVE('',#5123,#5395,#1999,.T.);
#6741=EDGE_CURVE('',#5394,#5395,#2000,.T.);
#6742=EDGE_CURVE('',#5122,#5396,#2001,.T.);
#6743=EDGE_CURVE('',#5395,#5396,#2002,.T.);
#6744=EDGE_CURVE('',#5121,#5397,#2003,.T.);
#6745=EDGE_CURVE('',#5396,#5397,#2004,.T.);
#6746=EDGE_CURVE('',#5120,#5398,#2005,.T.);
#6747=EDGE_CURVE('',#5397,#5398,#2006,.T.);
#6748=EDGE_CURVE('',#5119,#5399,#2007,.T.);
#6749=EDGE_CURVE('',#5398,#5399,#2008,.T.);
#6750=EDGE_CURVE('',#5118,#5400,#2009,.T.);
#6751=EDGE_CURVE('',#5399,#5400,#2010,.T.);
#6752=EDGE_CURVE('',#5117,#5401,#2011,.T.);
#6753=EDGE_CURVE('',#5400,#5401,#2012,.T.);
#6754=EDGE_CURVE('',#5116,#5402,#2013,.T.);
#6755=EDGE_CURVE('',#5401,#5402,#2014,.T.);
#6756=EDGE_CURVE('',#5115,#5403,#2015,.T.);
#6757=EDGE_CURVE('',#5402,#5403,#2016,.T.);
#6758=EDGE_CURVE('',#5114,#5404,#2017,.T.);
#6759=EDGE_CURVE('',#5403,#5404,#2018,.T.);
#6760=EDGE_CURVE('',#5113,#5405,#2019,.T.);
#6761=EDGE_CURVE('',#5404,#5405,#2020,.T.);
#6762=EDGE_CURVE('',#5112,#5406,#2021,.T.);
#6763=EDGE_CURVE('',#5405,#5406,#2022,.T.);
#6764=EDGE_CURVE('',#5111,#5407,#2023,.T.);
#6765=EDGE_CURVE('',#5406,#5407,#2024,.T.);
#6766=EDGE_CURVE('',#5110,#5408,#2025,.T.);
#6767=EDGE_CURVE('',#5407,#5408,#2026,.T.);
#6768=EDGE_CURVE('',#5109,#5409,#2027,.T.);
#6769=EDGE_CURVE('',#5408,#5409,#2028,.T.);
#6770=EDGE_CURVE('',#5108,#5410,#2029,.T.);
#6771=EDGE_CURVE('',#5409,#5410,#2030,.T.);
#6772=EDGE_CURVE('',#5107,#5411,#2031,.T.);
#6773=EDGE_CURVE('',#5410,#5411,#2032,.T.);
#6774=EDGE_CURVE('',#5106,#5412,#2033,.T.);
#6775=EDGE_CURVE('',#5411,#5412,#2034,.T.);
#6776=EDGE_CURVE('',#5105,#5413,#2035,.T.);
#6777=EDGE_CURVE('',#5412,#5413,#2036,.T.);
#6778=EDGE_CURVE('',#5104,#5414,#2037,.T.);
#6779=EDGE_CURVE('',#5413,#5414,#2038,.T.);
#6780=EDGE_CURVE('',#5103,#5415,#2039,.T.);
#6781=EDGE_CURVE('',#5414,#5415,#2040,.T.);
#6782=EDGE_CURVE('',#5102,#5416,#2041,.T.);
#6783=EDGE_CURVE('',#5415,#5416,#2042,.T.);
#6784=EDGE_CURVE('',#5101,#5417,#2043,.T.);
#6785=EDGE_CURVE('',#5416,#5417,#2044,.T.);
#6786=EDGE_CURVE('',#5100,#5418,#2045,.T.);
#6787=EDGE_CURVE('',#5417,#5418,#2046,.T.);
#6788=EDGE_CURVE('',#5099,#5419,#2047,.T.);
#6789=EDGE_CURVE('',#5418,#5419,#2048,.T.);
#6790=EDGE_CURVE('',#5098,#5420,#2049,.T.);
#6791=EDGE_CURVE('',#5419,#5420,#2050,.T.);
#6792=EDGE_CURVE('',#5097,#5421,#2051,.T.);
#6793=EDGE_CURVE('',#5420,#5421,#2052,.T.);
#6794=EDGE_CURVE('',#5096,#5422,#2053,.T.);
#6795=EDGE_CURVE('',#5421,#5422,#2054,.T.);
#6796=EDGE_CURVE('',#5095,#5423,#2055,.T.);
#6797=EDGE_CURVE('',#5422,#5423,#2056,.T.);
#6798=EDGE_CURVE('',#5094,#5424,#2057,.T.);
#6799=EDGE_CURVE('',#5423,#5424,#2058,.T.);
#6800=EDGE_CURVE('',#5093,#5425,#2059,.T.);
#6801=EDGE_CURVE('',#5424,#5425,#2060,.T.);
#6802=EDGE_CURVE('',#5092,#5426,#2061,.T.);
#6803=EDGE_CURVE('',#5425,#5426,#2062,.T.);
#6804=EDGE_CURVE('',#5091,#5427,#2063,.T.);
#6805=EDGE_CURVE('',#5426,#5427,#2064,.T.);
#6806=EDGE_CURVE('',#5090,#5428,#2065,.T.);
#6807=EDGE_CURVE('',#5427,#5428,#2066,.T.);
#6808=EDGE_CURVE('',#5089,#5429,#2067,.T.);
#6809=EDGE_CURVE('',#5428,#5429,#2068,.T.);
#6810=EDGE_CURVE('',#5088,#5430,#2069,.T.);
#6811=EDGE_CURVE('',#5429,#5430,#2070,.T.);
#6812=EDGE_CURVE('',#5087,#5431,#2071,.T.);
#6813=EDGE_CURVE('',#5430,#5431,#2072,.T.);
#6814=EDGE_CURVE('',#5086,#5432,#2073,.T.);
#6815=EDGE_CURVE('',#5431,#5432,#2074,.T.);
#6816=EDGE_CURVE('',#5085,#5433,#2075,.T.);
#6817=EDGE_CURVE('',#5432,#5433,#2076,.T.);
#6818=EDGE_CURVE('',#5084,#5434,#2077,.T.);
#6819=EDGE_CURVE('',#5433,#5434,#2078,.T.);
#6820=EDGE_CURVE('',#5083,#5435,#2079,.T.);
#6821=EDGE_CURVE('',#5434,#5435,#2080,.T.);
#6822=EDGE_CURVE('',#5082,#5436,#2081,.T.);
#6823=EDGE_CURVE('',#5435,#5436,#2082,.T.);
#6824=EDGE_CURVE('',#5081,#5437,#2083,.T.);
#6825=EDGE_CURVE('',#5436,#5437,#2084,.T.);
#6826=EDGE_CURVE('',#5080,#5438,#2085,.T.);
#6827=EDGE_CURVE('',#5437,#5438,#2086,.T.);
#6828=EDGE_CURVE('',#5079,#5439,#2087,.T.);
#6829=EDGE_CURVE('',#5438,#5439,#2088,.T.);
#6830=EDGE_CURVE('',#5078,#5440,#2089,.T.);
#6831=EDGE_CURVE('',#5439,#5440,#2090,.T.);
#6832=EDGE_CURVE('',#5077,#5441,#2091,.T.);
#6833=EDGE_CURVE('',#5440,#5441,#2092,.T.);
#6834=EDGE_CURVE('',#5076,#5442,#2093,.T.);
#6835=EDGE_CURVE('',#5441,#5442,#2094,.T.);
#6836=EDGE_CURVE('',#5075,#5443,#2095,.T.);
#6837=EDGE_CURVE('',#5442,#5443,#2096,.T.);
#6838=EDGE_CURVE('',#5074,#5444,#2097,.T.);
#6839=EDGE_CURVE('',#5443,#5444,#2098,.T.);
#6840=EDGE_CURVE('',#5073,#5445,#2099,.T.);
#6841=EDGE_CURVE('',#5444,#5445,#2100,.T.);
#6842=EDGE_CURVE('',#5072,#5446,#2101,.T.);
#6843=EDGE_CURVE('',#5445,#5446,#2102,.T.);
#6844=EDGE_CURVE('',#5071,#5447,#2103,.T.);
#6845=EDGE_CURVE('',#5446,#5447,#2104,.T.);
#6846=EDGE_CURVE('',#5070,#5448,#2105,.T.);
#6847=EDGE_CURVE('',#5447,#5448,#2106,.T.);
#6848=EDGE_CURVE('',#5069,#5449,#2107,.T.);
#6849=EDGE_CURVE('',#5448,#5449,#2108,.T.);
#6850=EDGE_CURVE('',#5068,#5450,#2109,.T.);
#6851=EDGE_CURVE('',#5449,#5450,#2110,.T.);
#6852=EDGE_CURVE('',#5450,#5356,#2111,.T.);
#6853=EDGE_CURVE('',#5451,#5452,#2112,.T.);
#6854=EDGE_CURVE('',#5452,#5453,#2113,.T.);
#6855=EDGE_CURVE('',#5453,#5454,#2114,.T.);
#6856=EDGE_CURVE('',#5454,#5455,#2115,.T.);
#6857=EDGE_CURVE('',#5455,#5456,#2116,.T.);
#6858=EDGE_CURVE('',#5456,#5457,#2117,.T.);
#6859=EDGE_CURVE('',#5457,#5458,#2118,.T.);
#6860=EDGE_CURVE('',#5458,#5459,#2119,.T.);
#6861=EDGE_CURVE('',#5459,#5460,#2120,.T.);
#6862=EDGE_CURVE('',#5460,#5461,#2121,.T.);
#6863=EDGE_CURVE('',#5461,#5462,#2122,.T.);
#6864=EDGE_CURVE('',#5462,#5463,#2123,.T.);
#6865=EDGE_CURVE('',#5463,#5464,#2124,.T.);
#6866=EDGE_CURVE('',#5464,#5465,#2125,.T.);
#6867=EDGE_CURVE('',#5465,#5466,#2126,.T.);
#6868=EDGE_CURVE('',#5466,#5467,#2127,.T.);
#6869=EDGE_CURVE('',#5467,#5468,#2128,.T.);
#6870=EDGE_CURVE('',#5468,#5469,#2129,.T.);
#6871=EDGE_CURVE('',#5469,#5470,#2130,.T.);
#6872=EDGE_CURVE('',#5470,#5471,#2131,.T.);
#6873=EDGE_CURVE('',#5471,#5472,#2132,.T.);
#6874=EDGE_CURVE('',#5472,#5473,#2133,.T.);
#6875=EDGE_CURVE('',#5473,#5474,#2134,.T.);
#6876=EDGE_CURVE('',#5474,#5475,#2135,.T.);
#6877=EDGE_CURVE('',#5475,#5476,#2136,.T.);
#6878=EDGE_CURVE('',#5476,#5477,#2137,.T.);
#6879=EDGE_CURVE('',#5477,#5478,#2138,.T.);
#6880=EDGE_CURVE('',#5478,#5479,#2139,.T.);
#6881=EDGE_CURVE('',#5479,#5480,#2140,.T.);
#6882=EDGE_CURVE('',#5480,#5481,#2141,.T.);
#6883=EDGE_CURVE('',#5481,#5482,#2142,.T.);
#6884=EDGE_CURVE('',#5482,#5483,#2143,.T.);
#6885=EDGE_CURVE('',#5483,#5484,#2144,.T.);
#6886=EDGE_CURVE('',#5484,#5485,#2145,.T.);
#6887=EDGE_CURVE('',#5485,#5486,#2146,.T.);
#6888=EDGE_CURVE('',#5486,#5487,#2147,.T.);
#6889=EDGE_CURVE('',#5487,#5488,#2148,.T.);
#6890=EDGE_CURVE('',#5488,#5489,#2149,.T.);
#6891=EDGE_CURVE('',#5489,#5490,#2150,.T.);
#6892=EDGE_CURVE('',#5490,#5491,#2151,.T.);
#6893=EDGE_CURVE('',#5491,#5492,#2152,.T.);
#6894=EDGE_CURVE('',#5492,#5493,#2153,.T.);
#6895=EDGE_CURVE('',#5493,#5494,#2154,.T.);
#6896=EDGE_CURVE('',#5494,#5495,#2155,.T.);
#6897=EDGE_CURVE('',#5495,#5496,#2156,.T.);
#6898=EDGE_CURVE('',#5496,#5497,#2157,.T.);
#6899=EDGE_CURVE('',#5497,#5498,#2158,.T.);
#6900=EDGE_CURVE('',#5498,#5499,#2159,.T.);
#6901=EDGE_CURVE('',#5499,#5500,#2160,.T.);
#6902=EDGE_CURVE('',#5500,#5501,#2161,.T.);
#6903=EDGE_CURVE('',#5501,#5502,#2162,.T.);
#6904=EDGE_CURVE('',#5502,#5503,#2163,.T.);
#6905=EDGE_CURVE('',#5503,#5504,#2164,.T.);
#6906=EDGE_CURVE('',#5504,#5505,#2165,.T.);
#6907=EDGE_CURVE('',#5505,#5506,#2166,.T.);
#6908=EDGE_CURVE('',#5506,#5507,#2167,.T.);
#6909=EDGE_CURVE('',#5507,#5508,#2168,.T.);
#6910=EDGE_CURVE('',#5508,#5509,#2169,.T.);
#6911=EDGE_CURVE('',#5509,#5510,#2170,.T.);
#6912=EDGE_CURVE('',#5510,#5511,#2171,.T.);
#6913=EDGE_CURVE('',#5511,#5512,#2172,.T.);
#6914=EDGE_CURVE('',#5512,#5513,#2173,.T.);
#6915=EDGE_CURVE('',#5513,#5514,#2174,.T.);
#6916=EDGE_CURVE('',#5514,#5515,#2175,.T.);
#6917=EDGE_CURVE('',#5515,#5516,#2176,.T.);
#6918=EDGE_CURVE('',#5516,#5517,#2177,.T.);
#6919=EDGE_CURVE('',#5517,#5518,#2178,.T.);
#6920=EDGE_CURVE('',#5518,#5519,#2179,.T.);
#6921=EDGE_CURVE('',#5519,#5520,#2180,.T.);
#6922=EDGE_CURVE('',#5520,#5521,#2181,.T.);
#6923=EDGE_CURVE('',#5521,#5522,#2182,.T.);
#6924=EDGE_CURVE('',#5522,#5523,#2183,.T.);
#6925=EDGE_CURVE('',#5523,#5524,#2184,.T.);
#6926=EDGE_CURVE('',#5524,#5525,#2185,.T.);
#6927=EDGE_CURVE('',#5525,#5526,#2186,.T.);
#6928=EDGE_CURVE('',#5526,#5527,#2187,.T.);
#6929=EDGE_CURVE('',#5527,#5528,#2188,.T.);
#6930=EDGE_CURVE('',#5528,#5529,#2189,.T.);
#6931=EDGE_CURVE('',#5529,#5530,#2190,.T.);
#6932=EDGE_CURVE('',#5530,#5531,#2191,.T.);
#6933=EDGE_CURVE('',#5531,#5532,#2192,.T.);
#6934=EDGE_CURVE('',#5532,#5533,#2193,.T.);
#6935=EDGE_CURVE('',#5533,#5534,#2194,.T.);
#6936=EDGE_CURVE('',#5534,#5535,#2195,.T.);
#6937=EDGE_CURVE('',#5535,#5536,#2196,.T.);
#6938=EDGE_CURVE('',#5536,#5537,#2197,.T.);
#6939=EDGE_CURVE('',#5537,#5538,#2198,.T.);
#6940=EDGE_CURVE('',#5538,#5539,#2199,.T.);
#6941=EDGE_CURVE('',#5539,#5540,#2200,.T.);
#6942=EDGE_CURVE('',#5540,#5541,#2201,.T.);
#6943=EDGE_CURVE('',#5541,#5542,#2202,.T.);
#6944=EDGE_CURVE('',#5542,#5543,#2203,.T.);
#6945=EDGE_CURVE('',#5543,#5544,#2204,.T.);
#6946=EDGE_CURVE('',#5544,#5545,#2205,.T.);
#6947=EDGE_CURVE('',#5545,#5546,#2206,.T.);
#6948=EDGE_CURVE('',#5546,#5451,#2207,.T.);
#6949=EDGE_CURVE('',#5547,#5548,#2208,.T.);
#6950=EDGE_CURVE('',#5548,#5255,#2209,.T.);
#6951=EDGE_CURVE('',#5547,#5254,#2210,.T.);
#6952=EDGE_CURVE('',#5549,#5547,#2211,.T.);
#6953=EDGE_CURVE('',#5549,#5257,#2212,.T.);
#6954=EDGE_CURVE('',#5548,#5550,#2213,.T.);
#6955=EDGE_CURVE('',#5550,#5256,#2214,.T.);
#6956=EDGE_CURVE('',#5550,#5549,#2215,.T.);
#6957=EDGE_CURVE('',#5258,#5551,#2216,.T.);
#6958=EDGE_CURVE('',#5551,#5551,#49,.T.);
#6959=EDGE_CURVE('',#5259,#5453,#2217,.T.);
#6960=EDGE_CURVE('',#5260,#5452,#2218,.T.);
#6961=EDGE_CURVE('',#5354,#5454,#2219,.T.);
#6962=EDGE_CURVE('',#5353,#5455,#2220,.T.);
#6963=EDGE_CURVE('',#5352,#5456,#2221,.T.);
#6964=EDGE_CURVE('',#5351,#5457,#2222,.T.);
#6965=EDGE_CURVE('',#5350,#5458,#2223,.T.);
#6966=EDGE_CURVE('',#5349,#5459,#2224,.T.);
#6967=EDGE_CURVE('',#5348,#5460,#2225,.T.);
#6968=EDGE_CURVE('',#5347,#5461,#2226,.T.);
#6969=EDGE_CURVE('',#5346,#5462,#2227,.T.);
#6970=EDGE_CURVE('',#5345,#5463,#2228,.T.);
#6971=EDGE_CURVE('',#5344,#5464,#2229,.T.);
#6972=EDGE_CURVE('',#5343,#5465,#2230,.T.);
#6973=EDGE_CURVE('',#5342,#5466,#2231,.T.);
#6974=EDGE_CURVE('',#5341,#5467,#2232,.T.);
#6975=EDGE_CURVE('',#5340,#5468,#2233,.T.);
#6976=EDGE_CURVE('',#5339,#5469,#2234,.T.);
#6977=EDGE_CURVE('',#5338,#5470,#2235,.T.);
#6978=EDGE_CURVE('',#5337,#5471,#2236,.T.);
#6979=EDGE_CURVE('',#5336,#5472,#2237,.T.);
#6980=EDGE_CURVE('',#5335,#5473,#2238,.T.);
#6981=EDGE_CURVE('',#5334,#5474,#2239,.T.);
#6982=EDGE_CURVE('',#5333,#5475,#2240,.T.);
#6983=EDGE_CURVE('',#5332,#5476,#2241,.T.);
#6984=EDGE_CURVE('',#5331,#5477,#2242,.T.);
#6985=EDGE_CURVE('',#5330,#5478,#2243,.T.);
#6986=EDGE_CURVE('',#5329,#5479,#2244,.T.);
#6987=EDGE_CURVE('',#5328,#5480,#2245,.T.);
#6988=EDGE_CURVE('',#5327,#5481,#2246,.T.);
#6989=EDGE_CURVE('',#5326,#5482,#2247,.T.);
#6990=EDGE_CURVE('',#5325,#5483,#2248,.T.);
#6991=EDGE_CURVE('',#5324,#5484,#2249,.T.);
#6992=EDGE_CURVE('',#5323,#5485,#2250,.T.);
#6993=EDGE_CURVE('',#5322,#5486,#2251,.T.);
#6994=EDGE_CURVE('',#5321,#5487,#2252,.T.);
#6995=EDGE_CURVE('',#5320,#5488,#2253,.T.);
#6996=EDGE_CURVE('',#5319,#5489,#2254,.T.);
#6997=EDGE_CURVE('',#5318,#5490,#2255,.T.);
#6998=EDGE_CURVE('',#5317,#5491,#2256,.T.);
#6999=EDGE_CURVE('',#5316,#5492,#2257,.T.);
#7000=EDGE_CURVE('',#5315,#5493,#2258,.T.);
#7001=EDGE_CURVE('',#5314,#5494,#2259,.T.);
#7002=EDGE_CURVE('',#5313,#5495,#2260,.T.);
#7003=EDGE_CURVE('',#5312,#5496,#2261,.T.);
#7004=EDGE_CURVE('',#5311,#5497,#2262,.T.);
#7005=EDGE_CURVE('',#5310,#5498,#2263,.T.);
#7006=EDGE_CURVE('',#5309,#5499,#2264,.T.);
#7007=EDGE_CURVE('',#5308,#5500,#2265,.T.);
#7008=EDGE_CURVE('',#5307,#5501,#2266,.T.);
#7009=EDGE_CURVE('',#5306,#5502,#2267,.T.);
#7010=EDGE_CURVE('',#5305,#5503,#2268,.T.);
#7011=EDGE_CURVE('',#5304,#5504,#2269,.T.);
#7012=EDGE_CURVE('',#5303,#5505,#2270,.T.);
#7013=EDGE_CURVE('',#5302,#5506,#2271,.T.);
#7014=EDGE_CURVE('',#5301,#5507,#2272,.T.);
#7015=EDGE_CURVE('',#5300,#5508,#2273,.T.);
#7016=EDGE_CURVE('',#5299,#5509,#2274,.T.);
#7017=EDGE_CURVE('',#5298,#5510,#2275,.T.);
#7018=EDGE_CURVE('',#5297,#5511,#2276,.T.);
#7019=EDGE_CURVE('',#5296,#5512,#2277,.T.);
#7020=EDGE_CURVE('',#5295,#5513,#2278,.T.);
#7021=EDGE_CURVE('',#5294,#5514,#2279,.T.);
#7022=EDGE_CURVE('',#5293,#5515,#2280,.T.);
#7023=EDGE_CURVE('',#5292,#5516,#2281,.T.);
#7024=EDGE_CURVE('',#5291,#5517,#2282,.T.);
#7025=EDGE_CURVE('',#5290,#5518,#2283,.T.);
#7026=EDGE_CURVE('',#5289,#5519,#2284,.T.);
#7027=EDGE_CURVE('',#5288,#5520,#2285,.T.);
#7028=EDGE_CURVE('',#5287,#5521,#2286,.T.);
#7029=EDGE_CURVE('',#5286,#5522,#2287,.T.);
#7030=EDGE_CURVE('',#5285,#5523,#2288,.T.);
#7031=EDGE_CURVE('',#5284,#5524,#2289,.T.);
#7032=EDGE_CURVE('',#5283,#5525,#2290,.T.);
#7033=EDGE_CURVE('',#5282,#5526,#2291,.T.);
#7034=EDGE_CURVE('',#5281,#5527,#2292,.T.);
#7035=EDGE_CURVE('',#5280,#5528,#2293,.T.);
#7036=EDGE_CURVE('',#5279,#5529,#2294,.T.);
#7037=EDGE_CURVE('',#5278,#5530,#2295,.T.);
#7038=EDGE_CURVE('',#5277,#5531,#2296,.T.);
#7039=EDGE_CURVE('',#5276,#5532,#2297,.T.);
#7040=EDGE_CURVE('',#5275,#5533,#2298,.T.);
#7041=EDGE_CURVE('',#5274,#5534,#2299,.T.);
#7042=EDGE_CURVE('',#5273,#5535,#2300,.T.);
#7043=EDGE_CURVE('',#5272,#5536,#2301,.T.);
#7044=EDGE_CURVE('',#5271,#5537,#2302,.T.);
#7045=EDGE_CURVE('',#5270,#5538,#2303,.T.);
#7046=EDGE_CURVE('',#5269,#5539,#2304,.T.);
#7047=EDGE_CURVE('',#5268,#5540,#2305,.T.);
#7048=EDGE_CURVE('',#5267,#5541,#2306,.T.);
#7049=EDGE_CURVE('',#5266,#5542,#2307,.T.);
#7050=EDGE_CURVE('',#5265,#5543,#2308,.T.);
#7051=EDGE_CURVE('',#5264,#5544,#2309,.T.);
#7052=EDGE_CURVE('',#5263,#5545,#2310,.T.);
#7053=EDGE_CURVE('',#5262,#5546,#2311,.T.);
#7054=EDGE_CURVE('',#5261,#5451,#2312,.T.);
#7055=EDGE_CURVE('',#5552,#5552,#50,.T.);
#7056=EDGE_CURVE('',#5553,#5553,#51,.T.);
#7057=EDGE_CURVE('',#5554,#5554,#52,.T.);
#7058=EDGE_CURVE('',#5555,#5555,#53,.T.);
#7059=EDGE_CURVE('',#5556,#5556,#54,.T.);
#7060=EDGE_CURVE('',#5556,#5552,#2313,.T.);
#7061=EDGE_CURVE('',#5557,#5557,#55,.T.);
#7062=EDGE_CURVE('',#5557,#5553,#2314,.T.);
#7063=EDGE_CURVE('',#5558,#5558,#56,.T.);
#7064=EDGE_CURVE('',#5558,#5554,#2315,.T.);
#7065=EDGE_CURVE('',#5559,#5559,#57,.T.);
#7066=EDGE_CURVE('',#5559,#5555,#2316,.T.);
#7067=EDGE_CURVE('',#5560,#5560,#58,.T.);
#7068=EDGE_CURVE('',#5561,#5561,#59,.T.);
#7069=EDGE_CURVE('',#5562,#5562,#60,.T.);
#7070=EDGE_CURVE('',#5563,#5563,#61,.T.);
#7071=EDGE_CURVE('',#5564,#5564,#62,.T.);
#7072=EDGE_CURVE('',#5564,#5560,#2317,.T.);
#7073=EDGE_CURVE('',#5565,#5565,#63,.T.);
#7074=EDGE_CURVE('',#5565,#5561,#2318,.T.);
#7075=EDGE_CURVE('',#5566,#5566,#64,.T.);
#7076=EDGE_CURVE('',#5566,#5562,#2319,.T.);
#7077=EDGE_CURVE('',#5567,#5567,#65,.T.);
#7078=EDGE_CURVE('',#5567,#5563,#2320,.T.);
#7079=EDGE_CURVE('',#5568,#5569,#2321,.T.);
#7080=EDGE_CURVE('',#5569,#5570,#2322,.T.);
#7081=EDGE_CURVE('',#5571,#5570,#2323,.T.);
#7082=EDGE_CURVE('',#5568,#5571,#2324,.T.);
#7083=EDGE_CURVE('',#5572,#5573,#2325,.T.);
#7084=EDGE_CURVE('',#5573,#5569,#2326,.T.);
#7085=EDGE_CURVE('',#5572,#5568,#2327,.T.);
#7086=EDGE_CURVE('',#5570,#5574,#2328,.T.);
#7087=EDGE_CURVE('',#5575,#5574,#2329,.T.);
#7088=EDGE_CURVE('',#5571,#5575,#2330,.T.);
#7089=EDGE_CURVE('',#5575,#5576,#2331,.T.);
#7090=EDGE_CURVE('',#5576,#5577,#2332,.T.);
#7091=EDGE_CURVE('',#5577,#5578,#2333,.T.);
#7092=EDGE_CURVE('',#5578,#5579,#2334,.T.);
#7093=EDGE_CURVE('',#5579,#5580,#2335,.T.);
#7094=EDGE_CURVE('',#5580,#5581,#2336,.T.);
#7095=EDGE_CURVE('',#5581,#5582,#2337,.T.);
#7096=EDGE_CURVE('',#5582,#5583,#2338,.T.);
#7097=EDGE_CURVE('',#5583,#5584,#2339,.T.);
#7098=EDGE_CURVE('',#5584,#5585,#2340,.T.);
#7099=EDGE_CURVE('',#5585,#5586,#2341,.T.);
#7100=EDGE_CURVE('',#5586,#5587,#2342,.T.);
#7101=EDGE_CURVE('',#5587,#5588,#2343,.T.);
#7102=EDGE_CURVE('',#5588,#5589,#2344,.T.);
#7103=EDGE_CURVE('',#5589,#5590,#2345,.T.);
#7104=EDGE_CURVE('',#5590,#5591,#2346,.T.);
#7105=EDGE_CURVE('',#5591,#5592,#2347,.T.);
#7106=EDGE_CURVE('',#5592,#5593,#2348,.T.);
#7107=EDGE_CURVE('',#5593,#5594,#2349,.T.);
#7108=EDGE_CURVE('',#5594,#5595,#2350,.T.);
#7109=EDGE_CURVE('',#5595,#5596,#2351,.T.);
#7110=EDGE_CURVE('',#5596,#5597,#2352,.T.);
#7111=EDGE_CURVE('',#5597,#5598,#2353,.T.);
#7112=EDGE_CURVE('',#5598,#5599,#2354,.T.);
#7113=EDGE_CURVE('',#5599,#5600,#2355,.T.);
#7114=EDGE_CURVE('',#5600,#5601,#2356,.T.);
#7115=EDGE_CURVE('',#5601,#5602,#2357,.T.);
#7116=EDGE_CURVE('',#5602,#5603,#2358,.T.);
#7117=EDGE_CURVE('',#5603,#5604,#2359,.T.);
#7118=EDGE_CURVE('',#5604,#5605,#2360,.T.);
#7119=EDGE_CURVE('',#5605,#5606,#2361,.T.);
#7120=EDGE_CURVE('',#5606,#5607,#2362,.T.);
#7121=EDGE_CURVE('',#5607,#5608,#2363,.T.);
#7122=EDGE_CURVE('',#5608,#5609,#2364,.T.);
#7123=EDGE_CURVE('',#5609,#5610,#2365,.T.);
#7124=EDGE_CURVE('',#5610,#5611,#2366,.T.);
#7125=EDGE_CURVE('',#5611,#5612,#2367,.T.);
#7126=EDGE_CURVE('',#5612,#5613,#2368,.T.);
#7127=EDGE_CURVE('',#5613,#5614,#2369,.T.);
#7128=EDGE_CURVE('',#5614,#5615,#2370,.T.);
#7129=EDGE_CURVE('',#5615,#5616,#2371,.T.);
#7130=EDGE_CURVE('',#5616,#5617,#2372,.T.);
#7131=EDGE_CURVE('',#5617,#5618,#2373,.T.);
#7132=EDGE_CURVE('',#5618,#5619,#2374,.T.);
#7133=EDGE_CURVE('',#5619,#5620,#2375,.T.);
#7134=EDGE_CURVE('',#5620,#5621,#2376,.T.);
#7135=EDGE_CURVE('',#5621,#5622,#2377,.T.);
#7136=EDGE_CURVE('',#5622,#5623,#2378,.T.);
#7137=EDGE_CURVE('',#5623,#5624,#2379,.T.);
#7138=EDGE_CURVE('',#5624,#5625,#2380,.T.);
#7139=EDGE_CURVE('',#5625,#5626,#2381,.T.);
#7140=EDGE_CURVE('',#5626,#5627,#2382,.T.);
#7141=EDGE_CURVE('',#5627,#5628,#2383,.T.);
#7142=EDGE_CURVE('',#5628,#5629,#2384,.T.);
#7143=EDGE_CURVE('',#5629,#5630,#2385,.T.);
#7144=EDGE_CURVE('',#5630,#5631,#2386,.T.);
#7145=EDGE_CURVE('',#5631,#5632,#2387,.T.);
#7146=EDGE_CURVE('',#5632,#5633,#2388,.T.);
#7147=EDGE_CURVE('',#5633,#5634,#2389,.T.);
#7148=EDGE_CURVE('',#5634,#5635,#2390,.T.);
#7149=EDGE_CURVE('',#5635,#5636,#2391,.T.);
#7150=EDGE_CURVE('',#5636,#5637,#2392,.T.);
#7151=EDGE_CURVE('',#5637,#5638,#2393,.T.);
#7152=EDGE_CURVE('',#5638,#5639,#2394,.T.);
#7153=EDGE_CURVE('',#5639,#5640,#2395,.T.);
#7154=EDGE_CURVE('',#5640,#5641,#2396,.T.);
#7155=EDGE_CURVE('',#5641,#5642,#2397,.T.);
#7156=EDGE_CURVE('',#5642,#5643,#2398,.T.);
#7157=EDGE_CURVE('',#5643,#5644,#2399,.T.);
#7158=EDGE_CURVE('',#5644,#5645,#2400,.T.);
#7159=EDGE_CURVE('',#5645,#5646,#2401,.T.);
#7160=EDGE_CURVE('',#5646,#5647,#2402,.T.);
#7161=EDGE_CURVE('',#5647,#5648,#2403,.T.);
#7162=EDGE_CURVE('',#5648,#5649,#2404,.T.);
#7163=EDGE_CURVE('',#5649,#5650,#2405,.T.);
#7164=EDGE_CURVE('',#5650,#5651,#2406,.T.);
#7165=EDGE_CURVE('',#5651,#5652,#2407,.T.);
#7166=EDGE_CURVE('',#5652,#5653,#2408,.T.);
#7167=EDGE_CURVE('',#5653,#5654,#2409,.T.);
#7168=EDGE_CURVE('',#5654,#5655,#2410,.T.);
#7169=EDGE_CURVE('',#5655,#5656,#2411,.T.);
#7170=EDGE_CURVE('',#5656,#5657,#2412,.T.);
#7171=EDGE_CURVE('',#5657,#5658,#2413,.T.);
#7172=EDGE_CURVE('',#5658,#5659,#2414,.T.);
#7173=EDGE_CURVE('',#5659,#5660,#2415,.T.);
#7174=EDGE_CURVE('',#5660,#5661,#2416,.T.);
#7175=EDGE_CURVE('',#5661,#5662,#2417,.T.);
#7176=EDGE_CURVE('',#5662,#5663,#2418,.T.);
#7177=EDGE_CURVE('',#5663,#5664,#2419,.T.);
#7178=EDGE_CURVE('',#5664,#5665,#2420,.T.);
#7179=EDGE_CURVE('',#5665,#5666,#2421,.T.);
#7180=EDGE_CURVE('',#5666,#5667,#2422,.T.);
#7181=EDGE_CURVE('',#5667,#5572,#2423,.T.);
#7182=EDGE_CURVE('',#5668,#5668,#66,.T.);
#7183=EDGE_CURVE('',#5669,#5669,#67,.T.);
#7184=EDGE_CURVE('',#5670,#5670,#68,.T.);
#7185=EDGE_CURVE('',#5671,#5671,#69,.T.);
#7186=EDGE_CURVE('',#5672,#5573,#2424,.T.);
#7187=EDGE_CURVE('',#5673,#5672,#2425,.T.);
#7188=EDGE_CURVE('',#5674,#5673,#2426,.T.);
#7189=EDGE_CURVE('',#5675,#5674,#2427,.T.);
#7190=EDGE_CURVE('',#5676,#5675,#2428,.T.);
#7191=EDGE_CURVE('',#5677,#5676,#2429,.T.);
#7192=EDGE_CURVE('',#5678,#5677,#2430,.T.);
#7193=EDGE_CURVE('',#5679,#5678,#2431,.T.);
#7194=EDGE_CURVE('',#5680,#5679,#2432,.T.);
#7195=EDGE_CURVE('',#5681,#5680,#2433,.T.);
#7196=EDGE_CURVE('',#5682,#5681,#2434,.T.);
#7197=EDGE_CURVE('',#5683,#5682,#2435,.T.);
#7198=EDGE_CURVE('',#5684,#5683,#2436,.T.);
#7199=EDGE_CURVE('',#5685,#5684,#2437,.T.);
#7200=EDGE_CURVE('',#5686,#5685,#2438,.T.);
#7201=EDGE_CURVE('',#5687,#5686,#2439,.T.);
#7202=EDGE_CURVE('',#5688,#5687,#2440,.T.);
#7203=EDGE_CURVE('',#5689,#5688,#2441,.T.);
#7204=EDGE_CURVE('',#5690,#5689,#2442,.T.);
#7205=EDGE_CURVE('',#5691,#5690,#2443,.T.);
#7206=EDGE_CURVE('',#5692,#5691,#2444,.T.);
#7207=EDGE_CURVE('',#5693,#5692,#2445,.T.);
#7208=EDGE_CURVE('',#5694,#5693,#2446,.T.);
#7209=EDGE_CURVE('',#5695,#5694,#2447,.T.);
#7210=EDGE_CURVE('',#5696,#5695,#2448,.T.);
#7211=EDGE_CURVE('',#5697,#5696,#2449,.T.);
#7212=EDGE_CURVE('',#5698,#5697,#2450,.T.);
#7213=EDGE_CURVE('',#5699,#5698,#2451,.T.);
#7214=EDGE_CURVE('',#5700,#5699,#2452,.T.);
#7215=EDGE_CURVE('',#5701,#5700,#2453,.T.);
#7216=EDGE_CURVE('',#5702,#5701,#2454,.T.);
#7217=EDGE_CURVE('',#5703,#5702,#2455,.T.);
#7218=EDGE_CURVE('',#5704,#5703,#2456,.T.);
#7219=EDGE_CURVE('',#5705,#5704,#2457,.T.);
#7220=EDGE_CURVE('',#5706,#5705,#2458,.T.);
#7221=EDGE_CURVE('',#5707,#5706,#2459,.T.);
#7222=EDGE_CURVE('',#5708,#5707,#2460,.T.);
#7223=EDGE_CURVE('',#5709,#5708,#2461,.T.);
#7224=EDGE_CURVE('',#5710,#5709,#2462,.T.);
#7225=EDGE_CURVE('',#5711,#5710,#2463,.T.);
#7226=EDGE_CURVE('',#5712,#5711,#2464,.T.);
#7227=EDGE_CURVE('',#5713,#5712,#2465,.T.);
#7228=EDGE_CURVE('',#5714,#5713,#2466,.T.);
#7229=EDGE_CURVE('',#5715,#5714,#2467,.T.);
#7230=EDGE_CURVE('',#5716,#5715,#2468,.T.);
#7231=EDGE_CURVE('',#5717,#5716,#2469,.T.);
#7232=EDGE_CURVE('',#5718,#5717,#2470,.T.);
#7233=EDGE_CURVE('',#5719,#5718,#2471,.T.);
#7234=EDGE_CURVE('',#5720,#5719,#2472,.T.);
#7235=EDGE_CURVE('',#5721,#5720,#2473,.T.);
#7236=EDGE_CURVE('',#5722,#5721,#2474,.T.);
#7237=EDGE_CURVE('',#5723,#5722,#2475,.T.);
#7238=EDGE_CURVE('',#5724,#5723,#2476,.T.);
#7239=EDGE_CURVE('',#5725,#5724,#2477,.T.);
#7240=EDGE_CURVE('',#5726,#5725,#2478,.T.);
#7241=EDGE_CURVE('',#5727,#5726,#2479,.T.);
#7242=EDGE_CURVE('',#5728,#5727,#2480,.T.);
#7243=EDGE_CURVE('',#5729,#5728,#2481,.T.);
#7244=EDGE_CURVE('',#5730,#5729,#2482,.T.);
#7245=EDGE_CURVE('',#5731,#5730,#2483,.T.);
#7246=EDGE_CURVE('',#5732,#5731,#2484,.T.);
#7247=EDGE_CURVE('',#5733,#5732,#2485,.T.);
#7248=EDGE_CURVE('',#5734,#5733,#2486,.T.);
#7249=EDGE_CURVE('',#5735,#5734,#2487,.T.);
#7250=EDGE_CURVE('',#5736,#5735,#2488,.T.);
#7251=EDGE_CURVE('',#5737,#5736,#2489,.T.);
#7252=EDGE_CURVE('',#5738,#5737,#2490,.T.);
#7253=EDGE_CURVE('',#5739,#5738,#2491,.T.);
#7254=EDGE_CURVE('',#5740,#5739,#2492,.T.);
#7255=EDGE_CURVE('',#5741,#5740,#2493,.T.);
#7256=EDGE_CURVE('',#5742,#5741,#2494,.T.);
#7257=EDGE_CURVE('',#5743,#5742,#2495,.T.);
#7258=EDGE_CURVE('',#5744,#5743,#2496,.T.);
#7259=EDGE_CURVE('',#5745,#5744,#2497,.T.);
#7260=EDGE_CURVE('',#5746,#5745,#2498,.T.);
#7261=EDGE_CURVE('',#5747,#5746,#2499,.T.);
#7262=EDGE_CURVE('',#5748,#5747,#2500,.T.);
#7263=EDGE_CURVE('',#5749,#5748,#2501,.T.);
#7264=EDGE_CURVE('',#5750,#5749,#2502,.T.);
#7265=EDGE_CURVE('',#5751,#5750,#2503,.T.);
#7266=EDGE_CURVE('',#5752,#5751,#2504,.T.);
#7267=EDGE_CURVE('',#5753,#5752,#2505,.T.);
#7268=EDGE_CURVE('',#5754,#5753,#2506,.T.);
#7269=EDGE_CURVE('',#5755,#5754,#2507,.T.);
#7270=EDGE_CURVE('',#5756,#5755,#2508,.T.);
#7271=EDGE_CURVE('',#5757,#5756,#2509,.T.);
#7272=EDGE_CURVE('',#5758,#5757,#2510,.T.);
#7273=EDGE_CURVE('',#5759,#5758,#2511,.T.);
#7274=EDGE_CURVE('',#5760,#5759,#2512,.T.);
#7275=EDGE_CURVE('',#5761,#5760,#2513,.T.);
#7276=EDGE_CURVE('',#5762,#5761,#2514,.T.);
#7277=EDGE_CURVE('',#5763,#5762,#2515,.T.);
#7278=EDGE_CURVE('',#5574,#5763,#2516,.T.);
#7279=EDGE_CURVE('',#5764,#5765,#2517,.T.);
#7280=EDGE_CURVE('',#5765,#5766,#2518,.T.);
#7281=EDGE_CURVE('',#5766,#5767,#2519,.T.);
#7282=EDGE_CURVE('',#5767,#5768,#2520,.T.);
#7283=EDGE_CURVE('',#5768,#5769,#2521,.T.);
#7284=EDGE_CURVE('',#5769,#5770,#2522,.T.);
#7285=EDGE_CURVE('',#5770,#5771,#2523,.T.);
#7286=EDGE_CURVE('',#5771,#5772,#2524,.T.);
#7287=EDGE_CURVE('',#5772,#5773,#2525,.T.);
#7288=EDGE_CURVE('',#5773,#5774,#2526,.T.);
#7289=EDGE_CURVE('',#5774,#5775,#2527,.T.);
#7290=EDGE_CURVE('',#5775,#5776,#2528,.T.);
#7291=EDGE_CURVE('',#5776,#5777,#2529,.T.);
#7292=EDGE_CURVE('',#5777,#5778,#2530,.T.);
#7293=EDGE_CURVE('',#5778,#5779,#2531,.T.);
#7294=EDGE_CURVE('',#5779,#5780,#2532,.T.);
#7295=EDGE_CURVE('',#5780,#5781,#2533,.T.);
#7296=EDGE_CURVE('',#5781,#5782,#2534,.T.);
#7297=EDGE_CURVE('',#5782,#5783,#2535,.T.);
#7298=EDGE_CURVE('',#5783,#5784,#2536,.T.);
#7299=EDGE_CURVE('',#5784,#5785,#2537,.T.);
#7300=EDGE_CURVE('',#5785,#5786,#2538,.T.);
#7301=EDGE_CURVE('',#5786,#5787,#2539,.T.);
#7302=EDGE_CURVE('',#5787,#5788,#2540,.T.);
#7303=EDGE_CURVE('',#5788,#5789,#2541,.T.);
#7304=EDGE_CURVE('',#5789,#5790,#2542,.T.);
#7305=EDGE_CURVE('',#5790,#5791,#2543,.T.);
#7306=EDGE_CURVE('',#5791,#5792,#2544,.T.);
#7307=EDGE_CURVE('',#5792,#5793,#2545,.T.);
#7308=EDGE_CURVE('',#5793,#5794,#2546,.T.);
#7309=EDGE_CURVE('',#5794,#5795,#2547,.T.);
#7310=EDGE_CURVE('',#5795,#5796,#2548,.T.);
#7311=EDGE_CURVE('',#5796,#5797,#2549,.T.);
#7312=EDGE_CURVE('',#5797,#5798,#2550,.T.);
#7313=EDGE_CURVE('',#5798,#5799,#2551,.T.);
#7314=EDGE_CURVE('',#5799,#5800,#2552,.T.);
#7315=EDGE_CURVE('',#5800,#5801,#2553,.T.);
#7316=EDGE_CURVE('',#5801,#5802,#2554,.T.);
#7317=EDGE_CURVE('',#5802,#5803,#2555,.T.);
#7318=EDGE_CURVE('',#5803,#5804,#2556,.T.);
#7319=EDGE_CURVE('',#5804,#5805,#2557,.T.);
#7320=EDGE_CURVE('',#5805,#5806,#2558,.T.);
#7321=EDGE_CURVE('',#5806,#5807,#2559,.T.);
#7322=EDGE_CURVE('',#5807,#5808,#2560,.T.);
#7323=EDGE_CURVE('',#5808,#5809,#2561,.T.);
#7324=EDGE_CURVE('',#5809,#5810,#2562,.T.);
#7325=EDGE_CURVE('',#5810,#5811,#2563,.T.);
#7326=EDGE_CURVE('',#5811,#5812,#2564,.T.);
#7327=EDGE_CURVE('',#5812,#5813,#2565,.T.);
#7328=EDGE_CURVE('',#5813,#5814,#2566,.T.);
#7329=EDGE_CURVE('',#5814,#5815,#2567,.T.);
#7330=EDGE_CURVE('',#5815,#5816,#2568,.T.);
#7331=EDGE_CURVE('',#5816,#5817,#2569,.T.);
#7332=EDGE_CURVE('',#5817,#5818,#2570,.T.);
#7333=EDGE_CURVE('',#5818,#5819,#2571,.T.);
#7334=EDGE_CURVE('',#5819,#5820,#2572,.T.);
#7335=EDGE_CURVE('',#5820,#5821,#2573,.T.);
#7336=EDGE_CURVE('',#5821,#5822,#2574,.T.);
#7337=EDGE_CURVE('',#5822,#5823,#2575,.T.);
#7338=EDGE_CURVE('',#5823,#5824,#2576,.T.);
#7339=EDGE_CURVE('',#5824,#5825,#2577,.T.);
#7340=EDGE_CURVE('',#5825,#5826,#2578,.T.);
#7341=EDGE_CURVE('',#5826,#5827,#2579,.T.);
#7342=EDGE_CURVE('',#5827,#5828,#2580,.T.);
#7343=EDGE_CURVE('',#5828,#5829,#2581,.T.);
#7344=EDGE_CURVE('',#5829,#5830,#2582,.T.);
#7345=EDGE_CURVE('',#5830,#5831,#2583,.T.);
#7346=EDGE_CURVE('',#5831,#5832,#2584,.T.);
#7347=EDGE_CURVE('',#5832,#5833,#2585,.T.);
#7348=EDGE_CURVE('',#5833,#5834,#2586,.T.);
#7349=EDGE_CURVE('',#5834,#5835,#2587,.T.);
#7350=EDGE_CURVE('',#5835,#5836,#2588,.T.);
#7351=EDGE_CURVE('',#5836,#5837,#2589,.T.);
#7352=EDGE_CURVE('',#5837,#5838,#2590,.T.);
#7353=EDGE_CURVE('',#5838,#5839,#2591,.T.);
#7354=EDGE_CURVE('',#5839,#5840,#2592,.T.);
#7355=EDGE_CURVE('',#5840,#5841,#2593,.T.);
#7356=EDGE_CURVE('',#5841,#5842,#2594,.T.);
#7357=EDGE_CURVE('',#5842,#5843,#2595,.T.);
#7358=EDGE_CURVE('',#5843,#5844,#2596,.T.);
#7359=EDGE_CURVE('',#5844,#5845,#2597,.T.);
#7360=EDGE_CURVE('',#5845,#5846,#2598,.T.);
#7361=EDGE_CURVE('',#5846,#5847,#2599,.T.);
#7362=EDGE_CURVE('',#5847,#5848,#2600,.T.);
#7363=EDGE_CURVE('',#5848,#5849,#2601,.T.);
#7364=EDGE_CURVE('',#5849,#5850,#2602,.T.);
#7365=EDGE_CURVE('',#5850,#5851,#2603,.T.);
#7366=EDGE_CURVE('',#5851,#5852,#2604,.T.);
#7367=EDGE_CURVE('',#5852,#5853,#2605,.T.);
#7368=EDGE_CURVE('',#5853,#5854,#2606,.T.);
#7369=EDGE_CURVE('',#5854,#5855,#2607,.T.);
#7370=EDGE_CURVE('',#5855,#5856,#2608,.T.);
#7371=EDGE_CURVE('',#5856,#5857,#2609,.T.);
#7372=EDGE_CURVE('',#5857,#5858,#2610,.T.);
#7373=EDGE_CURVE('',#5858,#5859,#2611,.T.);
#7374=EDGE_CURVE('',#5859,#5764,#2612,.T.);
#7375=EDGE_CURVE('',#5667,#5672,#2613,.T.);
#7376=EDGE_CURVE('',#5576,#5763,#2614,.T.);
#7377=EDGE_CURVE('',#5666,#5673,#2615,.T.);
#7378=EDGE_CURVE('',#5577,#5762,#2616,.T.);
#7379=EDGE_CURVE('',#5665,#5674,#2617,.T.);
#7380=EDGE_CURVE('',#5578,#5761,#2618,.T.);
#7381=EDGE_CURVE('',#5664,#5675,#2619,.T.);
#7382=EDGE_CURVE('',#5579,#5760,#2620,.T.);
#7383=EDGE_CURVE('',#5663,#5676,#2621,.T.);
#7384=EDGE_CURVE('',#5580,#5759,#2622,.T.);
#7385=EDGE_CURVE('',#5662,#5677,#2623,.T.);
#7386=EDGE_CURVE('',#5581,#5758,#2624,.T.);
#7387=EDGE_CURVE('',#5661,#5678,#2625,.T.);
#7388=EDGE_CURVE('',#5582,#5757,#2626,.T.);
#7389=EDGE_CURVE('',#5660,#5679,#2627,.T.);
#7390=EDGE_CURVE('',#5583,#5756,#2628,.T.);
#7391=EDGE_CURVE('',#5659,#5680,#2629,.T.);
#7392=EDGE_CURVE('',#5584,#5755,#2630,.T.);
#7393=EDGE_CURVE('',#5658,#5681,#2631,.T.);
#7394=EDGE_CURVE('',#5585,#5754,#2632,.T.);
#7395=EDGE_CURVE('',#5657,#5682,#2633,.T.);
#7396=EDGE_CURVE('',#5586,#5753,#2634,.T.);
#7397=EDGE_CURVE('',#5656,#5683,#2635,.T.);
#7398=EDGE_CURVE('',#5587,#5752,#2636,.T.);
#7399=EDGE_CURVE('',#5655,#5684,#2637,.T.);
#7400=EDGE_CURVE('',#5588,#5751,#2638,.T.);
#7401=EDGE_CURVE('',#5654,#5685,#2639,.T.);
#7402=EDGE_CURVE('',#5589,#5750,#2640,.T.);
#7403=EDGE_CURVE('',#5653,#5686,#2641,.T.);
#7404=EDGE_CURVE('',#5590,#5749,#2642,.T.);
#7405=EDGE_CURVE('',#5652,#5687,#2643,.T.);
#7406=EDGE_CURVE('',#5591,#5748,#2644,.T.);
#7407=EDGE_CURVE('',#5651,#5688,#2645,.T.);
#7408=EDGE_CURVE('',#5592,#5747,#2646,.T.);
#7409=EDGE_CURVE('',#5650,#5689,#2647,.T.);
#7410=EDGE_CURVE('',#5593,#5746,#2648,.T.);
#7411=EDGE_CURVE('',#5649,#5690,#2649,.T.);
#7412=EDGE_CURVE('',#5594,#5745,#2650,.T.);
#7413=EDGE_CURVE('',#5648,#5691,#2651,.T.);
#7414=EDGE_CURVE('',#5595,#5744,#2652,.T.);
#7415=EDGE_CURVE('',#5647,#5692,#2653,.T.);
#7416=EDGE_CURVE('',#5596,#5743,#2654,.T.);
#7417=EDGE_CURVE('',#5646,#5693,#2655,.T.);
#7418=EDGE_CURVE('',#5597,#5742,#2656,.T.);
#7419=EDGE_CURVE('',#5645,#5694,#2657,.T.);
#7420=EDGE_CURVE('',#5598,#5741,#2658,.T.);
#7421=EDGE_CURVE('',#5644,#5695,#2659,.T.);
#7422=EDGE_CURVE('',#5599,#5740,#2660,.T.);
#7423=EDGE_CURVE('',#5643,#5696,#2661,.T.);
#7424=EDGE_CURVE('',#5600,#5739,#2662,.T.);
#7425=EDGE_CURVE('',#5642,#5697,#2663,.T.);
#7426=EDGE_CURVE('',#5601,#5738,#2664,.T.);
#7427=EDGE_CURVE('',#5641,#5698,#2665,.T.);
#7428=EDGE_CURVE('',#5602,#5737,#2666,.T.);
#7429=EDGE_CURVE('',#5640,#5699,#2667,.T.);
#7430=EDGE_CURVE('',#5603,#5736,#2668,.T.);
#7431=EDGE_CURVE('',#5639,#5700,#2669,.T.);
#7432=EDGE_CURVE('',#5604,#5735,#2670,.T.);
#7433=EDGE_CURVE('',#5638,#5701,#2671,.T.);
#7434=EDGE_CURVE('',#5605,#5734,#2672,.T.);
#7435=EDGE_CURVE('',#5637,#5702,#2673,.T.);
#7436=EDGE_CURVE('',#5606,#5733,#2674,.T.);
#7437=EDGE_CURVE('',#5636,#5703,#2675,.T.);
#7438=EDGE_CURVE('',#5607,#5732,#2676,.T.);
#7439=EDGE_CURVE('',#5635,#5704,#2677,.T.);
#7440=EDGE_CURVE('',#5608,#5731,#2678,.T.);
#7441=EDGE_CURVE('',#5634,#5705,#2679,.T.);
#7442=EDGE_CURVE('',#5609,#5730,#2680,.T.);
#7443=EDGE_CURVE('',#5633,#5706,#2681,.T.);
#7444=EDGE_CURVE('',#5610,#5729,#2682,.T.);
#7445=EDGE_CURVE('',#5632,#5707,#2683,.T.);
#7446=EDGE_CURVE('',#5611,#5728,#2684,.T.);
#7447=EDGE_CURVE('',#5631,#5708,#2685,.T.);
#7448=EDGE_CURVE('',#5612,#5727,#2686,.T.);
#7449=EDGE_CURVE('',#5630,#5709,#2687,.T.);
#7450=EDGE_CURVE('',#5613,#5726,#2688,.T.);
#7451=EDGE_CURVE('',#5629,#5710,#2689,.T.);
#7452=EDGE_CURVE('',#5614,#5725,#2690,.T.);
#7453=EDGE_CURVE('',#5628,#5711,#2691,.T.);
#7454=EDGE_CURVE('',#5615,#5724,#2692,.T.);
#7455=EDGE_CURVE('',#5627,#5712,#2693,.T.);
#7456=EDGE_CURVE('',#5616,#5723,#2694,.T.);
#7457=EDGE_CURVE('',#5626,#5713,#2695,.T.);
#7458=EDGE_CURVE('',#5617,#5722,#2696,.T.);
#7459=EDGE_CURVE('',#5625,#5714,#2697,.T.);
#7460=EDGE_CURVE('',#5618,#5721,#2698,.T.);
#7461=EDGE_CURVE('',#5624,#5715,#2699,.T.);
#7462=EDGE_CURVE('',#5619,#5720,#2700,.T.);
#7463=EDGE_CURVE('',#5623,#5716,#2701,.T.);
#7464=EDGE_CURVE('',#5620,#5719,#2702,.T.);
#7465=EDGE_CURVE('',#5622,#5717,#2703,.T.);
#7466=EDGE_CURVE('',#5621,#5718,#2704,.T.);
#7467=EDGE_CURVE('',#5764,#5860,#2705,.T.);
#7468=EDGE_CURVE('',#5860,#5861,#2706,.T.);
#7469=EDGE_CURVE('',#5765,#5861,#2707,.T.);
#7470=EDGE_CURVE('',#5861,#5862,#2708,.T.);
#7471=EDGE_CURVE('',#5766,#5862,#2709,.T.);
#7472=EDGE_CURVE('',#5862,#5863,#2710,.T.);
#7473=EDGE_CURVE('',#5767,#5863,#2711,.T.);
#7474=EDGE_CURVE('',#5863,#5864,#2712,.T.);
#7475=EDGE_CURVE('',#5768,#5864,#2713,.T.);
#7476=EDGE_CURVE('',#5864,#5865,#2714,.T.);
#7477=EDGE_CURVE('',#5769,#5865,#2715,.T.);
#7478=EDGE_CURVE('',#5865,#5866,#2716,.T.);
#7479=EDGE_CURVE('',#5770,#5866,#2717,.T.);
#7480=EDGE_CURVE('',#5866,#5867,#2718,.T.);
#7481=EDGE_CURVE('',#5771,#5867,#2719,.T.);
#7482=EDGE_CURVE('',#5867,#5868,#2720,.T.);
#7483=EDGE_CURVE('',#5772,#5868,#2721,.T.);
#7484=EDGE_CURVE('',#5868,#5869,#2722,.T.);
#7485=EDGE_CURVE('',#5773,#5869,#2723,.T.);
#7486=EDGE_CURVE('',#5869,#5870,#2724,.T.);
#7487=EDGE_CURVE('',#5774,#5870,#2725,.T.);
#7488=EDGE_CURVE('',#5870,#5871,#2726,.T.);
#7489=EDGE_CURVE('',#5775,#5871,#2727,.T.);
#7490=EDGE_CURVE('',#5871,#5872,#2728,.T.);
#7491=EDGE_CURVE('',#5776,#5872,#2729,.T.);
#7492=EDGE_CURVE('',#5872,#5873,#2730,.T.);
#7493=EDGE_CURVE('',#5777,#5873,#2731,.T.);
#7494=EDGE_CURVE('',#5873,#5874,#2732,.T.);
#7495=EDGE_CURVE('',#5778,#5874,#2733,.T.);
#7496=EDGE_CURVE('',#5874,#5875,#2734,.T.);
#7497=EDGE_CURVE('',#5779,#5875,#2735,.T.);
#7498=EDGE_CURVE('',#5875,#5876,#2736,.T.);
#7499=EDGE_CURVE('',#5780,#5876,#2737,.T.);
#7500=EDGE_CURVE('',#5876,#5877,#2738,.T.);
#7501=EDGE_CURVE('',#5781,#5877,#2739,.T.);
#7502=EDGE_CURVE('',#5877,#5878,#2740,.T.);
#7503=EDGE_CURVE('',#5782,#5878,#2741,.T.);
#7504=EDGE_CURVE('',#5878,#5879,#2742,.T.);
#7505=EDGE_CURVE('',#5783,#5879,#2743,.T.);
#7506=EDGE_CURVE('',#5879,#5880,#2744,.T.);
#7507=EDGE_CURVE('',#5784,#5880,#2745,.T.);
#7508=EDGE_CURVE('',#5880,#5881,#2746,.T.);
#7509=EDGE_CURVE('',#5785,#5881,#2747,.T.);
#7510=EDGE_CURVE('',#5881,#5882,#2748,.T.);
#7511=EDGE_CURVE('',#5786,#5882,#2749,.T.);
#7512=EDGE_CURVE('',#5882,#5883,#2750,.T.);
#7513=EDGE_CURVE('',#5787,#5883,#2751,.T.);
#7514=EDGE_CURVE('',#5883,#5884,#2752,.T.);
#7515=EDGE_CURVE('',#5788,#5884,#2753,.T.);
#7516=EDGE_CURVE('',#5884,#5885,#2754,.T.);
#7517=EDGE_CURVE('',#5789,#5885,#2755,.T.);
#7518=EDGE_CURVE('',#5885,#5886,#2756,.T.);
#7519=EDGE_CURVE('',#5790,#5886,#2757,.T.);
#7520=EDGE_CURVE('',#5886,#5887,#2758,.T.);
#7521=EDGE_CURVE('',#5791,#5887,#2759,.T.);
#7522=EDGE_CURVE('',#5887,#5888,#2760,.T.);
#7523=EDGE_CURVE('',#5792,#5888,#2761,.T.);
#7524=EDGE_CURVE('',#5888,#5889,#2762,.T.);
#7525=EDGE_CURVE('',#5793,#5889,#2763,.T.);
#7526=EDGE_CURVE('',#5889,#5890,#2764,.T.);
#7527=EDGE_CURVE('',#5794,#5890,#2765,.T.);
#7528=EDGE_CURVE('',#5890,#5891,#2766,.T.);
#7529=EDGE_CURVE('',#5795,#5891,#2767,.T.);
#7530=EDGE_CURVE('',#5891,#5892,#2768,.T.);
#7531=EDGE_CURVE('',#5796,#5892,#2769,.T.);
#7532=EDGE_CURVE('',#5892,#5893,#2770,.T.);
#7533=EDGE_CURVE('',#5797,#5893,#2771,.T.);
#7534=EDGE_CURVE('',#5893,#5894,#2772,.T.);
#7535=EDGE_CURVE('',#5798,#5894,#2773,.T.);
#7536=EDGE_CURVE('',#5894,#5895,#2774,.T.);
#7537=EDGE_CURVE('',#5799,#5895,#2775,.T.);
#7538=EDGE_CURVE('',#5895,#5896,#2776,.T.);
#7539=EDGE_CURVE('',#5800,#5896,#2777,.T.);
#7540=EDGE_CURVE('',#5896,#5897,#2778,.T.);
#7541=EDGE_CURVE('',#5801,#5897,#2779,.T.);
#7542=EDGE_CURVE('',#5897,#5898,#2780,.T.);
#7543=EDGE_CURVE('',#5802,#5898,#2781,.T.);
#7544=EDGE_CURVE('',#5898,#5899,#2782,.T.);
#7545=EDGE_CURVE('',#5803,#5899,#2783,.T.);
#7546=EDGE_CURVE('',#5899,#5900,#2784,.T.);
#7547=EDGE_CURVE('',#5804,#5900,#2785,.T.);
#7548=EDGE_CURVE('',#5900,#5901,#2786,.T.);
#7549=EDGE_CURVE('',#5805,#5901,#2787,.T.);
#7550=EDGE_CURVE('',#5901,#5902,#2788,.T.);
#7551=EDGE_CURVE('',#5806,#5902,#2789,.T.);
#7552=EDGE_CURVE('',#5902,#5903,#2790,.T.);
#7553=EDGE_CURVE('',#5807,#5903,#2791,.T.);
#7554=EDGE_CURVE('',#5903,#5904,#2792,.T.);
#7555=EDGE_CURVE('',#5808,#5904,#2793,.T.);
#7556=EDGE_CURVE('',#5904,#5905,#2794,.T.);
#7557=EDGE_CURVE('',#5809,#5905,#2795,.T.);
#7558=EDGE_CURVE('',#5905,#5906,#2796,.T.);
#7559=EDGE_CURVE('',#5810,#5906,#2797,.T.);
#7560=EDGE_CURVE('',#5906,#5907,#2798,.T.);
#7561=EDGE_CURVE('',#5811,#5907,#2799,.T.);
#7562=EDGE_CURVE('',#5907,#5908,#2800,.T.);
#7563=EDGE_CURVE('',#5812,#5908,#2801,.T.);
#7564=EDGE_CURVE('',#5908,#5909,#2802,.T.);
#7565=EDGE_CURVE('',#5813,#5909,#2803,.T.);
#7566=EDGE_CURVE('',#5909,#5910,#2804,.T.);
#7567=EDGE_CURVE('',#5814,#5910,#2805,.T.);
#7568=EDGE_CURVE('',#5910,#5911,#2806,.T.);
#7569=EDGE_CURVE('',#5815,#5911,#2807,.T.);
#7570=EDGE_CURVE('',#5911,#5912,#2808,.T.);
#7571=EDGE_CURVE('',#5816,#5912,#2809,.T.);
#7572=EDGE_CURVE('',#5912,#5913,#2810,.T.);
#7573=EDGE_CURVE('',#5817,#5913,#2811,.T.);
#7574=EDGE_CURVE('',#5913,#5914,#2812,.T.);
#7575=EDGE_CURVE('',#5818,#5914,#2813,.T.);
#7576=EDGE_CURVE('',#5914,#5915,#2814,.T.);
#7577=EDGE_CURVE('',#5819,#5915,#2815,.T.);
#7578=EDGE_CURVE('',#5915,#5916,#2816,.T.);
#7579=EDGE_CURVE('',#5820,#5916,#2817,.T.);
#7580=EDGE_CURVE('',#5916,#5917,#2818,.T.);
#7581=EDGE_CURVE('',#5821,#5917,#2819,.T.);
#7582=EDGE_CURVE('',#5917,#5918,#2820,.T.);
#7583=EDGE_CURVE('',#5822,#5918,#2821,.T.);
#7584=EDGE_CURVE('',#5918,#5919,#2822,.T.);
#7585=EDGE_CURVE('',#5823,#5919,#2823,.T.);
#7586=EDGE_CURVE('',#5919,#5920,#2824,.T.);
#7587=EDGE_CURVE('',#5824,#5920,#2825,.T.);
#7588=EDGE_CURVE('',#5920,#5921,#2826,.T.);
#7589=EDGE_CURVE('',#5825,#5921,#2827,.T.);
#7590=EDGE_CURVE('',#5921,#5922,#2828,.T.);
#7591=EDGE_CURVE('',#5826,#5922,#2829,.T.);
#7592=EDGE_CURVE('',#5922,#5923,#2830,.T.);
#7593=EDGE_CURVE('',#5827,#5923,#2831,.T.);
#7594=EDGE_CURVE('',#5923,#5924,#2832,.T.);
#7595=EDGE_CURVE('',#5828,#5924,#2833,.T.);
#7596=EDGE_CURVE('',#5924,#5925,#2834,.T.);
#7597=EDGE_CURVE('',#5829,#5925,#2835,.T.);
#7598=EDGE_CURVE('',#5925,#5926,#2836,.T.);
#7599=EDGE_CURVE('',#5830,#5926,#2837,.T.);
#7600=EDGE_CURVE('',#5926,#5927,#2838,.T.);
#7601=EDGE_CURVE('',#5831,#5927,#2839,.T.);
#7602=EDGE_CURVE('',#5927,#5928,#2840,.T.);
#7603=EDGE_CURVE('',#5832,#5928,#2841,.T.);
#7604=EDGE_CURVE('',#5928,#5929,#2842,.T.);
#7605=EDGE_CURVE('',#5833,#5929,#2843,.T.);
#7606=EDGE_CURVE('',#5929,#5930,#2844,.T.);
#7607=EDGE_CURVE('',#5834,#5930,#2845,.T.);
#7608=EDGE_CURVE('',#5930,#5931,#2846,.T.);
#7609=EDGE_CURVE('',#5835,#5931,#2847,.T.);
#7610=EDGE_CURVE('',#5931,#5932,#2848,.T.);
#7611=EDGE_CURVE('',#5836,#5932,#2849,.T.);
#7612=EDGE_CURVE('',#5932,#5933,#2850,.T.);
#7613=EDGE_CURVE('',#5837,#5933,#2851,.T.);
#7614=EDGE_CURVE('',#5933,#5934,#2852,.T.);
#7615=EDGE_CURVE('',#5838,#5934,#2853,.T.);
#7616=EDGE_CURVE('',#5934,#5935,#2854,.T.);
#7617=EDGE_CURVE('',#5839,#5935,#2855,.T.);
#7618=EDGE_CURVE('',#5935,#5936,#2856,.T.);
#7619=EDGE_CURVE('',#5840,#5936,#2857,.T.);
#7620=EDGE_CURVE('',#5936,#5937,#2858,.T.);
#7621=EDGE_CURVE('',#5841,#5937,#2859,.T.);
#7622=EDGE_CURVE('',#5937,#5938,#2860,.T.);
#7623=EDGE_CURVE('',#5842,#5938,#2861,.T.);
#7624=EDGE_CURVE('',#5938,#5939,#2862,.T.);
#7625=EDGE_CURVE('',#5843,#5939,#2863,.T.);
#7626=EDGE_CURVE('',#5939,#5940,#2864,.T.);
#7627=EDGE_CURVE('',#5844,#5940,#2865,.T.);
#7628=EDGE_CURVE('',#5940,#5941,#2866,.T.);
#7629=EDGE_CURVE('',#5845,#5941,#2867,.T.);
#7630=EDGE_CURVE('',#5941,#5942,#2868,.T.);
#7631=EDGE_CURVE('',#5846,#5942,#2869,.T.);
#7632=EDGE_CURVE('',#5942,#5943,#2870,.T.);
#7633=EDGE_CURVE('',#5847,#5943,#2871,.T.);
#7634=EDGE_CURVE('',#5943,#5944,#2872,.T.);
#7635=EDGE_CURVE('',#5848,#5944,#2873,.T.);
#7636=EDGE_CURVE('',#5944,#5945,#2874,.T.);
#7637=EDGE_CURVE('',#5849,#5945,#2875,.T.);
#7638=EDGE_CURVE('',#5945,#5946,#2876,.T.);
#7639=EDGE_CURVE('',#5850,#5946,#2877,.T.);
#7640=EDGE_CURVE('',#5946,#5947,#2878,.T.);
#7641=EDGE_CURVE('',#5851,#5947,#2879,.T.);
#7642=EDGE_CURVE('',#5947,#5948,#2880,.T.);
#7643=EDGE_CURVE('',#5852,#5948,#2881,.T.);
#7644=EDGE_CURVE('',#5948,#5949,#2882,.T.);
#7645=EDGE_CURVE('',#5853,#5949,#2883,.T.);
#7646=EDGE_CURVE('',#5949,#5950,#2884,.T.);
#7647=EDGE_CURVE('',#5854,#5950,#2885,.T.);
#7648=EDGE_CURVE('',#5950,#5951,#2886,.T.);
#7649=EDGE_CURVE('',#5855,#5951,#2887,.T.);
#7650=EDGE_CURVE('',#5951,#5952,#2888,.T.);
#7651=EDGE_CURVE('',#5856,#5952,#2889,.T.);
#7652=EDGE_CURVE('',#5952,#5953,#2890,.T.);
#7653=EDGE_CURVE('',#5857,#5953,#2891,.T.);
#7654=EDGE_CURVE('',#5953,#5954,#2892,.T.);
#7655=EDGE_CURVE('',#5858,#5954,#2893,.T.);
#7656=EDGE_CURVE('',#5954,#5955,#2894,.T.);
#7657=EDGE_CURVE('',#5859,#5955,#2895,.T.);
#7658=EDGE_CURVE('',#5955,#5860,#2896,.T.);
#7659=EDGE_CURVE('',#5956,#5956,#70,.T.);
#7660=EDGE_CURVE('',#5956,#5668,#2897,.T.);
#7661=EDGE_CURVE('',#5957,#5957,#71,.T.);
#7662=EDGE_CURVE('',#5957,#5669,#2898,.T.);
#7663=EDGE_CURVE('',#5958,#5958,#72,.T.);
#7664=EDGE_CURVE('',#5958,#5670,#2899,.T.);
#7665=EDGE_CURVE('',#5959,#5959,#73,.T.);
#7666=EDGE_CURVE('',#5959,#5671,#2900,.T.);
#7667=EDGE_CURVE('',#5960,#5961,#2901,.T.);
#7668=EDGE_CURVE('',#5961,#5962,#2902,.T.);
#7669=EDGE_CURVE('',#5962,#5963,#2903,.T.);
#7670=EDGE_CURVE('',#5963,#5964,#2904,.T.);
#7671=EDGE_CURVE('',#5964,#5965,#2905,.T.);
#7672=EDGE_CURVE('',#5965,#5966,#2906,.T.);
#7673=EDGE_CURVE('',#5966,#5967,#2907,.T.);
#7674=EDGE_CURVE('',#5967,#5968,#2908,.T.);
#7675=EDGE_CURVE('',#5968,#5969,#2909,.T.);
#7676=EDGE_CURVE('',#5969,#5970,#2910,.T.);
#7677=EDGE_CURVE('',#5970,#5971,#2911,.T.);
#7678=EDGE_CURVE('',#5971,#5972,#2912,.T.);
#7679=EDGE_CURVE('',#5972,#5973,#2913,.T.);
#7680=EDGE_CURVE('',#5973,#5974,#2914,.T.);
#7681=EDGE_CURVE('',#5974,#5975,#2915,.T.);
#7682=EDGE_CURVE('',#5975,#5976,#2916,.T.);
#7683=EDGE_CURVE('',#5976,#5977,#2917,.T.);
#7684=EDGE_CURVE('',#5977,#5978,#2918,.T.);
#7685=EDGE_CURVE('',#5978,#5979,#2919,.T.);
#7686=EDGE_CURVE('',#5979,#5980,#2920,.T.);
#7687=EDGE_CURVE('',#5980,#5981,#2921,.T.);
#7688=EDGE_CURVE('',#5981,#5982,#2922,.T.);
#7689=EDGE_CURVE('',#5982,#5983,#2923,.T.);
#7690=EDGE_CURVE('',#5983,#5984,#2924,.T.);
#7691=EDGE_CURVE('',#5984,#5985,#2925,.T.);
#7692=EDGE_CURVE('',#5985,#5986,#2926,.T.);
#7693=EDGE_CURVE('',#5986,#5987,#2927,.T.);
#7694=EDGE_CURVE('',#5987,#5988,#2928,.T.);
#7695=EDGE_CURVE('',#5988,#5989,#2929,.T.);
#7696=EDGE_CURVE('',#5989,#5990,#2930,.T.);
#7697=EDGE_CURVE('',#5990,#5991,#2931,.T.);
#7698=EDGE_CURVE('',#5991,#5992,#2932,.T.);
#7699=EDGE_CURVE('',#5992,#5993,#2933,.T.);
#7700=EDGE_CURVE('',#5993,#5994,#2934,.T.);
#7701=EDGE_CURVE('',#5994,#5995,#2935,.T.);
#7702=EDGE_CURVE('',#5995,#5996,#2936,.T.);
#7703=EDGE_CURVE('',#5996,#5997,#2937,.T.);
#7704=EDGE_CURVE('',#5997,#5998,#2938,.T.);
#7705=EDGE_CURVE('',#5998,#5999,#2939,.T.);
#7706=EDGE_CURVE('',#5999,#6000,#2940,.T.);
#7707=EDGE_CURVE('',#6000,#6001,#2941,.T.);
#7708=EDGE_CURVE('',#6001,#6002,#2942,.T.);
#7709=EDGE_CURVE('',#6002,#6003,#2943,.T.);
#7710=EDGE_CURVE('',#6003,#6004,#2944,.T.);
#7711=EDGE_CURVE('',#6004,#6005,#2945,.T.);
#7712=EDGE_CURVE('',#6005,#6006,#2946,.T.);
#7713=EDGE_CURVE('',#6006,#6007,#2947,.T.);
#7714=EDGE_CURVE('',#6007,#6008,#2948,.T.);
#7715=EDGE_CURVE('',#6008,#6009,#2949,.T.);
#7716=EDGE_CURVE('',#6009,#6010,#2950,.T.);
#7717=EDGE_CURVE('',#6010,#6011,#2951,.T.);
#7718=EDGE_CURVE('',#6011,#6012,#2952,.T.);
#7719=EDGE_CURVE('',#6012,#6013,#2953,.T.);
#7720=EDGE_CURVE('',#6013,#6014,#2954,.T.);
#7721=EDGE_CURVE('',#6014,#6015,#2955,.T.);
#7722=EDGE_CURVE('',#6015,#6016,#2956,.T.);
#7723=EDGE_CURVE('',#6016,#6017,#2957,.T.);
#7724=EDGE_CURVE('',#6017,#6018,#2958,.T.);
#7725=EDGE_CURVE('',#6018,#6019,#2959,.T.);
#7726=EDGE_CURVE('',#6019,#6020,#2960,.T.);
#7727=EDGE_CURVE('',#6020,#6021,#2961,.T.);
#7728=EDGE_CURVE('',#6021,#6022,#2962,.T.);
#7729=EDGE_CURVE('',#6022,#6023,#2963,.T.);
#7730=EDGE_CURVE('',#6023,#6024,#2964,.T.);
#7731=EDGE_CURVE('',#6024,#6025,#2965,.T.);
#7732=EDGE_CURVE('',#6025,#6026,#2966,.T.);
#7733=EDGE_CURVE('',#6026,#6027,#2967,.T.);
#7734=EDGE_CURVE('',#6027,#6028,#2968,.T.);
#7735=EDGE_CURVE('',#6028,#6029,#2969,.T.);
#7736=EDGE_CURVE('',#6029,#6030,#2970,.T.);
#7737=EDGE_CURVE('',#6030,#6031,#2971,.T.);
#7738=EDGE_CURVE('',#6031,#6032,#2972,.T.);
#7739=EDGE_CURVE('',#6032,#6033,#2973,.T.);
#7740=EDGE_CURVE('',#6033,#6034,#2974,.T.);
#7741=EDGE_CURVE('',#6034,#6035,#2975,.T.);
#7742=EDGE_CURVE('',#6035,#6036,#2976,.T.);
#7743=EDGE_CURVE('',#6036,#6037,#2977,.T.);
#7744=EDGE_CURVE('',#6037,#6038,#2978,.T.);
#7745=EDGE_CURVE('',#6038,#6039,#2979,.T.);
#7746=EDGE_CURVE('',#6039,#6040,#2980,.T.);
#7747=EDGE_CURVE('',#6040,#6041,#2981,.T.);
#7748=EDGE_CURVE('',#6041,#6042,#2982,.T.);
#7749=EDGE_CURVE('',#6042,#6043,#2983,.T.);
#7750=EDGE_CURVE('',#6043,#6044,#2984,.T.);
#7751=EDGE_CURVE('',#6044,#6045,#2985,.T.);
#7752=EDGE_CURVE('',#6045,#6046,#2986,.T.);
#7753=EDGE_CURVE('',#6046,#6047,#2987,.T.);
#7754=EDGE_CURVE('',#6047,#6048,#2988,.T.);
#7755=EDGE_CURVE('',#6048,#6049,#2989,.T.);
#7756=EDGE_CURVE('',#6049,#6050,#2990,.T.);
#7757=EDGE_CURVE('',#6050,#6051,#2991,.T.);
#7758=EDGE_CURVE('',#6051,#6052,#2992,.T.);
#7759=EDGE_CURVE('',#6052,#6053,#2993,.T.);
#7760=EDGE_CURVE('',#6053,#6054,#2994,.T.);
#7761=EDGE_CURVE('',#6054,#6055,#2995,.T.);
#7762=EDGE_CURVE('',#6055,#5960,#2996,.T.);
#7763=EDGE_CURVE('',#6056,#6057,#2997,.T.);
#7764=EDGE_CURVE('',#6057,#5961,#2998,.T.);
#7765=EDGE_CURVE('',#6056,#5960,#2999,.T.);
#7766=EDGE_CURVE('',#6057,#6058,#3000,.T.);
#7767=EDGE_CURVE('',#6058,#5962,#3001,.T.);
#7768=EDGE_CURVE('',#6058,#6059,#3002,.T.);
#7769=EDGE_CURVE('',#6059,#5963,#3003,.T.);
#7770=EDGE_CURVE('',#6059,#6060,#3004,.T.);
#7771=EDGE_CURVE('',#6060,#5964,#3005,.T.);
#7772=EDGE_CURVE('',#6060,#6061,#3006,.T.);
#7773=EDGE_CURVE('',#6061,#5965,#3007,.T.);
#7774=EDGE_CURVE('',#6061,#6062,#3008,.T.);
#7775=EDGE_CURVE('',#6062,#5966,#3009,.T.);
#7776=EDGE_CURVE('',#6062,#6063,#3010,.T.);
#7777=EDGE_CURVE('',#6063,#5967,#3011,.T.);
#7778=EDGE_CURVE('',#6063,#6064,#3012,.T.);
#7779=EDGE_CURVE('',#6064,#5968,#3013,.T.);
#7780=EDGE_CURVE('',#6064,#6065,#3014,.T.);
#7781=EDGE_CURVE('',#6065,#5969,#3015,.T.);
#7782=EDGE_CURVE('',#6065,#6066,#3016,.T.);
#7783=EDGE_CURVE('',#6066,#5970,#3017,.T.);
#7784=EDGE_CURVE('',#6066,#6067,#3018,.T.);
#7785=EDGE_CURVE('',#6067,#5971,#3019,.T.);
#7786=EDGE_CURVE('',#6067,#6068,#3020,.T.);
#7787=EDGE_CURVE('',#6068,#5972,#3021,.T.);
#7788=EDGE_CURVE('',#6068,#6069,#3022,.T.);
#7789=EDGE_CURVE('',#6069,#5973,#3023,.T.);
#7790=EDGE_CURVE('',#6069,#6070,#3024,.T.);
#7791=EDGE_CURVE('',#6070,#5974,#3025,.T.);
#7792=EDGE_CURVE('',#6070,#6071,#3026,.T.);
#7793=EDGE_CURVE('',#6071,#5975,#3027,.T.);
#7794=EDGE_CURVE('',#6071,#6072,#3028,.T.);
#7795=EDGE_CURVE('',#6072,#5976,#3029,.T.);
#7796=EDGE_CURVE('',#6072,#6073,#3030,.T.);
#7797=EDGE_CURVE('',#6073,#5977,#3031,.T.);
#7798=EDGE_CURVE('',#6073,#6074,#3032,.T.);
#7799=EDGE_CURVE('',#6074,#5978,#3033,.T.);
#7800=EDGE_CURVE('',#6074,#6075,#3034,.T.);
#7801=EDGE_CURVE('',#6075,#5979,#3035,.T.);
#7802=EDGE_CURVE('',#6075,#6076,#3036,.T.);
#7803=EDGE_CURVE('',#6076,#5980,#3037,.T.);
#7804=EDGE_CURVE('',#6076,#6077,#3038,.T.);
#7805=EDGE_CURVE('',#6077,#5981,#3039,.T.);
#7806=EDGE_CURVE('',#6077,#6078,#3040,.T.);
#7807=EDGE_CURVE('',#6078,#5982,#3041,.T.);
#7808=EDGE_CURVE('',#6078,#6079,#3042,.T.);
#7809=EDGE_CURVE('',#6079,#5983,#3043,.T.);
#7810=EDGE_CURVE('',#6079,#6080,#3044,.T.);
#7811=EDGE_CURVE('',#6080,#5984,#3045,.T.);
#7812=EDGE_CURVE('',#6080,#6081,#3046,.T.);
#7813=EDGE_CURVE('',#6081,#5985,#3047,.T.);
#7814=EDGE_CURVE('',#6081,#6082,#3048,.T.);
#7815=EDGE_CURVE('',#6082,#5986,#3049,.T.);
#7816=EDGE_CURVE('',#6082,#6083,#3050,.T.);
#7817=EDGE_CURVE('',#6083,#5987,#3051,.T.);
#7818=EDGE_CURVE('',#6083,#6084,#3052,.T.);
#7819=EDGE_CURVE('',#6084,#5988,#3053,.T.);
#7820=EDGE_CURVE('',#6084,#6085,#3054,.T.);
#7821=EDGE_CURVE('',#6085,#5989,#3055,.T.);
#7822=EDGE_CURVE('',#6085,#6086,#3056,.T.);
#7823=EDGE_CURVE('',#6086,#5990,#3057,.T.);
#7824=EDGE_CURVE('',#6086,#6087,#3058,.T.);
#7825=EDGE_CURVE('',#6087,#5991,#3059,.T.);
#7826=EDGE_CURVE('',#6087,#6088,#3060,.T.);
#7827=EDGE_CURVE('',#6088,#5992,#3061,.T.);
#7828=EDGE_CURVE('',#6088,#6089,#3062,.T.);
#7829=EDGE_CURVE('',#6089,#5993,#3063,.T.);
#7830=EDGE_CURVE('',#6089,#6090,#3064,.T.);
#7831=EDGE_CURVE('',#6090,#5994,#3065,.T.);
#7832=EDGE_CURVE('',#6090,#6091,#3066,.T.);
#7833=EDGE_CURVE('',#6091,#5995,#3067,.T.);
#7834=EDGE_CURVE('',#6091,#6092,#3068,.T.);
#7835=EDGE_CURVE('',#6092,#5996,#3069,.T.);
#7836=EDGE_CURVE('',#6092,#6093,#3070,.T.);
#7837=EDGE_CURVE('',#6093,#5997,#3071,.T.);
#7838=EDGE_CURVE('',#6093,#6094,#3072,.T.);
#7839=EDGE_CURVE('',#6094,#5998,#3073,.T.);
#7840=EDGE_CURVE('',#6094,#6095,#3074,.T.);
#7841=EDGE_CURVE('',#6095,#5999,#3075,.T.);
#7842=EDGE_CURVE('',#6095,#6096,#3076,.T.);
#7843=EDGE_CURVE('',#6096,#6000,#3077,.T.);
#7844=EDGE_CURVE('',#6096,#6097,#3078,.T.);
#7845=EDGE_CURVE('',#6097,#6001,#3079,.T.);
#7846=EDGE_CURVE('',#6097,#6098,#3080,.T.);
#7847=EDGE_CURVE('',#6098,#6002,#3081,.T.);
#7848=EDGE_CURVE('',#6098,#6099,#3082,.T.);
#7849=EDGE_CURVE('',#6099,#6003,#3083,.T.);
#7850=EDGE_CURVE('',#6099,#6100,#3084,.T.);
#7851=EDGE_CURVE('',#6100,#6004,#3085,.T.);
#7852=EDGE_CURVE('',#6100,#6101,#3086,.T.);
#7853=EDGE_CURVE('',#6101,#6005,#3087,.T.);
#7854=EDGE_CURVE('',#6101,#6102,#3088,.T.);
#7855=EDGE_CURVE('',#6102,#6006,#3089,.T.);
#7856=EDGE_CURVE('',#6102,#6103,#3090,.T.);
#7857=EDGE_CURVE('',#6103,#6007,#3091,.T.);
#7858=EDGE_CURVE('',#6103,#6104,#3092,.T.);
#7859=EDGE_CURVE('',#6104,#6008,#3093,.T.);
#7860=EDGE_CURVE('',#6104,#6105,#3094,.T.);
#7861=EDGE_CURVE('',#6105,#6009,#3095,.T.);
#7862=EDGE_CURVE('',#6105,#6106,#3096,.T.);
#7863=EDGE_CURVE('',#6106,#6010,#3097,.T.);
#7864=EDGE_CURVE('',#6106,#6107,#3098,.T.);
#7865=EDGE_CURVE('',#6107,#6011,#3099,.T.);
#7866=EDGE_CURVE('',#6107,#6108,#3100,.T.);
#7867=EDGE_CURVE('',#6108,#6012,#3101,.T.);
#7868=EDGE_CURVE('',#6108,#6109,#3102,.T.);
#7869=EDGE_CURVE('',#6109,#6013,#3103,.T.);
#7870=EDGE_CURVE('',#6109,#6110,#3104,.T.);
#7871=EDGE_CURVE('',#6110,#6014,#3105,.T.);
#7872=EDGE_CURVE('',#6110,#6111,#3106,.T.);
#7873=EDGE_CURVE('',#6111,#6015,#3107,.T.);
#7874=EDGE_CURVE('',#6111,#6112,#3108,.T.);
#7875=EDGE_CURVE('',#6112,#6016,#3109,.T.);
#7876=EDGE_CURVE('',#6112,#6113,#3110,.T.);
#7877=EDGE_CURVE('',#6113,#6017,#3111,.T.);
#7878=EDGE_CURVE('',#6113,#6114,#3112,.T.);
#7879=EDGE_CURVE('',#6114,#6018,#3113,.T.);
#7880=EDGE_CURVE('',#6114,#6115,#3114,.T.);
#7881=EDGE_CURVE('',#6115,#6019,#3115,.T.);
#7882=EDGE_CURVE('',#6115,#6116,#3116,.T.);
#7883=EDGE_CURVE('',#6116,#6020,#3117,.T.);
#7884=EDGE_CURVE('',#6116,#6117,#3118,.T.);
#7885=EDGE_CURVE('',#6117,#6021,#3119,.T.);
#7886=EDGE_CURVE('',#6117,#6118,#3120,.T.);
#7887=EDGE_CURVE('',#6118,#6022,#3121,.T.);
#7888=EDGE_CURVE('',#6118,#6119,#3122,.T.);
#7889=EDGE_CURVE('',#6119,#6023,#3123,.T.);
#7890=EDGE_CURVE('',#6119,#6120,#3124,.T.);
#7891=EDGE_CURVE('',#6120,#6024,#3125,.T.);
#7892=EDGE_CURVE('',#6120,#6121,#3126,.T.);
#7893=EDGE_CURVE('',#6121,#6025,#3127,.T.);
#7894=EDGE_CURVE('',#6121,#6122,#3128,.T.);
#7895=EDGE_CURVE('',#6122,#6026,#3129,.T.);
#7896=EDGE_CURVE('',#6122,#6123,#3130,.T.);
#7897=EDGE_CURVE('',#6123,#6027,#3131,.T.);
#7898=EDGE_CURVE('',#6123,#6124,#3132,.T.);
#7899=EDGE_CURVE('',#6124,#6028,#3133,.T.);
#7900=EDGE_CURVE('',#6124,#6125,#3134,.T.);
#7901=EDGE_CURVE('',#6125,#6029,#3135,.T.);
#7902=EDGE_CURVE('',#6125,#6126,#3136,.T.);
#7903=EDGE_CURVE('',#6126,#6030,#3137,.T.);
#7904=EDGE_CURVE('',#6126,#6127,#3138,.T.);
#7905=EDGE_CURVE('',#6127,#6031,#3139,.T.);
#7906=EDGE_CURVE('',#6127,#6128,#3140,.T.);
#7907=EDGE_CURVE('',#6128,#6032,#3141,.T.);
#7908=EDGE_CURVE('',#6128,#6129,#3142,.T.);
#7909=EDGE_CURVE('',#6129,#6033,#3143,.T.);
#7910=EDGE_CURVE('',#6129,#6130,#3144,.T.);
#7911=EDGE_CURVE('',#6130,#6034,#3145,.T.);
#7912=EDGE_CURVE('',#6130,#6131,#3146,.T.);
#7913=EDGE_CURVE('',#6131,#6035,#3147,.T.);
#7914=EDGE_CURVE('',#6131,#6132,#3148,.T.);
#7915=EDGE_CURVE('',#6132,#6036,#3149,.T.);
#7916=EDGE_CURVE('',#6132,#6133,#3150,.T.);
#7917=EDGE_CURVE('',#6133,#6037,#3151,.T.);
#7918=EDGE_CURVE('',#6133,#6134,#3152,.T.);
#7919=EDGE_CURVE('',#6134,#6038,#3153,.T.);
#7920=EDGE_CURVE('',#6134,#6135,#3154,.T.);
#7921=EDGE_CURVE('',#6135,#6039,#3155,.T.);
#7922=EDGE_CURVE('',#6135,#6136,#3156,.T.);
#7923=EDGE_CURVE('',#6136,#6040,#3157,.T.);
#7924=EDGE_CURVE('',#6136,#6137,#3158,.T.);
#7925=EDGE_CURVE('',#6137,#6041,#3159,.T.);
#7926=EDGE_CURVE('',#6137,#6138,#3160,.T.);
#7927=EDGE_CURVE('',#6138,#6042,#3161,.T.);
#7928=EDGE_CURVE('',#6138,#6139,#3162,.T.);
#7929=EDGE_CURVE('',#6139,#6043,#3163,.T.);
#7930=EDGE_CURVE('',#6139,#6140,#3164,.T.);
#7931=EDGE_CURVE('',#6140,#6044,#3165,.T.);
#7932=EDGE_CURVE('',#6140,#6141,#3166,.T.);
#7933=EDGE_CURVE('',#6141,#6045,#3167,.T.);
#7934=EDGE_CURVE('',#6141,#6142,#3168,.T.);
#7935=EDGE_CURVE('',#6142,#6046,#3169,.T.);
#7936=EDGE_CURVE('',#6142,#6143,#3170,.T.);
#7937=EDGE_CURVE('',#6143,#6047,#3171,.T.);
#7938=EDGE_CURVE('',#6143,#6144,#3172,.T.);
#7939=EDGE_CURVE('',#6144,#6048,#3173,.T.);
#7940=EDGE_CURVE('',#6144,#6145,#3174,.T.);
#7941=EDGE_CURVE('',#6145,#6049,#3175,.T.);
#7942=EDGE_CURVE('',#6145,#6146,#3176,.T.);
#7943=EDGE_CURVE('',#6146,#6050,#3177,.T.);
#7944=EDGE_CURVE('',#6146,#6147,#3178,.T.);
#7945=EDGE_CURVE('',#6147,#6051,#3179,.T.);
#7946=EDGE_CURVE('',#6147,#6148,#3180,.T.);
#7947=EDGE_CURVE('',#6148,#6052,#3181,.T.);
#7948=EDGE_CURVE('',#6148,#6149,#3182,.T.);
#7949=EDGE_CURVE('',#6149,#6053,#3183,.T.);
#7950=EDGE_CURVE('',#6149,#6150,#3184,.T.);
#7951=EDGE_CURVE('',#6150,#6054,#3185,.T.);
#7952=EDGE_CURVE('',#6150,#6151,#3186,.T.);
#7953=EDGE_CURVE('',#6151,#6055,#3187,.T.);
#7954=EDGE_CURVE('',#6151,#6056,#3188,.T.);
#7955=EDGE_CURVE('',#6152,#6152,#74,.T.);
#7956=EDGE_CURVE('',#6153,#6153,#75,.T.);
#7957=EDGE_CURVE('',#6154,#6154,#76,.T.);
#7958=EDGE_CURVE('',#6155,#6155,#77,.T.);
#7959=EDGE_CURVE('',#6156,#6156,#78,.T.);
#7960=EDGE_CURVE('',#6157,#6157,#79,.T.);
#7961=EDGE_CURVE('',#6158,#6158,#80,.T.);
#7962=EDGE_CURVE('',#6159,#6159,#81,.T.);
#7963=EDGE_CURVE('',#6160,#6160,#82,.T.);
#7964=EDGE_CURVE('',#6160,#6152,#3189,.T.);
#7965=EDGE_CURVE('',#6161,#6161,#83,.T.);
#7966=EDGE_CURVE('',#6161,#6153,#3190,.T.);
#7967=EDGE_CURVE('',#6162,#6162,#84,.T.);
#7968=EDGE_CURVE('',#6162,#6154,#3191,.T.);
#7969=EDGE_CURVE('',#6163,#6163,#85,.T.);
#7970=EDGE_CURVE('',#6163,#6155,#3192,.T.);
#7971=EDGE_CURVE('',#6156,#6164,#3193,.T.);
#7972=EDGE_CURVE('',#6164,#6164,#86,.T.);
#7973=EDGE_CURVE('',#6157,#6165,#3194,.T.);
#7974=EDGE_CURVE('',#6165,#6165,#87,.T.);
#7975=EDGE_CURVE('',#6158,#6166,#3195,.T.);
#7976=EDGE_CURVE('',#6166,#6166,#88,.T.);
#7977=EDGE_CURVE('',#6159,#6167,#3196,.T.);
#7978=EDGE_CURVE('',#6167,#6167,#89,.T.);
#7979=EDGE_CURVE('',#6168,#6168,#90,.T.);
#7980=EDGE_CURVE('',#6169,#6169,#91,.T.);
#7981=EDGE_CURVE('',#6170,#6170,#92,.T.);
#7982=EDGE_CURVE('',#6171,#6171,#93,.T.);
#7983=EDGE_CURVE('',#6172,#6172,#94,.T.);
#7984=EDGE_CURVE('',#6173,#6173,#95,.T.);
#7985=EDGE_CURVE('',#6174,#6174,#96,.T.);
#7986=EDGE_CURVE('',#6175,#6175,#97,.T.);
#7987=EDGE_CURVE('',#6172,#6168,#3197,.T.);
#7988=EDGE_CURVE('',#6173,#6169,#3198,.T.);
#7989=EDGE_CURVE('',#6174,#6170,#3199,.T.);
#7990=EDGE_CURVE('',#6175,#6171,#3200,.T.);
#7991=ORIENTED_EDGE('',*,*,#6176,.T.);
#7992=ORIENTED_EDGE('',*,*,#6177,.T.);
#7993=ORIENTED_EDGE('',*,*,#6178,.F.);
#7994=ORIENTED_EDGE('',*,*,#6179,.F.);
#7995=ORIENTED_EDGE('',*,*,#6180,.T.);
#7996=ORIENTED_EDGE('',*,*,#6181,.T.);
#7997=ORIENTED_EDGE('',*,*,#6176,.F.);
#7998=ORIENTED_EDGE('',*,*,#6182,.F.);
#7999=ORIENTED_EDGE('',*,*,#6178,.T.);
#8000=ORIENTED_EDGE('',*,*,#6183,.T.);
#8001=ORIENTED_EDGE('',*,*,#6184,.F.);
#8002=ORIENTED_EDGE('',*,*,#6185,.F.);
#8003=ORIENTED_EDGE('',*,*,#6179,.T.);
#8004=ORIENTED_EDGE('',*,*,#6185,.T.);
#8005=ORIENTED_EDGE('',*,*,#6186,.T.);
#8006=ORIENTED_EDGE('',*,*,#6187,.T.);
#8007=ORIENTED_EDGE('',*,*,#6188,.T.);
#8008=ORIENTED_EDGE('',*,*,#6189,.T.);
#8009=ORIENTED_EDGE('',*,*,#6190,.T.);
#8010=ORIENTED_EDGE('',*,*,#6191,.T.);
#8011=ORIENTED_EDGE('',*,*,#6192,.T.);
#8012=ORIENTED_EDGE('',*,*,#6193,.T.);
#8013=ORIENTED_EDGE('',*,*,#6194,.T.);
#8014=ORIENTED_EDGE('',*,*,#6195,.T.);
#8015=ORIENTED_EDGE('',*,*,#6196,.T.);
#8016=ORIENTED_EDGE('',*,*,#6197,.T.);
#8017=ORIENTED_EDGE('',*,*,#6198,.T.);
#8018=ORIENTED_EDGE('',*,*,#6199,.T.);
#8019=ORIENTED_EDGE('',*,*,#6200,.T.);
#8020=ORIENTED_EDGE('',*,*,#6201,.T.);
#8021=ORIENTED_EDGE('',*,*,#6202,.T.);
#8022=ORIENTED_EDGE('',*,*,#6203,.T.);
#8023=ORIENTED_EDGE('',*,*,#6204,.T.);
#8024=ORIENTED_EDGE('',*,*,#6205,.T.);
#8025=ORIENTED_EDGE('',*,*,#6206,.T.);
#8026=ORIENTED_EDGE('',*,*,#6207,.T.);
#8027=ORIENTED_EDGE('',*,*,#6208,.T.);
#8028=ORIENTED_EDGE('',*,*,#6209,.T.);
#8029=ORIENTED_EDGE('',*,*,#6210,.T.);
#8030=ORIENTED_EDGE('',*,*,#6211,.T.);
#8031=ORIENTED_EDGE('',*,*,#6212,.T.);
#8032=ORIENTED_EDGE('',*,*,#6213,.T.);
#8033=ORIENTED_EDGE('',*,*,#6214,.T.);
#8034=ORIENTED_EDGE('',*,*,#6215,.T.);
#8035=ORIENTED_EDGE('',*,*,#6216,.T.);
#8036=ORIENTED_EDGE('',*,*,#6217,.T.);
#8037=ORIENTED_EDGE('',*,*,#6218,.T.);
#8038=ORIENTED_EDGE('',*,*,#6219,.T.);
#8039=ORIENTED_EDGE('',*,*,#6220,.T.);
#8040=ORIENTED_EDGE('',*,*,#6221,.T.);
#8041=ORIENTED_EDGE('',*,*,#6222,.T.);
#8042=ORIENTED_EDGE('',*,*,#6223,.T.);
#8043=ORIENTED_EDGE('',*,*,#6224,.T.);
#8044=ORIENTED_EDGE('',*,*,#6225,.T.);
#8045=ORIENTED_EDGE('',*,*,#6226,.T.);
#8046=ORIENTED_EDGE('',*,*,#6227,.T.);
#8047=ORIENTED_EDGE('',*,*,#6228,.T.);
#8048=ORIENTED_EDGE('',*,*,#6229,.T.);
#8049=ORIENTED_EDGE('',*,*,#6230,.T.);
#8050=ORIENTED_EDGE('',*,*,#6231,.T.);
#8051=ORIENTED_EDGE('',*,*,#6232,.T.);
#8052=ORIENTED_EDGE('',*,*,#6233,.T.);
#8053=ORIENTED_EDGE('',*,*,#6234,.T.);
#8054=ORIENTED_EDGE('',*,*,#6235,.T.);
#8055=ORIENTED_EDGE('',*,*,#6236,.T.);
#8056=ORIENTED_EDGE('',*,*,#6237,.T.);
#8057=ORIENTED_EDGE('',*,*,#6238,.T.);
#8058=ORIENTED_EDGE('',*,*,#6239,.T.);
#8059=ORIENTED_EDGE('',*,*,#6240,.T.);
#8060=ORIENTED_EDGE('',*,*,#6241,.T.);
#8061=ORIENTED_EDGE('',*,*,#6242,.T.);
#8062=ORIENTED_EDGE('',*,*,#6243,.T.);
#8063=ORIENTED_EDGE('',*,*,#6244,.T.);
#8064=ORIENTED_EDGE('',*,*,#6245,.T.);
#8065=ORIENTED_EDGE('',*,*,#6246,.T.);
#8066=ORIENTED_EDGE('',*,*,#6247,.T.);
#8067=ORIENTED_EDGE('',*,*,#6248,.T.);
#8068=ORIENTED_EDGE('',*,*,#6249,.T.);
#8069=ORIENTED_EDGE('',*,*,#6250,.T.);
#8070=ORIENTED_EDGE('',*,*,#6251,.T.);
#8071=ORIENTED_EDGE('',*,*,#6252,.T.);
#8072=ORIENTED_EDGE('',*,*,#6253,.T.);
#8073=ORIENTED_EDGE('',*,*,#6254,.T.);
#8074=ORIENTED_EDGE('',*,*,#6255,.T.);
#8075=ORIENTED_EDGE('',*,*,#6256,.T.);
#8076=ORIENTED_EDGE('',*,*,#6257,.T.);
#8077=ORIENTED_EDGE('',*,*,#6258,.T.);
#8078=ORIENTED_EDGE('',*,*,#6259,.T.);
#8079=ORIENTED_EDGE('',*,*,#6260,.T.);
#8080=ORIENTED_EDGE('',*,*,#6261,.T.);
#8081=ORIENTED_EDGE('',*,*,#6262,.T.);
#8082=ORIENTED_EDGE('',*,*,#6263,.T.);
#8083=ORIENTED_EDGE('',*,*,#6264,.T.);
#8084=ORIENTED_EDGE('',*,*,#6265,.T.);
#8085=ORIENTED_EDGE('',*,*,#6266,.T.);
#8086=ORIENTED_EDGE('',*,*,#6267,.T.);
#8087=ORIENTED_EDGE('',*,*,#6268,.T.);
#8088=ORIENTED_EDGE('',*,*,#6269,.T.);
#8089=ORIENTED_EDGE('',*,*,#6270,.T.);
#8090=ORIENTED_EDGE('',*,*,#6271,.T.);
#8091=ORIENTED_EDGE('',*,*,#6272,.T.);
#8092=ORIENTED_EDGE('',*,*,#6273,.T.);
#8093=ORIENTED_EDGE('',*,*,#6274,.T.);
#8094=ORIENTED_EDGE('',*,*,#6275,.T.);
#8095=ORIENTED_EDGE('',*,*,#6276,.T.);
#8096=ORIENTED_EDGE('',*,*,#6277,.T.);
#8097=ORIENTED_EDGE('',*,*,#6278,.T.);
#8098=ORIENTED_EDGE('',*,*,#6182,.T.);
#8099=ORIENTED_EDGE('',*,*,#6279,.F.);
#8100=ORIENTED_EDGE('',*,*,#6280,.F.);
#8101=ORIENTED_EDGE('',*,*,#6281,.F.);
#8102=ORIENTED_EDGE('',*,*,#6282,.F.);
#8103=ORIENTED_EDGE('',*,*,#6283,.F.);
#8104=ORIENTED_EDGE('',*,*,#6284,.F.);
#8105=ORIENTED_EDGE('',*,*,#6285,.F.);
#8106=ORIENTED_EDGE('',*,*,#6286,.F.);
#8107=ORIENTED_EDGE('',*,*,#6287,.F.);
#8108=ORIENTED_EDGE('',*,*,#6288,.F.);
#8109=ORIENTED_EDGE('',*,*,#6289,.F.);
#8110=ORIENTED_EDGE('',*,*,#6290,.F.);
#8111=ORIENTED_EDGE('',*,*,#6291,.F.);
#8112=ORIENTED_EDGE('',*,*,#6292,.F.);
#8113=ORIENTED_EDGE('',*,*,#6293,.F.);
#8114=ORIENTED_EDGE('',*,*,#6294,.F.);
#8115=ORIENTED_EDGE('',*,*,#6295,.F.);
#8116=ORIENTED_EDGE('',*,*,#6296,.F.);
#8117=ORIENTED_EDGE('',*,*,#6297,.F.);
#8118=ORIENTED_EDGE('',*,*,#6298,.F.);
#8119=ORIENTED_EDGE('',*,*,#6299,.F.);
#8120=ORIENTED_EDGE('',*,*,#6300,.F.);
#8121=ORIENTED_EDGE('',*,*,#6301,.F.);
#8122=ORIENTED_EDGE('',*,*,#6302,.F.);
#8123=ORIENTED_EDGE('',*,*,#6303,.F.);
#8124=ORIENTED_EDGE('',*,*,#6304,.F.);
#8125=ORIENTED_EDGE('',*,*,#6305,.F.);
#8126=ORIENTED_EDGE('',*,*,#6306,.F.);
#8127=ORIENTED_EDGE('',*,*,#6307,.F.);
#8128=ORIENTED_EDGE('',*,*,#6308,.F.);
#8129=ORIENTED_EDGE('',*,*,#6309,.F.);
#8130=ORIENTED_EDGE('',*,*,#6310,.F.);
#8131=ORIENTED_EDGE('',*,*,#6311,.F.);
#8132=ORIENTED_EDGE('',*,*,#6312,.F.);
#8133=ORIENTED_EDGE('',*,*,#6313,.F.);
#8134=ORIENTED_EDGE('',*,*,#6314,.F.);
#8135=ORIENTED_EDGE('',*,*,#6315,.F.);
#8136=ORIENTED_EDGE('',*,*,#6316,.F.);
#8137=ORIENTED_EDGE('',*,*,#6317,.F.);
#8138=ORIENTED_EDGE('',*,*,#6318,.F.);
#8139=ORIENTED_EDGE('',*,*,#6319,.F.);
#8140=ORIENTED_EDGE('',*,*,#6320,.F.);
#8141=ORIENTED_EDGE('',*,*,#6321,.F.);
#8142=ORIENTED_EDGE('',*,*,#6322,.F.);
#8143=ORIENTED_EDGE('',*,*,#6323,.F.);
#8144=ORIENTED_EDGE('',*,*,#6324,.F.);
#8145=ORIENTED_EDGE('',*,*,#6325,.F.);
#8146=ORIENTED_EDGE('',*,*,#6326,.F.);
#8147=ORIENTED_EDGE('',*,*,#6327,.F.);
#8148=ORIENTED_EDGE('',*,*,#6328,.T.);
#8149=ORIENTED_EDGE('',*,*,#6329,.T.);
#8150=ORIENTED_EDGE('',*,*,#6330,.T.);
#8151=ORIENTED_EDGE('',*,*,#6331,.T.);
#8152=ORIENTED_EDGE('',*,*,#6332,.T.);
#8153=ORIENTED_EDGE('',*,*,#6333,.T.);
#8154=ORIENTED_EDGE('',*,*,#6334,.T.);
#8155=ORIENTED_EDGE('',*,*,#6335,.T.);
#8156=ORIENTED_EDGE('',*,*,#6336,.T.);
#8157=ORIENTED_EDGE('',*,*,#6337,.T.);
#8158=ORIENTED_EDGE('',*,*,#6338,.T.);
#8159=ORIENTED_EDGE('',*,*,#6339,.T.);
#8160=ORIENTED_EDGE('',*,*,#6340,.T.);
#8161=ORIENTED_EDGE('',*,*,#6341,.T.);
#8162=ORIENTED_EDGE('',*,*,#6342,.T.);
#8163=ORIENTED_EDGE('',*,*,#6343,.T.);
#8164=ORIENTED_EDGE('',*,*,#6344,.T.);
#8165=ORIENTED_EDGE('',*,*,#6345,.T.);
#8166=ORIENTED_EDGE('',*,*,#6346,.T.);
#8167=ORIENTED_EDGE('',*,*,#6347,.T.);
#8168=ORIENTED_EDGE('',*,*,#6348,.T.);
#8169=ORIENTED_EDGE('',*,*,#6349,.T.);
#8170=ORIENTED_EDGE('',*,*,#6350,.T.);
#8171=ORIENTED_EDGE('',*,*,#6351,.T.);
#8172=ORIENTED_EDGE('',*,*,#6352,.T.);
#8173=ORIENTED_EDGE('',*,*,#6353,.F.);
#8174=ORIENTED_EDGE('',*,*,#6354,.F.);
#8175=ORIENTED_EDGE('',*,*,#6355,.F.);
#8176=ORIENTED_EDGE('',*,*,#6356,.F.);
#8177=ORIENTED_EDGE('',*,*,#6357,.F.);
#8178=ORIENTED_EDGE('',*,*,#6358,.F.);
#8179=ORIENTED_EDGE('',*,*,#6359,.F.);
#8180=ORIENTED_EDGE('',*,*,#6360,.F.);
#8181=ORIENTED_EDGE('',*,*,#6361,.F.);
#8182=ORIENTED_EDGE('',*,*,#6362,.F.);
#8183=ORIENTED_EDGE('',*,*,#6363,.F.);
#8184=ORIENTED_EDGE('',*,*,#6364,.F.);
#8185=ORIENTED_EDGE('',*,*,#6365,.F.);
#8186=ORIENTED_EDGE('',*,*,#6366,.F.);
#8187=ORIENTED_EDGE('',*,*,#6367,.F.);
#8188=ORIENTED_EDGE('',*,*,#6368,.F.);
#8189=ORIENTED_EDGE('',*,*,#6369,.F.);
#8190=ORIENTED_EDGE('',*,*,#6370,.F.);
#8191=ORIENTED_EDGE('',*,*,#6371,.F.);
#8192=ORIENTED_EDGE('',*,*,#6372,.F.);
#8193=ORIENTED_EDGE('',*,*,#6373,.F.);
#8194=ORIENTED_EDGE('',*,*,#6374,.F.);
#8195=ORIENTED_EDGE('',*,*,#6177,.F.);
#8196=ORIENTED_EDGE('',*,*,#6181,.F.);
#8197=ORIENTED_EDGE('',*,*,#6375,.F.);
#8198=ORIENTED_EDGE('',*,*,#6376,.F.);
#8199=ORIENTED_EDGE('',*,*,#6377,.F.);
#8200=ORIENTED_EDGE('',*,*,#6378,.F.);
#8201=ORIENTED_EDGE('',*,*,#6379,.F.);
#8202=ORIENTED_EDGE('',*,*,#6380,.F.);
#8203=ORIENTED_EDGE('',*,*,#6381,.F.);
#8204=ORIENTED_EDGE('',*,*,#6382,.F.);
#8205=ORIENTED_EDGE('',*,*,#6383,.F.);
#8206=ORIENTED_EDGE('',*,*,#6384,.F.);
#8207=ORIENTED_EDGE('',*,*,#6385,.F.);
#8208=ORIENTED_EDGE('',*,*,#6386,.F.);
#8209=ORIENTED_EDGE('',*,*,#6387,.F.);
#8210=ORIENTED_EDGE('',*,*,#6388,.F.);
#8211=ORIENTED_EDGE('',*,*,#6389,.F.);
#8212=ORIENTED_EDGE('',*,*,#6390,.F.);
#8213=ORIENTED_EDGE('',*,*,#6391,.F.);
#8214=ORIENTED_EDGE('',*,*,#6392,.F.);
#8215=ORIENTED_EDGE('',*,*,#6393,.F.);
#8216=ORIENTED_EDGE('',*,*,#6394,.F.);
#8217=ORIENTED_EDGE('',*,*,#6395,.F.);
#8218=ORIENTED_EDGE('',*,*,#6396,.F.);
#8219=ORIENTED_EDGE('',*,*,#6397,.F.);
#8220=ORIENTED_EDGE('',*,*,#6398,.F.);
#8221=ORIENTED_EDGE('',*,*,#6399,.F.);
#8222=ORIENTED_EDGE('',*,*,#6400,.F.);
#8223=ORIENTED_EDGE('',*,*,#6401,.F.);
#8224=ORIENTED_EDGE('',*,*,#6402,.F.);
#8225=ORIENTED_EDGE('',*,*,#6403,.F.);
#8226=ORIENTED_EDGE('',*,*,#6404,.F.);
#8227=ORIENTED_EDGE('',*,*,#6405,.F.);
#8228=ORIENTED_EDGE('',*,*,#6406,.F.);
#8229=ORIENTED_EDGE('',*,*,#6407,.F.);
#8230=ORIENTED_EDGE('',*,*,#6408,.F.);
#8231=ORIENTED_EDGE('',*,*,#6409,.F.);
#8232=ORIENTED_EDGE('',*,*,#6410,.F.);
#8233=ORIENTED_EDGE('',*,*,#6411,.F.);
#8234=ORIENTED_EDGE('',*,*,#6412,.F.);
#8235=ORIENTED_EDGE('',*,*,#6413,.F.);
#8236=ORIENTED_EDGE('',*,*,#6414,.F.);
#8237=ORIENTED_EDGE('',*,*,#6415,.F.);
#8238=ORIENTED_EDGE('',*,*,#6416,.F.);
#8239=ORIENTED_EDGE('',*,*,#6417,.F.);
#8240=ORIENTED_EDGE('',*,*,#6418,.F.);
#8241=ORIENTED_EDGE('',*,*,#6419,.F.);
#8242=ORIENTED_EDGE('',*,*,#6420,.F.);
#8243=ORIENTED_EDGE('',*,*,#6421,.F.);
#8244=ORIENTED_EDGE('',*,*,#6422,.F.);
#8245=ORIENTED_EDGE('',*,*,#6423,.F.);
#8246=ORIENTED_EDGE('',*,*,#6424,.F.);
#8247=ORIENTED_EDGE('',*,*,#6425,.F.);
#8248=ORIENTED_EDGE('',*,*,#6426,.F.);
#8249=ORIENTED_EDGE('',*,*,#6427,.F.);
#8250=ORIENTED_EDGE('',*,*,#6428,.F.);
#8251=ORIENTED_EDGE('',*,*,#6429,.F.);
#8252=ORIENTED_EDGE('',*,*,#6430,.F.);
#8253=ORIENTED_EDGE('',*,*,#6431,.F.);
#8254=ORIENTED_EDGE('',*,*,#6432,.F.);
#8255=ORIENTED_EDGE('',*,*,#6433,.F.);
#8256=ORIENTED_EDGE('',*,*,#6434,.F.);
#8257=ORIENTED_EDGE('',*,*,#6435,.F.);
#8258=ORIENTED_EDGE('',*,*,#6436,.F.);
#8259=ORIENTED_EDGE('',*,*,#6437,.F.);
#8260=ORIENTED_EDGE('',*,*,#6438,.F.);
#8261=ORIENTED_EDGE('',*,*,#6439,.F.);
#8262=ORIENTED_EDGE('',*,*,#6440,.F.);
#8263=ORIENTED_EDGE('',*,*,#6441,.F.);
#8264=ORIENTED_EDGE('',*,*,#6442,.F.);
#8265=ORIENTED_EDGE('',*,*,#6443,.F.);
#8266=ORIENTED_EDGE('',*,*,#6444,.F.);
#8267=ORIENTED_EDGE('',*,*,#6445,.F.);
#8268=ORIENTED_EDGE('',*,*,#6446,.F.);
#8269=ORIENTED_EDGE('',*,*,#6447,.F.);
#8270=ORIENTED_EDGE('',*,*,#6448,.F.);
#8271=ORIENTED_EDGE('',*,*,#6449,.F.);
#8272=ORIENTED_EDGE('',*,*,#6450,.F.);
#8273=ORIENTED_EDGE('',*,*,#6451,.F.);
#8274=ORIENTED_EDGE('',*,*,#6452,.F.);
#8275=ORIENTED_EDGE('',*,*,#6453,.F.);
#8276=ORIENTED_EDGE('',*,*,#6454,.F.);
#8277=ORIENTED_EDGE('',*,*,#6455,.F.);
#8278=ORIENTED_EDGE('',*,*,#6456,.F.);
#8279=ORIENTED_EDGE('',*,*,#6457,.F.);
#8280=ORIENTED_EDGE('',*,*,#6458,.F.);
#8281=ORIENTED_EDGE('',*,*,#6459,.F.);
#8282=ORIENTED_EDGE('',*,*,#6460,.F.);
#8283=ORIENTED_EDGE('',*,*,#6461,.F.);
#8284=ORIENTED_EDGE('',*,*,#6462,.F.);
#8285=ORIENTED_EDGE('',*,*,#6463,.F.);
#8286=ORIENTED_EDGE('',*,*,#6464,.F.);
#8287=ORIENTED_EDGE('',*,*,#6465,.F.);
#8288=ORIENTED_EDGE('',*,*,#6466,.F.);
#8289=ORIENTED_EDGE('',*,*,#6467,.F.);
#8290=ORIENTED_EDGE('',*,*,#6183,.F.);
#8291=ORIENTED_EDGE('',*,*,#6468,.T.);
#8292=ORIENTED_EDGE('',*,*,#6469,.T.);
#8293=ORIENTED_EDGE('',*,*,#6470,.T.);
#8294=ORIENTED_EDGE('',*,*,#6471,.T.);
#8295=ORIENTED_EDGE('',*,*,#6472,.F.);
#8296=ORIENTED_EDGE('',*,*,#6473,.T.);
#8297=ORIENTED_EDGE('',*,*,#6375,.T.);
#8298=ORIENTED_EDGE('',*,*,#6180,.F.);
#8299=ORIENTED_EDGE('',*,*,#6278,.F.);
#8300=ORIENTED_EDGE('',*,*,#6184,.T.);
#8301=ORIENTED_EDGE('',*,*,#6467,.T.);
#8302=ORIENTED_EDGE('',*,*,#6474,.F.);
#8303=ORIENTED_EDGE('',*,*,#6186,.F.);
#8304=ORIENTED_EDGE('',*,*,#6475,.T.);
#8305=ORIENTED_EDGE('',*,*,#6376,.T.);
#8306=ORIENTED_EDGE('',*,*,#6473,.F.);
#8307=ORIENTED_EDGE('',*,*,#6277,.F.);
#8308=ORIENTED_EDGE('',*,*,#6474,.T.);
#8309=ORIENTED_EDGE('',*,*,#6466,.T.);
#8310=ORIENTED_EDGE('',*,*,#6476,.F.);
#8311=ORIENTED_EDGE('',*,*,#6187,.F.);
#8312=ORIENTED_EDGE('',*,*,#6477,.T.);
#8313=ORIENTED_EDGE('',*,*,#6377,.T.);
#8314=ORIENTED_EDGE('',*,*,#6475,.F.);
#8315=ORIENTED_EDGE('',*,*,#6276,.F.);
#8316=ORIENTED_EDGE('',*,*,#6476,.T.);
#8317=ORIENTED_EDGE('',*,*,#6465,.T.);
#8318=ORIENTED_EDGE('',*,*,#6478,.F.);
#8319=ORIENTED_EDGE('',*,*,#6188,.F.);
#8320=ORIENTED_EDGE('',*,*,#6479,.T.);
#8321=ORIENTED_EDGE('',*,*,#6378,.T.);
#8322=ORIENTED_EDGE('',*,*,#6477,.F.);
#8323=ORIENTED_EDGE('',*,*,#6275,.F.);
#8324=ORIENTED_EDGE('',*,*,#6478,.T.);
#8325=ORIENTED_EDGE('',*,*,#6464,.T.);
#8326=ORIENTED_EDGE('',*,*,#6480,.F.);
#8327=ORIENTED_EDGE('',*,*,#6189,.F.);
#8328=ORIENTED_EDGE('',*,*,#6481,.T.);
#8329=ORIENTED_EDGE('',*,*,#6379,.T.);
#8330=ORIENTED_EDGE('',*,*,#6479,.F.);
#8331=ORIENTED_EDGE('',*,*,#6274,.F.);
#8332=ORIENTED_EDGE('',*,*,#6480,.T.);
#8333=ORIENTED_EDGE('',*,*,#6463,.T.);
#8334=ORIENTED_EDGE('',*,*,#6482,.F.);
#8335=ORIENTED_EDGE('',*,*,#6190,.F.);
#8336=ORIENTED_EDGE('',*,*,#6483,.T.);
#8337=ORIENTED_EDGE('',*,*,#6380,.T.);
#8338=ORIENTED_EDGE('',*,*,#6481,.F.);
#8339=ORIENTED_EDGE('',*,*,#6273,.F.);
#8340=ORIENTED_EDGE('',*,*,#6482,.T.);
#8341=ORIENTED_EDGE('',*,*,#6462,.T.);
#8342=ORIENTED_EDGE('',*,*,#6484,.F.);
#8343=ORIENTED_EDGE('',*,*,#6191,.F.);
#8344=ORIENTED_EDGE('',*,*,#6485,.T.);
#8345=ORIENTED_EDGE('',*,*,#6381,.T.);
#8346=ORIENTED_EDGE('',*,*,#6483,.F.);
#8347=ORIENTED_EDGE('',*,*,#6272,.F.);
#8348=ORIENTED_EDGE('',*,*,#6484,.T.);
#8349=ORIENTED_EDGE('',*,*,#6461,.T.);
#8350=ORIENTED_EDGE('',*,*,#6486,.F.);
#8351=ORIENTED_EDGE('',*,*,#6192,.F.);
#8352=ORIENTED_EDGE('',*,*,#6487,.T.);
#8353=ORIENTED_EDGE('',*,*,#6382,.T.);
#8354=ORIENTED_EDGE('',*,*,#6485,.F.);
#8355=ORIENTED_EDGE('',*,*,#6271,.F.);
#8356=ORIENTED_EDGE('',*,*,#6486,.T.);
#8357=ORIENTED_EDGE('',*,*,#6460,.T.);
#8358=ORIENTED_EDGE('',*,*,#6488,.F.);
#8359=ORIENTED_EDGE('',*,*,#6193,.F.);
#8360=ORIENTED_EDGE('',*,*,#6489,.T.);
#8361=ORIENTED_EDGE('',*,*,#6383,.T.);
#8362=ORIENTED_EDGE('',*,*,#6487,.F.);
#8363=ORIENTED_EDGE('',*,*,#6270,.F.);
#8364=ORIENTED_EDGE('',*,*,#6488,.T.);
#8365=ORIENTED_EDGE('',*,*,#6459,.T.);
#8366=ORIENTED_EDGE('',*,*,#6490,.F.);
#8367=ORIENTED_EDGE('',*,*,#6194,.F.);
#8368=ORIENTED_EDGE('',*,*,#6491,.T.);
#8369=ORIENTED_EDGE('',*,*,#6384,.T.);
#8370=ORIENTED_EDGE('',*,*,#6489,.F.);
#8371=ORIENTED_EDGE('',*,*,#6269,.F.);
#8372=ORIENTED_EDGE('',*,*,#6490,.T.);
#8373=ORIENTED_EDGE('',*,*,#6458,.T.);
#8374=ORIENTED_EDGE('',*,*,#6492,.F.);
#8375=ORIENTED_EDGE('',*,*,#6195,.F.);
#8376=ORIENTED_EDGE('',*,*,#6493,.T.);
#8377=ORIENTED_EDGE('',*,*,#6385,.T.);
#8378=ORIENTED_EDGE('',*,*,#6491,.F.);
#8379=ORIENTED_EDGE('',*,*,#6268,.F.);
#8380=ORIENTED_EDGE('',*,*,#6492,.T.);
#8381=ORIENTED_EDGE('',*,*,#6457,.T.);
#8382=ORIENTED_EDGE('',*,*,#6494,.F.);
#8383=ORIENTED_EDGE('',*,*,#6196,.F.);
#8384=ORIENTED_EDGE('',*,*,#6495,.T.);
#8385=ORIENTED_EDGE('',*,*,#6386,.T.);
#8386=ORIENTED_EDGE('',*,*,#6493,.F.);
#8387=ORIENTED_EDGE('',*,*,#6267,.F.);
#8388=ORIENTED_EDGE('',*,*,#6494,.T.);
#8389=ORIENTED_EDGE('',*,*,#6456,.T.);
#8390=ORIENTED_EDGE('',*,*,#6496,.F.);
#8391=ORIENTED_EDGE('',*,*,#6197,.F.);
#8392=ORIENTED_EDGE('',*,*,#6497,.T.);
#8393=ORIENTED_EDGE('',*,*,#6387,.T.);
#8394=ORIENTED_EDGE('',*,*,#6495,.F.);
#8395=ORIENTED_EDGE('',*,*,#6266,.F.);
#8396=ORIENTED_EDGE('',*,*,#6496,.T.);
#8397=ORIENTED_EDGE('',*,*,#6455,.T.);
#8398=ORIENTED_EDGE('',*,*,#6498,.F.);
#8399=ORIENTED_EDGE('',*,*,#6198,.F.);
#8400=ORIENTED_EDGE('',*,*,#6499,.T.);
#8401=ORIENTED_EDGE('',*,*,#6388,.T.);
#8402=ORIENTED_EDGE('',*,*,#6497,.F.);
#8403=ORIENTED_EDGE('',*,*,#6265,.F.);
#8404=ORIENTED_EDGE('',*,*,#6498,.T.);
#8405=ORIENTED_EDGE('',*,*,#6454,.T.);
#8406=ORIENTED_EDGE('',*,*,#6500,.F.);
#8407=ORIENTED_EDGE('',*,*,#6199,.F.);
#8408=ORIENTED_EDGE('',*,*,#6501,.T.);
#8409=ORIENTED_EDGE('',*,*,#6389,.T.);
#8410=ORIENTED_EDGE('',*,*,#6499,.F.);
#8411=ORIENTED_EDGE('',*,*,#6264,.F.);
#8412=ORIENTED_EDGE('',*,*,#6500,.T.);
#8413=ORIENTED_EDGE('',*,*,#6453,.T.);
#8414=ORIENTED_EDGE('',*,*,#6502,.F.);
#8415=ORIENTED_EDGE('',*,*,#6200,.F.);
#8416=ORIENTED_EDGE('',*,*,#6503,.T.);
#8417=ORIENTED_EDGE('',*,*,#6390,.T.);
#8418=ORIENTED_EDGE('',*,*,#6501,.F.);
#8419=ORIENTED_EDGE('',*,*,#6263,.F.);
#8420=ORIENTED_EDGE('',*,*,#6502,.T.);
#8421=ORIENTED_EDGE('',*,*,#6452,.T.);
#8422=ORIENTED_EDGE('',*,*,#6504,.F.);
#8423=ORIENTED_EDGE('',*,*,#6201,.F.);
#8424=ORIENTED_EDGE('',*,*,#6505,.T.);
#8425=ORIENTED_EDGE('',*,*,#6391,.T.);
#8426=ORIENTED_EDGE('',*,*,#6503,.F.);
#8427=ORIENTED_EDGE('',*,*,#6262,.F.);
#8428=ORIENTED_EDGE('',*,*,#6504,.T.);
#8429=ORIENTED_EDGE('',*,*,#6451,.T.);
#8430=ORIENTED_EDGE('',*,*,#6506,.F.);
#8431=ORIENTED_EDGE('',*,*,#6202,.F.);
#8432=ORIENTED_EDGE('',*,*,#6507,.T.);
#8433=ORIENTED_EDGE('',*,*,#6392,.T.);
#8434=ORIENTED_EDGE('',*,*,#6505,.F.);
#8435=ORIENTED_EDGE('',*,*,#6261,.F.);
#8436=ORIENTED_EDGE('',*,*,#6506,.T.);
#8437=ORIENTED_EDGE('',*,*,#6450,.T.);
#8438=ORIENTED_EDGE('',*,*,#6508,.F.);
#8439=ORIENTED_EDGE('',*,*,#6203,.F.);
#8440=ORIENTED_EDGE('',*,*,#6509,.T.);
#8441=ORIENTED_EDGE('',*,*,#6393,.T.);
#8442=ORIENTED_EDGE('',*,*,#6507,.F.);
#8443=ORIENTED_EDGE('',*,*,#6260,.F.);
#8444=ORIENTED_EDGE('',*,*,#6508,.T.);
#8445=ORIENTED_EDGE('',*,*,#6449,.T.);
#8446=ORIENTED_EDGE('',*,*,#6510,.F.);
#8447=ORIENTED_EDGE('',*,*,#6204,.F.);
#8448=ORIENTED_EDGE('',*,*,#6511,.T.);
#8449=ORIENTED_EDGE('',*,*,#6394,.T.);
#8450=ORIENTED_EDGE('',*,*,#6509,.F.);
#8451=ORIENTED_EDGE('',*,*,#6259,.F.);
#8452=ORIENTED_EDGE('',*,*,#6510,.T.);
#8453=ORIENTED_EDGE('',*,*,#6448,.T.);
#8454=ORIENTED_EDGE('',*,*,#6512,.F.);
#8455=ORIENTED_EDGE('',*,*,#6205,.F.);
#8456=ORIENTED_EDGE('',*,*,#6513,.T.);
#8457=ORIENTED_EDGE('',*,*,#6395,.T.);
#8458=ORIENTED_EDGE('',*,*,#6511,.F.);
#8459=ORIENTED_EDGE('',*,*,#6258,.F.);
#8460=ORIENTED_EDGE('',*,*,#6512,.T.);
#8461=ORIENTED_EDGE('',*,*,#6447,.T.);
#8462=ORIENTED_EDGE('',*,*,#6514,.F.);
#8463=ORIENTED_EDGE('',*,*,#6206,.F.);
#8464=ORIENTED_EDGE('',*,*,#6515,.T.);
#8465=ORIENTED_EDGE('',*,*,#6396,.T.);
#8466=ORIENTED_EDGE('',*,*,#6513,.F.);
#8467=ORIENTED_EDGE('',*,*,#6257,.F.);
#8468=ORIENTED_EDGE('',*,*,#6514,.T.);
#8469=ORIENTED_EDGE('',*,*,#6446,.T.);
#8470=ORIENTED_EDGE('',*,*,#6516,.F.);
#8471=ORIENTED_EDGE('',*,*,#6207,.F.);
#8472=ORIENTED_EDGE('',*,*,#6517,.T.);
#8473=ORIENTED_EDGE('',*,*,#6397,.T.);
#8474=ORIENTED_EDGE('',*,*,#6515,.F.);
#8475=ORIENTED_EDGE('',*,*,#6256,.F.);
#8476=ORIENTED_EDGE('',*,*,#6516,.T.);
#8477=ORIENTED_EDGE('',*,*,#6445,.T.);
#8478=ORIENTED_EDGE('',*,*,#6518,.F.);
#8479=ORIENTED_EDGE('',*,*,#6208,.F.);
#8480=ORIENTED_EDGE('',*,*,#6519,.T.);
#8481=ORIENTED_EDGE('',*,*,#6398,.T.);
#8482=ORIENTED_EDGE('',*,*,#6517,.F.);
#8483=ORIENTED_EDGE('',*,*,#6255,.F.);
#8484=ORIENTED_EDGE('',*,*,#6518,.T.);
#8485=ORIENTED_EDGE('',*,*,#6444,.T.);
#8486=ORIENTED_EDGE('',*,*,#6520,.F.);
#8487=ORIENTED_EDGE('',*,*,#6209,.F.);
#8488=ORIENTED_EDGE('',*,*,#6521,.T.);
#8489=ORIENTED_EDGE('',*,*,#6399,.T.);
#8490=ORIENTED_EDGE('',*,*,#6519,.F.);
#8491=ORIENTED_EDGE('',*,*,#6254,.F.);
#8492=ORIENTED_EDGE('',*,*,#6520,.T.);
#8493=ORIENTED_EDGE('',*,*,#6443,.T.);
#8494=ORIENTED_EDGE('',*,*,#6522,.F.);
#8495=ORIENTED_EDGE('',*,*,#6210,.F.);
#8496=ORIENTED_EDGE('',*,*,#6523,.T.);
#8497=ORIENTED_EDGE('',*,*,#6400,.T.);
#8498=ORIENTED_EDGE('',*,*,#6521,.F.);
#8499=ORIENTED_EDGE('',*,*,#6253,.F.);
#8500=ORIENTED_EDGE('',*,*,#6522,.T.);
#8501=ORIENTED_EDGE('',*,*,#6442,.T.);
#8502=ORIENTED_EDGE('',*,*,#6524,.F.);
#8503=ORIENTED_EDGE('',*,*,#6211,.F.);
#8504=ORIENTED_EDGE('',*,*,#6525,.T.);
#8505=ORIENTED_EDGE('',*,*,#6401,.T.);
#8506=ORIENTED_EDGE('',*,*,#6523,.F.);
#8507=ORIENTED_EDGE('',*,*,#6252,.F.);
#8508=ORIENTED_EDGE('',*,*,#6524,.T.);
#8509=ORIENTED_EDGE('',*,*,#6441,.T.);
#8510=ORIENTED_EDGE('',*,*,#6526,.F.);
#8511=ORIENTED_EDGE('',*,*,#6212,.F.);
#8512=ORIENTED_EDGE('',*,*,#6527,.T.);
#8513=ORIENTED_EDGE('',*,*,#6402,.T.);
#8514=ORIENTED_EDGE('',*,*,#6525,.F.);
#8515=ORIENTED_EDGE('',*,*,#6251,.F.);
#8516=ORIENTED_EDGE('',*,*,#6526,.T.);
#8517=ORIENTED_EDGE('',*,*,#6440,.T.);
#8518=ORIENTED_EDGE('',*,*,#6528,.F.);
#8519=ORIENTED_EDGE('',*,*,#6213,.F.);
#8520=ORIENTED_EDGE('',*,*,#6529,.T.);
#8521=ORIENTED_EDGE('',*,*,#6403,.T.);
#8522=ORIENTED_EDGE('',*,*,#6527,.F.);
#8523=ORIENTED_EDGE('',*,*,#6250,.F.);
#8524=ORIENTED_EDGE('',*,*,#6528,.T.);
#8525=ORIENTED_EDGE('',*,*,#6439,.T.);
#8526=ORIENTED_EDGE('',*,*,#6530,.F.);
#8527=ORIENTED_EDGE('',*,*,#6214,.F.);
#8528=ORIENTED_EDGE('',*,*,#6531,.T.);
#8529=ORIENTED_EDGE('',*,*,#6404,.T.);
#8530=ORIENTED_EDGE('',*,*,#6529,.F.);
#8531=ORIENTED_EDGE('',*,*,#6249,.F.);
#8532=ORIENTED_EDGE('',*,*,#6530,.T.);
#8533=ORIENTED_EDGE('',*,*,#6438,.T.);
#8534=ORIENTED_EDGE('',*,*,#6532,.F.);
#8535=ORIENTED_EDGE('',*,*,#6215,.F.);
#8536=ORIENTED_EDGE('',*,*,#6533,.T.);
#8537=ORIENTED_EDGE('',*,*,#6405,.T.);
#8538=ORIENTED_EDGE('',*,*,#6531,.F.);
#8539=ORIENTED_EDGE('',*,*,#6248,.F.);
#8540=ORIENTED_EDGE('',*,*,#6532,.T.);
#8541=ORIENTED_EDGE('',*,*,#6437,.T.);
#8542=ORIENTED_EDGE('',*,*,#6534,.F.);
#8543=ORIENTED_EDGE('',*,*,#6216,.F.);
#8544=ORIENTED_EDGE('',*,*,#6535,.T.);
#8545=ORIENTED_EDGE('',*,*,#6406,.T.);
#8546=ORIENTED_EDGE('',*,*,#6533,.F.);
#8547=ORIENTED_EDGE('',*,*,#6247,.F.);
#8548=ORIENTED_EDGE('',*,*,#6534,.T.);
#8549=ORIENTED_EDGE('',*,*,#6436,.T.);
#8550=ORIENTED_EDGE('',*,*,#6536,.F.);
#8551=ORIENTED_EDGE('',*,*,#6217,.F.);
#8552=ORIENTED_EDGE('',*,*,#6537,.T.);
#8553=ORIENTED_EDGE('',*,*,#6407,.T.);
#8554=ORIENTED_EDGE('',*,*,#6535,.F.);
#8555=ORIENTED_EDGE('',*,*,#6246,.F.);
#8556=ORIENTED_EDGE('',*,*,#6536,.T.);
#8557=ORIENTED_EDGE('',*,*,#6435,.T.);
#8558=ORIENTED_EDGE('',*,*,#6538,.F.);
#8559=ORIENTED_EDGE('',*,*,#6218,.F.);
#8560=ORIENTED_EDGE('',*,*,#6539,.T.);
#8561=ORIENTED_EDGE('',*,*,#6408,.T.);
#8562=ORIENTED_EDGE('',*,*,#6537,.F.);
#8563=ORIENTED_EDGE('',*,*,#6245,.F.);
#8564=ORIENTED_EDGE('',*,*,#6538,.T.);
#8565=ORIENTED_EDGE('',*,*,#6434,.T.);
#8566=ORIENTED_EDGE('',*,*,#6540,.F.);
#8567=ORIENTED_EDGE('',*,*,#6219,.F.);
#8568=ORIENTED_EDGE('',*,*,#6541,.T.);
#8569=ORIENTED_EDGE('',*,*,#6409,.T.);
#8570=ORIENTED_EDGE('',*,*,#6539,.F.);
#8571=ORIENTED_EDGE('',*,*,#6244,.F.);
#8572=ORIENTED_EDGE('',*,*,#6540,.T.);
#8573=ORIENTED_EDGE('',*,*,#6433,.T.);
#8574=ORIENTED_EDGE('',*,*,#6542,.F.);
#8575=ORIENTED_EDGE('',*,*,#6220,.F.);
#8576=ORIENTED_EDGE('',*,*,#6543,.T.);
#8577=ORIENTED_EDGE('',*,*,#6410,.T.);
#8578=ORIENTED_EDGE('',*,*,#6541,.F.);
#8579=ORIENTED_EDGE('',*,*,#6243,.F.);
#8580=ORIENTED_EDGE('',*,*,#6542,.T.);
#8581=ORIENTED_EDGE('',*,*,#6432,.T.);
#8582=ORIENTED_EDGE('',*,*,#6544,.F.);
#8583=ORIENTED_EDGE('',*,*,#6221,.F.);
#8584=ORIENTED_EDGE('',*,*,#6545,.T.);
#8585=ORIENTED_EDGE('',*,*,#6411,.T.);
#8586=ORIENTED_EDGE('',*,*,#6543,.F.);
#8587=ORIENTED_EDGE('',*,*,#6242,.F.);
#8588=ORIENTED_EDGE('',*,*,#6544,.T.);
#8589=ORIENTED_EDGE('',*,*,#6431,.T.);
#8590=ORIENTED_EDGE('',*,*,#6546,.F.);
#8591=ORIENTED_EDGE('',*,*,#6222,.F.);
#8592=ORIENTED_EDGE('',*,*,#6547,.T.);
#8593=ORIENTED_EDGE('',*,*,#6412,.T.);
#8594=ORIENTED_EDGE('',*,*,#6545,.F.);
#8595=ORIENTED_EDGE('',*,*,#6241,.F.);
#8596=ORIENTED_EDGE('',*,*,#6546,.T.);
#8597=ORIENTED_EDGE('',*,*,#6430,.T.);
#8598=ORIENTED_EDGE('',*,*,#6548,.F.);
#8599=ORIENTED_EDGE('',*,*,#6223,.F.);
#8600=ORIENTED_EDGE('',*,*,#6549,.T.);
#8601=ORIENTED_EDGE('',*,*,#6413,.T.);
#8602=ORIENTED_EDGE('',*,*,#6547,.F.);
#8603=ORIENTED_EDGE('',*,*,#6240,.F.);
#8604=ORIENTED_EDGE('',*,*,#6548,.T.);
#8605=ORIENTED_EDGE('',*,*,#6429,.T.);
#8606=ORIENTED_EDGE('',*,*,#6550,.F.);
#8607=ORIENTED_EDGE('',*,*,#6224,.F.);
#8608=ORIENTED_EDGE('',*,*,#6551,.T.);
#8609=ORIENTED_EDGE('',*,*,#6414,.T.);
#8610=ORIENTED_EDGE('',*,*,#6549,.F.);
#8611=ORIENTED_EDGE('',*,*,#6239,.F.);
#8612=ORIENTED_EDGE('',*,*,#6550,.T.);
#8613=ORIENTED_EDGE('',*,*,#6428,.T.);
#8614=ORIENTED_EDGE('',*,*,#6552,.F.);
#8615=ORIENTED_EDGE('',*,*,#6225,.F.);
#8616=ORIENTED_EDGE('',*,*,#6553,.T.);
#8617=ORIENTED_EDGE('',*,*,#6415,.T.);
#8618=ORIENTED_EDGE('',*,*,#6551,.F.);
#8619=ORIENTED_EDGE('',*,*,#6238,.F.);
#8620=ORIENTED_EDGE('',*,*,#6552,.T.);
#8621=ORIENTED_EDGE('',*,*,#6427,.T.);
#8622=ORIENTED_EDGE('',*,*,#6554,.F.);
#8623=ORIENTED_EDGE('',*,*,#6226,.F.);
#8624=ORIENTED_EDGE('',*,*,#6555,.T.);
#8625=ORIENTED_EDGE('',*,*,#6416,.T.);
#8626=ORIENTED_EDGE('',*,*,#6553,.F.);
#8627=ORIENTED_EDGE('',*,*,#6237,.F.);
#8628=ORIENTED_EDGE('',*,*,#6554,.T.);
#8629=ORIENTED_EDGE('',*,*,#6426,.T.);
#8630=ORIENTED_EDGE('',*,*,#6556,.F.);
#8631=ORIENTED_EDGE('',*,*,#6227,.F.);
#8632=ORIENTED_EDGE('',*,*,#6557,.T.);
#8633=ORIENTED_EDGE('',*,*,#6417,.T.);
#8634=ORIENTED_EDGE('',*,*,#6555,.F.);
#8635=ORIENTED_EDGE('',*,*,#6236,.F.);
#8636=ORIENTED_EDGE('',*,*,#6556,.T.);
#8637=ORIENTED_EDGE('',*,*,#6425,.T.);
#8638=ORIENTED_EDGE('',*,*,#6558,.F.);
#8639=ORIENTED_EDGE('',*,*,#6228,.F.);
#8640=ORIENTED_EDGE('',*,*,#6559,.T.);
#8641=ORIENTED_EDGE('',*,*,#6418,.T.);
#8642=ORIENTED_EDGE('',*,*,#6557,.F.);
#8643=ORIENTED_EDGE('',*,*,#6235,.F.);
#8644=ORIENTED_EDGE('',*,*,#6558,.T.);
#8645=ORIENTED_EDGE('',*,*,#6424,.T.);
#8646=ORIENTED_EDGE('',*,*,#6560,.F.);
#8647=ORIENTED_EDGE('',*,*,#6229,.F.);
#8648=ORIENTED_EDGE('',*,*,#6561,.T.);
#8649=ORIENTED_EDGE('',*,*,#6419,.T.);
#8650=ORIENTED_EDGE('',*,*,#6559,.F.);
#8651=ORIENTED_EDGE('',*,*,#6234,.F.);
#8652=ORIENTED_EDGE('',*,*,#6560,.T.);
#8653=ORIENTED_EDGE('',*,*,#6423,.T.);
#8654=ORIENTED_EDGE('',*,*,#6562,.F.);
#8655=ORIENTED_EDGE('',*,*,#6230,.F.);
#8656=ORIENTED_EDGE('',*,*,#6563,.T.);
#8657=ORIENTED_EDGE('',*,*,#6420,.T.);
#8658=ORIENTED_EDGE('',*,*,#6561,.F.);
#8659=ORIENTED_EDGE('',*,*,#6233,.F.);
#8660=ORIENTED_EDGE('',*,*,#6562,.T.);
#8661=ORIENTED_EDGE('',*,*,#6422,.T.);
#8662=ORIENTED_EDGE('',*,*,#6564,.F.);
#8663=ORIENTED_EDGE('',*,*,#6231,.F.);
#8664=ORIENTED_EDGE('',*,*,#6565,.T.);
#8665=ORIENTED_EDGE('',*,*,#6566,.T.);
#8666=ORIENTED_EDGE('',*,*,#6567,.T.);
#8667=ORIENTED_EDGE('',*,*,#6568,.T.);
#8668=ORIENTED_EDGE('',*,*,#6569,.T.);
#8669=ORIENTED_EDGE('',*,*,#6570,.T.);
#8670=ORIENTED_EDGE('',*,*,#6571,.T.);
#8671=ORIENTED_EDGE('',*,*,#6572,.T.);
#8672=ORIENTED_EDGE('',*,*,#6573,.T.);
#8673=ORIENTED_EDGE('',*,*,#6574,.T.);
#8674=ORIENTED_EDGE('',*,*,#6575,.T.);
#8675=ORIENTED_EDGE('',*,*,#6576,.T.);
#8676=ORIENTED_EDGE('',*,*,#6577,.T.);
#8677=ORIENTED_EDGE('',*,*,#6578,.T.);
#8678=ORIENTED_EDGE('',*,*,#6579,.T.);
#8679=ORIENTED_EDGE('',*,*,#6580,.T.);
#8680=ORIENTED_EDGE('',*,*,#6581,.T.);
#8681=ORIENTED_EDGE('',*,*,#6582,.T.);
#8682=ORIENTED_EDGE('',*,*,#6583,.T.);
#8683=ORIENTED_EDGE('',*,*,#6584,.T.);
#8684=ORIENTED_EDGE('',*,*,#6585,.F.);
#8685=ORIENTED_EDGE('',*,*,#6586,.F.);
#8686=ORIENTED_EDGE('',*,*,#6587,.F.);
#8687=ORIENTED_EDGE('',*,*,#6588,.F.);
#8688=ORIENTED_EDGE('',*,*,#6589,.F.);
#8689=ORIENTED_EDGE('',*,*,#6590,.F.);
#8690=ORIENTED_EDGE('',*,*,#6591,.F.);
#8691=ORIENTED_EDGE('',*,*,#6592,.F.);
#8692=ORIENTED_EDGE('',*,*,#6593,.F.);
#8693=ORIENTED_EDGE('',*,*,#6594,.F.);
#8694=ORIENTED_EDGE('',*,*,#6595,.F.);
#8695=ORIENTED_EDGE('',*,*,#6596,.F.);
#8696=ORIENTED_EDGE('',*,*,#6597,.F.);
#8697=ORIENTED_EDGE('',*,*,#6598,.F.);
#8698=ORIENTED_EDGE('',*,*,#6599,.F.);
#8699=ORIENTED_EDGE('',*,*,#6600,.F.);
#8700=ORIENTED_EDGE('',*,*,#6601,.F.);
#8701=ORIENTED_EDGE('',*,*,#6602,.F.);
#8702=ORIENTED_EDGE('',*,*,#6603,.F.);
#8703=ORIENTED_EDGE('',*,*,#6604,.F.);
#8704=ORIENTED_EDGE('',*,*,#6605,.F.);
#8705=ORIENTED_EDGE('',*,*,#6606,.F.);
#8706=ORIENTED_EDGE('',*,*,#6607,.F.);
#8707=ORIENTED_EDGE('',*,*,#6608,.F.);
#8708=ORIENTED_EDGE('',*,*,#6609,.F.);
#8709=ORIENTED_EDGE('',*,*,#6610,.F.);
#8710=ORIENTED_EDGE('',*,*,#6611,.F.);
#8711=ORIENTED_EDGE('',*,*,#6612,.F.);
#8712=ORIENTED_EDGE('',*,*,#6613,.F.);
#8713=ORIENTED_EDGE('',*,*,#6614,.F.);
#8714=ORIENTED_EDGE('',*,*,#6615,.F.);
#8715=ORIENTED_EDGE('',*,*,#6616,.F.);
#8716=ORIENTED_EDGE('',*,*,#6617,.F.);
#8717=ORIENTED_EDGE('',*,*,#6618,.F.);
#8718=ORIENTED_EDGE('',*,*,#6619,.F.);
#8719=ORIENTED_EDGE('',*,*,#6620,.F.);
#8720=ORIENTED_EDGE('',*,*,#6621,.F.);
#8721=ORIENTED_EDGE('',*,*,#6622,.F.);
#8722=ORIENTED_EDGE('',*,*,#6623,.F.);
#8723=ORIENTED_EDGE('',*,*,#6624,.F.);
#8724=ORIENTED_EDGE('',*,*,#6625,.F.);
#8725=ORIENTED_EDGE('',*,*,#6626,.F.);
#8726=ORIENTED_EDGE('',*,*,#6627,.F.);
#8727=ORIENTED_EDGE('',*,*,#6628,.F.);
#8728=ORIENTED_EDGE('',*,*,#6629,.F.);
#8729=ORIENTED_EDGE('',*,*,#6630,.F.);
#8730=ORIENTED_EDGE('',*,*,#6631,.F.);
#8731=ORIENTED_EDGE('',*,*,#6632,.F.);
#8732=ORIENTED_EDGE('',*,*,#6633,.F.);
#8733=ORIENTED_EDGE('',*,*,#6634,.F.);
#8734=ORIENTED_EDGE('',*,*,#6635,.F.);
#8735=ORIENTED_EDGE('',*,*,#6636,.T.);
#8736=ORIENTED_EDGE('',*,*,#6637,.T.);
#8737=ORIENTED_EDGE('',*,*,#6638,.T.);
#8738=ORIENTED_EDGE('',*,*,#6639,.T.);
#8739=ORIENTED_EDGE('',*,*,#6640,.T.);
#8740=ORIENTED_EDGE('',*,*,#6641,.T.);
#8741=ORIENTED_EDGE('',*,*,#6642,.T.);
#8742=ORIENTED_EDGE('',*,*,#6643,.T.);
#8743=ORIENTED_EDGE('',*,*,#6644,.T.);
#8744=ORIENTED_EDGE('',*,*,#6645,.T.);
#8745=ORIENTED_EDGE('',*,*,#6646,.T.);
#8746=ORIENTED_EDGE('',*,*,#6647,.T.);
#8747=ORIENTED_EDGE('',*,*,#6648,.T.);
#8748=ORIENTED_EDGE('',*,*,#6649,.T.);
#8749=ORIENTED_EDGE('',*,*,#6650,.T.);
#8750=ORIENTED_EDGE('',*,*,#6651,.T.);
#8751=ORIENTED_EDGE('',*,*,#6652,.T.);
#8752=ORIENTED_EDGE('',*,*,#6653,.T.);
#8753=ORIENTED_EDGE('',*,*,#6654,.T.);
#8754=ORIENTED_EDGE('',*,*,#6655,.T.);
#8755=ORIENTED_EDGE('',*,*,#6656,.T.);
#8756=ORIENTED_EDGE('',*,*,#6657,.T.);
#8757=ORIENTED_EDGE('',*,*,#6658,.T.);
#8758=ORIENTED_EDGE('',*,*,#6659,.T.);
#8759=ORIENTED_EDGE('',*,*,#6660,.T.);
#8760=ORIENTED_EDGE('',*,*,#6564,.T.);
#8761=ORIENTED_EDGE('',*,*,#6421,.T.);
#8762=ORIENTED_EDGE('',*,*,#6563,.F.);
#8763=ORIENTED_EDGE('',*,*,#6232,.F.);
#8764=ORIENTED_EDGE('',*,*,#6279,.T.);
#8765=ORIENTED_EDGE('',*,*,#6661,.T.);
#8766=ORIENTED_EDGE('',*,*,#6662,.F.);
#8767=ORIENTED_EDGE('',*,*,#6663,.F.);
#8768=ORIENTED_EDGE('',*,*,#6374,.T.);
#8769=ORIENTED_EDGE('',*,*,#6664,.T.);
#8770=ORIENTED_EDGE('',*,*,#6665,.F.);
#8771=ORIENTED_EDGE('',*,*,#6661,.F.);
#8772=ORIENTED_EDGE('',*,*,#6373,.T.);
#8773=ORIENTED_EDGE('',*,*,#6666,.T.);
#8774=ORIENTED_EDGE('',*,*,#6667,.F.);
#8775=ORIENTED_EDGE('',*,*,#6664,.F.);
#8776=ORIENTED_EDGE('',*,*,#6372,.T.);
#8777=ORIENTED_EDGE('',*,*,#6668,.T.);
#8778=ORIENTED_EDGE('',*,*,#6669,.F.);
#8779=ORIENTED_EDGE('',*,*,#6666,.F.);
#8780=ORIENTED_EDGE('',*,*,#6371,.T.);
#8781=ORIENTED_EDGE('',*,*,#6670,.T.);
#8782=ORIENTED_EDGE('',*,*,#6671,.F.);
#8783=ORIENTED_EDGE('',*,*,#6668,.F.);
#8784=ORIENTED_EDGE('',*,*,#6370,.T.);
#8785=ORIENTED_EDGE('',*,*,#6672,.T.);
#8786=ORIENTED_EDGE('',*,*,#6673,.F.);
#8787=ORIENTED_EDGE('',*,*,#6670,.F.);
#8788=ORIENTED_EDGE('',*,*,#6369,.T.);
#8789=ORIENTED_EDGE('',*,*,#6674,.T.);
#8790=ORIENTED_EDGE('',*,*,#6675,.F.);
#8791=ORIENTED_EDGE('',*,*,#6672,.F.);
#8792=ORIENTED_EDGE('',*,*,#6368,.T.);
#8793=ORIENTED_EDGE('',*,*,#6676,.T.);
#8794=ORIENTED_EDGE('',*,*,#6677,.F.);
#8795=ORIENTED_EDGE('',*,*,#6674,.F.);
#8796=ORIENTED_EDGE('',*,*,#6367,.T.);
#8797=ORIENTED_EDGE('',*,*,#6678,.T.);
#8798=ORIENTED_EDGE('',*,*,#6679,.F.);
#8799=ORIENTED_EDGE('',*,*,#6676,.F.);
#8800=ORIENTED_EDGE('',*,*,#6366,.T.);
#8801=ORIENTED_EDGE('',*,*,#6680,.T.);
#8802=ORIENTED_EDGE('',*,*,#6681,.F.);
#8803=ORIENTED_EDGE('',*,*,#6678,.F.);
#8804=ORIENTED_EDGE('',*,*,#6365,.T.);
#8805=ORIENTED_EDGE('',*,*,#6682,.T.);
#8806=ORIENTED_EDGE('',*,*,#6683,.F.);
#8807=ORIENTED_EDGE('',*,*,#6680,.F.);
#8808=ORIENTED_EDGE('',*,*,#6364,.T.);
#8809=ORIENTED_EDGE('',*,*,#6684,.T.);
#8810=ORIENTED_EDGE('',*,*,#6685,.F.);
#8811=ORIENTED_EDGE('',*,*,#6682,.F.);
#8812=ORIENTED_EDGE('',*,*,#6363,.T.);
#8813=ORIENTED_EDGE('',*,*,#6686,.T.);
#8814=ORIENTED_EDGE('',*,*,#6687,.F.);
#8815=ORIENTED_EDGE('',*,*,#6684,.F.);
#8816=ORIENTED_EDGE('',*,*,#6362,.T.);
#8817=ORIENTED_EDGE('',*,*,#6688,.T.);
#8818=ORIENTED_EDGE('',*,*,#6689,.F.);
#8819=ORIENTED_EDGE('',*,*,#6686,.F.);
#8820=ORIENTED_EDGE('',*,*,#6361,.T.);
#8821=ORIENTED_EDGE('',*,*,#6690,.T.);
#8822=ORIENTED_EDGE('',*,*,#6691,.F.);
#8823=ORIENTED_EDGE('',*,*,#6688,.F.);
#8824=ORIENTED_EDGE('',*,*,#6360,.T.);
#8825=ORIENTED_EDGE('',*,*,#6692,.T.);
#8826=ORIENTED_EDGE('',*,*,#6693,.F.);
#8827=ORIENTED_EDGE('',*,*,#6690,.F.);
#8828=ORIENTED_EDGE('',*,*,#6359,.T.);
#8829=ORIENTED_EDGE('',*,*,#6694,.T.);
#8830=ORIENTED_EDGE('',*,*,#6695,.F.);
#8831=ORIENTED_EDGE('',*,*,#6692,.F.);
#8832=ORIENTED_EDGE('',*,*,#6358,.T.);
#8833=ORIENTED_EDGE('',*,*,#6696,.T.);
#8834=ORIENTED_EDGE('',*,*,#6697,.F.);
#8835=ORIENTED_EDGE('',*,*,#6694,.F.);
#8836=ORIENTED_EDGE('',*,*,#6357,.T.);
#8837=ORIENTED_EDGE('',*,*,#6698,.T.);
#8838=ORIENTED_EDGE('',*,*,#6699,.F.);
#8839=ORIENTED_EDGE('',*,*,#6696,.F.);
#8840=ORIENTED_EDGE('',*,*,#6356,.T.);
#8841=ORIENTED_EDGE('',*,*,#6700,.T.);
#8842=ORIENTED_EDGE('',*,*,#6701,.F.);
#8843=ORIENTED_EDGE('',*,*,#6698,.F.);
#8844=ORIENTED_EDGE('',*,*,#6355,.T.);
#8845=ORIENTED_EDGE('',*,*,#6702,.T.);
#8846=ORIENTED_EDGE('',*,*,#6703,.F.);
#8847=ORIENTED_EDGE('',*,*,#6700,.F.);
#8848=ORIENTED_EDGE('',*,*,#6354,.T.);
#8849=ORIENTED_EDGE('',*,*,#6704,.T.);
#8850=ORIENTED_EDGE('',*,*,#6705,.F.);
#8851=ORIENTED_EDGE('',*,*,#6702,.F.);
#8852=ORIENTED_EDGE('',*,*,#6353,.T.);
#8853=ORIENTED_EDGE('',*,*,#6706,.T.);
#8854=ORIENTED_EDGE('',*,*,#6707,.F.);
#8855=ORIENTED_EDGE('',*,*,#6704,.F.);
#8856=ORIENTED_EDGE('',*,*,#6352,.F.);
#8857=ORIENTED_EDGE('',*,*,#6708,.T.);
#8858=ORIENTED_EDGE('',*,*,#6709,.F.);
#8859=ORIENTED_EDGE('',*,*,#6706,.F.);
#8860=ORIENTED_EDGE('',*,*,#6351,.F.);
#8861=ORIENTED_EDGE('',*,*,#6710,.T.);
#8862=ORIENTED_EDGE('',*,*,#6711,.F.);
#8863=ORIENTED_EDGE('',*,*,#6708,.F.);
#8864=ORIENTED_EDGE('',*,*,#6350,.F.);
#8865=ORIENTED_EDGE('',*,*,#6712,.T.);
#8866=ORIENTED_EDGE('',*,*,#6713,.F.);
#8867=ORIENTED_EDGE('',*,*,#6710,.F.);
#8868=ORIENTED_EDGE('',*,*,#6349,.F.);
#8869=ORIENTED_EDGE('',*,*,#6714,.T.);
#8870=ORIENTED_EDGE('',*,*,#6715,.F.);
#8871=ORIENTED_EDGE('',*,*,#6712,.F.);
#8872=ORIENTED_EDGE('',*,*,#6348,.F.);
#8873=ORIENTED_EDGE('',*,*,#6716,.T.);
#8874=ORIENTED_EDGE('',*,*,#6717,.F.);
#8875=ORIENTED_EDGE('',*,*,#6714,.F.);
#8876=ORIENTED_EDGE('',*,*,#6347,.F.);
#8877=ORIENTED_EDGE('',*,*,#6718,.T.);
#8878=ORIENTED_EDGE('',*,*,#6719,.F.);
#8879=ORIENTED_EDGE('',*,*,#6716,.F.);
#8880=ORIENTED_EDGE('',*,*,#6346,.F.);
#8881=ORIENTED_EDGE('',*,*,#6720,.T.);
#8882=ORIENTED_EDGE('',*,*,#6721,.F.);
#8883=ORIENTED_EDGE('',*,*,#6718,.F.);
#8884=ORIENTED_EDGE('',*,*,#6345,.F.);
#8885=ORIENTED_EDGE('',*,*,#6722,.T.);
#8886=ORIENTED_EDGE('',*,*,#6723,.F.);
#8887=ORIENTED_EDGE('',*,*,#6720,.F.);
#8888=ORIENTED_EDGE('',*,*,#6344,.F.);
#8889=ORIENTED_EDGE('',*,*,#6724,.T.);
#8890=ORIENTED_EDGE('',*,*,#6725,.F.);
#8891=ORIENTED_EDGE('',*,*,#6722,.F.);
#8892=ORIENTED_EDGE('',*,*,#6343,.F.);
#8893=ORIENTED_EDGE('',*,*,#6726,.T.);
#8894=ORIENTED_EDGE('',*,*,#6727,.F.);
#8895=ORIENTED_EDGE('',*,*,#6724,.F.);
#8896=ORIENTED_EDGE('',*,*,#6342,.F.);
#8897=ORIENTED_EDGE('',*,*,#6728,.T.);
#8898=ORIENTED_EDGE('',*,*,#6729,.F.);
#8899=ORIENTED_EDGE('',*,*,#6726,.F.);
#8900=ORIENTED_EDGE('',*,*,#6341,.F.);
#8901=ORIENTED_EDGE('',*,*,#6730,.T.);
#8902=ORIENTED_EDGE('',*,*,#6731,.F.);
#8903=ORIENTED_EDGE('',*,*,#6728,.F.);
#8904=ORIENTED_EDGE('',*,*,#6340,.F.);
#8905=ORIENTED_EDGE('',*,*,#6732,.T.);
#8906=ORIENTED_EDGE('',*,*,#6733,.F.);
#8907=ORIENTED_EDGE('',*,*,#6730,.F.);
#8908=ORIENTED_EDGE('',*,*,#6339,.F.);
#8909=ORIENTED_EDGE('',*,*,#6734,.T.);
#8910=ORIENTED_EDGE('',*,*,#6735,.F.);
#8911=ORIENTED_EDGE('',*,*,#6732,.F.);
#8912=ORIENTED_EDGE('',*,*,#6338,.F.);
#8913=ORIENTED_EDGE('',*,*,#6736,.T.);
#8914=ORIENTED_EDGE('',*,*,#6737,.F.);
#8915=ORIENTED_EDGE('',*,*,#6734,.F.);
#8916=ORIENTED_EDGE('',*,*,#6337,.F.);
#8917=ORIENTED_EDGE('',*,*,#6738,.T.);
#8918=ORIENTED_EDGE('',*,*,#6739,.F.);
#8919=ORIENTED_EDGE('',*,*,#6736,.F.);
#8920=ORIENTED_EDGE('',*,*,#6336,.F.);
#8921=ORIENTED_EDGE('',*,*,#6740,.T.);
#8922=ORIENTED_EDGE('',*,*,#6741,.F.);
#8923=ORIENTED_EDGE('',*,*,#6738,.F.);
#8924=ORIENTED_EDGE('',*,*,#6335,.F.);
#8925=ORIENTED_EDGE('',*,*,#6742,.T.);
#8926=ORIENTED_EDGE('',*,*,#6743,.F.);
#8927=ORIENTED_EDGE('',*,*,#6740,.F.);
#8928=ORIENTED_EDGE('',*,*,#6334,.F.);
#8929=ORIENTED_EDGE('',*,*,#6744,.T.);
#8930=ORIENTED_EDGE('',*,*,#6745,.F.);
#8931=ORIENTED_EDGE('',*,*,#6742,.F.);
#8932=ORIENTED_EDGE('',*,*,#6333,.F.);
#8933=ORIENTED_EDGE('',*,*,#6746,.T.);
#8934=ORIENTED_EDGE('',*,*,#6747,.F.);
#8935=ORIENTED_EDGE('',*,*,#6744,.F.);
#8936=ORIENTED_EDGE('',*,*,#6332,.F.);
#8937=ORIENTED_EDGE('',*,*,#6748,.T.);
#8938=ORIENTED_EDGE('',*,*,#6749,.F.);
#8939=ORIENTED_EDGE('',*,*,#6746,.F.);
#8940=ORIENTED_EDGE('',*,*,#6331,.F.);
#8941=ORIENTED_EDGE('',*,*,#6750,.T.);
#8942=ORIENTED_EDGE('',*,*,#6751,.F.);
#8943=ORIENTED_EDGE('',*,*,#6748,.F.);
#8944=ORIENTED_EDGE('',*,*,#6330,.F.);
#8945=ORIENTED_EDGE('',*,*,#6752,.T.);
#8946=ORIENTED_EDGE('',*,*,#6753,.F.);
#8947=ORIENTED_EDGE('',*,*,#6750,.F.);
#8948=ORIENTED_EDGE('',*,*,#6329,.F.);
#8949=ORIENTED_EDGE('',*,*,#6754,.T.);
#8950=ORIENTED_EDGE('',*,*,#6755,.F.);
#8951=ORIENTED_EDGE('',*,*,#6752,.F.);
#8952=ORIENTED_EDGE('',*,*,#6328,.F.);
#8953=ORIENTED_EDGE('',*,*,#6756,.T.);
#8954=ORIENTED_EDGE('',*,*,#6757,.F.);
#8955=ORIENTED_EDGE('',*,*,#6754,.F.);
#8956=ORIENTED_EDGE('',*,*,#6327,.T.);
#8957=ORIENTED_EDGE('',*,*,#6758,.T.);
#8958=ORIENTED_EDGE('',*,*,#6759,.F.);
#8959=ORIENTED_EDGE('',*,*,#6756,.F.);
#8960=ORIENTED_EDGE('',*,*,#6326,.T.);
#8961=ORIENTED_EDGE('',*,*,#6760,.T.);
#8962=ORIENTED_EDGE('',*,*,#6761,.F.);
#8963=ORIENTED_EDGE('',*,*,#6758,.F.);
#8964=ORIENTED_EDGE('',*,*,#6325,.T.);
#8965=ORIENTED_EDGE('',*,*,#6762,.T.);
#8966=ORIENTED_EDGE('',*,*,#6763,.F.);
#8967=ORIENTED_EDGE('',*,*,#6760,.F.);
#8968=ORIENTED_EDGE('',*,*,#6324,.T.);
#8969=ORIENTED_EDGE('',*,*,#6764,.T.);
#8970=ORIENTED_EDGE('',*,*,#6765,.F.);
#8971=ORIENTED_EDGE('',*,*,#6762,.F.);
#8972=ORIENTED_EDGE('',*,*,#6323,.T.);
#8973=ORIENTED_EDGE('',*,*,#6766,.T.);
#8974=ORIENTED_EDGE('',*,*,#6767,.F.);
#8975=ORIENTED_EDGE('',*,*,#6764,.F.);
#8976=ORIENTED_EDGE('',*,*,#6322,.T.);
#8977=ORIENTED_EDGE('',*,*,#6768,.T.);
#8978=ORIENTED_EDGE('',*,*,#6769,.F.);
#8979=ORIENTED_EDGE('',*,*,#6766,.F.);
#8980=ORIENTED_EDGE('',*,*,#6321,.T.);
#8981=ORIENTED_EDGE('',*,*,#6770,.T.);
#8982=ORIENTED_EDGE('',*,*,#6771,.F.);
#8983=ORIENTED_EDGE('',*,*,#6768,.F.);
#8984=ORIENTED_EDGE('',*,*,#6320,.T.);
#8985=ORIENTED_EDGE('',*,*,#6772,.T.);
#8986=ORIENTED_EDGE('',*,*,#6773,.F.);
#8987=ORIENTED_EDGE('',*,*,#6770,.F.);
#8988=ORIENTED_EDGE('',*,*,#6319,.T.);
#8989=ORIENTED_EDGE('',*,*,#6774,.T.);
#8990=ORIENTED_EDGE('',*,*,#6775,.F.);
#8991=ORIENTED_EDGE('',*,*,#6772,.F.);
#8992=ORIENTED_EDGE('',*,*,#6318,.T.);
#8993=ORIENTED_EDGE('',*,*,#6776,.T.);
#8994=ORIENTED_EDGE('',*,*,#6777,.F.);
#8995=ORIENTED_EDGE('',*,*,#6774,.F.);
#8996=ORIENTED_EDGE('',*,*,#6317,.T.);
#8997=ORIENTED_EDGE('',*,*,#6778,.T.);
#8998=ORIENTED_EDGE('',*,*,#6779,.F.);
#8999=ORIENTED_EDGE('',*,*,#6776,.F.);
#9000=ORIENTED_EDGE('',*,*,#6316,.T.);
#9001=ORIENTED_EDGE('',*,*,#6780,.T.);
#9002=ORIENTED_EDGE('',*,*,#6781,.F.);
#9003=ORIENTED_EDGE('',*,*,#6778,.F.);
#9004=ORIENTED_EDGE('',*,*,#6315,.T.);
#9005=ORIENTED_EDGE('',*,*,#6782,.T.);
#9006=ORIENTED_EDGE('',*,*,#6783,.F.);
#9007=ORIENTED_EDGE('',*,*,#6780,.F.);
#9008=ORIENTED_EDGE('',*,*,#6314,.T.);
#9009=ORIENTED_EDGE('',*,*,#6784,.T.);
#9010=ORIENTED_EDGE('',*,*,#6785,.F.);
#9011=ORIENTED_EDGE('',*,*,#6782,.F.);
#9012=ORIENTED_EDGE('',*,*,#6313,.T.);
#9013=ORIENTED_EDGE('',*,*,#6786,.T.);
#9014=ORIENTED_EDGE('',*,*,#6787,.F.);
#9015=ORIENTED_EDGE('',*,*,#6784,.F.);
#9016=ORIENTED_EDGE('',*,*,#6312,.T.);
#9017=ORIENTED_EDGE('',*,*,#6788,.T.);
#9018=ORIENTED_EDGE('',*,*,#6789,.F.);
#9019=ORIENTED_EDGE('',*,*,#6786,.F.);
#9020=ORIENTED_EDGE('',*,*,#6311,.T.);
#9021=ORIENTED_EDGE('',*,*,#6790,.T.);
#9022=ORIENTED_EDGE('',*,*,#6791,.F.);
#9023=ORIENTED_EDGE('',*,*,#6788,.F.);
#9024=ORIENTED_EDGE('',*,*,#6310,.T.);
#9025=ORIENTED_EDGE('',*,*,#6792,.T.);
#9026=ORIENTED_EDGE('',*,*,#6793,.F.);
#9027=ORIENTED_EDGE('',*,*,#6790,.F.);
#9028=ORIENTED_EDGE('',*,*,#6309,.T.);
#9029=ORIENTED_EDGE('',*,*,#6794,.T.);
#9030=ORIENTED_EDGE('',*,*,#6795,.F.);
#9031=ORIENTED_EDGE('',*,*,#6792,.F.);
#9032=ORIENTED_EDGE('',*,*,#6308,.T.);
#9033=ORIENTED_EDGE('',*,*,#6796,.T.);
#9034=ORIENTED_EDGE('',*,*,#6797,.F.);
#9035=ORIENTED_EDGE('',*,*,#6794,.F.);
#9036=ORIENTED_EDGE('',*,*,#6307,.T.);
#9037=ORIENTED_EDGE('',*,*,#6798,.T.);
#9038=ORIENTED_EDGE('',*,*,#6799,.F.);
#9039=ORIENTED_EDGE('',*,*,#6796,.F.);
#9040=ORIENTED_EDGE('',*,*,#6306,.T.);
#9041=ORIENTED_EDGE('',*,*,#6800,.T.);
#9042=ORIENTED_EDGE('',*,*,#6801,.F.);
#9043=ORIENTED_EDGE('',*,*,#6798,.F.);
#9044=ORIENTED_EDGE('',*,*,#6305,.T.);
#9045=ORIENTED_EDGE('',*,*,#6802,.T.);
#9046=ORIENTED_EDGE('',*,*,#6803,.F.);
#9047=ORIENTED_EDGE('',*,*,#6800,.F.);
#9048=ORIENTED_EDGE('',*,*,#6304,.T.);
#9049=ORIENTED_EDGE('',*,*,#6804,.T.);
#9050=ORIENTED_EDGE('',*,*,#6805,.F.);
#9051=ORIENTED_EDGE('',*,*,#6802,.F.);
#9052=ORIENTED_EDGE('',*,*,#6303,.T.);
#9053=ORIENTED_EDGE('',*,*,#6806,.T.);
#9054=ORIENTED_EDGE('',*,*,#6807,.F.);
#9055=ORIENTED_EDGE('',*,*,#6804,.F.);
#9056=ORIENTED_EDGE('',*,*,#6302,.T.);
#9057=ORIENTED_EDGE('',*,*,#6808,.T.);
#9058=ORIENTED_EDGE('',*,*,#6809,.F.);
#9059=ORIENTED_EDGE('',*,*,#6806,.F.);
#9060=ORIENTED_EDGE('',*,*,#6301,.T.);
#9061=ORIENTED_EDGE('',*,*,#6810,.T.);
#9062=ORIENTED_EDGE('',*,*,#6811,.F.);
#9063=ORIENTED_EDGE('',*,*,#6808,.F.);
#9064=ORIENTED_EDGE('',*,*,#6300,.T.);
#9065=ORIENTED_EDGE('',*,*,#6812,.T.);
#9066=ORIENTED_EDGE('',*,*,#6813,.F.);
#9067=ORIENTED_EDGE('',*,*,#6810,.F.);
#9068=ORIENTED_EDGE('',*,*,#6299,.T.);
#9069=ORIENTED_EDGE('',*,*,#6814,.T.);
#9070=ORIENTED_EDGE('',*,*,#6815,.F.);
#9071=ORIENTED_EDGE('',*,*,#6812,.F.);
#9072=ORIENTED_EDGE('',*,*,#6298,.T.);
#9073=ORIENTED_EDGE('',*,*,#6816,.T.);
#9074=ORIENTED_EDGE('',*,*,#6817,.F.);
#9075=ORIENTED_EDGE('',*,*,#6814,.F.);
#9076=ORIENTED_EDGE('',*,*,#6297,.T.);
#9077=ORIENTED_EDGE('',*,*,#6818,.T.);
#9078=ORIENTED_EDGE('',*,*,#6819,.F.);
#9079=ORIENTED_EDGE('',*,*,#6816,.F.);
#9080=ORIENTED_EDGE('',*,*,#6296,.T.);
#9081=ORIENTED_EDGE('',*,*,#6820,.T.);
#9082=ORIENTED_EDGE('',*,*,#6821,.F.);
#9083=ORIENTED_EDGE('',*,*,#6818,.F.);
#9084=ORIENTED_EDGE('',*,*,#6295,.T.);
#9085=ORIENTED_EDGE('',*,*,#6822,.T.);
#9086=ORIENTED_EDGE('',*,*,#6823,.F.);
#9087=ORIENTED_EDGE('',*,*,#6820,.F.);
#9088=ORIENTED_EDGE('',*,*,#6294,.T.);
#9089=ORIENTED_EDGE('',*,*,#6824,.T.);
#9090=ORIENTED_EDGE('',*,*,#6825,.F.);
#9091=ORIENTED_EDGE('',*,*,#6822,.F.);
#9092=ORIENTED_EDGE('',*,*,#6293,.T.);
#9093=ORIENTED_EDGE('',*,*,#6826,.T.);
#9094=ORIENTED_EDGE('',*,*,#6827,.F.);
#9095=ORIENTED_EDGE('',*,*,#6824,.F.);
#9096=ORIENTED_EDGE('',*,*,#6292,.T.);
#9097=ORIENTED_EDGE('',*,*,#6828,.T.);
#9098=ORIENTED_EDGE('',*,*,#6829,.F.);
#9099=ORIENTED_EDGE('',*,*,#6826,.F.);
#9100=ORIENTED_EDGE('',*,*,#6291,.T.);
#9101=ORIENTED_EDGE('',*,*,#6830,.T.);
#9102=ORIENTED_EDGE('',*,*,#6831,.F.);
#9103=ORIENTED_EDGE('',*,*,#6828,.F.);
#9104=ORIENTED_EDGE('',*,*,#6290,.T.);
#9105=ORIENTED_EDGE('',*,*,#6832,.T.);
#9106=ORIENTED_EDGE('',*,*,#6833,.F.);
#9107=ORIENTED_EDGE('',*,*,#6830,.F.);
#9108=ORIENTED_EDGE('',*,*,#6289,.T.);
#9109=ORIENTED_EDGE('',*,*,#6834,.T.);
#9110=ORIENTED_EDGE('',*,*,#6835,.F.);
#9111=ORIENTED_EDGE('',*,*,#6832,.F.);
#9112=ORIENTED_EDGE('',*,*,#6288,.T.);
#9113=ORIENTED_EDGE('',*,*,#6836,.T.);
#9114=ORIENTED_EDGE('',*,*,#6837,.F.);
#9115=ORIENTED_EDGE('',*,*,#6834,.F.);
#9116=ORIENTED_EDGE('',*,*,#6287,.T.);
#9117=ORIENTED_EDGE('',*,*,#6838,.T.);
#9118=ORIENTED_EDGE('',*,*,#6839,.F.);
#9119=ORIENTED_EDGE('',*,*,#6836,.F.);
#9120=ORIENTED_EDGE('',*,*,#6286,.T.);
#9121=ORIENTED_EDGE('',*,*,#6840,.T.);
#9122=ORIENTED_EDGE('',*,*,#6841,.F.);
#9123=ORIENTED_EDGE('',*,*,#6838,.F.);
#9124=ORIENTED_EDGE('',*,*,#6285,.T.);
#9125=ORIENTED_EDGE('',*,*,#6842,.T.);
#9126=ORIENTED_EDGE('',*,*,#6843,.F.);
#9127=ORIENTED_EDGE('',*,*,#6840,.F.);
#9128=ORIENTED_EDGE('',*,*,#6284,.T.);
#9129=ORIENTED_EDGE('',*,*,#6844,.T.);
#9130=ORIENTED_EDGE('',*,*,#6845,.F.);
#9131=ORIENTED_EDGE('',*,*,#6842,.F.);
#9132=ORIENTED_EDGE('',*,*,#6283,.T.);
#9133=ORIENTED_EDGE('',*,*,#6846,.T.);
#9134=ORIENTED_EDGE('',*,*,#6847,.F.);
#9135=ORIENTED_EDGE('',*,*,#6844,.F.);
#9136=ORIENTED_EDGE('',*,*,#6282,.T.);
#9137=ORIENTED_EDGE('',*,*,#6848,.T.);
#9138=ORIENTED_EDGE('',*,*,#6849,.F.);
#9139=ORIENTED_EDGE('',*,*,#6846,.F.);
#9140=ORIENTED_EDGE('',*,*,#6281,.T.);
#9141=ORIENTED_EDGE('',*,*,#6850,.T.);
#9142=ORIENTED_EDGE('',*,*,#6851,.F.);
#9143=ORIENTED_EDGE('',*,*,#6848,.F.);
#9144=ORIENTED_EDGE('',*,*,#6280,.T.);
#9145=ORIENTED_EDGE('',*,*,#6663,.T.);
#9146=ORIENTED_EDGE('',*,*,#6852,.F.);
#9147=ORIENTED_EDGE('',*,*,#6850,.F.);
#9148=ORIENTED_EDGE('',*,*,#6853,.T.);
#9149=ORIENTED_EDGE('',*,*,#6854,.T.);
#9150=ORIENTED_EDGE('',*,*,#6855,.T.);
#9151=ORIENTED_EDGE('',*,*,#6856,.T.);
#9152=ORIENTED_EDGE('',*,*,#6857,.T.);
#9153=ORIENTED_EDGE('',*,*,#6858,.T.);
#9154=ORIENTED_EDGE('',*,*,#6859,.T.);
#9155=ORIENTED_EDGE('',*,*,#6860,.T.);
#9156=ORIENTED_EDGE('',*,*,#6861,.T.);
#9157=ORIENTED_EDGE('',*,*,#6862,.T.);
#9158=ORIENTED_EDGE('',*,*,#6863,.T.);
#9159=ORIENTED_EDGE('',*,*,#6864,.T.);
#9160=ORIENTED_EDGE('',*,*,#6865,.T.);
#9161=ORIENTED_EDGE('',*,*,#6866,.T.);
#9162=ORIENTED_EDGE('',*,*,#6867,.T.);
#9163=ORIENTED_EDGE('',*,*,#6868,.T.);
#9164=ORIENTED_EDGE('',*,*,#6869,.T.);
#9165=ORIENTED_EDGE('',*,*,#6870,.T.);
#9166=ORIENTED_EDGE('',*,*,#6871,.T.);
#9167=ORIENTED_EDGE('',*,*,#6872,.T.);
#9168=ORIENTED_EDGE('',*,*,#6873,.T.);
#9169=ORIENTED_EDGE('',*,*,#6874,.T.);
#9170=ORIENTED_EDGE('',*,*,#6875,.T.);
#9171=ORIENTED_EDGE('',*,*,#6876,.T.);
#9172=ORIENTED_EDGE('',*,*,#6877,.T.);
#9173=ORIENTED_EDGE('',*,*,#6878,.T.);
#9174=ORIENTED_EDGE('',*,*,#6879,.T.);
#9175=ORIENTED_EDGE('',*,*,#6880,.T.);
#9176=ORIENTED_EDGE('',*,*,#6881,.T.);
#9177=ORIENTED_EDGE('',*,*,#6882,.T.);
#9178=ORIENTED_EDGE('',*,*,#6883,.T.);
#9179=ORIENTED_EDGE('',*,*,#6884,.T.);
#9180=ORIENTED_EDGE('',*,*,#6885,.T.);
#9181=ORIENTED_EDGE('',*,*,#6886,.T.);
#9182=ORIENTED_EDGE('',*,*,#6887,.T.);
#9183=ORIENTED_EDGE('',*,*,#6888,.T.);
#9184=ORIENTED_EDGE('',*,*,#6889,.T.);
#9185=ORIENTED_EDGE('',*,*,#6890,.T.);
#9186=ORIENTED_EDGE('',*,*,#6891,.T.);
#9187=ORIENTED_EDGE('',*,*,#6892,.T.);
#9188=ORIENTED_EDGE('',*,*,#6893,.T.);
#9189=ORIENTED_EDGE('',*,*,#6894,.T.);
#9190=ORIENTED_EDGE('',*,*,#6895,.T.);
#9191=ORIENTED_EDGE('',*,*,#6896,.T.);
#9192=ORIENTED_EDGE('',*,*,#6897,.T.);
#9193=ORIENTED_EDGE('',*,*,#6898,.T.);
#9194=ORIENTED_EDGE('',*,*,#6899,.T.);
#9195=ORIENTED_EDGE('',*,*,#6900,.T.);
#9196=ORIENTED_EDGE('',*,*,#6901,.T.);
#9197=ORIENTED_EDGE('',*,*,#6902,.T.);
#9198=ORIENTED_EDGE('',*,*,#6903,.T.);
#9199=ORIENTED_EDGE('',*,*,#6904,.T.);
#9200=ORIENTED_EDGE('',*,*,#6905,.T.);
#9201=ORIENTED_EDGE('',*,*,#6906,.T.);
#9202=ORIENTED_EDGE('',*,*,#6907,.T.);
#9203=ORIENTED_EDGE('',*,*,#6908,.T.);
#9204=ORIENTED_EDGE('',*,*,#6909,.T.);
#9205=ORIENTED_EDGE('',*,*,#6910,.T.);
#9206=ORIENTED_EDGE('',*,*,#6911,.T.);
#9207=ORIENTED_EDGE('',*,*,#6912,.T.);
#9208=ORIENTED_EDGE('',*,*,#6913,.T.);
#9209=ORIENTED_EDGE('',*,*,#6914,.T.);
#9210=ORIENTED_EDGE('',*,*,#6915,.T.);
#9211=ORIENTED_EDGE('',*,*,#6916,.T.);
#9212=ORIENTED_EDGE('',*,*,#6917,.T.);
#9213=ORIENTED_EDGE('',*,*,#6918,.T.);
#9214=ORIENTED_EDGE('',*,*,#6919,.T.);
#9215=ORIENTED_EDGE('',*,*,#6920,.T.);
#9216=ORIENTED_EDGE('',*,*,#6921,.T.);
#9217=ORIENTED_EDGE('',*,*,#6922,.T.);
#9218=ORIENTED_EDGE('',*,*,#6923,.T.);
#9219=ORIENTED_EDGE('',*,*,#6924,.T.);
#9220=ORIENTED_EDGE('',*,*,#6925,.T.);
#9221=ORIENTED_EDGE('',*,*,#6926,.T.);
#9222=ORIENTED_EDGE('',*,*,#6927,.T.);
#9223=ORIENTED_EDGE('',*,*,#6928,.T.);
#9224=ORIENTED_EDGE('',*,*,#6929,.T.);
#9225=ORIENTED_EDGE('',*,*,#6930,.T.);
#9226=ORIENTED_EDGE('',*,*,#6931,.T.);
#9227=ORIENTED_EDGE('',*,*,#6932,.T.);
#9228=ORIENTED_EDGE('',*,*,#6933,.T.);
#9229=ORIENTED_EDGE('',*,*,#6934,.T.);
#9230=ORIENTED_EDGE('',*,*,#6935,.T.);
#9231=ORIENTED_EDGE('',*,*,#6936,.T.);
#9232=ORIENTED_EDGE('',*,*,#6937,.T.);
#9233=ORIENTED_EDGE('',*,*,#6938,.T.);
#9234=ORIENTED_EDGE('',*,*,#6939,.T.);
#9235=ORIENTED_EDGE('',*,*,#6940,.T.);
#9236=ORIENTED_EDGE('',*,*,#6941,.T.);
#9237=ORIENTED_EDGE('',*,*,#6942,.T.);
#9238=ORIENTED_EDGE('',*,*,#6943,.T.);
#9239=ORIENTED_EDGE('',*,*,#6944,.T.);
#9240=ORIENTED_EDGE('',*,*,#6945,.T.);
#9241=ORIENTED_EDGE('',*,*,#6946,.T.);
#9242=ORIENTED_EDGE('',*,*,#6947,.T.);
#9243=ORIENTED_EDGE('',*,*,#6948,.T.);
#9244=ORIENTED_EDGE('',*,*,#6949,.T.);
#9245=ORIENTED_EDGE('',*,*,#6950,.T.);
#9246=ORIENTED_EDGE('',*,*,#6468,.F.);
#9247=ORIENTED_EDGE('',*,*,#6951,.F.);
#9248=ORIENTED_EDGE('',*,*,#6952,.T.);
#9249=ORIENTED_EDGE('',*,*,#6951,.T.);
#9250=ORIENTED_EDGE('',*,*,#6471,.F.);
#9251=ORIENTED_EDGE('',*,*,#6953,.F.);
#9252=ORIENTED_EDGE('',*,*,#6954,.T.);
#9253=ORIENTED_EDGE('',*,*,#6955,.T.);
#9254=ORIENTED_EDGE('',*,*,#6469,.F.);
#9255=ORIENTED_EDGE('',*,*,#6950,.F.);
#9256=ORIENTED_EDGE('',*,*,#6956,.T.);
#9257=ORIENTED_EDGE('',*,*,#6953,.T.);
#9258=ORIENTED_EDGE('',*,*,#6470,.F.);
#9259=ORIENTED_EDGE('',*,*,#6955,.F.);
#9260=ORIENTED_EDGE('',*,*,#6472,.T.);
#9261=ORIENTED_EDGE('',*,*,#6957,.T.);
#9262=ORIENTED_EDGE('',*,*,#6958,.F.);
#9263=ORIENTED_EDGE('',*,*,#6957,.F.);
#9264=ORIENTED_EDGE('',*,*,#6565,.F.);
#9265=ORIENTED_EDGE('',*,*,#6959,.T.);
#9266=ORIENTED_EDGE('',*,*,#6854,.F.);
#9267=ORIENTED_EDGE('',*,*,#6960,.F.);
#9268=ORIENTED_EDGE('',*,*,#6660,.F.);
#9269=ORIENTED_EDGE('',*,*,#6961,.T.);
#9270=ORIENTED_EDGE('',*,*,#6855,.F.);
#9271=ORIENTED_EDGE('',*,*,#6959,.F.);
#9272=ORIENTED_EDGE('',*,*,#6659,.F.);
#9273=ORIENTED_EDGE('',*,*,#6962,.T.);
#9274=ORIENTED_EDGE('',*,*,#6856,.F.);
#9275=ORIENTED_EDGE('',*,*,#6961,.F.);
#9276=ORIENTED_EDGE('',*,*,#6658,.F.);
#9277=ORIENTED_EDGE('',*,*,#6963,.T.);
#9278=ORIENTED_EDGE('',*,*,#6857,.F.);
#9279=ORIENTED_EDGE('',*,*,#6962,.F.);
#9280=ORIENTED_EDGE('',*,*,#6657,.F.);
#9281=ORIENTED_EDGE('',*,*,#6964,.T.);
#9282=ORIENTED_EDGE('',*,*,#6858,.F.);
#9283=ORIENTED_EDGE('',*,*,#6963,.F.);
#9284=ORIENTED_EDGE('',*,*,#6656,.F.);
#9285=ORIENTED_EDGE('',*,*,#6965,.T.);
#9286=ORIENTED_EDGE('',*,*,#6859,.F.);
#9287=ORIENTED_EDGE('',*,*,#6964,.F.);
#9288=ORIENTED_EDGE('',*,*,#6655,.F.);
#9289=ORIENTED_EDGE('',*,*,#6966,.T.);
#9290=ORIENTED_EDGE('',*,*,#6860,.F.);
#9291=ORIENTED_EDGE('',*,*,#6965,.F.);
#9292=ORIENTED_EDGE('',*,*,#6654,.F.);
#9293=ORIENTED_EDGE('',*,*,#6967,.T.);
#9294=ORIENTED_EDGE('',*,*,#6861,.F.);
#9295=ORIENTED_EDGE('',*,*,#6966,.F.);
#9296=ORIENTED_EDGE('',*,*,#6653,.F.);
#9297=ORIENTED_EDGE('',*,*,#6968,.T.);
#9298=ORIENTED_EDGE('',*,*,#6862,.F.);
#9299=ORIENTED_EDGE('',*,*,#6967,.F.);
#9300=ORIENTED_EDGE('',*,*,#6652,.F.);
#9301=ORIENTED_EDGE('',*,*,#6969,.T.);
#9302=ORIENTED_EDGE('',*,*,#6863,.F.);
#9303=ORIENTED_EDGE('',*,*,#6968,.F.);
#9304=ORIENTED_EDGE('',*,*,#6651,.F.);
#9305=ORIENTED_EDGE('',*,*,#6970,.T.);
#9306=ORIENTED_EDGE('',*,*,#6864,.F.);
#9307=ORIENTED_EDGE('',*,*,#6969,.F.);
#9308=ORIENTED_EDGE('',*,*,#6650,.F.);
#9309=ORIENTED_EDGE('',*,*,#6971,.T.);
#9310=ORIENTED_EDGE('',*,*,#6865,.F.);
#9311=ORIENTED_EDGE('',*,*,#6970,.F.);
#9312=ORIENTED_EDGE('',*,*,#6649,.F.);
#9313=ORIENTED_EDGE('',*,*,#6972,.T.);
#9314=ORIENTED_EDGE('',*,*,#6866,.F.);
#9315=ORIENTED_EDGE('',*,*,#6971,.F.);
#9316=ORIENTED_EDGE('',*,*,#6648,.F.);
#9317=ORIENTED_EDGE('',*,*,#6973,.T.);
#9318=ORIENTED_EDGE('',*,*,#6867,.F.);
#9319=ORIENTED_EDGE('',*,*,#6972,.F.);
#9320=ORIENTED_EDGE('',*,*,#6647,.F.);
#9321=ORIENTED_EDGE('',*,*,#6974,.T.);
#9322=ORIENTED_EDGE('',*,*,#6868,.F.);
#9323=ORIENTED_EDGE('',*,*,#6973,.F.);
#9324=ORIENTED_EDGE('',*,*,#6646,.F.);
#9325=ORIENTED_EDGE('',*,*,#6975,.T.);
#9326=ORIENTED_EDGE('',*,*,#6869,.F.);
#9327=ORIENTED_EDGE('',*,*,#6974,.F.);
#9328=ORIENTED_EDGE('',*,*,#6645,.F.);
#9329=ORIENTED_EDGE('',*,*,#6976,.T.);
#9330=ORIENTED_EDGE('',*,*,#6870,.F.);
#9331=ORIENTED_EDGE('',*,*,#6975,.F.);
#9332=ORIENTED_EDGE('',*,*,#6644,.F.);
#9333=ORIENTED_EDGE('',*,*,#6977,.T.);
#9334=ORIENTED_EDGE('',*,*,#6871,.F.);
#9335=ORIENTED_EDGE('',*,*,#6976,.F.);
#9336=ORIENTED_EDGE('',*,*,#6643,.F.);
#9337=ORIENTED_EDGE('',*,*,#6978,.T.);
#9338=ORIENTED_EDGE('',*,*,#6872,.F.);
#9339=ORIENTED_EDGE('',*,*,#6977,.F.);
#9340=ORIENTED_EDGE('',*,*,#6642,.F.);
#9341=ORIENTED_EDGE('',*,*,#6979,.T.);
#9342=ORIENTED_EDGE('',*,*,#6873,.F.);
#9343=ORIENTED_EDGE('',*,*,#6978,.F.);
#9344=ORIENTED_EDGE('',*,*,#6641,.F.);
#9345=ORIENTED_EDGE('',*,*,#6980,.T.);
#9346=ORIENTED_EDGE('',*,*,#6874,.F.);
#9347=ORIENTED_EDGE('',*,*,#6979,.F.);
#9348=ORIENTED_EDGE('',*,*,#6640,.F.);
#9349=ORIENTED_EDGE('',*,*,#6981,.T.);
#9350=ORIENTED_EDGE('',*,*,#6875,.F.);
#9351=ORIENTED_EDGE('',*,*,#6980,.F.);
#9352=ORIENTED_EDGE('',*,*,#6639,.F.);
#9353=ORIENTED_EDGE('',*,*,#6982,.T.);
#9354=ORIENTED_EDGE('',*,*,#6876,.F.);
#9355=ORIENTED_EDGE('',*,*,#6981,.F.);
#9356=ORIENTED_EDGE('',*,*,#6638,.F.);
#9357=ORIENTED_EDGE('',*,*,#6983,.T.);
#9358=ORIENTED_EDGE('',*,*,#6877,.F.);
#9359=ORIENTED_EDGE('',*,*,#6982,.F.);
#9360=ORIENTED_EDGE('',*,*,#6637,.F.);
#9361=ORIENTED_EDGE('',*,*,#6984,.T.);
#9362=ORIENTED_EDGE('',*,*,#6878,.F.);
#9363=ORIENTED_EDGE('',*,*,#6983,.F.);
#9364=ORIENTED_EDGE('',*,*,#6636,.F.);
#9365=ORIENTED_EDGE('',*,*,#6985,.T.);
#9366=ORIENTED_EDGE('',*,*,#6879,.F.);
#9367=ORIENTED_EDGE('',*,*,#6984,.F.);
#9368=ORIENTED_EDGE('',*,*,#6635,.T.);
#9369=ORIENTED_EDGE('',*,*,#6986,.T.);
#9370=ORIENTED_EDGE('',*,*,#6880,.F.);
#9371=ORIENTED_EDGE('',*,*,#6985,.F.);
#9372=ORIENTED_EDGE('',*,*,#6634,.T.);
#9373=ORIENTED_EDGE('',*,*,#6987,.T.);
#9374=ORIENTED_EDGE('',*,*,#6881,.F.);
#9375=ORIENTED_EDGE('',*,*,#6986,.F.);
#9376=ORIENTED_EDGE('',*,*,#6633,.T.);
#9377=ORIENTED_EDGE('',*,*,#6988,.T.);
#9378=ORIENTED_EDGE('',*,*,#6882,.F.);
#9379=ORIENTED_EDGE('',*,*,#6987,.F.);
#9380=ORIENTED_EDGE('',*,*,#6632,.T.);
#9381=ORIENTED_EDGE('',*,*,#6989,.T.);
#9382=ORIENTED_EDGE('',*,*,#6883,.F.);
#9383=ORIENTED_EDGE('',*,*,#6988,.F.);
#9384=ORIENTED_EDGE('',*,*,#6631,.T.);
#9385=ORIENTED_EDGE('',*,*,#6990,.T.);
#9386=ORIENTED_EDGE('',*,*,#6884,.F.);
#9387=ORIENTED_EDGE('',*,*,#6989,.F.);
#9388=ORIENTED_EDGE('',*,*,#6630,.T.);
#9389=ORIENTED_EDGE('',*,*,#6991,.T.);
#9390=ORIENTED_EDGE('',*,*,#6885,.F.);
#9391=ORIENTED_EDGE('',*,*,#6990,.F.);
#9392=ORIENTED_EDGE('',*,*,#6629,.T.);
#9393=ORIENTED_EDGE('',*,*,#6992,.T.);
#9394=ORIENTED_EDGE('',*,*,#6886,.F.);
#9395=ORIENTED_EDGE('',*,*,#6991,.F.);
#9396=ORIENTED_EDGE('',*,*,#6628,.T.);
#9397=ORIENTED_EDGE('',*,*,#6993,.T.);
#9398=ORIENTED_EDGE('',*,*,#6887,.F.);
#9399=ORIENTED_EDGE('',*,*,#6992,.F.);
#9400=ORIENTED_EDGE('',*,*,#6627,.T.);
#9401=ORIENTED_EDGE('',*,*,#6994,.T.);
#9402=ORIENTED_EDGE('',*,*,#6888,.F.);
#9403=ORIENTED_EDGE('',*,*,#6993,.F.);
#9404=ORIENTED_EDGE('',*,*,#6626,.T.);
#9405=ORIENTED_EDGE('',*,*,#6995,.T.);
#9406=ORIENTED_EDGE('',*,*,#6889,.F.);
#9407=ORIENTED_EDGE('',*,*,#6994,.F.);
#9408=ORIENTED_EDGE('',*,*,#6625,.T.);
#9409=ORIENTED_EDGE('',*,*,#6996,.T.);
#9410=ORIENTED_EDGE('',*,*,#6890,.F.);
#9411=ORIENTED_EDGE('',*,*,#6995,.F.);
#9412=ORIENTED_EDGE('',*,*,#6624,.T.);
#9413=ORIENTED_EDGE('',*,*,#6997,.T.);
#9414=ORIENTED_EDGE('',*,*,#6891,.F.);
#9415=ORIENTED_EDGE('',*,*,#6996,.F.);
#9416=ORIENTED_EDGE('',*,*,#6623,.T.);
#9417=ORIENTED_EDGE('',*,*,#6998,.T.);
#9418=ORIENTED_EDGE('',*,*,#6892,.F.);
#9419=ORIENTED_EDGE('',*,*,#6997,.F.);
#9420=ORIENTED_EDGE('',*,*,#6622,.T.);
#9421=ORIENTED_EDGE('',*,*,#6999,.T.);
#9422=ORIENTED_EDGE('',*,*,#6893,.F.);
#9423=ORIENTED_EDGE('',*,*,#6998,.F.);
#9424=ORIENTED_EDGE('',*,*,#6621,.T.);
#9425=ORIENTED_EDGE('',*,*,#7000,.T.);
#9426=ORIENTED_EDGE('',*,*,#6894,.F.);
#9427=ORIENTED_EDGE('',*,*,#6999,.F.);
#9428=ORIENTED_EDGE('',*,*,#6620,.T.);
#9429=ORIENTED_EDGE('',*,*,#7001,.T.);
#9430=ORIENTED_EDGE('',*,*,#6895,.F.);
#9431=ORIENTED_EDGE('',*,*,#7000,.F.);
#9432=ORIENTED_EDGE('',*,*,#6619,.T.);
#9433=ORIENTED_EDGE('',*,*,#7002,.T.);
#9434=ORIENTED_EDGE('',*,*,#6896,.F.);
#9435=ORIENTED_EDGE('',*,*,#7001,.F.);
#9436=ORIENTED_EDGE('',*,*,#6618,.T.);
#9437=ORIENTED_EDGE('',*,*,#7003,.T.);
#9438=ORIENTED_EDGE('',*,*,#6897,.F.);
#9439=ORIENTED_EDGE('',*,*,#7002,.F.);
#9440=ORIENTED_EDGE('',*,*,#6617,.T.);
#9441=ORIENTED_EDGE('',*,*,#7004,.T.);
#9442=ORIENTED_EDGE('',*,*,#6898,.F.);
#9443=ORIENTED_EDGE('',*,*,#7003,.F.);
#9444=ORIENTED_EDGE('',*,*,#6616,.T.);
#9445=ORIENTED_EDGE('',*,*,#7005,.T.);
#9446=ORIENTED_EDGE('',*,*,#6899,.F.);
#9447=ORIENTED_EDGE('',*,*,#7004,.F.);
#9448=ORIENTED_EDGE('',*,*,#6615,.T.);
#9449=ORIENTED_EDGE('',*,*,#7006,.T.);
#9450=ORIENTED_EDGE('',*,*,#6900,.F.);
#9451=ORIENTED_EDGE('',*,*,#7005,.F.);
#9452=ORIENTED_EDGE('',*,*,#6614,.T.);
#9453=ORIENTED_EDGE('',*,*,#7007,.T.);
#9454=ORIENTED_EDGE('',*,*,#6901,.F.);
#9455=ORIENTED_EDGE('',*,*,#7006,.F.);
#9456=ORIENTED_EDGE('',*,*,#6613,.T.);
#9457=ORIENTED_EDGE('',*,*,#7008,.T.);
#9458=ORIENTED_EDGE('',*,*,#6902,.F.);
#9459=ORIENTED_EDGE('',*,*,#7007,.F.);
#9460=ORIENTED_EDGE('',*,*,#6612,.T.);
#9461=ORIENTED_EDGE('',*,*,#7009,.T.);
#9462=ORIENTED_EDGE('',*,*,#6903,.F.);
#9463=ORIENTED_EDGE('',*,*,#7008,.F.);
#9464=ORIENTED_EDGE('',*,*,#6611,.T.);
#9465=ORIENTED_EDGE('',*,*,#7010,.T.);
#9466=ORIENTED_EDGE('',*,*,#6904,.F.);
#9467=ORIENTED_EDGE('',*,*,#7009,.F.);
#9468=ORIENTED_EDGE('',*,*,#6610,.T.);
#9469=ORIENTED_EDGE('',*,*,#7011,.T.);
#9470=ORIENTED_EDGE('',*,*,#6905,.F.);
#9471=ORIENTED_EDGE('',*,*,#7010,.F.);
#9472=ORIENTED_EDGE('',*,*,#6609,.T.);
#9473=ORIENTED_EDGE('',*,*,#7012,.T.);
#9474=ORIENTED_EDGE('',*,*,#6906,.F.);
#9475=ORIENTED_EDGE('',*,*,#7011,.F.);
#9476=ORIENTED_EDGE('',*,*,#6608,.T.);
#9477=ORIENTED_EDGE('',*,*,#7013,.T.);
#9478=ORIENTED_EDGE('',*,*,#6907,.F.);
#9479=ORIENTED_EDGE('',*,*,#7012,.F.);
#9480=ORIENTED_EDGE('',*,*,#6607,.T.);
#9481=ORIENTED_EDGE('',*,*,#7014,.T.);
#9482=ORIENTED_EDGE('',*,*,#6908,.F.);
#9483=ORIENTED_EDGE('',*,*,#7013,.F.);
#9484=ORIENTED_EDGE('',*,*,#6606,.T.);
#9485=ORIENTED_EDGE('',*,*,#7015,.T.);
#9486=ORIENTED_EDGE('',*,*,#6909,.F.);
#9487=ORIENTED_EDGE('',*,*,#7014,.F.);
#9488=ORIENTED_EDGE('',*,*,#6605,.T.);
#9489=ORIENTED_EDGE('',*,*,#7016,.T.);
#9490=ORIENTED_EDGE('',*,*,#6910,.F.);
#9491=ORIENTED_EDGE('',*,*,#7015,.F.);
#9492=ORIENTED_EDGE('',*,*,#6604,.T.);
#9493=ORIENTED_EDGE('',*,*,#7017,.T.);
#9494=ORIENTED_EDGE('',*,*,#6911,.F.);
#9495=ORIENTED_EDGE('',*,*,#7016,.F.);
#9496=ORIENTED_EDGE('',*,*,#6603,.T.);
#9497=ORIENTED_EDGE('',*,*,#7018,.T.);
#9498=ORIENTED_EDGE('',*,*,#6912,.F.);
#9499=ORIENTED_EDGE('',*,*,#7017,.F.);
#9500=ORIENTED_EDGE('',*,*,#6602,.T.);
#9501=ORIENTED_EDGE('',*,*,#7019,.T.);
#9502=ORIENTED_EDGE('',*,*,#6913,.F.);
#9503=ORIENTED_EDGE('',*,*,#7018,.F.);
#9504=ORIENTED_EDGE('',*,*,#6601,.T.);
#9505=ORIENTED_EDGE('',*,*,#7020,.T.);
#9506=ORIENTED_EDGE('',*,*,#6914,.F.);
#9507=ORIENTED_EDGE('',*,*,#7019,.F.);
#9508=ORIENTED_EDGE('',*,*,#6600,.T.);
#9509=ORIENTED_EDGE('',*,*,#7021,.T.);
#9510=ORIENTED_EDGE('',*,*,#6915,.F.);
#9511=ORIENTED_EDGE('',*,*,#7020,.F.);
#9512=ORIENTED_EDGE('',*,*,#6599,.T.);
#9513=ORIENTED_EDGE('',*,*,#7022,.T.);
#9514=ORIENTED_EDGE('',*,*,#6916,.F.);
#9515=ORIENTED_EDGE('',*,*,#7021,.F.);
#9516=ORIENTED_EDGE('',*,*,#6598,.T.);
#9517=ORIENTED_EDGE('',*,*,#7023,.T.);
#9518=ORIENTED_EDGE('',*,*,#6917,.F.);
#9519=ORIENTED_EDGE('',*,*,#7022,.F.);
#9520=ORIENTED_EDGE('',*,*,#6597,.T.);
#9521=ORIENTED_EDGE('',*,*,#7024,.T.);
#9522=ORIENTED_EDGE('',*,*,#6918,.F.);
#9523=ORIENTED_EDGE('',*,*,#7023,.F.);
#9524=ORIENTED_EDGE('',*,*,#6596,.T.);
#9525=ORIENTED_EDGE('',*,*,#7025,.T.);
#9526=ORIENTED_EDGE('',*,*,#6919,.F.);
#9527=ORIENTED_EDGE('',*,*,#7024,.F.);
#9528=ORIENTED_EDGE('',*,*,#6595,.T.);
#9529=ORIENTED_EDGE('',*,*,#7026,.T.);
#9530=ORIENTED_EDGE('',*,*,#6920,.F.);
#9531=ORIENTED_EDGE('',*,*,#7025,.F.);
#9532=ORIENTED_EDGE('',*,*,#6594,.T.);
#9533=ORIENTED_EDGE('',*,*,#7027,.T.);
#9534=ORIENTED_EDGE('',*,*,#6921,.F.);
#9535=ORIENTED_EDGE('',*,*,#7026,.F.);
#9536=ORIENTED_EDGE('',*,*,#6593,.T.);
#9537=ORIENTED_EDGE('',*,*,#7028,.T.);
#9538=ORIENTED_EDGE('',*,*,#6922,.F.);
#9539=ORIENTED_EDGE('',*,*,#7027,.F.);
#9540=ORIENTED_EDGE('',*,*,#6592,.T.);
#9541=ORIENTED_EDGE('',*,*,#7029,.T.);
#9542=ORIENTED_EDGE('',*,*,#6923,.F.);
#9543=ORIENTED_EDGE('',*,*,#7028,.F.);
#9544=ORIENTED_EDGE('',*,*,#6591,.T.);
#9545=ORIENTED_EDGE('',*,*,#7030,.T.);
#9546=ORIENTED_EDGE('',*,*,#6924,.F.);
#9547=ORIENTED_EDGE('',*,*,#7029,.F.);
#9548=ORIENTED_EDGE('',*,*,#6590,.T.);
#9549=ORIENTED_EDGE('',*,*,#7031,.T.);
#9550=ORIENTED_EDGE('',*,*,#6925,.F.);
#9551=ORIENTED_EDGE('',*,*,#7030,.F.);
#9552=ORIENTED_EDGE('',*,*,#6589,.T.);
#9553=ORIENTED_EDGE('',*,*,#7032,.T.);
#9554=ORIENTED_EDGE('',*,*,#6926,.F.);
#9555=ORIENTED_EDGE('',*,*,#7031,.F.);
#9556=ORIENTED_EDGE('',*,*,#6588,.T.);
#9557=ORIENTED_EDGE('',*,*,#7033,.T.);
#9558=ORIENTED_EDGE('',*,*,#6927,.F.);
#9559=ORIENTED_EDGE('',*,*,#7032,.F.);
#9560=ORIENTED_EDGE('',*,*,#6587,.T.);
#9561=ORIENTED_EDGE('',*,*,#7034,.T.);
#9562=ORIENTED_EDGE('',*,*,#6928,.F.);
#9563=ORIENTED_EDGE('',*,*,#7033,.F.);
#9564=ORIENTED_EDGE('',*,*,#6586,.T.);
#9565=ORIENTED_EDGE('',*,*,#7035,.T.);
#9566=ORIENTED_EDGE('',*,*,#6929,.F.);
#9567=ORIENTED_EDGE('',*,*,#7034,.F.);
#9568=ORIENTED_EDGE('',*,*,#6585,.T.);
#9569=ORIENTED_EDGE('',*,*,#7036,.T.);
#9570=ORIENTED_EDGE('',*,*,#6930,.F.);
#9571=ORIENTED_EDGE('',*,*,#7035,.F.);
#9572=ORIENTED_EDGE('',*,*,#6584,.F.);
#9573=ORIENTED_EDGE('',*,*,#7037,.T.);
#9574=ORIENTED_EDGE('',*,*,#6931,.F.);
#9575=ORIENTED_EDGE('',*,*,#7036,.F.);
#9576=ORIENTED_EDGE('',*,*,#6583,.F.);
#9577=ORIENTED_EDGE('',*,*,#7038,.T.);
#9578=ORIENTED_EDGE('',*,*,#6932,.F.);
#9579=ORIENTED_EDGE('',*,*,#7037,.F.);
#9580=ORIENTED_EDGE('',*,*,#6582,.F.);
#9581=ORIENTED_EDGE('',*,*,#7039,.T.);
#9582=ORIENTED_EDGE('',*,*,#6933,.F.);
#9583=ORIENTED_EDGE('',*,*,#7038,.F.);
#9584=ORIENTED_EDGE('',*,*,#6581,.F.);
#9585=ORIENTED_EDGE('',*,*,#7040,.T.);
#9586=ORIENTED_EDGE('',*,*,#6934,.F.);
#9587=ORIENTED_EDGE('',*,*,#7039,.F.);
#9588=ORIENTED_EDGE('',*,*,#6580,.F.);
#9589=ORIENTED_EDGE('',*,*,#7041,.T.);
#9590=ORIENTED_EDGE('',*,*,#6935,.F.);
#9591=ORIENTED_EDGE('',*,*,#7040,.F.);
#9592=ORIENTED_EDGE('',*,*,#6579,.F.);
#9593=ORIENTED_EDGE('',*,*,#7042,.T.);
#9594=ORIENTED_EDGE('',*,*,#6936,.F.);
#9595=ORIENTED_EDGE('',*,*,#7041,.F.);
#9596=ORIENTED_EDGE('',*,*,#6578,.F.);
#9597=ORIENTED_EDGE('',*,*,#7043,.T.);
#9598=ORIENTED_EDGE('',*,*,#6937,.F.);
#9599=ORIENTED_EDGE('',*,*,#7042,.F.);
#9600=ORIENTED_EDGE('',*,*,#6577,.F.);
#9601=ORIENTED_EDGE('',*,*,#7044,.T.);
#9602=ORIENTED_EDGE('',*,*,#6938,.F.);
#9603=ORIENTED_EDGE('',*,*,#7043,.F.);
#9604=ORIENTED_EDGE('',*,*,#6576,.F.);
#9605=ORIENTED_EDGE('',*,*,#7045,.T.);
#9606=ORIENTED_EDGE('',*,*,#6939,.F.);
#9607=ORIENTED_EDGE('',*,*,#7044,.F.);
#9608=ORIENTED_EDGE('',*,*,#6575,.F.);
#9609=ORIENTED_EDGE('',*,*,#7046,.T.);
#9610=ORIENTED_EDGE('',*,*,#6940,.F.);
#9611=ORIENTED_EDGE('',*,*,#7045,.F.);
#9612=ORIENTED_EDGE('',*,*,#6574,.F.);
#9613=ORIENTED_EDGE('',*,*,#7047,.T.);
#9614=ORIENTED_EDGE('',*,*,#6941,.F.);
#9615=ORIENTED_EDGE('',*,*,#7046,.F.);
#9616=ORIENTED_EDGE('',*,*,#6573,.F.);
#9617=ORIENTED_EDGE('',*,*,#7048,.T.);
#9618=ORIENTED_EDGE('',*,*,#6942,.F.);
#9619=ORIENTED_EDGE('',*,*,#7047,.F.);
#9620=ORIENTED_EDGE('',*,*,#6572,.F.);
#9621=ORIENTED_EDGE('',*,*,#7049,.T.);
#9622=ORIENTED_EDGE('',*,*,#6943,.F.);
#9623=ORIENTED_EDGE('',*,*,#7048,.F.);
#9624=ORIENTED_EDGE('',*,*,#6571,.F.);
#9625=ORIENTED_EDGE('',*,*,#7050,.T.);
#9626=ORIENTED_EDGE('',*,*,#6944,.F.);
#9627=ORIENTED_EDGE('',*,*,#7049,.F.);
#9628=ORIENTED_EDGE('',*,*,#6570,.F.);
#9629=ORIENTED_EDGE('',*,*,#7051,.T.);
#9630=ORIENTED_EDGE('',*,*,#6945,.F.);
#9631=ORIENTED_EDGE('',*,*,#7050,.F.);
#9632=ORIENTED_EDGE('',*,*,#6569,.F.);
#9633=ORIENTED_EDGE('',*,*,#7052,.T.);
#9634=ORIENTED_EDGE('',*,*,#6946,.F.);
#9635=ORIENTED_EDGE('',*,*,#7051,.F.);
#9636=ORIENTED_EDGE('',*,*,#6568,.F.);
#9637=ORIENTED_EDGE('',*,*,#7053,.T.);
#9638=ORIENTED_EDGE('',*,*,#6947,.F.);
#9639=ORIENTED_EDGE('',*,*,#7052,.F.);
#9640=ORIENTED_EDGE('',*,*,#6567,.F.);
#9641=ORIENTED_EDGE('',*,*,#7054,.T.);
#9642=ORIENTED_EDGE('',*,*,#6948,.F.);
#9643=ORIENTED_EDGE('',*,*,#7053,.F.);
#9644=ORIENTED_EDGE('',*,*,#6566,.F.);
#9645=ORIENTED_EDGE('',*,*,#6960,.T.);
#9646=ORIENTED_EDGE('',*,*,#6853,.F.);
#9647=ORIENTED_EDGE('',*,*,#7054,.F.);
#9648=ORIENTED_EDGE('',*,*,#6662,.T.);
#9649=ORIENTED_EDGE('',*,*,#6665,.T.);
#9650=ORIENTED_EDGE('',*,*,#6667,.T.);
#9651=ORIENTED_EDGE('',*,*,#6669,.T.);
#9652=ORIENTED_EDGE('',*,*,#6671,.T.);
#9653=ORIENTED_EDGE('',*,*,#6673,.T.);
#9654=ORIENTED_EDGE('',*,*,#6675,.T.);
#9655=ORIENTED_EDGE('',*,*,#6677,.T.);
#9656=ORIENTED_EDGE('',*,*,#6679,.T.);
#9657=ORIENTED_EDGE('',*,*,#6681,.T.);
#9658=ORIENTED_EDGE('',*,*,#6683,.T.);
#9659=ORIENTED_EDGE('',*,*,#6685,.T.);
#9660=ORIENTED_EDGE('',*,*,#6687,.T.);
#9661=ORIENTED_EDGE('',*,*,#6689,.T.);
#9662=ORIENTED_EDGE('',*,*,#6691,.T.);
#9663=ORIENTED_EDGE('',*,*,#6693,.T.);
#9664=ORIENTED_EDGE('',*,*,#6695,.T.);
#9665=ORIENTED_EDGE('',*,*,#6697,.T.);
#9666=ORIENTED_EDGE('',*,*,#6699,.T.);
#9667=ORIENTED_EDGE('',*,*,#6701,.T.);
#9668=ORIENTED_EDGE('',*,*,#6703,.T.);
#9669=ORIENTED_EDGE('',*,*,#6705,.T.);
#9670=ORIENTED_EDGE('',*,*,#6707,.T.);
#9671=ORIENTED_EDGE('',*,*,#6709,.T.);
#9672=ORIENTED_EDGE('',*,*,#6711,.T.);
#9673=ORIENTED_EDGE('',*,*,#6713,.T.);
#9674=ORIENTED_EDGE('',*,*,#6715,.T.);
#9675=ORIENTED_EDGE('',*,*,#6717,.T.);
#9676=ORIENTED_EDGE('',*,*,#6719,.T.);
#9677=ORIENTED_EDGE('',*,*,#6721,.T.);
#9678=ORIENTED_EDGE('',*,*,#6723,.T.);
#9679=ORIENTED_EDGE('',*,*,#6725,.T.);
#9680=ORIENTED_EDGE('',*,*,#6727,.T.);
#9681=ORIENTED_EDGE('',*,*,#6729,.T.);
#9682=ORIENTED_EDGE('',*,*,#6731,.T.);
#9683=ORIENTED_EDGE('',*,*,#6733,.T.);
#9684=ORIENTED_EDGE('',*,*,#6735,.T.);
#9685=ORIENTED_EDGE('',*,*,#6737,.T.);
#9686=ORIENTED_EDGE('',*,*,#6739,.T.);
#9687=ORIENTED_EDGE('',*,*,#6741,.T.);
#9688=ORIENTED_EDGE('',*,*,#6743,.T.);
#9689=ORIENTED_EDGE('',*,*,#6745,.T.);
#9690=ORIENTED_EDGE('',*,*,#6747,.T.);
#9691=ORIENTED_EDGE('',*,*,#6749,.T.);
#9692=ORIENTED_EDGE('',*,*,#6751,.T.);
#9693=ORIENTED_EDGE('',*,*,#6753,.T.);
#9694=ORIENTED_EDGE('',*,*,#6755,.T.);
#9695=ORIENTED_EDGE('',*,*,#6757,.T.);
#9696=ORIENTED_EDGE('',*,*,#6759,.T.);
#9697=ORIENTED_EDGE('',*,*,#6761,.T.);
#9698=ORIENTED_EDGE('',*,*,#6763,.T.);
#9699=ORIENTED_EDGE('',*,*,#6765,.T.);
#9700=ORIENTED_EDGE('',*,*,#6767,.T.);
#9701=ORIENTED_EDGE('',*,*,#6769,.T.);
#9702=ORIENTED_EDGE('',*,*,#6771,.T.);
#9703=ORIENTED_EDGE('',*,*,#6773,.T.);
#9704=ORIENTED_EDGE('',*,*,#6775,.T.);
#9705=ORIENTED_EDGE('',*,*,#6777,.T.);
#9706=ORIENTED_EDGE('',*,*,#6779,.T.);
#9707=ORIENTED_EDGE('',*,*,#6781,.T.);
#9708=ORIENTED_EDGE('',*,*,#6783,.T.);
#9709=ORIENTED_EDGE('',*,*,#6785,.T.);
#9710=ORIENTED_EDGE('',*,*,#6787,.T.);
#9711=ORIENTED_EDGE('',*,*,#6789,.T.);
#9712=ORIENTED_EDGE('',*,*,#6791,.T.);
#9713=ORIENTED_EDGE('',*,*,#6793,.T.);
#9714=ORIENTED_EDGE('',*,*,#6795,.T.);
#9715=ORIENTED_EDGE('',*,*,#6797,.T.);
#9716=ORIENTED_EDGE('',*,*,#6799,.T.);
#9717=ORIENTED_EDGE('',*,*,#6801,.T.);
#9718=ORIENTED_EDGE('',*,*,#6803,.T.);
#9719=ORIENTED_EDGE('',*,*,#6805,.T.);
#9720=ORIENTED_EDGE('',*,*,#6807,.T.);
#9721=ORIENTED_EDGE('',*,*,#6809,.T.);
#9722=ORIENTED_EDGE('',*,*,#6811,.T.);
#9723=ORIENTED_EDGE('',*,*,#6813,.T.);
#9724=ORIENTED_EDGE('',*,*,#6815,.T.);
#9725=ORIENTED_EDGE('',*,*,#6817,.T.);
#9726=ORIENTED_EDGE('',*,*,#6819,.T.);
#9727=ORIENTED_EDGE('',*,*,#6821,.T.);
#9728=ORIENTED_EDGE('',*,*,#6823,.T.);
#9729=ORIENTED_EDGE('',*,*,#6825,.T.);
#9730=ORIENTED_EDGE('',*,*,#6827,.T.);
#9731=ORIENTED_EDGE('',*,*,#6829,.T.);
#9732=ORIENTED_EDGE('',*,*,#6831,.T.);
#9733=ORIENTED_EDGE('',*,*,#6833,.T.);
#9734=ORIENTED_EDGE('',*,*,#6835,.T.);
#9735=ORIENTED_EDGE('',*,*,#6837,.T.);
#9736=ORIENTED_EDGE('',*,*,#6839,.T.);
#9737=ORIENTED_EDGE('',*,*,#6841,.T.);
#9738=ORIENTED_EDGE('',*,*,#6843,.T.);
#9739=ORIENTED_EDGE('',*,*,#6845,.T.);
#9740=ORIENTED_EDGE('',*,*,#6847,.T.);
#9741=ORIENTED_EDGE('',*,*,#6849,.T.);
#9742=ORIENTED_EDGE('',*,*,#6851,.T.);
#9743=ORIENTED_EDGE('',*,*,#6852,.T.);
#9744=ORIENTED_EDGE('',*,*,#7055,.T.);
#9745=ORIENTED_EDGE('',*,*,#7056,.T.);
#9746=ORIENTED_EDGE('',*,*,#6949,.F.);
#9747=ORIENTED_EDGE('',*,*,#6952,.F.);
#9748=ORIENTED_EDGE('',*,*,#6956,.F.);
#9749=ORIENTED_EDGE('',*,*,#6954,.F.);
#9750=ORIENTED_EDGE('',*,*,#7057,.T.);
#9751=ORIENTED_EDGE('',*,*,#6958,.T.);
#9752=ORIENTED_EDGE('',*,*,#7058,.T.);
#9753=ORIENTED_EDGE('',*,*,#7059,.T.);
#9754=ORIENTED_EDGE('',*,*,#7060,.T.);
#9755=ORIENTED_EDGE('',*,*,#7055,.F.);
#9756=ORIENTED_EDGE('',*,*,#7060,.F.);
#9757=ORIENTED_EDGE('',*,*,#7061,.T.);
#9758=ORIENTED_EDGE('',*,*,#7062,.T.);
#9759=ORIENTED_EDGE('',*,*,#7056,.F.);
#9760=ORIENTED_EDGE('',*,*,#7062,.F.);
#9761=ORIENTED_EDGE('',*,*,#7063,.T.);
#9762=ORIENTED_EDGE('',*,*,#7064,.T.);
#9763=ORIENTED_EDGE('',*,*,#7057,.F.);
#9764=ORIENTED_EDGE('',*,*,#7064,.F.);
#9765=ORIENTED_EDGE('',*,*,#7065,.T.);
#9766=ORIENTED_EDGE('',*,*,#7066,.T.);
#9767=ORIENTED_EDGE('',*,*,#7058,.F.);
#9768=ORIENTED_EDGE('',*,*,#7066,.F.);
#9769=ORIENTED_EDGE('',*,*,#7059,.F.);
#9770=ORIENTED_EDGE('',*,*,#7067,.T.);
#9771=ORIENTED_EDGE('',*,*,#7061,.F.);
#9772=ORIENTED_EDGE('',*,*,#7068,.T.);
#9773=ORIENTED_EDGE('',*,*,#7063,.F.);
#9774=ORIENTED_EDGE('',*,*,#7069,.T.);
#9775=ORIENTED_EDGE('',*,*,#7065,.F.);
#9776=ORIENTED_EDGE('',*,*,#7070,.T.);
#9777=ORIENTED_EDGE('',*,*,#7071,.T.);
#9778=ORIENTED_EDGE('',*,*,#7072,.T.);
#9779=ORIENTED_EDGE('',*,*,#7067,.F.);
#9780=ORIENTED_EDGE('',*,*,#7072,.F.);
#9781=ORIENTED_EDGE('',*,*,#7073,.T.);
#9782=ORIENTED_EDGE('',*,*,#7074,.T.);
#9783=ORIENTED_EDGE('',*,*,#7068,.F.);
#9784=ORIENTED_EDGE('',*,*,#7074,.F.);
#9785=ORIENTED_EDGE('',*,*,#7075,.T.);
#9786=ORIENTED_EDGE('',*,*,#7076,.T.);
#9787=ORIENTED_EDGE('',*,*,#7069,.F.);
#9788=ORIENTED_EDGE('',*,*,#7076,.F.);
#9789=ORIENTED_EDGE('',*,*,#7077,.T.);
#9790=ORIENTED_EDGE('',*,*,#7078,.T.);
#9791=ORIENTED_EDGE('',*,*,#7070,.F.);
#9792=ORIENTED_EDGE('',*,*,#7078,.F.);
#9793=ORIENTED_EDGE('',*,*,#7071,.F.);
#9794=ORIENTED_EDGE('',*,*,#7073,.F.);
#9795=ORIENTED_EDGE('',*,*,#7075,.F.);
#9796=ORIENTED_EDGE('',*,*,#7077,.F.);
#9797=ORIENTED_EDGE('',*,*,#7079,.T.);
#9798=ORIENTED_EDGE('',*,*,#7080,.T.);
#9799=ORIENTED_EDGE('',*,*,#7081,.F.);
#9800=ORIENTED_EDGE('',*,*,#7082,.F.);
#9801=ORIENTED_EDGE('',*,*,#7083,.T.);
#9802=ORIENTED_EDGE('',*,*,#7084,.T.);
#9803=ORIENTED_EDGE('',*,*,#7079,.F.);
#9804=ORIENTED_EDGE('',*,*,#7085,.F.);
#9805=ORIENTED_EDGE('',*,*,#7081,.T.);
#9806=ORIENTED_EDGE('',*,*,#7086,.T.);
#9807=ORIENTED_EDGE('',*,*,#7087,.F.);
#9808=ORIENTED_EDGE('',*,*,#7088,.F.);
#9809=ORIENTED_EDGE('',*,*,#7082,.T.);
#9810=ORIENTED_EDGE('',*,*,#7088,.T.);
#9811=ORIENTED_EDGE('',*,*,#7089,.T.);
#9812=ORIENTED_EDGE('',*,*,#7090,.T.);
#9813=ORIENTED_EDGE('',*,*,#7091,.T.);
#9814=ORIENTED_EDGE('',*,*,#7092,.T.);
#9815=ORIENTED_EDGE('',*,*,#7093,.T.);
#9816=ORIENTED_EDGE('',*,*,#7094,.T.);
#9817=ORIENTED_EDGE('',*,*,#7095,.T.);
#9818=ORIENTED_EDGE('',*,*,#7096,.T.);
#9819=ORIENTED_EDGE('',*,*,#7097,.T.);
#9820=ORIENTED_EDGE('',*,*,#7098,.T.);
#9821=ORIENTED_EDGE('',*,*,#7099,.T.);
#9822=ORIENTED_EDGE('',*,*,#7100,.T.);
#9823=ORIENTED_EDGE('',*,*,#7101,.T.);
#9824=ORIENTED_EDGE('',*,*,#7102,.T.);
#9825=ORIENTED_EDGE('',*,*,#7103,.T.);
#9826=ORIENTED_EDGE('',*,*,#7104,.T.);
#9827=ORIENTED_EDGE('',*,*,#7105,.T.);
#9828=ORIENTED_EDGE('',*,*,#7106,.T.);
#9829=ORIENTED_EDGE('',*,*,#7107,.T.);
#9830=ORIENTED_EDGE('',*,*,#7108,.T.);
#9831=ORIENTED_EDGE('',*,*,#7109,.T.);
#9832=ORIENTED_EDGE('',*,*,#7110,.T.);
#9833=ORIENTED_EDGE('',*,*,#7111,.T.);
#9834=ORIENTED_EDGE('',*,*,#7112,.T.);
#9835=ORIENTED_EDGE('',*,*,#7113,.T.);
#9836=ORIENTED_EDGE('',*,*,#7114,.T.);
#9837=ORIENTED_EDGE('',*,*,#7115,.T.);
#9838=ORIENTED_EDGE('',*,*,#7116,.T.);
#9839=ORIENTED_EDGE('',*,*,#7117,.T.);
#9840=ORIENTED_EDGE('',*,*,#7118,.T.);
#9841=ORIENTED_EDGE('',*,*,#7119,.T.);
#9842=ORIENTED_EDGE('',*,*,#7120,.T.);
#9843=ORIENTED_EDGE('',*,*,#7121,.T.);
#9844=ORIENTED_EDGE('',*,*,#7122,.T.);
#9845=ORIENTED_EDGE('',*,*,#7123,.T.);
#9846=ORIENTED_EDGE('',*,*,#7124,.T.);
#9847=ORIENTED_EDGE('',*,*,#7125,.T.);
#9848=ORIENTED_EDGE('',*,*,#7126,.T.);
#9849=ORIENTED_EDGE('',*,*,#7127,.T.);
#9850=ORIENTED_EDGE('',*,*,#7128,.T.);
#9851=ORIENTED_EDGE('',*,*,#7129,.T.);
#9852=ORIENTED_EDGE('',*,*,#7130,.T.);
#9853=ORIENTED_EDGE('',*,*,#7131,.T.);
#9854=ORIENTED_EDGE('',*,*,#7132,.T.);
#9855=ORIENTED_EDGE('',*,*,#7133,.T.);
#9856=ORIENTED_EDGE('',*,*,#7134,.T.);
#9857=ORIENTED_EDGE('',*,*,#7135,.T.);
#9858=ORIENTED_EDGE('',*,*,#7136,.T.);
#9859=ORIENTED_EDGE('',*,*,#7137,.T.);
#9860=ORIENTED_EDGE('',*,*,#7138,.T.);
#9861=ORIENTED_EDGE('',*,*,#7139,.T.);
#9862=ORIENTED_EDGE('',*,*,#7140,.T.);
#9863=ORIENTED_EDGE('',*,*,#7141,.T.);
#9864=ORIENTED_EDGE('',*,*,#7142,.T.);
#9865=ORIENTED_EDGE('',*,*,#7143,.T.);
#9866=ORIENTED_EDGE('',*,*,#7144,.T.);
#9867=ORIENTED_EDGE('',*,*,#7145,.T.);
#9868=ORIENTED_EDGE('',*,*,#7146,.T.);
#9869=ORIENTED_EDGE('',*,*,#7147,.T.);
#9870=ORIENTED_EDGE('',*,*,#7148,.T.);
#9871=ORIENTED_EDGE('',*,*,#7149,.T.);
#9872=ORIENTED_EDGE('',*,*,#7150,.T.);
#9873=ORIENTED_EDGE('',*,*,#7151,.T.);
#9874=ORIENTED_EDGE('',*,*,#7152,.T.);
#9875=ORIENTED_EDGE('',*,*,#7153,.T.);
#9876=ORIENTED_EDGE('',*,*,#7154,.T.);
#9877=ORIENTED_EDGE('',*,*,#7155,.T.);
#9878=ORIENTED_EDGE('',*,*,#7156,.T.);
#9879=ORIENTED_EDGE('',*,*,#7157,.T.);
#9880=ORIENTED_EDGE('',*,*,#7158,.T.);
#9881=ORIENTED_EDGE('',*,*,#7159,.T.);
#9882=ORIENTED_EDGE('',*,*,#7160,.T.);
#9883=ORIENTED_EDGE('',*,*,#7161,.T.);
#9884=ORIENTED_EDGE('',*,*,#7162,.T.);
#9885=ORIENTED_EDGE('',*,*,#7163,.T.);
#9886=ORIENTED_EDGE('',*,*,#7164,.T.);
#9887=ORIENTED_EDGE('',*,*,#7165,.T.);
#9888=ORIENTED_EDGE('',*,*,#7166,.T.);
#9889=ORIENTED_EDGE('',*,*,#7167,.T.);
#9890=ORIENTED_EDGE('',*,*,#7168,.T.);
#9891=ORIENTED_EDGE('',*,*,#7169,.T.);
#9892=ORIENTED_EDGE('',*,*,#7170,.T.);
#9893=ORIENTED_EDGE('',*,*,#7171,.T.);
#9894=ORIENTED_EDGE('',*,*,#7172,.T.);
#9895=ORIENTED_EDGE('',*,*,#7173,.T.);
#9896=ORIENTED_EDGE('',*,*,#7174,.T.);
#9897=ORIENTED_EDGE('',*,*,#7175,.T.);
#9898=ORIENTED_EDGE('',*,*,#7176,.T.);
#9899=ORIENTED_EDGE('',*,*,#7177,.T.);
#9900=ORIENTED_EDGE('',*,*,#7178,.T.);
#9901=ORIENTED_EDGE('',*,*,#7179,.T.);
#9902=ORIENTED_EDGE('',*,*,#7180,.T.);
#9903=ORIENTED_EDGE('',*,*,#7181,.T.);
#9904=ORIENTED_EDGE('',*,*,#7085,.T.);
#9905=ORIENTED_EDGE('',*,*,#7182,.T.);
#9906=ORIENTED_EDGE('',*,*,#7183,.T.);
#9907=ORIENTED_EDGE('',*,*,#7184,.T.);
#9908=ORIENTED_EDGE('',*,*,#7185,.T.);
#9909=ORIENTED_EDGE('',*,*,#7080,.F.);
#9910=ORIENTED_EDGE('',*,*,#7084,.F.);
#9911=ORIENTED_EDGE('',*,*,#7186,.F.);
#9912=ORIENTED_EDGE('',*,*,#7187,.F.);
#9913=ORIENTED_EDGE('',*,*,#7188,.F.);
#9914=ORIENTED_EDGE('',*,*,#7189,.F.);
#9915=ORIENTED_EDGE('',*,*,#7190,.F.);
#9916=ORIENTED_EDGE('',*,*,#7191,.F.);
#9917=ORIENTED_EDGE('',*,*,#7192,.F.);
#9918=ORIENTED_EDGE('',*,*,#7193,.F.);
#9919=ORIENTED_EDGE('',*,*,#7194,.F.);
#9920=ORIENTED_EDGE('',*,*,#7195,.F.);
#9921=ORIENTED_EDGE('',*,*,#7196,.F.);
#9922=ORIENTED_EDGE('',*,*,#7197,.F.);
#9923=ORIENTED_EDGE('',*,*,#7198,.F.);
#9924=ORIENTED_EDGE('',*,*,#7199,.F.);
#9925=ORIENTED_EDGE('',*,*,#7200,.F.);
#9926=ORIENTED_EDGE('',*,*,#7201,.F.);
#9927=ORIENTED_EDGE('',*,*,#7202,.F.);
#9928=ORIENTED_EDGE('',*,*,#7203,.F.);
#9929=ORIENTED_EDGE('',*,*,#7204,.F.);
#9930=ORIENTED_EDGE('',*,*,#7205,.F.);
#9931=ORIENTED_EDGE('',*,*,#7206,.F.);
#9932=ORIENTED_EDGE('',*,*,#7207,.F.);
#9933=ORIENTED_EDGE('',*,*,#7208,.F.);
#9934=ORIENTED_EDGE('',*,*,#7209,.F.);
#9935=ORIENTED_EDGE('',*,*,#7210,.F.);
#9936=ORIENTED_EDGE('',*,*,#7211,.F.);
#9937=ORIENTED_EDGE('',*,*,#7212,.F.);
#9938=ORIENTED_EDGE('',*,*,#7213,.F.);
#9939=ORIENTED_EDGE('',*,*,#7214,.F.);
#9940=ORIENTED_EDGE('',*,*,#7215,.F.);
#9941=ORIENTED_EDGE('',*,*,#7216,.F.);
#9942=ORIENTED_EDGE('',*,*,#7217,.F.);
#9943=ORIENTED_EDGE('',*,*,#7218,.F.);
#9944=ORIENTED_EDGE('',*,*,#7219,.F.);
#9945=ORIENTED_EDGE('',*,*,#7220,.F.);
#9946=ORIENTED_EDGE('',*,*,#7221,.F.);
#9947=ORIENTED_EDGE('',*,*,#7222,.F.);
#9948=ORIENTED_EDGE('',*,*,#7223,.F.);
#9949=ORIENTED_EDGE('',*,*,#7224,.F.);
#9950=ORIENTED_EDGE('',*,*,#7225,.F.);
#9951=ORIENTED_EDGE('',*,*,#7226,.F.);
#9952=ORIENTED_EDGE('',*,*,#7227,.F.);
#9953=ORIENTED_EDGE('',*,*,#7228,.F.);
#9954=ORIENTED_EDGE('',*,*,#7229,.F.);
#9955=ORIENTED_EDGE('',*,*,#7230,.F.);
#9956=ORIENTED_EDGE('',*,*,#7231,.F.);
#9957=ORIENTED_EDGE('',*,*,#7232,.F.);
#9958=ORIENTED_EDGE('',*,*,#7233,.F.);
#9959=ORIENTED_EDGE('',*,*,#7234,.F.);
#9960=ORIENTED_EDGE('',*,*,#7235,.F.);
#9961=ORIENTED_EDGE('',*,*,#7236,.F.);
#9962=ORIENTED_EDGE('',*,*,#7237,.F.);
#9963=ORIENTED_EDGE('',*,*,#7238,.F.);
#9964=ORIENTED_EDGE('',*,*,#7239,.F.);
#9965=ORIENTED_EDGE('',*,*,#7240,.F.);
#9966=ORIENTED_EDGE('',*,*,#7241,.F.);
#9967=ORIENTED_EDGE('',*,*,#7242,.F.);
#9968=ORIENTED_EDGE('',*,*,#7243,.F.);
#9969=ORIENTED_EDGE('',*,*,#7244,.F.);
#9970=ORIENTED_EDGE('',*,*,#7245,.F.);
#9971=ORIENTED_EDGE('',*,*,#7246,.F.);
#9972=ORIENTED_EDGE('',*,*,#7247,.F.);
#9973=ORIENTED_EDGE('',*,*,#7248,.F.);
#9974=ORIENTED_EDGE('',*,*,#7249,.F.);
#9975=ORIENTED_EDGE('',*,*,#7250,.F.);
#9976=ORIENTED_EDGE('',*,*,#7251,.F.);
#9977=ORIENTED_EDGE('',*,*,#7252,.F.);
#9978=ORIENTED_EDGE('',*,*,#7253,.F.);
#9979=ORIENTED_EDGE('',*,*,#7254,.F.);
#9980=ORIENTED_EDGE('',*,*,#7255,.F.);
#9981=ORIENTED_EDGE('',*,*,#7256,.F.);
#9982=ORIENTED_EDGE('',*,*,#7257,.F.);
#9983=ORIENTED_EDGE('',*,*,#7258,.F.);
#9984=ORIENTED_EDGE('',*,*,#7259,.F.);
#9985=ORIENTED_EDGE('',*,*,#7260,.F.);
#9986=ORIENTED_EDGE('',*,*,#7261,.F.);
#9987=ORIENTED_EDGE('',*,*,#7262,.F.);
#9988=ORIENTED_EDGE('',*,*,#7263,.F.);
#9989=ORIENTED_EDGE('',*,*,#7264,.F.);
#9990=ORIENTED_EDGE('',*,*,#7265,.F.);
#9991=ORIENTED_EDGE('',*,*,#7266,.F.);
#9992=ORIENTED_EDGE('',*,*,#7267,.F.);
#9993=ORIENTED_EDGE('',*,*,#7268,.F.);
#9994=ORIENTED_EDGE('',*,*,#7269,.F.);
#9995=ORIENTED_EDGE('',*,*,#7270,.F.);
#9996=ORIENTED_EDGE('',*,*,#7271,.F.);
#9997=ORIENTED_EDGE('',*,*,#7272,.F.);
#9998=ORIENTED_EDGE('',*,*,#7273,.F.);
#9999=ORIENTED_EDGE('',*,*,#7274,.F.);
#10000=ORIENTED_EDGE('',*,*,#7275,.F.);
#10001=ORIENTED_EDGE('',*,*,#7276,.F.);
#10002=ORIENTED_EDGE('',*,*,#7277,.F.);
#10003=ORIENTED_EDGE('',*,*,#7278,.F.);
#10004=ORIENTED_EDGE('',*,*,#7086,.F.);
#10005=ORIENTED_EDGE('',*,*,#7279,.T.);
#10006=ORIENTED_EDGE('',*,*,#7280,.T.);
#10007=ORIENTED_EDGE('',*,*,#7281,.T.);
#10008=ORIENTED_EDGE('',*,*,#7282,.T.);
#10009=ORIENTED_EDGE('',*,*,#7283,.T.);
#10010=ORIENTED_EDGE('',*,*,#7284,.T.);
#10011=ORIENTED_EDGE('',*,*,#7285,.T.);
#10012=ORIENTED_EDGE('',*,*,#7286,.T.);
#10013=ORIENTED_EDGE('',*,*,#7287,.T.);
#10014=ORIENTED_EDGE('',*,*,#7288,.T.);
#10015=ORIENTED_EDGE('',*,*,#7289,.T.);
#10016=ORIENTED_EDGE('',*,*,#7290,.T.);
#10017=ORIENTED_EDGE('',*,*,#7291,.T.);
#10018=ORIENTED_EDGE('',*,*,#7292,.T.);
#10019=ORIENTED_EDGE('',*,*,#7293,.T.);
#10020=ORIENTED_EDGE('',*,*,#7294,.T.);
#10021=ORIENTED_EDGE('',*,*,#7295,.T.);
#10022=ORIENTED_EDGE('',*,*,#7296,.T.);
#10023=ORIENTED_EDGE('',*,*,#7297,.T.);
#10024=ORIENTED_EDGE('',*,*,#7298,.T.);
#10025=ORIENTED_EDGE('',*,*,#7299,.T.);
#10026=ORIENTED_EDGE('',*,*,#7300,.T.);
#10027=ORIENTED_EDGE('',*,*,#7301,.T.);
#10028=ORIENTED_EDGE('',*,*,#7302,.T.);
#10029=ORIENTED_EDGE('',*,*,#7303,.T.);
#10030=ORIENTED_EDGE('',*,*,#7304,.T.);
#10031=ORIENTED_EDGE('',*,*,#7305,.T.);
#10032=ORIENTED_EDGE('',*,*,#7306,.T.);
#10033=ORIENTED_EDGE('',*,*,#7307,.T.);
#10034=ORIENTED_EDGE('',*,*,#7308,.T.);
#10035=ORIENTED_EDGE('',*,*,#7309,.T.);
#10036=ORIENTED_EDGE('',*,*,#7310,.T.);
#10037=ORIENTED_EDGE('',*,*,#7311,.T.);
#10038=ORIENTED_EDGE('',*,*,#7312,.T.);
#10039=ORIENTED_EDGE('',*,*,#7313,.T.);
#10040=ORIENTED_EDGE('',*,*,#7314,.T.);
#10041=ORIENTED_EDGE('',*,*,#7315,.T.);
#10042=ORIENTED_EDGE('',*,*,#7316,.T.);
#10043=ORIENTED_EDGE('',*,*,#7317,.T.);
#10044=ORIENTED_EDGE('',*,*,#7318,.T.);
#10045=ORIENTED_EDGE('',*,*,#7319,.T.);
#10046=ORIENTED_EDGE('',*,*,#7320,.T.);
#10047=ORIENTED_EDGE('',*,*,#7321,.T.);
#10048=ORIENTED_EDGE('',*,*,#7322,.T.);
#10049=ORIENTED_EDGE('',*,*,#7323,.T.);
#10050=ORIENTED_EDGE('',*,*,#7324,.T.);
#10051=ORIENTED_EDGE('',*,*,#7325,.T.);
#10052=ORIENTED_EDGE('',*,*,#7326,.T.);
#10053=ORIENTED_EDGE('',*,*,#7327,.T.);
#10054=ORIENTED_EDGE('',*,*,#7328,.T.);
#10055=ORIENTED_EDGE('',*,*,#7329,.T.);
#10056=ORIENTED_EDGE('',*,*,#7330,.T.);
#10057=ORIENTED_EDGE('',*,*,#7331,.T.);
#10058=ORIENTED_EDGE('',*,*,#7332,.T.);
#10059=ORIENTED_EDGE('',*,*,#7333,.T.);
#10060=ORIENTED_EDGE('',*,*,#7334,.T.);
#10061=ORIENTED_EDGE('',*,*,#7335,.T.);
#10062=ORIENTED_EDGE('',*,*,#7336,.T.);
#10063=ORIENTED_EDGE('',*,*,#7337,.T.);
#10064=ORIENTED_EDGE('',*,*,#7338,.T.);
#10065=ORIENTED_EDGE('',*,*,#7339,.T.);
#10066=ORIENTED_EDGE('',*,*,#7340,.T.);
#10067=ORIENTED_EDGE('',*,*,#7341,.T.);
#10068=ORIENTED_EDGE('',*,*,#7342,.T.);
#10069=ORIENTED_EDGE('',*,*,#7343,.T.);
#10070=ORIENTED_EDGE('',*,*,#7344,.T.);
#10071=ORIENTED_EDGE('',*,*,#7345,.T.);
#10072=ORIENTED_EDGE('',*,*,#7346,.T.);
#10073=ORIENTED_EDGE('',*,*,#7347,.T.);
#10074=ORIENTED_EDGE('',*,*,#7348,.T.);
#10075=ORIENTED_EDGE('',*,*,#7349,.T.);
#10076=ORIENTED_EDGE('',*,*,#7350,.T.);
#10077=ORIENTED_EDGE('',*,*,#7351,.T.);
#10078=ORIENTED_EDGE('',*,*,#7352,.T.);
#10079=ORIENTED_EDGE('',*,*,#7353,.T.);
#10080=ORIENTED_EDGE('',*,*,#7354,.T.);
#10081=ORIENTED_EDGE('',*,*,#7355,.T.);
#10082=ORIENTED_EDGE('',*,*,#7356,.T.);
#10083=ORIENTED_EDGE('',*,*,#7357,.T.);
#10084=ORIENTED_EDGE('',*,*,#7358,.T.);
#10085=ORIENTED_EDGE('',*,*,#7359,.T.);
#10086=ORIENTED_EDGE('',*,*,#7360,.T.);
#10087=ORIENTED_EDGE('',*,*,#7361,.T.);
#10088=ORIENTED_EDGE('',*,*,#7362,.T.);
#10089=ORIENTED_EDGE('',*,*,#7363,.T.);
#10090=ORIENTED_EDGE('',*,*,#7364,.T.);
#10091=ORIENTED_EDGE('',*,*,#7365,.T.);
#10092=ORIENTED_EDGE('',*,*,#7366,.T.);
#10093=ORIENTED_EDGE('',*,*,#7367,.T.);
#10094=ORIENTED_EDGE('',*,*,#7368,.T.);
#10095=ORIENTED_EDGE('',*,*,#7369,.T.);
#10096=ORIENTED_EDGE('',*,*,#7370,.T.);
#10097=ORIENTED_EDGE('',*,*,#7371,.T.);
#10098=ORIENTED_EDGE('',*,*,#7372,.T.);
#10099=ORIENTED_EDGE('',*,*,#7373,.T.);
#10100=ORIENTED_EDGE('',*,*,#7374,.T.);
#10101=ORIENTED_EDGE('',*,*,#7375,.T.);
#10102=ORIENTED_EDGE('',*,*,#7186,.T.);
#10103=ORIENTED_EDGE('',*,*,#7083,.F.);
#10104=ORIENTED_EDGE('',*,*,#7181,.F.);
#10105=ORIENTED_EDGE('',*,*,#7087,.T.);
#10106=ORIENTED_EDGE('',*,*,#7278,.T.);
#10107=ORIENTED_EDGE('',*,*,#7376,.F.);
#10108=ORIENTED_EDGE('',*,*,#7089,.F.);
#10109=ORIENTED_EDGE('',*,*,#7377,.T.);
#10110=ORIENTED_EDGE('',*,*,#7187,.T.);
#10111=ORIENTED_EDGE('',*,*,#7375,.F.);
#10112=ORIENTED_EDGE('',*,*,#7180,.F.);
#10113=ORIENTED_EDGE('',*,*,#7376,.T.);
#10114=ORIENTED_EDGE('',*,*,#7277,.T.);
#10115=ORIENTED_EDGE('',*,*,#7378,.F.);
#10116=ORIENTED_EDGE('',*,*,#7090,.F.);
#10117=ORIENTED_EDGE('',*,*,#7379,.T.);
#10118=ORIENTED_EDGE('',*,*,#7188,.T.);
#10119=ORIENTED_EDGE('',*,*,#7377,.F.);
#10120=ORIENTED_EDGE('',*,*,#7179,.F.);
#10121=ORIENTED_EDGE('',*,*,#7378,.T.);
#10122=ORIENTED_EDGE('',*,*,#7276,.T.);
#10123=ORIENTED_EDGE('',*,*,#7380,.F.);
#10124=ORIENTED_EDGE('',*,*,#7091,.F.);
#10125=ORIENTED_EDGE('',*,*,#7381,.T.);
#10126=ORIENTED_EDGE('',*,*,#7189,.T.);
#10127=ORIENTED_EDGE('',*,*,#7379,.F.);
#10128=ORIENTED_EDGE('',*,*,#7178,.F.);
#10129=ORIENTED_EDGE('',*,*,#7380,.T.);
#10130=ORIENTED_EDGE('',*,*,#7275,.T.);
#10131=ORIENTED_EDGE('',*,*,#7382,.F.);
#10132=ORIENTED_EDGE('',*,*,#7092,.F.);
#10133=ORIENTED_EDGE('',*,*,#7383,.T.);
#10134=ORIENTED_EDGE('',*,*,#7190,.T.);
#10135=ORIENTED_EDGE('',*,*,#7381,.F.);
#10136=ORIENTED_EDGE('',*,*,#7177,.F.);
#10137=ORIENTED_EDGE('',*,*,#7382,.T.);
#10138=ORIENTED_EDGE('',*,*,#7274,.T.);
#10139=ORIENTED_EDGE('',*,*,#7384,.F.);
#10140=ORIENTED_EDGE('',*,*,#7093,.F.);
#10141=ORIENTED_EDGE('',*,*,#7385,.T.);
#10142=ORIENTED_EDGE('',*,*,#7191,.T.);
#10143=ORIENTED_EDGE('',*,*,#7383,.F.);
#10144=ORIENTED_EDGE('',*,*,#7176,.F.);
#10145=ORIENTED_EDGE('',*,*,#7384,.T.);
#10146=ORIENTED_EDGE('',*,*,#7273,.T.);
#10147=ORIENTED_EDGE('',*,*,#7386,.F.);
#10148=ORIENTED_EDGE('',*,*,#7094,.F.);
#10149=ORIENTED_EDGE('',*,*,#7387,.T.);
#10150=ORIENTED_EDGE('',*,*,#7192,.T.);
#10151=ORIENTED_EDGE('',*,*,#7385,.F.);
#10152=ORIENTED_EDGE('',*,*,#7175,.F.);
#10153=ORIENTED_EDGE('',*,*,#7386,.T.);
#10154=ORIENTED_EDGE('',*,*,#7272,.T.);
#10155=ORIENTED_EDGE('',*,*,#7388,.F.);
#10156=ORIENTED_EDGE('',*,*,#7095,.F.);
#10157=ORIENTED_EDGE('',*,*,#7389,.T.);
#10158=ORIENTED_EDGE('',*,*,#7193,.T.);
#10159=ORIENTED_EDGE('',*,*,#7387,.F.);
#10160=ORIENTED_EDGE('',*,*,#7174,.F.);
#10161=ORIENTED_EDGE('',*,*,#7388,.T.);
#10162=ORIENTED_EDGE('',*,*,#7271,.T.);
#10163=ORIENTED_EDGE('',*,*,#7390,.F.);
#10164=ORIENTED_EDGE('',*,*,#7096,.F.);
#10165=ORIENTED_EDGE('',*,*,#7391,.T.);
#10166=ORIENTED_EDGE('',*,*,#7194,.T.);
#10167=ORIENTED_EDGE('',*,*,#7389,.F.);
#10168=ORIENTED_EDGE('',*,*,#7173,.F.);
#10169=ORIENTED_EDGE('',*,*,#7390,.T.);
#10170=ORIENTED_EDGE('',*,*,#7270,.T.);
#10171=ORIENTED_EDGE('',*,*,#7392,.F.);
#10172=ORIENTED_EDGE('',*,*,#7097,.F.);
#10173=ORIENTED_EDGE('',*,*,#7393,.T.);
#10174=ORIENTED_EDGE('',*,*,#7195,.T.);
#10175=ORIENTED_EDGE('',*,*,#7391,.F.);
#10176=ORIENTED_EDGE('',*,*,#7172,.F.);
#10177=ORIENTED_EDGE('',*,*,#7392,.T.);
#10178=ORIENTED_EDGE('',*,*,#7269,.T.);
#10179=ORIENTED_EDGE('',*,*,#7394,.F.);
#10180=ORIENTED_EDGE('',*,*,#7098,.F.);
#10181=ORIENTED_EDGE('',*,*,#7395,.T.);
#10182=ORIENTED_EDGE('',*,*,#7196,.T.);
#10183=ORIENTED_EDGE('',*,*,#7393,.F.);
#10184=ORIENTED_EDGE('',*,*,#7171,.F.);
#10185=ORIENTED_EDGE('',*,*,#7394,.T.);
#10186=ORIENTED_EDGE('',*,*,#7268,.T.);
#10187=ORIENTED_EDGE('',*,*,#7396,.F.);
#10188=ORIENTED_EDGE('',*,*,#7099,.F.);
#10189=ORIENTED_EDGE('',*,*,#7397,.T.);
#10190=ORIENTED_EDGE('',*,*,#7197,.T.);
#10191=ORIENTED_EDGE('',*,*,#7395,.F.);
#10192=ORIENTED_EDGE('',*,*,#7170,.F.);
#10193=ORIENTED_EDGE('',*,*,#7396,.T.);
#10194=ORIENTED_EDGE('',*,*,#7267,.T.);
#10195=ORIENTED_EDGE('',*,*,#7398,.F.);
#10196=ORIENTED_EDGE('',*,*,#7100,.F.);
#10197=ORIENTED_EDGE('',*,*,#7399,.T.);
#10198=ORIENTED_EDGE('',*,*,#7198,.T.);
#10199=ORIENTED_EDGE('',*,*,#7397,.F.);
#10200=ORIENTED_EDGE('',*,*,#7169,.F.);
#10201=ORIENTED_EDGE('',*,*,#7398,.T.);
#10202=ORIENTED_EDGE('',*,*,#7266,.T.);
#10203=ORIENTED_EDGE('',*,*,#7400,.F.);
#10204=ORIENTED_EDGE('',*,*,#7101,.F.);
#10205=ORIENTED_EDGE('',*,*,#7401,.T.);
#10206=ORIENTED_EDGE('',*,*,#7199,.T.);
#10207=ORIENTED_EDGE('',*,*,#7399,.F.);
#10208=ORIENTED_EDGE('',*,*,#7168,.F.);
#10209=ORIENTED_EDGE('',*,*,#7400,.T.);
#10210=ORIENTED_EDGE('',*,*,#7265,.T.);
#10211=ORIENTED_EDGE('',*,*,#7402,.F.);
#10212=ORIENTED_EDGE('',*,*,#7102,.F.);
#10213=ORIENTED_EDGE('',*,*,#7403,.T.);
#10214=ORIENTED_EDGE('',*,*,#7200,.T.);
#10215=ORIENTED_EDGE('',*,*,#7401,.F.);
#10216=ORIENTED_EDGE('',*,*,#7167,.F.);
#10217=ORIENTED_EDGE('',*,*,#7402,.T.);
#10218=ORIENTED_EDGE('',*,*,#7264,.T.);
#10219=ORIENTED_EDGE('',*,*,#7404,.F.);
#10220=ORIENTED_EDGE('',*,*,#7103,.F.);
#10221=ORIENTED_EDGE('',*,*,#7405,.T.);
#10222=ORIENTED_EDGE('',*,*,#7201,.T.);
#10223=ORIENTED_EDGE('',*,*,#7403,.F.);
#10224=ORIENTED_EDGE('',*,*,#7166,.F.);
#10225=ORIENTED_EDGE('',*,*,#7404,.T.);
#10226=ORIENTED_EDGE('',*,*,#7263,.T.);
#10227=ORIENTED_EDGE('',*,*,#7406,.F.);
#10228=ORIENTED_EDGE('',*,*,#7104,.F.);
#10229=ORIENTED_EDGE('',*,*,#7407,.T.);
#10230=ORIENTED_EDGE('',*,*,#7202,.T.);
#10231=ORIENTED_EDGE('',*,*,#7405,.F.);
#10232=ORIENTED_EDGE('',*,*,#7165,.F.);
#10233=ORIENTED_EDGE('',*,*,#7406,.T.);
#10234=ORIENTED_EDGE('',*,*,#7262,.T.);
#10235=ORIENTED_EDGE('',*,*,#7408,.F.);
#10236=ORIENTED_EDGE('',*,*,#7105,.F.);
#10237=ORIENTED_EDGE('',*,*,#7409,.T.);
#10238=ORIENTED_EDGE('',*,*,#7203,.T.);
#10239=ORIENTED_EDGE('',*,*,#7407,.F.);
#10240=ORIENTED_EDGE('',*,*,#7164,.F.);
#10241=ORIENTED_EDGE('',*,*,#7408,.T.);
#10242=ORIENTED_EDGE('',*,*,#7261,.T.);
#10243=ORIENTED_EDGE('',*,*,#7410,.F.);
#10244=ORIENTED_EDGE('',*,*,#7106,.F.);
#10245=ORIENTED_EDGE('',*,*,#7411,.T.);
#10246=ORIENTED_EDGE('',*,*,#7204,.T.);
#10247=ORIENTED_EDGE('',*,*,#7409,.F.);
#10248=ORIENTED_EDGE('',*,*,#7163,.F.);
#10249=ORIENTED_EDGE('',*,*,#7410,.T.);
#10250=ORIENTED_EDGE('',*,*,#7260,.T.);
#10251=ORIENTED_EDGE('',*,*,#7412,.F.);
#10252=ORIENTED_EDGE('',*,*,#7107,.F.);
#10253=ORIENTED_EDGE('',*,*,#7413,.T.);
#10254=ORIENTED_EDGE('',*,*,#7205,.T.);
#10255=ORIENTED_EDGE('',*,*,#7411,.F.);
#10256=ORIENTED_EDGE('',*,*,#7162,.F.);
#10257=ORIENTED_EDGE('',*,*,#7412,.T.);
#10258=ORIENTED_EDGE('',*,*,#7259,.T.);
#10259=ORIENTED_EDGE('',*,*,#7414,.F.);
#10260=ORIENTED_EDGE('',*,*,#7108,.F.);
#10261=ORIENTED_EDGE('',*,*,#7415,.T.);
#10262=ORIENTED_EDGE('',*,*,#7206,.T.);
#10263=ORIENTED_EDGE('',*,*,#7413,.F.);
#10264=ORIENTED_EDGE('',*,*,#7161,.F.);
#10265=ORIENTED_EDGE('',*,*,#7414,.T.);
#10266=ORIENTED_EDGE('',*,*,#7258,.T.);
#10267=ORIENTED_EDGE('',*,*,#7416,.F.);
#10268=ORIENTED_EDGE('',*,*,#7109,.F.);
#10269=ORIENTED_EDGE('',*,*,#7417,.T.);
#10270=ORIENTED_EDGE('',*,*,#7207,.T.);
#10271=ORIENTED_EDGE('',*,*,#7415,.F.);
#10272=ORIENTED_EDGE('',*,*,#7160,.F.);
#10273=ORIENTED_EDGE('',*,*,#7416,.T.);
#10274=ORIENTED_EDGE('',*,*,#7257,.T.);
#10275=ORIENTED_EDGE('',*,*,#7418,.F.);
#10276=ORIENTED_EDGE('',*,*,#7110,.F.);
#10277=ORIENTED_EDGE('',*,*,#7419,.T.);
#10278=ORIENTED_EDGE('',*,*,#7208,.T.);
#10279=ORIENTED_EDGE('',*,*,#7417,.F.);
#10280=ORIENTED_EDGE('',*,*,#7159,.F.);
#10281=ORIENTED_EDGE('',*,*,#7418,.T.);
#10282=ORIENTED_EDGE('',*,*,#7256,.T.);
#10283=ORIENTED_EDGE('',*,*,#7420,.F.);
#10284=ORIENTED_EDGE('',*,*,#7111,.F.);
#10285=ORIENTED_EDGE('',*,*,#7421,.T.);
#10286=ORIENTED_EDGE('',*,*,#7209,.T.);
#10287=ORIENTED_EDGE('',*,*,#7419,.F.);
#10288=ORIENTED_EDGE('',*,*,#7158,.F.);
#10289=ORIENTED_EDGE('',*,*,#7420,.T.);
#10290=ORIENTED_EDGE('',*,*,#7255,.T.);
#10291=ORIENTED_EDGE('',*,*,#7422,.F.);
#10292=ORIENTED_EDGE('',*,*,#7112,.F.);
#10293=ORIENTED_EDGE('',*,*,#7423,.T.);
#10294=ORIENTED_EDGE('',*,*,#7210,.T.);
#10295=ORIENTED_EDGE('',*,*,#7421,.F.);
#10296=ORIENTED_EDGE('',*,*,#7157,.F.);
#10297=ORIENTED_EDGE('',*,*,#7422,.T.);
#10298=ORIENTED_EDGE('',*,*,#7254,.T.);
#10299=ORIENTED_EDGE('',*,*,#7424,.F.);
#10300=ORIENTED_EDGE('',*,*,#7113,.F.);
#10301=ORIENTED_EDGE('',*,*,#7425,.T.);
#10302=ORIENTED_EDGE('',*,*,#7211,.T.);
#10303=ORIENTED_EDGE('',*,*,#7423,.F.);
#10304=ORIENTED_EDGE('',*,*,#7156,.F.);
#10305=ORIENTED_EDGE('',*,*,#7424,.T.);
#10306=ORIENTED_EDGE('',*,*,#7253,.T.);
#10307=ORIENTED_EDGE('',*,*,#7426,.F.);
#10308=ORIENTED_EDGE('',*,*,#7114,.F.);
#10309=ORIENTED_EDGE('',*,*,#7427,.T.);
#10310=ORIENTED_EDGE('',*,*,#7212,.T.);
#10311=ORIENTED_EDGE('',*,*,#7425,.F.);
#10312=ORIENTED_EDGE('',*,*,#7155,.F.);
#10313=ORIENTED_EDGE('',*,*,#7426,.T.);
#10314=ORIENTED_EDGE('',*,*,#7252,.T.);
#10315=ORIENTED_EDGE('',*,*,#7428,.F.);
#10316=ORIENTED_EDGE('',*,*,#7115,.F.);
#10317=ORIENTED_EDGE('',*,*,#7429,.T.);
#10318=ORIENTED_EDGE('',*,*,#7213,.T.);
#10319=ORIENTED_EDGE('',*,*,#7427,.F.);
#10320=ORIENTED_EDGE('',*,*,#7154,.F.);
#10321=ORIENTED_EDGE('',*,*,#7428,.T.);
#10322=ORIENTED_EDGE('',*,*,#7251,.T.);
#10323=ORIENTED_EDGE('',*,*,#7430,.F.);
#10324=ORIENTED_EDGE('',*,*,#7116,.F.);
#10325=ORIENTED_EDGE('',*,*,#7431,.T.);
#10326=ORIENTED_EDGE('',*,*,#7214,.T.);
#10327=ORIENTED_EDGE('',*,*,#7429,.F.);
#10328=ORIENTED_EDGE('',*,*,#7153,.F.);
#10329=ORIENTED_EDGE('',*,*,#7430,.T.);
#10330=ORIENTED_EDGE('',*,*,#7250,.T.);
#10331=ORIENTED_EDGE('',*,*,#7432,.F.);
#10332=ORIENTED_EDGE('',*,*,#7117,.F.);
#10333=ORIENTED_EDGE('',*,*,#7433,.T.);
#10334=ORIENTED_EDGE('',*,*,#7215,.T.);
#10335=ORIENTED_EDGE('',*,*,#7431,.F.);
#10336=ORIENTED_EDGE('',*,*,#7152,.F.);
#10337=ORIENTED_EDGE('',*,*,#7432,.T.);
#10338=ORIENTED_EDGE('',*,*,#7249,.T.);
#10339=ORIENTED_EDGE('',*,*,#7434,.F.);
#10340=ORIENTED_EDGE('',*,*,#7118,.F.);
#10341=ORIENTED_EDGE('',*,*,#7435,.T.);
#10342=ORIENTED_EDGE('',*,*,#7216,.T.);
#10343=ORIENTED_EDGE('',*,*,#7433,.F.);
#10344=ORIENTED_EDGE('',*,*,#7151,.F.);
#10345=ORIENTED_EDGE('',*,*,#7434,.T.);
#10346=ORIENTED_EDGE('',*,*,#7248,.T.);
#10347=ORIENTED_EDGE('',*,*,#7436,.F.);
#10348=ORIENTED_EDGE('',*,*,#7119,.F.);
#10349=ORIENTED_EDGE('',*,*,#7437,.T.);
#10350=ORIENTED_EDGE('',*,*,#7217,.T.);
#10351=ORIENTED_EDGE('',*,*,#7435,.F.);
#10352=ORIENTED_EDGE('',*,*,#7150,.F.);
#10353=ORIENTED_EDGE('',*,*,#7436,.T.);
#10354=ORIENTED_EDGE('',*,*,#7247,.T.);
#10355=ORIENTED_EDGE('',*,*,#7438,.F.);
#10356=ORIENTED_EDGE('',*,*,#7120,.F.);
#10357=ORIENTED_EDGE('',*,*,#7439,.T.);
#10358=ORIENTED_EDGE('',*,*,#7218,.T.);
#10359=ORIENTED_EDGE('',*,*,#7437,.F.);
#10360=ORIENTED_EDGE('',*,*,#7149,.F.);
#10361=ORIENTED_EDGE('',*,*,#7438,.T.);
#10362=ORIENTED_EDGE('',*,*,#7246,.T.);
#10363=ORIENTED_EDGE('',*,*,#7440,.F.);
#10364=ORIENTED_EDGE('',*,*,#7121,.F.);
#10365=ORIENTED_EDGE('',*,*,#7441,.T.);
#10366=ORIENTED_EDGE('',*,*,#7219,.T.);
#10367=ORIENTED_EDGE('',*,*,#7439,.F.);
#10368=ORIENTED_EDGE('',*,*,#7148,.F.);
#10369=ORIENTED_EDGE('',*,*,#7440,.T.);
#10370=ORIENTED_EDGE('',*,*,#7245,.T.);
#10371=ORIENTED_EDGE('',*,*,#7442,.F.);
#10372=ORIENTED_EDGE('',*,*,#7122,.F.);
#10373=ORIENTED_EDGE('',*,*,#7443,.T.);
#10374=ORIENTED_EDGE('',*,*,#7220,.T.);
#10375=ORIENTED_EDGE('',*,*,#7441,.F.);
#10376=ORIENTED_EDGE('',*,*,#7147,.F.);
#10377=ORIENTED_EDGE('',*,*,#7442,.T.);
#10378=ORIENTED_EDGE('',*,*,#7244,.T.);
#10379=ORIENTED_EDGE('',*,*,#7444,.F.);
#10380=ORIENTED_EDGE('',*,*,#7123,.F.);
#10381=ORIENTED_EDGE('',*,*,#7445,.T.);
#10382=ORIENTED_EDGE('',*,*,#7221,.T.);
#10383=ORIENTED_EDGE('',*,*,#7443,.F.);
#10384=ORIENTED_EDGE('',*,*,#7146,.F.);
#10385=ORIENTED_EDGE('',*,*,#7444,.T.);
#10386=ORIENTED_EDGE('',*,*,#7243,.T.);
#10387=ORIENTED_EDGE('',*,*,#7446,.F.);
#10388=ORIENTED_EDGE('',*,*,#7124,.F.);
#10389=ORIENTED_EDGE('',*,*,#7447,.T.);
#10390=ORIENTED_EDGE('',*,*,#7222,.T.);
#10391=ORIENTED_EDGE('',*,*,#7445,.F.);
#10392=ORIENTED_EDGE('',*,*,#7145,.F.);
#10393=ORIENTED_EDGE('',*,*,#7446,.T.);
#10394=ORIENTED_EDGE('',*,*,#7242,.T.);
#10395=ORIENTED_EDGE('',*,*,#7448,.F.);
#10396=ORIENTED_EDGE('',*,*,#7125,.F.);
#10397=ORIENTED_EDGE('',*,*,#7449,.T.);
#10398=ORIENTED_EDGE('',*,*,#7223,.T.);
#10399=ORIENTED_EDGE('',*,*,#7447,.F.);
#10400=ORIENTED_EDGE('',*,*,#7144,.F.);
#10401=ORIENTED_EDGE('',*,*,#7448,.T.);
#10402=ORIENTED_EDGE('',*,*,#7241,.T.);
#10403=ORIENTED_EDGE('',*,*,#7450,.F.);
#10404=ORIENTED_EDGE('',*,*,#7126,.F.);
#10405=ORIENTED_EDGE('',*,*,#7451,.T.);
#10406=ORIENTED_EDGE('',*,*,#7224,.T.);
#10407=ORIENTED_EDGE('',*,*,#7449,.F.);
#10408=ORIENTED_EDGE('',*,*,#7143,.F.);
#10409=ORIENTED_EDGE('',*,*,#7450,.T.);
#10410=ORIENTED_EDGE('',*,*,#7240,.T.);
#10411=ORIENTED_EDGE('',*,*,#7452,.F.);
#10412=ORIENTED_EDGE('',*,*,#7127,.F.);
#10413=ORIENTED_EDGE('',*,*,#7453,.T.);
#10414=ORIENTED_EDGE('',*,*,#7225,.T.);
#10415=ORIENTED_EDGE('',*,*,#7451,.F.);
#10416=ORIENTED_EDGE('',*,*,#7142,.F.);
#10417=ORIENTED_EDGE('',*,*,#7452,.T.);
#10418=ORIENTED_EDGE('',*,*,#7239,.T.);
#10419=ORIENTED_EDGE('',*,*,#7454,.F.);
#10420=ORIENTED_EDGE('',*,*,#7128,.F.);
#10421=ORIENTED_EDGE('',*,*,#7455,.T.);
#10422=ORIENTED_EDGE('',*,*,#7226,.T.);
#10423=ORIENTED_EDGE('',*,*,#7453,.F.);
#10424=ORIENTED_EDGE('',*,*,#7141,.F.);
#10425=ORIENTED_EDGE('',*,*,#7454,.T.);
#10426=ORIENTED_EDGE('',*,*,#7238,.T.);
#10427=ORIENTED_EDGE('',*,*,#7456,.F.);
#10428=ORIENTED_EDGE('',*,*,#7129,.F.);
#10429=ORIENTED_EDGE('',*,*,#7457,.T.);
#10430=ORIENTED_EDGE('',*,*,#7227,.T.);
#10431=ORIENTED_EDGE('',*,*,#7455,.F.);
#10432=ORIENTED_EDGE('',*,*,#7140,.F.);
#10433=ORIENTED_EDGE('',*,*,#7456,.T.);
#10434=ORIENTED_EDGE('',*,*,#7237,.T.);
#10435=ORIENTED_EDGE('',*,*,#7458,.F.);
#10436=ORIENTED_EDGE('',*,*,#7130,.F.);
#10437=ORIENTED_EDGE('',*,*,#7459,.T.);
#10438=ORIENTED_EDGE('',*,*,#7228,.T.);
#10439=ORIENTED_EDGE('',*,*,#7457,.F.);
#10440=ORIENTED_EDGE('',*,*,#7139,.F.);
#10441=ORIENTED_EDGE('',*,*,#7458,.T.);
#10442=ORIENTED_EDGE('',*,*,#7236,.T.);
#10443=ORIENTED_EDGE('',*,*,#7460,.F.);
#10444=ORIENTED_EDGE('',*,*,#7131,.F.);
#10445=ORIENTED_EDGE('',*,*,#7461,.T.);
#10446=ORIENTED_EDGE('',*,*,#7229,.T.);
#10447=ORIENTED_EDGE('',*,*,#7459,.F.);
#10448=ORIENTED_EDGE('',*,*,#7138,.F.);
#10449=ORIENTED_EDGE('',*,*,#7460,.T.);
#10450=ORIENTED_EDGE('',*,*,#7235,.T.);
#10451=ORIENTED_EDGE('',*,*,#7462,.F.);
#10452=ORIENTED_EDGE('',*,*,#7132,.F.);
#10453=ORIENTED_EDGE('',*,*,#7463,.T.);
#10454=ORIENTED_EDGE('',*,*,#7230,.T.);
#10455=ORIENTED_EDGE('',*,*,#7461,.F.);
#10456=ORIENTED_EDGE('',*,*,#7137,.F.);
#10457=ORIENTED_EDGE('',*,*,#7462,.T.);
#10458=ORIENTED_EDGE('',*,*,#7234,.T.);
#10459=ORIENTED_EDGE('',*,*,#7464,.F.);
#10460=ORIENTED_EDGE('',*,*,#7133,.F.);
#10461=ORIENTED_EDGE('',*,*,#7465,.T.);
#10462=ORIENTED_EDGE('',*,*,#7231,.T.);
#10463=ORIENTED_EDGE('',*,*,#7463,.F.);
#10464=ORIENTED_EDGE('',*,*,#7136,.F.);
#10465=ORIENTED_EDGE('',*,*,#7464,.T.);
#10466=ORIENTED_EDGE('',*,*,#7233,.T.);
#10467=ORIENTED_EDGE('',*,*,#7466,.F.);
#10468=ORIENTED_EDGE('',*,*,#7134,.F.);
#10469=ORIENTED_EDGE('',*,*,#7466,.T.);
#10470=ORIENTED_EDGE('',*,*,#7232,.T.);
#10471=ORIENTED_EDGE('',*,*,#7465,.F.);
#10472=ORIENTED_EDGE('',*,*,#7135,.F.);
#10473=ORIENTED_EDGE('',*,*,#7279,.F.);
#10474=ORIENTED_EDGE('',*,*,#7467,.T.);
#10475=ORIENTED_EDGE('',*,*,#7468,.T.);
#10476=ORIENTED_EDGE('',*,*,#7469,.F.);
#10477=ORIENTED_EDGE('',*,*,#7280,.F.);
#10478=ORIENTED_EDGE('',*,*,#7469,.T.);
#10479=ORIENTED_EDGE('',*,*,#7470,.T.);
#10480=ORIENTED_EDGE('',*,*,#7471,.F.);
#10481=ORIENTED_EDGE('',*,*,#7281,.F.);
#10482=ORIENTED_EDGE('',*,*,#7471,.T.);
#10483=ORIENTED_EDGE('',*,*,#7472,.T.);
#10484=ORIENTED_EDGE('',*,*,#7473,.F.);
#10485=ORIENTED_EDGE('',*,*,#7282,.F.);
#10486=ORIENTED_EDGE('',*,*,#7473,.T.);
#10487=ORIENTED_EDGE('',*,*,#7474,.T.);
#10488=ORIENTED_EDGE('',*,*,#7475,.F.);
#10489=ORIENTED_EDGE('',*,*,#7283,.F.);
#10490=ORIENTED_EDGE('',*,*,#7475,.T.);
#10491=ORIENTED_EDGE('',*,*,#7476,.T.);
#10492=ORIENTED_EDGE('',*,*,#7477,.F.);
#10493=ORIENTED_EDGE('',*,*,#7284,.F.);
#10494=ORIENTED_EDGE('',*,*,#7477,.T.);
#10495=ORIENTED_EDGE('',*,*,#7478,.T.);
#10496=ORIENTED_EDGE('',*,*,#7479,.F.);
#10497=ORIENTED_EDGE('',*,*,#7285,.F.);
#10498=ORIENTED_EDGE('',*,*,#7479,.T.);
#10499=ORIENTED_EDGE('',*,*,#7480,.T.);
#10500=ORIENTED_EDGE('',*,*,#7481,.F.);
#10501=ORIENTED_EDGE('',*,*,#7286,.F.);
#10502=ORIENTED_EDGE('',*,*,#7481,.T.);
#10503=ORIENTED_EDGE('',*,*,#7482,.T.);
#10504=ORIENTED_EDGE('',*,*,#7483,.F.);
#10505=ORIENTED_EDGE('',*,*,#7287,.F.);
#10506=ORIENTED_EDGE('',*,*,#7483,.T.);
#10507=ORIENTED_EDGE('',*,*,#7484,.T.);
#10508=ORIENTED_EDGE('',*,*,#7485,.F.);
#10509=ORIENTED_EDGE('',*,*,#7288,.F.);
#10510=ORIENTED_EDGE('',*,*,#7485,.T.);
#10511=ORIENTED_EDGE('',*,*,#7486,.T.);
#10512=ORIENTED_EDGE('',*,*,#7487,.F.);
#10513=ORIENTED_EDGE('',*,*,#7289,.F.);
#10514=ORIENTED_EDGE('',*,*,#7487,.T.);
#10515=ORIENTED_EDGE('',*,*,#7488,.T.);
#10516=ORIENTED_EDGE('',*,*,#7489,.F.);
#10517=ORIENTED_EDGE('',*,*,#7290,.F.);
#10518=ORIENTED_EDGE('',*,*,#7489,.T.);
#10519=ORIENTED_EDGE('',*,*,#7490,.T.);
#10520=ORIENTED_EDGE('',*,*,#7491,.F.);
#10521=ORIENTED_EDGE('',*,*,#7291,.F.);
#10522=ORIENTED_EDGE('',*,*,#7491,.T.);
#10523=ORIENTED_EDGE('',*,*,#7492,.T.);
#10524=ORIENTED_EDGE('',*,*,#7493,.F.);
#10525=ORIENTED_EDGE('',*,*,#7292,.F.);
#10526=ORIENTED_EDGE('',*,*,#7493,.T.);
#10527=ORIENTED_EDGE('',*,*,#7494,.T.);
#10528=ORIENTED_EDGE('',*,*,#7495,.F.);
#10529=ORIENTED_EDGE('',*,*,#7293,.F.);
#10530=ORIENTED_EDGE('',*,*,#7495,.T.);
#10531=ORIENTED_EDGE('',*,*,#7496,.T.);
#10532=ORIENTED_EDGE('',*,*,#7497,.F.);
#10533=ORIENTED_EDGE('',*,*,#7294,.F.);
#10534=ORIENTED_EDGE('',*,*,#7497,.T.);
#10535=ORIENTED_EDGE('',*,*,#7498,.T.);
#10536=ORIENTED_EDGE('',*,*,#7499,.F.);
#10537=ORIENTED_EDGE('',*,*,#7295,.F.);
#10538=ORIENTED_EDGE('',*,*,#7499,.T.);
#10539=ORIENTED_EDGE('',*,*,#7500,.T.);
#10540=ORIENTED_EDGE('',*,*,#7501,.F.);
#10541=ORIENTED_EDGE('',*,*,#7296,.F.);
#10542=ORIENTED_EDGE('',*,*,#7501,.T.);
#10543=ORIENTED_EDGE('',*,*,#7502,.T.);
#10544=ORIENTED_EDGE('',*,*,#7503,.F.);
#10545=ORIENTED_EDGE('',*,*,#7297,.F.);
#10546=ORIENTED_EDGE('',*,*,#7503,.T.);
#10547=ORIENTED_EDGE('',*,*,#7504,.T.);
#10548=ORIENTED_EDGE('',*,*,#7505,.F.);
#10549=ORIENTED_EDGE('',*,*,#7298,.F.);
#10550=ORIENTED_EDGE('',*,*,#7505,.T.);
#10551=ORIENTED_EDGE('',*,*,#7506,.T.);
#10552=ORIENTED_EDGE('',*,*,#7507,.F.);
#10553=ORIENTED_EDGE('',*,*,#7299,.F.);
#10554=ORIENTED_EDGE('',*,*,#7507,.T.);
#10555=ORIENTED_EDGE('',*,*,#7508,.T.);
#10556=ORIENTED_EDGE('',*,*,#7509,.F.);
#10557=ORIENTED_EDGE('',*,*,#7300,.F.);
#10558=ORIENTED_EDGE('',*,*,#7509,.T.);
#10559=ORIENTED_EDGE('',*,*,#7510,.T.);
#10560=ORIENTED_EDGE('',*,*,#7511,.F.);
#10561=ORIENTED_EDGE('',*,*,#7301,.F.);
#10562=ORIENTED_EDGE('',*,*,#7511,.T.);
#10563=ORIENTED_EDGE('',*,*,#7512,.T.);
#10564=ORIENTED_EDGE('',*,*,#7513,.F.);
#10565=ORIENTED_EDGE('',*,*,#7302,.F.);
#10566=ORIENTED_EDGE('',*,*,#7513,.T.);
#10567=ORIENTED_EDGE('',*,*,#7514,.T.);
#10568=ORIENTED_EDGE('',*,*,#7515,.F.);
#10569=ORIENTED_EDGE('',*,*,#7303,.F.);
#10570=ORIENTED_EDGE('',*,*,#7515,.T.);
#10571=ORIENTED_EDGE('',*,*,#7516,.T.);
#10572=ORIENTED_EDGE('',*,*,#7517,.F.);
#10573=ORIENTED_EDGE('',*,*,#7304,.F.);
#10574=ORIENTED_EDGE('',*,*,#7517,.T.);
#10575=ORIENTED_EDGE('',*,*,#7518,.T.);
#10576=ORIENTED_EDGE('',*,*,#7519,.F.);
#10577=ORIENTED_EDGE('',*,*,#7305,.F.);
#10578=ORIENTED_EDGE('',*,*,#7519,.T.);
#10579=ORIENTED_EDGE('',*,*,#7520,.T.);
#10580=ORIENTED_EDGE('',*,*,#7521,.F.);
#10581=ORIENTED_EDGE('',*,*,#7306,.F.);
#10582=ORIENTED_EDGE('',*,*,#7521,.T.);
#10583=ORIENTED_EDGE('',*,*,#7522,.T.);
#10584=ORIENTED_EDGE('',*,*,#7523,.F.);
#10585=ORIENTED_EDGE('',*,*,#7307,.F.);
#10586=ORIENTED_EDGE('',*,*,#7523,.T.);
#10587=ORIENTED_EDGE('',*,*,#7524,.T.);
#10588=ORIENTED_EDGE('',*,*,#7525,.F.);
#10589=ORIENTED_EDGE('',*,*,#7308,.F.);
#10590=ORIENTED_EDGE('',*,*,#7525,.T.);
#10591=ORIENTED_EDGE('',*,*,#7526,.T.);
#10592=ORIENTED_EDGE('',*,*,#7527,.F.);
#10593=ORIENTED_EDGE('',*,*,#7309,.F.);
#10594=ORIENTED_EDGE('',*,*,#7527,.T.);
#10595=ORIENTED_EDGE('',*,*,#7528,.T.);
#10596=ORIENTED_EDGE('',*,*,#7529,.F.);
#10597=ORIENTED_EDGE('',*,*,#7310,.F.);
#10598=ORIENTED_EDGE('',*,*,#7529,.T.);
#10599=ORIENTED_EDGE('',*,*,#7530,.T.);
#10600=ORIENTED_EDGE('',*,*,#7531,.F.);
#10601=ORIENTED_EDGE('',*,*,#7311,.F.);
#10602=ORIENTED_EDGE('',*,*,#7531,.T.);
#10603=ORIENTED_EDGE('',*,*,#7532,.T.);
#10604=ORIENTED_EDGE('',*,*,#7533,.F.);
#10605=ORIENTED_EDGE('',*,*,#7312,.F.);
#10606=ORIENTED_EDGE('',*,*,#7533,.T.);
#10607=ORIENTED_EDGE('',*,*,#7534,.T.);
#10608=ORIENTED_EDGE('',*,*,#7535,.F.);
#10609=ORIENTED_EDGE('',*,*,#7313,.F.);
#10610=ORIENTED_EDGE('',*,*,#7535,.T.);
#10611=ORIENTED_EDGE('',*,*,#7536,.T.);
#10612=ORIENTED_EDGE('',*,*,#7537,.F.);
#10613=ORIENTED_EDGE('',*,*,#7314,.F.);
#10614=ORIENTED_EDGE('',*,*,#7537,.T.);
#10615=ORIENTED_EDGE('',*,*,#7538,.T.);
#10616=ORIENTED_EDGE('',*,*,#7539,.F.);
#10617=ORIENTED_EDGE('',*,*,#7315,.F.);
#10618=ORIENTED_EDGE('',*,*,#7539,.T.);
#10619=ORIENTED_EDGE('',*,*,#7540,.T.);
#10620=ORIENTED_EDGE('',*,*,#7541,.F.);
#10621=ORIENTED_EDGE('',*,*,#7316,.F.);
#10622=ORIENTED_EDGE('',*,*,#7541,.T.);
#10623=ORIENTED_EDGE('',*,*,#7542,.T.);
#10624=ORIENTED_EDGE('',*,*,#7543,.F.);
#10625=ORIENTED_EDGE('',*,*,#7317,.F.);
#10626=ORIENTED_EDGE('',*,*,#7543,.T.);
#10627=ORIENTED_EDGE('',*,*,#7544,.T.);
#10628=ORIENTED_EDGE('',*,*,#7545,.F.);
#10629=ORIENTED_EDGE('',*,*,#7318,.F.);
#10630=ORIENTED_EDGE('',*,*,#7545,.T.);
#10631=ORIENTED_EDGE('',*,*,#7546,.T.);
#10632=ORIENTED_EDGE('',*,*,#7547,.F.);
#10633=ORIENTED_EDGE('',*,*,#7319,.F.);
#10634=ORIENTED_EDGE('',*,*,#7547,.T.);
#10635=ORIENTED_EDGE('',*,*,#7548,.T.);
#10636=ORIENTED_EDGE('',*,*,#7549,.F.);
#10637=ORIENTED_EDGE('',*,*,#7320,.F.);
#10638=ORIENTED_EDGE('',*,*,#7549,.T.);
#10639=ORIENTED_EDGE('',*,*,#7550,.T.);
#10640=ORIENTED_EDGE('',*,*,#7551,.F.);
#10641=ORIENTED_EDGE('',*,*,#7321,.F.);
#10642=ORIENTED_EDGE('',*,*,#7551,.T.);
#10643=ORIENTED_EDGE('',*,*,#7552,.T.);
#10644=ORIENTED_EDGE('',*,*,#7553,.F.);
#10645=ORIENTED_EDGE('',*,*,#7322,.F.);
#10646=ORIENTED_EDGE('',*,*,#7553,.T.);
#10647=ORIENTED_EDGE('',*,*,#7554,.T.);
#10648=ORIENTED_EDGE('',*,*,#7555,.F.);
#10649=ORIENTED_EDGE('',*,*,#7323,.F.);
#10650=ORIENTED_EDGE('',*,*,#7555,.T.);
#10651=ORIENTED_EDGE('',*,*,#7556,.T.);
#10652=ORIENTED_EDGE('',*,*,#7557,.F.);
#10653=ORIENTED_EDGE('',*,*,#7324,.F.);
#10654=ORIENTED_EDGE('',*,*,#7557,.T.);
#10655=ORIENTED_EDGE('',*,*,#7558,.T.);
#10656=ORIENTED_EDGE('',*,*,#7559,.F.);
#10657=ORIENTED_EDGE('',*,*,#7325,.F.);
#10658=ORIENTED_EDGE('',*,*,#7559,.T.);
#10659=ORIENTED_EDGE('',*,*,#7560,.T.);
#10660=ORIENTED_EDGE('',*,*,#7561,.F.);
#10661=ORIENTED_EDGE('',*,*,#7326,.F.);
#10662=ORIENTED_EDGE('',*,*,#7561,.T.);
#10663=ORIENTED_EDGE('',*,*,#7562,.T.);
#10664=ORIENTED_EDGE('',*,*,#7563,.F.);
#10665=ORIENTED_EDGE('',*,*,#7327,.F.);
#10666=ORIENTED_EDGE('',*,*,#7563,.T.);
#10667=ORIENTED_EDGE('',*,*,#7564,.T.);
#10668=ORIENTED_EDGE('',*,*,#7565,.F.);
#10669=ORIENTED_EDGE('',*,*,#7328,.F.);
#10670=ORIENTED_EDGE('',*,*,#7565,.T.);
#10671=ORIENTED_EDGE('',*,*,#7566,.T.);
#10672=ORIENTED_EDGE('',*,*,#7567,.F.);
#10673=ORIENTED_EDGE('',*,*,#7329,.F.);
#10674=ORIENTED_EDGE('',*,*,#7567,.T.);
#10675=ORIENTED_EDGE('',*,*,#7568,.T.);
#10676=ORIENTED_EDGE('',*,*,#7569,.F.);
#10677=ORIENTED_EDGE('',*,*,#7330,.F.);
#10678=ORIENTED_EDGE('',*,*,#7569,.T.);
#10679=ORIENTED_EDGE('',*,*,#7570,.T.);
#10680=ORIENTED_EDGE('',*,*,#7571,.F.);
#10681=ORIENTED_EDGE('',*,*,#7331,.F.);
#10682=ORIENTED_EDGE('',*,*,#7571,.T.);
#10683=ORIENTED_EDGE('',*,*,#7572,.T.);
#10684=ORIENTED_EDGE('',*,*,#7573,.F.);
#10685=ORIENTED_EDGE('',*,*,#7332,.F.);
#10686=ORIENTED_EDGE('',*,*,#7573,.T.);
#10687=ORIENTED_EDGE('',*,*,#7574,.T.);
#10688=ORIENTED_EDGE('',*,*,#7575,.F.);
#10689=ORIENTED_EDGE('',*,*,#7333,.F.);
#10690=ORIENTED_EDGE('',*,*,#7575,.T.);
#10691=ORIENTED_EDGE('',*,*,#7576,.T.);
#10692=ORIENTED_EDGE('',*,*,#7577,.F.);
#10693=ORIENTED_EDGE('',*,*,#7334,.F.);
#10694=ORIENTED_EDGE('',*,*,#7577,.T.);
#10695=ORIENTED_EDGE('',*,*,#7578,.T.);
#10696=ORIENTED_EDGE('',*,*,#7579,.F.);
#10697=ORIENTED_EDGE('',*,*,#7335,.F.);
#10698=ORIENTED_EDGE('',*,*,#7579,.T.);
#10699=ORIENTED_EDGE('',*,*,#7580,.T.);
#10700=ORIENTED_EDGE('',*,*,#7581,.F.);
#10701=ORIENTED_EDGE('',*,*,#7336,.F.);
#10702=ORIENTED_EDGE('',*,*,#7581,.T.);
#10703=ORIENTED_EDGE('',*,*,#7582,.T.);
#10704=ORIENTED_EDGE('',*,*,#7583,.F.);
#10705=ORIENTED_EDGE('',*,*,#7337,.F.);
#10706=ORIENTED_EDGE('',*,*,#7583,.T.);
#10707=ORIENTED_EDGE('',*,*,#7584,.T.);
#10708=ORIENTED_EDGE('',*,*,#7585,.F.);
#10709=ORIENTED_EDGE('',*,*,#7338,.F.);
#10710=ORIENTED_EDGE('',*,*,#7585,.T.);
#10711=ORIENTED_EDGE('',*,*,#7586,.T.);
#10712=ORIENTED_EDGE('',*,*,#7587,.F.);
#10713=ORIENTED_EDGE('',*,*,#7339,.F.);
#10714=ORIENTED_EDGE('',*,*,#7587,.T.);
#10715=ORIENTED_EDGE('',*,*,#7588,.T.);
#10716=ORIENTED_EDGE('',*,*,#7589,.F.);
#10717=ORIENTED_EDGE('',*,*,#7340,.F.);
#10718=ORIENTED_EDGE('',*,*,#7589,.T.);
#10719=ORIENTED_EDGE('',*,*,#7590,.T.);
#10720=ORIENTED_EDGE('',*,*,#7591,.F.);
#10721=ORIENTED_EDGE('',*,*,#7341,.F.);
#10722=ORIENTED_EDGE('',*,*,#7591,.T.);
#10723=ORIENTED_EDGE('',*,*,#7592,.T.);
#10724=ORIENTED_EDGE('',*,*,#7593,.F.);
#10725=ORIENTED_EDGE('',*,*,#7342,.F.);
#10726=ORIENTED_EDGE('',*,*,#7593,.T.);
#10727=ORIENTED_EDGE('',*,*,#7594,.T.);
#10728=ORIENTED_EDGE('',*,*,#7595,.F.);
#10729=ORIENTED_EDGE('',*,*,#7343,.F.);
#10730=ORIENTED_EDGE('',*,*,#7595,.T.);
#10731=ORIENTED_EDGE('',*,*,#7596,.T.);
#10732=ORIENTED_EDGE('',*,*,#7597,.F.);
#10733=ORIENTED_EDGE('',*,*,#7344,.F.);
#10734=ORIENTED_EDGE('',*,*,#7597,.T.);
#10735=ORIENTED_EDGE('',*,*,#7598,.T.);
#10736=ORIENTED_EDGE('',*,*,#7599,.F.);
#10737=ORIENTED_EDGE('',*,*,#7345,.F.);
#10738=ORIENTED_EDGE('',*,*,#7599,.T.);
#10739=ORIENTED_EDGE('',*,*,#7600,.T.);
#10740=ORIENTED_EDGE('',*,*,#7601,.F.);
#10741=ORIENTED_EDGE('',*,*,#7346,.F.);
#10742=ORIENTED_EDGE('',*,*,#7601,.T.);
#10743=ORIENTED_EDGE('',*,*,#7602,.T.);
#10744=ORIENTED_EDGE('',*,*,#7603,.F.);
#10745=ORIENTED_EDGE('',*,*,#7347,.F.);
#10746=ORIENTED_EDGE('',*,*,#7603,.T.);
#10747=ORIENTED_EDGE('',*,*,#7604,.T.);
#10748=ORIENTED_EDGE('',*,*,#7605,.F.);
#10749=ORIENTED_EDGE('',*,*,#7348,.F.);
#10750=ORIENTED_EDGE('',*,*,#7605,.T.);
#10751=ORIENTED_EDGE('',*,*,#7606,.T.);
#10752=ORIENTED_EDGE('',*,*,#7607,.F.);
#10753=ORIENTED_EDGE('',*,*,#7349,.F.);
#10754=ORIENTED_EDGE('',*,*,#7607,.T.);
#10755=ORIENTED_EDGE('',*,*,#7608,.T.);
#10756=ORIENTED_EDGE('',*,*,#7609,.F.);
#10757=ORIENTED_EDGE('',*,*,#7350,.F.);
#10758=ORIENTED_EDGE('',*,*,#7609,.T.);
#10759=ORIENTED_EDGE('',*,*,#7610,.T.);
#10760=ORIENTED_EDGE('',*,*,#7611,.F.);
#10761=ORIENTED_EDGE('',*,*,#7351,.F.);
#10762=ORIENTED_EDGE('',*,*,#7611,.T.);
#10763=ORIENTED_EDGE('',*,*,#7612,.T.);
#10764=ORIENTED_EDGE('',*,*,#7613,.F.);
#10765=ORIENTED_EDGE('',*,*,#7352,.F.);
#10766=ORIENTED_EDGE('',*,*,#7613,.T.);
#10767=ORIENTED_EDGE('',*,*,#7614,.T.);
#10768=ORIENTED_EDGE('',*,*,#7615,.F.);
#10769=ORIENTED_EDGE('',*,*,#7353,.F.);
#10770=ORIENTED_EDGE('',*,*,#7615,.T.);
#10771=ORIENTED_EDGE('',*,*,#7616,.T.);
#10772=ORIENTED_EDGE('',*,*,#7617,.F.);
#10773=ORIENTED_EDGE('',*,*,#7354,.F.);
#10774=ORIENTED_EDGE('',*,*,#7617,.T.);
#10775=ORIENTED_EDGE('',*,*,#7618,.T.);
#10776=ORIENTED_EDGE('',*,*,#7619,.F.);
#10777=ORIENTED_EDGE('',*,*,#7355,.F.);
#10778=ORIENTED_EDGE('',*,*,#7619,.T.);
#10779=ORIENTED_EDGE('',*,*,#7620,.T.);
#10780=ORIENTED_EDGE('',*,*,#7621,.F.);
#10781=ORIENTED_EDGE('',*,*,#7356,.F.);
#10782=ORIENTED_EDGE('',*,*,#7621,.T.);
#10783=ORIENTED_EDGE('',*,*,#7622,.T.);
#10784=ORIENTED_EDGE('',*,*,#7623,.F.);
#10785=ORIENTED_EDGE('',*,*,#7357,.F.);
#10786=ORIENTED_EDGE('',*,*,#7623,.T.);
#10787=ORIENTED_EDGE('',*,*,#7624,.T.);
#10788=ORIENTED_EDGE('',*,*,#7625,.F.);
#10789=ORIENTED_EDGE('',*,*,#7358,.F.);
#10790=ORIENTED_EDGE('',*,*,#7625,.T.);
#10791=ORIENTED_EDGE('',*,*,#7626,.T.);
#10792=ORIENTED_EDGE('',*,*,#7627,.F.);
#10793=ORIENTED_EDGE('',*,*,#7359,.F.);
#10794=ORIENTED_EDGE('',*,*,#7627,.T.);
#10795=ORIENTED_EDGE('',*,*,#7628,.T.);
#10796=ORIENTED_EDGE('',*,*,#7629,.F.);
#10797=ORIENTED_EDGE('',*,*,#7360,.F.);
#10798=ORIENTED_EDGE('',*,*,#7629,.T.);
#10799=ORIENTED_EDGE('',*,*,#7630,.T.);
#10800=ORIENTED_EDGE('',*,*,#7631,.F.);
#10801=ORIENTED_EDGE('',*,*,#7361,.F.);
#10802=ORIENTED_EDGE('',*,*,#7631,.T.);
#10803=ORIENTED_EDGE('',*,*,#7632,.T.);
#10804=ORIENTED_EDGE('',*,*,#7633,.F.);
#10805=ORIENTED_EDGE('',*,*,#7362,.F.);
#10806=ORIENTED_EDGE('',*,*,#7633,.T.);
#10807=ORIENTED_EDGE('',*,*,#7634,.T.);
#10808=ORIENTED_EDGE('',*,*,#7635,.F.);
#10809=ORIENTED_EDGE('',*,*,#7363,.F.);
#10810=ORIENTED_EDGE('',*,*,#7635,.T.);
#10811=ORIENTED_EDGE('',*,*,#7636,.T.);
#10812=ORIENTED_EDGE('',*,*,#7637,.F.);
#10813=ORIENTED_EDGE('',*,*,#7364,.F.);
#10814=ORIENTED_EDGE('',*,*,#7637,.T.);
#10815=ORIENTED_EDGE('',*,*,#7638,.T.);
#10816=ORIENTED_EDGE('',*,*,#7639,.F.);
#10817=ORIENTED_EDGE('',*,*,#7365,.F.);
#10818=ORIENTED_EDGE('',*,*,#7639,.T.);
#10819=ORIENTED_EDGE('',*,*,#7640,.T.);
#10820=ORIENTED_EDGE('',*,*,#7641,.F.);
#10821=ORIENTED_EDGE('',*,*,#7366,.F.);
#10822=ORIENTED_EDGE('',*,*,#7641,.T.);
#10823=ORIENTED_EDGE('',*,*,#7642,.T.);
#10824=ORIENTED_EDGE('',*,*,#7643,.F.);
#10825=ORIENTED_EDGE('',*,*,#7367,.F.);
#10826=ORIENTED_EDGE('',*,*,#7643,.T.);
#10827=ORIENTED_EDGE('',*,*,#7644,.T.);
#10828=ORIENTED_EDGE('',*,*,#7645,.F.);
#10829=ORIENTED_EDGE('',*,*,#7368,.F.);
#10830=ORIENTED_EDGE('',*,*,#7645,.T.);
#10831=ORIENTED_EDGE('',*,*,#7646,.T.);
#10832=ORIENTED_EDGE('',*,*,#7647,.F.);
#10833=ORIENTED_EDGE('',*,*,#7369,.F.);
#10834=ORIENTED_EDGE('',*,*,#7647,.T.);
#10835=ORIENTED_EDGE('',*,*,#7648,.T.);
#10836=ORIENTED_EDGE('',*,*,#7649,.F.);
#10837=ORIENTED_EDGE('',*,*,#7370,.F.);
#10838=ORIENTED_EDGE('',*,*,#7649,.T.);
#10839=ORIENTED_EDGE('',*,*,#7650,.T.);
#10840=ORIENTED_EDGE('',*,*,#7651,.F.);
#10841=ORIENTED_EDGE('',*,*,#7371,.F.);
#10842=ORIENTED_EDGE('',*,*,#7651,.T.);
#10843=ORIENTED_EDGE('',*,*,#7652,.T.);
#10844=ORIENTED_EDGE('',*,*,#7653,.F.);
#10845=ORIENTED_EDGE('',*,*,#7372,.F.);
#10846=ORIENTED_EDGE('',*,*,#7653,.T.);
#10847=ORIENTED_EDGE('',*,*,#7654,.T.);
#10848=ORIENTED_EDGE('',*,*,#7655,.F.);
#10849=ORIENTED_EDGE('',*,*,#7373,.F.);
#10850=ORIENTED_EDGE('',*,*,#7655,.T.);
#10851=ORIENTED_EDGE('',*,*,#7656,.T.);
#10852=ORIENTED_EDGE('',*,*,#7657,.F.);
#10853=ORIENTED_EDGE('',*,*,#7374,.F.);
#10854=ORIENTED_EDGE('',*,*,#7657,.T.);
#10855=ORIENTED_EDGE('',*,*,#7658,.T.);
#10856=ORIENTED_EDGE('',*,*,#7467,.F.);
#10857=ORIENTED_EDGE('',*,*,#7659,.T.);
#10858=ORIENTED_EDGE('',*,*,#7660,.T.);
#10859=ORIENTED_EDGE('',*,*,#7182,.F.);
#10860=ORIENTED_EDGE('',*,*,#7660,.F.);
#10861=ORIENTED_EDGE('',*,*,#7661,.T.);
#10862=ORIENTED_EDGE('',*,*,#7662,.T.);
#10863=ORIENTED_EDGE('',*,*,#7183,.F.);
#10864=ORIENTED_EDGE('',*,*,#7662,.F.);
#10865=ORIENTED_EDGE('',*,*,#7663,.T.);
#10866=ORIENTED_EDGE('',*,*,#7664,.T.);
#10867=ORIENTED_EDGE('',*,*,#7184,.F.);
#10868=ORIENTED_EDGE('',*,*,#7664,.F.);
#10869=ORIENTED_EDGE('',*,*,#7665,.T.);
#10870=ORIENTED_EDGE('',*,*,#7666,.T.);
#10871=ORIENTED_EDGE('',*,*,#7185,.F.);
#10872=ORIENTED_EDGE('',*,*,#7666,.F.);
#10873=ORIENTED_EDGE('',*,*,#7468,.F.);
#10874=ORIENTED_EDGE('',*,*,#7658,.F.);
#10875=ORIENTED_EDGE('',*,*,#7656,.F.);
#10876=ORIENTED_EDGE('',*,*,#7654,.F.);
#10877=ORIENTED_EDGE('',*,*,#7652,.F.);
#10878=ORIENTED_EDGE('',*,*,#7650,.F.);
#10879=ORIENTED_EDGE('',*,*,#7648,.F.);
#10880=ORIENTED_EDGE('',*,*,#7646,.F.);
#10881=ORIENTED_EDGE('',*,*,#7644,.F.);
#10882=ORIENTED_EDGE('',*,*,#7642,.F.);
#10883=ORIENTED_EDGE('',*,*,#7640,.F.);
#10884=ORIENTED_EDGE('',*,*,#7638,.F.);
#10885=ORIENTED_EDGE('',*,*,#7636,.F.);
#10886=ORIENTED_EDGE('',*,*,#7634,.F.);
#10887=ORIENTED_EDGE('',*,*,#7632,.F.);
#10888=ORIENTED_EDGE('',*,*,#7630,.F.);
#10889=ORIENTED_EDGE('',*,*,#7628,.F.);
#10890=ORIENTED_EDGE('',*,*,#7626,.F.);
#10891=ORIENTED_EDGE('',*,*,#7624,.F.);
#10892=ORIENTED_EDGE('',*,*,#7622,.F.);
#10893=ORIENTED_EDGE('',*,*,#7620,.F.);
#10894=ORIENTED_EDGE('',*,*,#7618,.F.);
#10895=ORIENTED_EDGE('',*,*,#7616,.F.);
#10896=ORIENTED_EDGE('',*,*,#7614,.F.);
#10897=ORIENTED_EDGE('',*,*,#7612,.F.);
#10898=ORIENTED_EDGE('',*,*,#7610,.F.);
#10899=ORIENTED_EDGE('',*,*,#7608,.F.);
#10900=ORIENTED_EDGE('',*,*,#7606,.F.);
#10901=ORIENTED_EDGE('',*,*,#7604,.F.);
#10902=ORIENTED_EDGE('',*,*,#7602,.F.);
#10903=ORIENTED_EDGE('',*,*,#7600,.F.);
#10904=ORIENTED_EDGE('',*,*,#7598,.F.);
#10905=ORIENTED_EDGE('',*,*,#7596,.F.);
#10906=ORIENTED_EDGE('',*,*,#7594,.F.);
#10907=ORIENTED_EDGE('',*,*,#7592,.F.);
#10908=ORIENTED_EDGE('',*,*,#7590,.F.);
#10909=ORIENTED_EDGE('',*,*,#7588,.F.);
#10910=ORIENTED_EDGE('',*,*,#7586,.F.);
#10911=ORIENTED_EDGE('',*,*,#7584,.F.);
#10912=ORIENTED_EDGE('',*,*,#7582,.F.);
#10913=ORIENTED_EDGE('',*,*,#7580,.F.);
#10914=ORIENTED_EDGE('',*,*,#7578,.F.);
#10915=ORIENTED_EDGE('',*,*,#7576,.F.);
#10916=ORIENTED_EDGE('',*,*,#7574,.F.);
#10917=ORIENTED_EDGE('',*,*,#7572,.F.);
#10918=ORIENTED_EDGE('',*,*,#7570,.F.);
#10919=ORIENTED_EDGE('',*,*,#7568,.F.);
#10920=ORIENTED_EDGE('',*,*,#7566,.F.);
#10921=ORIENTED_EDGE('',*,*,#7564,.F.);
#10922=ORIENTED_EDGE('',*,*,#7562,.F.);
#10923=ORIENTED_EDGE('',*,*,#7560,.F.);
#10924=ORIENTED_EDGE('',*,*,#7558,.F.);
#10925=ORIENTED_EDGE('',*,*,#7556,.F.);
#10926=ORIENTED_EDGE('',*,*,#7554,.F.);
#10927=ORIENTED_EDGE('',*,*,#7552,.F.);
#10928=ORIENTED_EDGE('',*,*,#7550,.F.);
#10929=ORIENTED_EDGE('',*,*,#7548,.F.);
#10930=ORIENTED_EDGE('',*,*,#7546,.F.);
#10931=ORIENTED_EDGE('',*,*,#7544,.F.);
#10932=ORIENTED_EDGE('',*,*,#7542,.F.);
#10933=ORIENTED_EDGE('',*,*,#7540,.F.);
#10934=ORIENTED_EDGE('',*,*,#7538,.F.);
#10935=ORIENTED_EDGE('',*,*,#7536,.F.);
#10936=ORIENTED_EDGE('',*,*,#7534,.F.);
#10937=ORIENTED_EDGE('',*,*,#7532,.F.);
#10938=ORIENTED_EDGE('',*,*,#7530,.F.);
#10939=ORIENTED_EDGE('',*,*,#7528,.F.);
#10940=ORIENTED_EDGE('',*,*,#7526,.F.);
#10941=ORIENTED_EDGE('',*,*,#7524,.F.);
#10942=ORIENTED_EDGE('',*,*,#7522,.F.);
#10943=ORIENTED_EDGE('',*,*,#7520,.F.);
#10944=ORIENTED_EDGE('',*,*,#7518,.F.);
#10945=ORIENTED_EDGE('',*,*,#7516,.F.);
#10946=ORIENTED_EDGE('',*,*,#7514,.F.);
#10947=ORIENTED_EDGE('',*,*,#7512,.F.);
#10948=ORIENTED_EDGE('',*,*,#7510,.F.);
#10949=ORIENTED_EDGE('',*,*,#7508,.F.);
#10950=ORIENTED_EDGE('',*,*,#7506,.F.);
#10951=ORIENTED_EDGE('',*,*,#7504,.F.);
#10952=ORIENTED_EDGE('',*,*,#7502,.F.);
#10953=ORIENTED_EDGE('',*,*,#7500,.F.);
#10954=ORIENTED_EDGE('',*,*,#7498,.F.);
#10955=ORIENTED_EDGE('',*,*,#7496,.F.);
#10956=ORIENTED_EDGE('',*,*,#7494,.F.);
#10957=ORIENTED_EDGE('',*,*,#7492,.F.);
#10958=ORIENTED_EDGE('',*,*,#7490,.F.);
#10959=ORIENTED_EDGE('',*,*,#7488,.F.);
#10960=ORIENTED_EDGE('',*,*,#7486,.F.);
#10961=ORIENTED_EDGE('',*,*,#7484,.F.);
#10962=ORIENTED_EDGE('',*,*,#7482,.F.);
#10963=ORIENTED_EDGE('',*,*,#7480,.F.);
#10964=ORIENTED_EDGE('',*,*,#7478,.F.);
#10965=ORIENTED_EDGE('',*,*,#7476,.F.);
#10966=ORIENTED_EDGE('',*,*,#7474,.F.);
#10967=ORIENTED_EDGE('',*,*,#7472,.F.);
#10968=ORIENTED_EDGE('',*,*,#7470,.F.);
#10969=ORIENTED_EDGE('',*,*,#7667,.T.);
#10970=ORIENTED_EDGE('',*,*,#7668,.T.);
#10971=ORIENTED_EDGE('',*,*,#7669,.T.);
#10972=ORIENTED_EDGE('',*,*,#7670,.T.);
#10973=ORIENTED_EDGE('',*,*,#7671,.T.);
#10974=ORIENTED_EDGE('',*,*,#7672,.T.);
#10975=ORIENTED_EDGE('',*,*,#7673,.T.);
#10976=ORIENTED_EDGE('',*,*,#7674,.T.);
#10977=ORIENTED_EDGE('',*,*,#7675,.T.);
#10978=ORIENTED_EDGE('',*,*,#7676,.T.);
#10979=ORIENTED_EDGE('',*,*,#7677,.T.);
#10980=ORIENTED_EDGE('',*,*,#7678,.T.);
#10981=ORIENTED_EDGE('',*,*,#7679,.T.);
#10982=ORIENTED_EDGE('',*,*,#7680,.T.);
#10983=ORIENTED_EDGE('',*,*,#7681,.T.);
#10984=ORIENTED_EDGE('',*,*,#7682,.T.);
#10985=ORIENTED_EDGE('',*,*,#7683,.T.);
#10986=ORIENTED_EDGE('',*,*,#7684,.T.);
#10987=ORIENTED_EDGE('',*,*,#7685,.T.);
#10988=ORIENTED_EDGE('',*,*,#7686,.T.);
#10989=ORIENTED_EDGE('',*,*,#7687,.T.);
#10990=ORIENTED_EDGE('',*,*,#7688,.T.);
#10991=ORIENTED_EDGE('',*,*,#7689,.T.);
#10992=ORIENTED_EDGE('',*,*,#7690,.T.);
#10993=ORIENTED_EDGE('',*,*,#7691,.T.);
#10994=ORIENTED_EDGE('',*,*,#7692,.T.);
#10995=ORIENTED_EDGE('',*,*,#7693,.T.);
#10996=ORIENTED_EDGE('',*,*,#7694,.T.);
#10997=ORIENTED_EDGE('',*,*,#7695,.T.);
#10998=ORIENTED_EDGE('',*,*,#7696,.T.);
#10999=ORIENTED_EDGE('',*,*,#7697,.T.);
#11000=ORIENTED_EDGE('',*,*,#7698,.T.);
#11001=ORIENTED_EDGE('',*,*,#7699,.T.);
#11002=ORIENTED_EDGE('',*,*,#7700,.T.);
#11003=ORIENTED_EDGE('',*,*,#7701,.T.);
#11004=ORIENTED_EDGE('',*,*,#7702,.T.);
#11005=ORIENTED_EDGE('',*,*,#7703,.T.);
#11006=ORIENTED_EDGE('',*,*,#7704,.T.);
#11007=ORIENTED_EDGE('',*,*,#7705,.T.);
#11008=ORIENTED_EDGE('',*,*,#7706,.T.);
#11009=ORIENTED_EDGE('',*,*,#7707,.T.);
#11010=ORIENTED_EDGE('',*,*,#7708,.T.);
#11011=ORIENTED_EDGE('',*,*,#7709,.T.);
#11012=ORIENTED_EDGE('',*,*,#7710,.T.);
#11013=ORIENTED_EDGE('',*,*,#7711,.T.);
#11014=ORIENTED_EDGE('',*,*,#7712,.T.);
#11015=ORIENTED_EDGE('',*,*,#7713,.T.);
#11016=ORIENTED_EDGE('',*,*,#7714,.T.);
#11017=ORIENTED_EDGE('',*,*,#7715,.T.);
#11018=ORIENTED_EDGE('',*,*,#7716,.T.);
#11019=ORIENTED_EDGE('',*,*,#7717,.T.);
#11020=ORIENTED_EDGE('',*,*,#7718,.T.);
#11021=ORIENTED_EDGE('',*,*,#7719,.T.);
#11022=ORIENTED_EDGE('',*,*,#7720,.T.);
#11023=ORIENTED_EDGE('',*,*,#7721,.T.);
#11024=ORIENTED_EDGE('',*,*,#7722,.T.);
#11025=ORIENTED_EDGE('',*,*,#7723,.T.);
#11026=ORIENTED_EDGE('',*,*,#7724,.T.);
#11027=ORIENTED_EDGE('',*,*,#7725,.T.);
#11028=ORIENTED_EDGE('',*,*,#7726,.T.);
#11029=ORIENTED_EDGE('',*,*,#7727,.T.);
#11030=ORIENTED_EDGE('',*,*,#7728,.T.);
#11031=ORIENTED_EDGE('',*,*,#7729,.T.);
#11032=ORIENTED_EDGE('',*,*,#7730,.T.);
#11033=ORIENTED_EDGE('',*,*,#7731,.T.);
#11034=ORIENTED_EDGE('',*,*,#7732,.T.);
#11035=ORIENTED_EDGE('',*,*,#7733,.T.);
#11036=ORIENTED_EDGE('',*,*,#7734,.T.);
#11037=ORIENTED_EDGE('',*,*,#7735,.T.);
#11038=ORIENTED_EDGE('',*,*,#7736,.T.);
#11039=ORIENTED_EDGE('',*,*,#7737,.T.);
#11040=ORIENTED_EDGE('',*,*,#7738,.T.);
#11041=ORIENTED_EDGE('',*,*,#7739,.T.);
#11042=ORIENTED_EDGE('',*,*,#7740,.T.);
#11043=ORIENTED_EDGE('',*,*,#7741,.T.);
#11044=ORIENTED_EDGE('',*,*,#7742,.T.);
#11045=ORIENTED_EDGE('',*,*,#7743,.T.);
#11046=ORIENTED_EDGE('',*,*,#7744,.T.);
#11047=ORIENTED_EDGE('',*,*,#7745,.T.);
#11048=ORIENTED_EDGE('',*,*,#7746,.T.);
#11049=ORIENTED_EDGE('',*,*,#7747,.T.);
#11050=ORIENTED_EDGE('',*,*,#7748,.T.);
#11051=ORIENTED_EDGE('',*,*,#7749,.T.);
#11052=ORIENTED_EDGE('',*,*,#7750,.T.);
#11053=ORIENTED_EDGE('',*,*,#7751,.T.);
#11054=ORIENTED_EDGE('',*,*,#7752,.T.);
#11055=ORIENTED_EDGE('',*,*,#7753,.T.);
#11056=ORIENTED_EDGE('',*,*,#7754,.T.);
#11057=ORIENTED_EDGE('',*,*,#7755,.T.);
#11058=ORIENTED_EDGE('',*,*,#7756,.T.);
#11059=ORIENTED_EDGE('',*,*,#7757,.T.);
#11060=ORIENTED_EDGE('',*,*,#7758,.T.);
#11061=ORIENTED_EDGE('',*,*,#7759,.T.);
#11062=ORIENTED_EDGE('',*,*,#7760,.T.);
#11063=ORIENTED_EDGE('',*,*,#7761,.T.);
#11064=ORIENTED_EDGE('',*,*,#7762,.T.);
#11065=ORIENTED_EDGE('',*,*,#7763,.T.);
#11066=ORIENTED_EDGE('',*,*,#7764,.T.);
#11067=ORIENTED_EDGE('',*,*,#7667,.F.);
#11068=ORIENTED_EDGE('',*,*,#7765,.F.);
#11069=ORIENTED_EDGE('',*,*,#7766,.T.);
#11070=ORIENTED_EDGE('',*,*,#7767,.T.);
#11071=ORIENTED_EDGE('',*,*,#7668,.F.);
#11072=ORIENTED_EDGE('',*,*,#7764,.F.);
#11073=ORIENTED_EDGE('',*,*,#7768,.T.);
#11074=ORIENTED_EDGE('',*,*,#7769,.T.);
#11075=ORIENTED_EDGE('',*,*,#7669,.F.);
#11076=ORIENTED_EDGE('',*,*,#7767,.F.);
#11077=ORIENTED_EDGE('',*,*,#7770,.T.);
#11078=ORIENTED_EDGE('',*,*,#7771,.T.);
#11079=ORIENTED_EDGE('',*,*,#7670,.F.);
#11080=ORIENTED_EDGE('',*,*,#7769,.F.);
#11081=ORIENTED_EDGE('',*,*,#7772,.T.);
#11082=ORIENTED_EDGE('',*,*,#7773,.T.);
#11083=ORIENTED_EDGE('',*,*,#7671,.F.);
#11084=ORIENTED_EDGE('',*,*,#7771,.F.);
#11085=ORIENTED_EDGE('',*,*,#7774,.T.);
#11086=ORIENTED_EDGE('',*,*,#7775,.T.);
#11087=ORIENTED_EDGE('',*,*,#7672,.F.);
#11088=ORIENTED_EDGE('',*,*,#7773,.F.);
#11089=ORIENTED_EDGE('',*,*,#7776,.T.);
#11090=ORIENTED_EDGE('',*,*,#7777,.T.);
#11091=ORIENTED_EDGE('',*,*,#7673,.F.);
#11092=ORIENTED_EDGE('',*,*,#7775,.F.);
#11093=ORIENTED_EDGE('',*,*,#7778,.T.);
#11094=ORIENTED_EDGE('',*,*,#7779,.T.);
#11095=ORIENTED_EDGE('',*,*,#7674,.F.);
#11096=ORIENTED_EDGE('',*,*,#7777,.F.);
#11097=ORIENTED_EDGE('',*,*,#7780,.T.);
#11098=ORIENTED_EDGE('',*,*,#7781,.T.);
#11099=ORIENTED_EDGE('',*,*,#7675,.F.);
#11100=ORIENTED_EDGE('',*,*,#7779,.F.);
#11101=ORIENTED_EDGE('',*,*,#7782,.T.);
#11102=ORIENTED_EDGE('',*,*,#7783,.T.);
#11103=ORIENTED_EDGE('',*,*,#7676,.F.);
#11104=ORIENTED_EDGE('',*,*,#7781,.F.);
#11105=ORIENTED_EDGE('',*,*,#7784,.T.);
#11106=ORIENTED_EDGE('',*,*,#7785,.T.);
#11107=ORIENTED_EDGE('',*,*,#7677,.F.);
#11108=ORIENTED_EDGE('',*,*,#7783,.F.);
#11109=ORIENTED_EDGE('',*,*,#7786,.T.);
#11110=ORIENTED_EDGE('',*,*,#7787,.T.);
#11111=ORIENTED_EDGE('',*,*,#7678,.F.);
#11112=ORIENTED_EDGE('',*,*,#7785,.F.);
#11113=ORIENTED_EDGE('',*,*,#7788,.T.);
#11114=ORIENTED_EDGE('',*,*,#7789,.T.);
#11115=ORIENTED_EDGE('',*,*,#7679,.F.);
#11116=ORIENTED_EDGE('',*,*,#7787,.F.);
#11117=ORIENTED_EDGE('',*,*,#7790,.T.);
#11118=ORIENTED_EDGE('',*,*,#7791,.T.);
#11119=ORIENTED_EDGE('',*,*,#7680,.F.);
#11120=ORIENTED_EDGE('',*,*,#7789,.F.);
#11121=ORIENTED_EDGE('',*,*,#7792,.T.);
#11122=ORIENTED_EDGE('',*,*,#7793,.T.);
#11123=ORIENTED_EDGE('',*,*,#7681,.F.);
#11124=ORIENTED_EDGE('',*,*,#7791,.F.);
#11125=ORIENTED_EDGE('',*,*,#7794,.T.);
#11126=ORIENTED_EDGE('',*,*,#7795,.T.);
#11127=ORIENTED_EDGE('',*,*,#7682,.F.);
#11128=ORIENTED_EDGE('',*,*,#7793,.F.);
#11129=ORIENTED_EDGE('',*,*,#7796,.T.);
#11130=ORIENTED_EDGE('',*,*,#7797,.T.);
#11131=ORIENTED_EDGE('',*,*,#7683,.F.);
#11132=ORIENTED_EDGE('',*,*,#7795,.F.);
#11133=ORIENTED_EDGE('',*,*,#7798,.T.);
#11134=ORIENTED_EDGE('',*,*,#7799,.T.);
#11135=ORIENTED_EDGE('',*,*,#7684,.F.);
#11136=ORIENTED_EDGE('',*,*,#7797,.F.);
#11137=ORIENTED_EDGE('',*,*,#7800,.T.);
#11138=ORIENTED_EDGE('',*,*,#7801,.T.);
#11139=ORIENTED_EDGE('',*,*,#7685,.F.);
#11140=ORIENTED_EDGE('',*,*,#7799,.F.);
#11141=ORIENTED_EDGE('',*,*,#7802,.T.);
#11142=ORIENTED_EDGE('',*,*,#7803,.T.);
#11143=ORIENTED_EDGE('',*,*,#7686,.F.);
#11144=ORIENTED_EDGE('',*,*,#7801,.F.);
#11145=ORIENTED_EDGE('',*,*,#7804,.T.);
#11146=ORIENTED_EDGE('',*,*,#7805,.T.);
#11147=ORIENTED_EDGE('',*,*,#7687,.F.);
#11148=ORIENTED_EDGE('',*,*,#7803,.F.);
#11149=ORIENTED_EDGE('',*,*,#7806,.T.);
#11150=ORIENTED_EDGE('',*,*,#7807,.T.);
#11151=ORIENTED_EDGE('',*,*,#7688,.F.);
#11152=ORIENTED_EDGE('',*,*,#7805,.F.);
#11153=ORIENTED_EDGE('',*,*,#7808,.T.);
#11154=ORIENTED_EDGE('',*,*,#7809,.T.);
#11155=ORIENTED_EDGE('',*,*,#7689,.F.);
#11156=ORIENTED_EDGE('',*,*,#7807,.F.);
#11157=ORIENTED_EDGE('',*,*,#7810,.T.);
#11158=ORIENTED_EDGE('',*,*,#7811,.T.);
#11159=ORIENTED_EDGE('',*,*,#7690,.F.);
#11160=ORIENTED_EDGE('',*,*,#7809,.F.);
#11161=ORIENTED_EDGE('',*,*,#7812,.T.);
#11162=ORIENTED_EDGE('',*,*,#7813,.T.);
#11163=ORIENTED_EDGE('',*,*,#7691,.F.);
#11164=ORIENTED_EDGE('',*,*,#7811,.F.);
#11165=ORIENTED_EDGE('',*,*,#7814,.T.);
#11166=ORIENTED_EDGE('',*,*,#7815,.T.);
#11167=ORIENTED_EDGE('',*,*,#7692,.F.);
#11168=ORIENTED_EDGE('',*,*,#7813,.F.);
#11169=ORIENTED_EDGE('',*,*,#7816,.T.);
#11170=ORIENTED_EDGE('',*,*,#7817,.T.);
#11171=ORIENTED_EDGE('',*,*,#7693,.F.);
#11172=ORIENTED_EDGE('',*,*,#7815,.F.);
#11173=ORIENTED_EDGE('',*,*,#7818,.T.);
#11174=ORIENTED_EDGE('',*,*,#7819,.T.);
#11175=ORIENTED_EDGE('',*,*,#7694,.F.);
#11176=ORIENTED_EDGE('',*,*,#7817,.F.);
#11177=ORIENTED_EDGE('',*,*,#7820,.T.);
#11178=ORIENTED_EDGE('',*,*,#7821,.T.);
#11179=ORIENTED_EDGE('',*,*,#7695,.F.);
#11180=ORIENTED_EDGE('',*,*,#7819,.F.);
#11181=ORIENTED_EDGE('',*,*,#7822,.T.);
#11182=ORIENTED_EDGE('',*,*,#7823,.T.);
#11183=ORIENTED_EDGE('',*,*,#7696,.F.);
#11184=ORIENTED_EDGE('',*,*,#7821,.F.);
#11185=ORIENTED_EDGE('',*,*,#7824,.T.);
#11186=ORIENTED_EDGE('',*,*,#7825,.T.);
#11187=ORIENTED_EDGE('',*,*,#7697,.F.);
#11188=ORIENTED_EDGE('',*,*,#7823,.F.);
#11189=ORIENTED_EDGE('',*,*,#7826,.T.);
#11190=ORIENTED_EDGE('',*,*,#7827,.T.);
#11191=ORIENTED_EDGE('',*,*,#7698,.F.);
#11192=ORIENTED_EDGE('',*,*,#7825,.F.);
#11193=ORIENTED_EDGE('',*,*,#7828,.T.);
#11194=ORIENTED_EDGE('',*,*,#7829,.T.);
#11195=ORIENTED_EDGE('',*,*,#7699,.F.);
#11196=ORIENTED_EDGE('',*,*,#7827,.F.);
#11197=ORIENTED_EDGE('',*,*,#7830,.T.);
#11198=ORIENTED_EDGE('',*,*,#7831,.T.);
#11199=ORIENTED_EDGE('',*,*,#7700,.F.);
#11200=ORIENTED_EDGE('',*,*,#7829,.F.);
#11201=ORIENTED_EDGE('',*,*,#7832,.T.);
#11202=ORIENTED_EDGE('',*,*,#7833,.T.);
#11203=ORIENTED_EDGE('',*,*,#7701,.F.);
#11204=ORIENTED_EDGE('',*,*,#7831,.F.);
#11205=ORIENTED_EDGE('',*,*,#7834,.T.);
#11206=ORIENTED_EDGE('',*,*,#7835,.T.);
#11207=ORIENTED_EDGE('',*,*,#7702,.F.);
#11208=ORIENTED_EDGE('',*,*,#7833,.F.);
#11209=ORIENTED_EDGE('',*,*,#7836,.T.);
#11210=ORIENTED_EDGE('',*,*,#7837,.T.);
#11211=ORIENTED_EDGE('',*,*,#7703,.F.);
#11212=ORIENTED_EDGE('',*,*,#7835,.F.);
#11213=ORIENTED_EDGE('',*,*,#7838,.T.);
#11214=ORIENTED_EDGE('',*,*,#7839,.T.);
#11215=ORIENTED_EDGE('',*,*,#7704,.F.);
#11216=ORIENTED_EDGE('',*,*,#7837,.F.);
#11217=ORIENTED_EDGE('',*,*,#7840,.T.);
#11218=ORIENTED_EDGE('',*,*,#7841,.T.);
#11219=ORIENTED_EDGE('',*,*,#7705,.F.);
#11220=ORIENTED_EDGE('',*,*,#7839,.F.);
#11221=ORIENTED_EDGE('',*,*,#7842,.T.);
#11222=ORIENTED_EDGE('',*,*,#7843,.T.);
#11223=ORIENTED_EDGE('',*,*,#7706,.F.);
#11224=ORIENTED_EDGE('',*,*,#7841,.F.);
#11225=ORIENTED_EDGE('',*,*,#7844,.T.);
#11226=ORIENTED_EDGE('',*,*,#7845,.T.);
#11227=ORIENTED_EDGE('',*,*,#7707,.F.);
#11228=ORIENTED_EDGE('',*,*,#7843,.F.);
#11229=ORIENTED_EDGE('',*,*,#7846,.T.);
#11230=ORIENTED_EDGE('',*,*,#7847,.T.);
#11231=ORIENTED_EDGE('',*,*,#7708,.F.);
#11232=ORIENTED_EDGE('',*,*,#7845,.F.);
#11233=ORIENTED_EDGE('',*,*,#7848,.T.);
#11234=ORIENTED_EDGE('',*,*,#7849,.T.);
#11235=ORIENTED_EDGE('',*,*,#7709,.F.);
#11236=ORIENTED_EDGE('',*,*,#7847,.F.);
#11237=ORIENTED_EDGE('',*,*,#7850,.T.);
#11238=ORIENTED_EDGE('',*,*,#7851,.T.);
#11239=ORIENTED_EDGE('',*,*,#7710,.F.);
#11240=ORIENTED_EDGE('',*,*,#7849,.F.);
#11241=ORIENTED_EDGE('',*,*,#7852,.T.);
#11242=ORIENTED_EDGE('',*,*,#7853,.T.);
#11243=ORIENTED_EDGE('',*,*,#7711,.F.);
#11244=ORIENTED_EDGE('',*,*,#7851,.F.);
#11245=ORIENTED_EDGE('',*,*,#7854,.T.);
#11246=ORIENTED_EDGE('',*,*,#7855,.T.);
#11247=ORIENTED_EDGE('',*,*,#7712,.F.);
#11248=ORIENTED_EDGE('',*,*,#7853,.F.);
#11249=ORIENTED_EDGE('',*,*,#7856,.T.);
#11250=ORIENTED_EDGE('',*,*,#7857,.T.);
#11251=ORIENTED_EDGE('',*,*,#7713,.F.);
#11252=ORIENTED_EDGE('',*,*,#7855,.F.);
#11253=ORIENTED_EDGE('',*,*,#7858,.T.);
#11254=ORIENTED_EDGE('',*,*,#7859,.T.);
#11255=ORIENTED_EDGE('',*,*,#7714,.F.);
#11256=ORIENTED_EDGE('',*,*,#7857,.F.);
#11257=ORIENTED_EDGE('',*,*,#7860,.T.);
#11258=ORIENTED_EDGE('',*,*,#7861,.T.);
#11259=ORIENTED_EDGE('',*,*,#7715,.F.);
#11260=ORIENTED_EDGE('',*,*,#7859,.F.);
#11261=ORIENTED_EDGE('',*,*,#7862,.T.);
#11262=ORIENTED_EDGE('',*,*,#7863,.T.);
#11263=ORIENTED_EDGE('',*,*,#7716,.F.);
#11264=ORIENTED_EDGE('',*,*,#7861,.F.);
#11265=ORIENTED_EDGE('',*,*,#7864,.T.);
#11266=ORIENTED_EDGE('',*,*,#7865,.T.);
#11267=ORIENTED_EDGE('',*,*,#7717,.F.);
#11268=ORIENTED_EDGE('',*,*,#7863,.F.);
#11269=ORIENTED_EDGE('',*,*,#7866,.T.);
#11270=ORIENTED_EDGE('',*,*,#7867,.T.);
#11271=ORIENTED_EDGE('',*,*,#7718,.F.);
#11272=ORIENTED_EDGE('',*,*,#7865,.F.);
#11273=ORIENTED_EDGE('',*,*,#7868,.T.);
#11274=ORIENTED_EDGE('',*,*,#7869,.T.);
#11275=ORIENTED_EDGE('',*,*,#7719,.F.);
#11276=ORIENTED_EDGE('',*,*,#7867,.F.);
#11277=ORIENTED_EDGE('',*,*,#7870,.T.);
#11278=ORIENTED_EDGE('',*,*,#7871,.T.);
#11279=ORIENTED_EDGE('',*,*,#7720,.F.);
#11280=ORIENTED_EDGE('',*,*,#7869,.F.);
#11281=ORIENTED_EDGE('',*,*,#7872,.T.);
#11282=ORIENTED_EDGE('',*,*,#7873,.T.);
#11283=ORIENTED_EDGE('',*,*,#7721,.F.);
#11284=ORIENTED_EDGE('',*,*,#7871,.F.);
#11285=ORIENTED_EDGE('',*,*,#7874,.T.);
#11286=ORIENTED_EDGE('',*,*,#7875,.T.);
#11287=ORIENTED_EDGE('',*,*,#7722,.F.);
#11288=ORIENTED_EDGE('',*,*,#7873,.F.);
#11289=ORIENTED_EDGE('',*,*,#7876,.T.);
#11290=ORIENTED_EDGE('',*,*,#7877,.T.);
#11291=ORIENTED_EDGE('',*,*,#7723,.F.);
#11292=ORIENTED_EDGE('',*,*,#7875,.F.);
#11293=ORIENTED_EDGE('',*,*,#7878,.T.);
#11294=ORIENTED_EDGE('',*,*,#7879,.T.);
#11295=ORIENTED_EDGE('',*,*,#7724,.F.);
#11296=ORIENTED_EDGE('',*,*,#7877,.F.);
#11297=ORIENTED_EDGE('',*,*,#7880,.T.);
#11298=ORIENTED_EDGE('',*,*,#7881,.T.);
#11299=ORIENTED_EDGE('',*,*,#7725,.F.);
#11300=ORIENTED_EDGE('',*,*,#7879,.F.);
#11301=ORIENTED_EDGE('',*,*,#7882,.T.);
#11302=ORIENTED_EDGE('',*,*,#7883,.T.);
#11303=ORIENTED_EDGE('',*,*,#7726,.F.);
#11304=ORIENTED_EDGE('',*,*,#7881,.F.);
#11305=ORIENTED_EDGE('',*,*,#7884,.T.);
#11306=ORIENTED_EDGE('',*,*,#7885,.T.);
#11307=ORIENTED_EDGE('',*,*,#7727,.F.);
#11308=ORIENTED_EDGE('',*,*,#7883,.F.);
#11309=ORIENTED_EDGE('',*,*,#7886,.T.);
#11310=ORIENTED_EDGE('',*,*,#7887,.T.);
#11311=ORIENTED_EDGE('',*,*,#7728,.F.);
#11312=ORIENTED_EDGE('',*,*,#7885,.F.);
#11313=ORIENTED_EDGE('',*,*,#7888,.T.);
#11314=ORIENTED_EDGE('',*,*,#7889,.T.);
#11315=ORIENTED_EDGE('',*,*,#7729,.F.);
#11316=ORIENTED_EDGE('',*,*,#7887,.F.);
#11317=ORIENTED_EDGE('',*,*,#7890,.T.);
#11318=ORIENTED_EDGE('',*,*,#7891,.T.);
#11319=ORIENTED_EDGE('',*,*,#7730,.F.);
#11320=ORIENTED_EDGE('',*,*,#7889,.F.);
#11321=ORIENTED_EDGE('',*,*,#7892,.T.);
#11322=ORIENTED_EDGE('',*,*,#7893,.T.);
#11323=ORIENTED_EDGE('',*,*,#7731,.F.);
#11324=ORIENTED_EDGE('',*,*,#7891,.F.);
#11325=ORIENTED_EDGE('',*,*,#7894,.T.);
#11326=ORIENTED_EDGE('',*,*,#7895,.T.);
#11327=ORIENTED_EDGE('',*,*,#7732,.F.);
#11328=ORIENTED_EDGE('',*,*,#7893,.F.);
#11329=ORIENTED_EDGE('',*,*,#7896,.T.);
#11330=ORIENTED_EDGE('',*,*,#7897,.T.);
#11331=ORIENTED_EDGE('',*,*,#7733,.F.);
#11332=ORIENTED_EDGE('',*,*,#7895,.F.);
#11333=ORIENTED_EDGE('',*,*,#7898,.T.);
#11334=ORIENTED_EDGE('',*,*,#7899,.T.);
#11335=ORIENTED_EDGE('',*,*,#7734,.F.);
#11336=ORIENTED_EDGE('',*,*,#7897,.F.);
#11337=ORIENTED_EDGE('',*,*,#7900,.T.);
#11338=ORIENTED_EDGE('',*,*,#7901,.T.);
#11339=ORIENTED_EDGE('',*,*,#7735,.F.);
#11340=ORIENTED_EDGE('',*,*,#7899,.F.);
#11341=ORIENTED_EDGE('',*,*,#7902,.T.);
#11342=ORIENTED_EDGE('',*,*,#7903,.T.);
#11343=ORIENTED_EDGE('',*,*,#7736,.F.);
#11344=ORIENTED_EDGE('',*,*,#7901,.F.);
#11345=ORIENTED_EDGE('',*,*,#7904,.T.);
#11346=ORIENTED_EDGE('',*,*,#7905,.T.);
#11347=ORIENTED_EDGE('',*,*,#7737,.F.);
#11348=ORIENTED_EDGE('',*,*,#7903,.F.);
#11349=ORIENTED_EDGE('',*,*,#7906,.T.);
#11350=ORIENTED_EDGE('',*,*,#7907,.T.);
#11351=ORIENTED_EDGE('',*,*,#7738,.F.);
#11352=ORIENTED_EDGE('',*,*,#7905,.F.);
#11353=ORIENTED_EDGE('',*,*,#7908,.T.);
#11354=ORIENTED_EDGE('',*,*,#7909,.T.);
#11355=ORIENTED_EDGE('',*,*,#7739,.F.);
#11356=ORIENTED_EDGE('',*,*,#7907,.F.);
#11357=ORIENTED_EDGE('',*,*,#7910,.T.);
#11358=ORIENTED_EDGE('',*,*,#7911,.T.);
#11359=ORIENTED_EDGE('',*,*,#7740,.F.);
#11360=ORIENTED_EDGE('',*,*,#7909,.F.);
#11361=ORIENTED_EDGE('',*,*,#7912,.T.);
#11362=ORIENTED_EDGE('',*,*,#7913,.T.);
#11363=ORIENTED_EDGE('',*,*,#7741,.F.);
#11364=ORIENTED_EDGE('',*,*,#7911,.F.);
#11365=ORIENTED_EDGE('',*,*,#7914,.T.);
#11366=ORIENTED_EDGE('',*,*,#7915,.T.);
#11367=ORIENTED_EDGE('',*,*,#7742,.F.);
#11368=ORIENTED_EDGE('',*,*,#7913,.F.);
#11369=ORIENTED_EDGE('',*,*,#7916,.T.);
#11370=ORIENTED_EDGE('',*,*,#7917,.T.);
#11371=ORIENTED_EDGE('',*,*,#7743,.F.);
#11372=ORIENTED_EDGE('',*,*,#7915,.F.);
#11373=ORIENTED_EDGE('',*,*,#7918,.T.);
#11374=ORIENTED_EDGE('',*,*,#7919,.T.);
#11375=ORIENTED_EDGE('',*,*,#7744,.F.);
#11376=ORIENTED_EDGE('',*,*,#7917,.F.);
#11377=ORIENTED_EDGE('',*,*,#7920,.T.);
#11378=ORIENTED_EDGE('',*,*,#7921,.T.);
#11379=ORIENTED_EDGE('',*,*,#7745,.F.);
#11380=ORIENTED_EDGE('',*,*,#7919,.F.);
#11381=ORIENTED_EDGE('',*,*,#7922,.T.);
#11382=ORIENTED_EDGE('',*,*,#7923,.T.);
#11383=ORIENTED_EDGE('',*,*,#7746,.F.);
#11384=ORIENTED_EDGE('',*,*,#7921,.F.);
#11385=ORIENTED_EDGE('',*,*,#7924,.T.);
#11386=ORIENTED_EDGE('',*,*,#7925,.T.);
#11387=ORIENTED_EDGE('',*,*,#7747,.F.);
#11388=ORIENTED_EDGE('',*,*,#7923,.F.);
#11389=ORIENTED_EDGE('',*,*,#7926,.T.);
#11390=ORIENTED_EDGE('',*,*,#7927,.T.);
#11391=ORIENTED_EDGE('',*,*,#7748,.F.);
#11392=ORIENTED_EDGE('',*,*,#7925,.F.);
#11393=ORIENTED_EDGE('',*,*,#7928,.T.);
#11394=ORIENTED_EDGE('',*,*,#7929,.T.);
#11395=ORIENTED_EDGE('',*,*,#7749,.F.);
#11396=ORIENTED_EDGE('',*,*,#7927,.F.);
#11397=ORIENTED_EDGE('',*,*,#7930,.T.);
#11398=ORIENTED_EDGE('',*,*,#7931,.T.);
#11399=ORIENTED_EDGE('',*,*,#7750,.F.);
#11400=ORIENTED_EDGE('',*,*,#7929,.F.);
#11401=ORIENTED_EDGE('',*,*,#7932,.T.);
#11402=ORIENTED_EDGE('',*,*,#7933,.T.);
#11403=ORIENTED_EDGE('',*,*,#7751,.F.);
#11404=ORIENTED_EDGE('',*,*,#7931,.F.);
#11405=ORIENTED_EDGE('',*,*,#7934,.T.);
#11406=ORIENTED_EDGE('',*,*,#7935,.T.);
#11407=ORIENTED_EDGE('',*,*,#7752,.F.);
#11408=ORIENTED_EDGE('',*,*,#7933,.F.);
#11409=ORIENTED_EDGE('',*,*,#7936,.T.);
#11410=ORIENTED_EDGE('',*,*,#7937,.T.);
#11411=ORIENTED_EDGE('',*,*,#7753,.F.);
#11412=ORIENTED_EDGE('',*,*,#7935,.F.);
#11413=ORIENTED_EDGE('',*,*,#7938,.T.);
#11414=ORIENTED_EDGE('',*,*,#7939,.T.);
#11415=ORIENTED_EDGE('',*,*,#7754,.F.);
#11416=ORIENTED_EDGE('',*,*,#7937,.F.);
#11417=ORIENTED_EDGE('',*,*,#7940,.T.);
#11418=ORIENTED_EDGE('',*,*,#7941,.T.);
#11419=ORIENTED_EDGE('',*,*,#7755,.F.);
#11420=ORIENTED_EDGE('',*,*,#7939,.F.);
#11421=ORIENTED_EDGE('',*,*,#7942,.T.);
#11422=ORIENTED_EDGE('',*,*,#7943,.T.);
#11423=ORIENTED_EDGE('',*,*,#7756,.F.);
#11424=ORIENTED_EDGE('',*,*,#7941,.F.);
#11425=ORIENTED_EDGE('',*,*,#7944,.T.);
#11426=ORIENTED_EDGE('',*,*,#7945,.T.);
#11427=ORIENTED_EDGE('',*,*,#7757,.F.);
#11428=ORIENTED_EDGE('',*,*,#7943,.F.);
#11429=ORIENTED_EDGE('',*,*,#7946,.T.);
#11430=ORIENTED_EDGE('',*,*,#7947,.T.);
#11431=ORIENTED_EDGE('',*,*,#7758,.F.);
#11432=ORIENTED_EDGE('',*,*,#7945,.F.);
#11433=ORIENTED_EDGE('',*,*,#7948,.T.);
#11434=ORIENTED_EDGE('',*,*,#7949,.T.);
#11435=ORIENTED_EDGE('',*,*,#7759,.F.);
#11436=ORIENTED_EDGE('',*,*,#7947,.F.);
#11437=ORIENTED_EDGE('',*,*,#7950,.T.);
#11438=ORIENTED_EDGE('',*,*,#7951,.T.);
#11439=ORIENTED_EDGE('',*,*,#7760,.F.);
#11440=ORIENTED_EDGE('',*,*,#7949,.F.);
#11441=ORIENTED_EDGE('',*,*,#7952,.T.);
#11442=ORIENTED_EDGE('',*,*,#7953,.T.);
#11443=ORIENTED_EDGE('',*,*,#7761,.F.);
#11444=ORIENTED_EDGE('',*,*,#7951,.F.);
#11445=ORIENTED_EDGE('',*,*,#7954,.T.);
#11446=ORIENTED_EDGE('',*,*,#7765,.T.);
#11447=ORIENTED_EDGE('',*,*,#7762,.F.);
#11448=ORIENTED_EDGE('',*,*,#7953,.F.);
#11449=ORIENTED_EDGE('',*,*,#7659,.F.);
#11450=ORIENTED_EDGE('',*,*,#7955,.T.);
#11451=ORIENTED_EDGE('',*,*,#7661,.F.);
#11452=ORIENTED_EDGE('',*,*,#7956,.T.);
#11453=ORIENTED_EDGE('',*,*,#7663,.F.);
#11454=ORIENTED_EDGE('',*,*,#7957,.T.);
#11455=ORIENTED_EDGE('',*,*,#7665,.F.);
#11456=ORIENTED_EDGE('',*,*,#7958,.T.);
#11457=ORIENTED_EDGE('',*,*,#7763,.F.);
#11458=ORIENTED_EDGE('',*,*,#7954,.F.);
#11459=ORIENTED_EDGE('',*,*,#7952,.F.);
#11460=ORIENTED_EDGE('',*,*,#7950,.F.);
#11461=ORIENTED_EDGE('',*,*,#7948,.F.);
#11462=ORIENTED_EDGE('',*,*,#7946,.F.);
#11463=ORIENTED_EDGE('',*,*,#7944,.F.);
#11464=ORIENTED_EDGE('',*,*,#7942,.F.);
#11465=ORIENTED_EDGE('',*,*,#7940,.F.);
#11466=ORIENTED_EDGE('',*,*,#7938,.F.);
#11467=ORIENTED_EDGE('',*,*,#7936,.F.);
#11468=ORIENTED_EDGE('',*,*,#7934,.F.);
#11469=ORIENTED_EDGE('',*,*,#7932,.F.);
#11470=ORIENTED_EDGE('',*,*,#7930,.F.);
#11471=ORIENTED_EDGE('',*,*,#7928,.F.);
#11472=ORIENTED_EDGE('',*,*,#7926,.F.);
#11473=ORIENTED_EDGE('',*,*,#7924,.F.);
#11474=ORIENTED_EDGE('',*,*,#7922,.F.);
#11475=ORIENTED_EDGE('',*,*,#7920,.F.);
#11476=ORIENTED_EDGE('',*,*,#7918,.F.);
#11477=ORIENTED_EDGE('',*,*,#7916,.F.);
#11478=ORIENTED_EDGE('',*,*,#7914,.F.);
#11479=ORIENTED_EDGE('',*,*,#7912,.F.);
#11480=ORIENTED_EDGE('',*,*,#7910,.F.);
#11481=ORIENTED_EDGE('',*,*,#7908,.F.);
#11482=ORIENTED_EDGE('',*,*,#7906,.F.);
#11483=ORIENTED_EDGE('',*,*,#7904,.F.);
#11484=ORIENTED_EDGE('',*,*,#7902,.F.);
#11485=ORIENTED_EDGE('',*,*,#7900,.F.);
#11486=ORIENTED_EDGE('',*,*,#7898,.F.);
#11487=ORIENTED_EDGE('',*,*,#7896,.F.);
#11488=ORIENTED_EDGE('',*,*,#7894,.F.);
#11489=ORIENTED_EDGE('',*,*,#7892,.F.);
#11490=ORIENTED_EDGE('',*,*,#7890,.F.);
#11491=ORIENTED_EDGE('',*,*,#7888,.F.);
#11492=ORIENTED_EDGE('',*,*,#7886,.F.);
#11493=ORIENTED_EDGE('',*,*,#7884,.F.);
#11494=ORIENTED_EDGE('',*,*,#7882,.F.);
#11495=ORIENTED_EDGE('',*,*,#7880,.F.);
#11496=ORIENTED_EDGE('',*,*,#7878,.F.);
#11497=ORIENTED_EDGE('',*,*,#7876,.F.);
#11498=ORIENTED_EDGE('',*,*,#7874,.F.);
#11499=ORIENTED_EDGE('',*,*,#7872,.F.);
#11500=ORIENTED_EDGE('',*,*,#7870,.F.);
#11501=ORIENTED_EDGE('',*,*,#7868,.F.);
#11502=ORIENTED_EDGE('',*,*,#7866,.F.);
#11503=ORIENTED_EDGE('',*,*,#7864,.F.);
#11504=ORIENTED_EDGE('',*,*,#7862,.F.);
#11505=ORIENTED_EDGE('',*,*,#7860,.F.);
#11506=ORIENTED_EDGE('',*,*,#7858,.F.);
#11507=ORIENTED_EDGE('',*,*,#7856,.F.);
#11508=ORIENTED_EDGE('',*,*,#7854,.F.);
#11509=ORIENTED_EDGE('',*,*,#7852,.F.);
#11510=ORIENTED_EDGE('',*,*,#7850,.F.);
#11511=ORIENTED_EDGE('',*,*,#7848,.F.);
#11512=ORIENTED_EDGE('',*,*,#7846,.F.);
#11513=ORIENTED_EDGE('',*,*,#7844,.F.);
#11514=ORIENTED_EDGE('',*,*,#7842,.F.);
#11515=ORIENTED_EDGE('',*,*,#7840,.F.);
#11516=ORIENTED_EDGE('',*,*,#7838,.F.);
#11517=ORIENTED_EDGE('',*,*,#7836,.F.);
#11518=ORIENTED_EDGE('',*,*,#7834,.F.);
#11519=ORIENTED_EDGE('',*,*,#7832,.F.);
#11520=ORIENTED_EDGE('',*,*,#7830,.F.);
#11521=ORIENTED_EDGE('',*,*,#7828,.F.);
#11522=ORIENTED_EDGE('',*,*,#7826,.F.);
#11523=ORIENTED_EDGE('',*,*,#7824,.F.);
#11524=ORIENTED_EDGE('',*,*,#7822,.F.);
#11525=ORIENTED_EDGE('',*,*,#7820,.F.);
#11526=ORIENTED_EDGE('',*,*,#7818,.F.);
#11527=ORIENTED_EDGE('',*,*,#7816,.F.);
#11528=ORIENTED_EDGE('',*,*,#7814,.F.);
#11529=ORIENTED_EDGE('',*,*,#7812,.F.);
#11530=ORIENTED_EDGE('',*,*,#7810,.F.);
#11531=ORIENTED_EDGE('',*,*,#7808,.F.);
#11532=ORIENTED_EDGE('',*,*,#7806,.F.);
#11533=ORIENTED_EDGE('',*,*,#7804,.F.);
#11534=ORIENTED_EDGE('',*,*,#7802,.F.);
#11535=ORIENTED_EDGE('',*,*,#7800,.F.);
#11536=ORIENTED_EDGE('',*,*,#7798,.F.);
#11537=ORIENTED_EDGE('',*,*,#7796,.F.);
#11538=ORIENTED_EDGE('',*,*,#7794,.F.);
#11539=ORIENTED_EDGE('',*,*,#7792,.F.);
#11540=ORIENTED_EDGE('',*,*,#7790,.F.);
#11541=ORIENTED_EDGE('',*,*,#7788,.F.);
#11542=ORIENTED_EDGE('',*,*,#7786,.F.);
#11543=ORIENTED_EDGE('',*,*,#7784,.F.);
#11544=ORIENTED_EDGE('',*,*,#7782,.F.);
#11545=ORIENTED_EDGE('',*,*,#7780,.F.);
#11546=ORIENTED_EDGE('',*,*,#7778,.F.);
#11547=ORIENTED_EDGE('',*,*,#7776,.F.);
#11548=ORIENTED_EDGE('',*,*,#7774,.F.);
#11549=ORIENTED_EDGE('',*,*,#7772,.F.);
#11550=ORIENTED_EDGE('',*,*,#7770,.F.);
#11551=ORIENTED_EDGE('',*,*,#7768,.F.);
#11552=ORIENTED_EDGE('',*,*,#7766,.F.);
#11553=ORIENTED_EDGE('',*,*,#7959,.F.);
#11554=ORIENTED_EDGE('',*,*,#7960,.F.);
#11555=ORIENTED_EDGE('',*,*,#7961,.F.);
#11556=ORIENTED_EDGE('',*,*,#7962,.F.);
#11557=ORIENTED_EDGE('',*,*,#7963,.T.);
#11558=ORIENTED_EDGE('',*,*,#7964,.T.);
#11559=ORIENTED_EDGE('',*,*,#7955,.F.);
#11560=ORIENTED_EDGE('',*,*,#7964,.F.);
#11561=ORIENTED_EDGE('',*,*,#7965,.T.);
#11562=ORIENTED_EDGE('',*,*,#7966,.T.);
#11563=ORIENTED_EDGE('',*,*,#7956,.F.);
#11564=ORIENTED_EDGE('',*,*,#7966,.F.);
#11565=ORIENTED_EDGE('',*,*,#7967,.T.);
#11566=ORIENTED_EDGE('',*,*,#7968,.T.);
#11567=ORIENTED_EDGE('',*,*,#7957,.F.);
#11568=ORIENTED_EDGE('',*,*,#7968,.F.);
#11569=ORIENTED_EDGE('',*,*,#7969,.T.);
#11570=ORIENTED_EDGE('',*,*,#7970,.T.);
#11571=ORIENTED_EDGE('',*,*,#7958,.F.);
#11572=ORIENTED_EDGE('',*,*,#7970,.F.);
#11573=ORIENTED_EDGE('',*,*,#7959,.T.);
#11574=ORIENTED_EDGE('',*,*,#7971,.T.);
#11575=ORIENTED_EDGE('',*,*,#7972,.F.);
#11576=ORIENTED_EDGE('',*,*,#7971,.F.);
#11577=ORIENTED_EDGE('',*,*,#7960,.T.);
#11578=ORIENTED_EDGE('',*,*,#7973,.T.);
#11579=ORIENTED_EDGE('',*,*,#7974,.F.);
#11580=ORIENTED_EDGE('',*,*,#7973,.F.);
#11581=ORIENTED_EDGE('',*,*,#7961,.T.);
#11582=ORIENTED_EDGE('',*,*,#7975,.T.);
#11583=ORIENTED_EDGE('',*,*,#7976,.F.);
#11584=ORIENTED_EDGE('',*,*,#7975,.F.);
#11585=ORIENTED_EDGE('',*,*,#7962,.T.);
#11586=ORIENTED_EDGE('',*,*,#7977,.T.);
#11587=ORIENTED_EDGE('',*,*,#7978,.F.);
#11588=ORIENTED_EDGE('',*,*,#7977,.F.);
#11589=ORIENTED_EDGE('',*,*,#7979,.T.);
#11590=ORIENTED_EDGE('',*,*,#7963,.F.);
#11591=ORIENTED_EDGE('',*,*,#7980,.T.);
#11592=ORIENTED_EDGE('',*,*,#7965,.F.);
#11593=ORIENTED_EDGE('',*,*,#7981,.T.);
#11594=ORIENTED_EDGE('',*,*,#7967,.F.);
#11595=ORIENTED_EDGE('',*,*,#7982,.T.);
#11596=ORIENTED_EDGE('',*,*,#7969,.F.);
#11597=ORIENTED_EDGE('',*,*,#7972,.T.);
#11598=ORIENTED_EDGE('',*,*,#7983,.F.);
#11599=ORIENTED_EDGE('',*,*,#7974,.T.);
#11600=ORIENTED_EDGE('',*,*,#7984,.F.);
#11601=ORIENTED_EDGE('',*,*,#7976,.T.);
#11602=ORIENTED_EDGE('',*,*,#7985,.F.);
#11603=ORIENTED_EDGE('',*,*,#7978,.T.);
#11604=ORIENTED_EDGE('',*,*,#7986,.F.);
#11605=ORIENTED_EDGE('',*,*,#7983,.T.);
#11606=ORIENTED_EDGE('',*,*,#7987,.T.);
#11607=ORIENTED_EDGE('',*,*,#7979,.F.);
#11608=ORIENTED_EDGE('',*,*,#7987,.F.);
#11609=ORIENTED_EDGE('',*,*,#7984,.T.);
#11610=ORIENTED_EDGE('',*,*,#7988,.T.);
#11611=ORIENTED_EDGE('',*,*,#7980,.F.);
#11612=ORIENTED_EDGE('',*,*,#7988,.F.);
#11613=ORIENTED_EDGE('',*,*,#7985,.T.);
#11614=ORIENTED_EDGE('',*,*,#7989,.T.);
#11615=ORIENTED_EDGE('',*,*,#7981,.F.);
#11616=ORIENTED_EDGE('',*,*,#7989,.F.);
#11617=ORIENTED_EDGE('',*,*,#7986,.T.);
#11618=ORIENTED_EDGE('',*,*,#7990,.T.);
#11619=ORIENTED_EDGE('',*,*,#7982,.F.);
#11620=ORIENTED_EDGE('',*,*,#7990,.F.);
#11621=PLANE('',#12876);
#11622=PLANE('',#12877);
#11623=PLANE('',#12878);
#11624=PLANE('',#12879);
#11625=PLANE('',#12880);
#11626=PLANE('',#12882);
#11627=PLANE('',#12883);
#11628=PLANE('',#12884);
#11629=PLANE('',#12885);
#11630=PLANE('',#12886);
#11631=PLANE('',#12887);
#11632=PLANE('',#12888);
#11633=PLANE('',#12889);
#11634=PLANE('',#12890);
#11635=PLANE('',#12891);
#11636=PLANE('',#12892);
#11637=PLANE('',#12893);
#11638=PLANE('',#12894);
#11639=PLANE('',#12895);
#11640=PLANE('',#12896);
#11641=PLANE('',#12897);
#11642=PLANE('',#12898);
#11643=PLANE('',#12899);
#11644=PLANE('',#12900);
#11645=PLANE('',#12901);
#11646=PLANE('',#12902);
#11647=PLANE('',#12903);
#11648=PLANE('',#12904);
#11649=PLANE('',#12905);
#11650=PLANE('',#12906);
#11651=PLANE('',#12907);
#11652=PLANE('',#12908);
#11653=PLANE('',#12909);
#11654=PLANE('',#12910);
#11655=PLANE('',#12911);
#11656=PLANE('',#12912);
#11657=PLANE('',#12913);
#11658=PLANE('',#12914);
#11659=PLANE('',#12915);
#11660=PLANE('',#12916);
#11661=PLANE('',#12917);
#11662=PLANE('',#12918);
#11663=PLANE('',#12919);
#11664=PLANE('',#12920);
#11665=PLANE('',#12921);
#11666=PLANE('',#12922);
#11667=PLANE('',#12923);
#11668=PLANE('',#12924);
#11669=PLANE('',#12925);
#11670=PLANE('',#12926);
#11671=PLANE('',#12927);
#11672=PLANE('',#12928);
#11673=PLANE('',#12929);
#11674=PLANE('',#12930);
#11675=PLANE('',#12931);
#11676=PLANE('',#12932);
#11677=PLANE('',#12933);
#11678=PLANE('',#12934);
#11679=PLANE('',#12935);
#11680=PLANE('',#12936);
#11681=PLANE('',#12937);
#11682=PLANE('',#12938);
#11683=PLANE('',#12939);
#11684=PLANE('',#12940);
#11685=PLANE('',#12941);
#11686=PLANE('',#12942);
#11687=PLANE('',#12943);
#11688=PLANE('',#12944);
#11689=PLANE('',#12945);
#11690=PLANE('',#12946);
#11691=PLANE('',#12947);
#11692=PLANE('',#12948);
#11693=PLANE('',#12949);
#11694=PLANE('',#12950);
#11695=PLANE('',#12951);
#11696=PLANE('',#12952);
#11697=PLANE('',#12953);
#11698=PLANE('',#12954);
#11699=PLANE('',#12955);
#11700=PLANE('',#12956);
#11701=PLANE('',#12957);
#11702=PLANE('',#12958);
#11703=PLANE('',#12959);
#11704=PLANE('',#12960);
#11705=PLANE('',#12961);
#11706=PLANE('',#12962);
#11707=PLANE('',#12963);
#11708=PLANE('',#12964);
#11709=PLANE('',#12965);
#11710=PLANE('',#12966);
#11711=PLANE('',#12967);
#11712=PLANE('',#12968);
#11713=PLANE('',#12969);
#11714=PLANE('',#12970);
#11715=PLANE('',#12971);
#11716=PLANE('',#12972);
#11717=PLANE('',#12973);
#11718=PLANE('',#12974);
#11719=PLANE('',#12975);
#11720=PLANE('',#12976);
#11721=PLANE('',#12977);
#11722=PLANE('',#12978);
#11723=PLANE('',#12979);
#11724=PLANE('',#12980);
#11725=PLANE('',#12981);
#11726=PLANE('',#12982);
#11727=PLANE('',#12983);
#11728=PLANE('',#12984);
#11729=PLANE('',#12985);
#11730=PLANE('',#12986);
#11731=PLANE('',#12987);
#11732=PLANE('',#12988);
#11733=PLANE('',#12989);
#11734=PLANE('',#12990);
#11735=PLANE('',#12991);
#11736=PLANE('',#12992);
#11737=PLANE('',#12993);
#11738=PLANE('',#12994);
#11739=PLANE('',#12995);
#11740=PLANE('',#12996);
#11741=PLANE('',#12997);
#11742=PLANE('',#12998);
#11743=PLANE('',#12999);
#11744=PLANE('',#13000);
#11745=PLANE('',#13001);
#11746=PLANE('',#13002);
#11747=PLANE('',#13003);
#11748=PLANE('',#13004);
#11749=PLANE('',#13005);
#11750=PLANE('',#13006);
#11751=PLANE('',#13007);
#11752=PLANE('',#13008);
#11753=PLANE('',#13009);
#11754=PLANE('',#13010);
#11755=PLANE('',#13011);
#11756=PLANE('',#13012);
#11757=PLANE('',#13013);
#11758=PLANE('',#13014);
#11759=PLANE('',#13015);
#11760=PLANE('',#13016);
#11761=PLANE('',#13017);
#11762=PLANE('',#13018);
#11763=PLANE('',#13019);
#11764=PLANE('',#13020);
#11765=PLANE('',#13021);
#11766=PLANE('',#13022);
#11767=PLANE('',#13023);
#11768=PLANE('',#13024);
#11769=PLANE('',#13025);
#11770=PLANE('',#13026);
#11771=PLANE('',#13027);
#11772=PLANE('',#13028);
#11773=PLANE('',#13029);
#11774=PLANE('',#13030);
#11775=PLANE('',#13031);
#11776=PLANE('',#13032);
#11777=PLANE('',#13033);
#11778=PLANE('',#13034);
#11779=PLANE('',#13035);
#11780=PLANE('',#13036);
#11781=PLANE('',#13037);
#11782=PLANE('',#13038);
#11783=PLANE('',#13039);
#11784=PLANE('',#13040);
#11785=PLANE('',#13041);
#11786=PLANE('',#13042);
#11787=PLANE('',#13043);
#11788=PLANE('',#13044);
#11789=PLANE('',#13045);
#11790=PLANE('',#13046);
#11791=PLANE('',#13047);
#11792=PLANE('',#13048);
#11793=PLANE('',#13049);
#11794=PLANE('',#13050);
#11795=PLANE('',#13051);
#11796=PLANE('',#13052);
#11797=PLANE('',#13053);
#11798=PLANE('',#13054);
#11799=PLANE('',#13055);
#11800=PLANE('',#13056);
#11801=PLANE('',#13057);
#11802=PLANE('',#13058);
#11803=PLANE('',#13059);
#11804=PLANE('',#13060);
#11805=PLANE('',#13061);
#11806=PLANE('',#13062);
#11807=PLANE('',#13063);
#11808=PLANE('',#13064);
#11809=PLANE('',#13065);
#11810=PLANE('',#13066);
#11811=PLANE('',#13067);
#11812=PLANE('',#13068);
#11813=PLANE('',#13069);
#11814=PLANE('',#13070);
#11815=PLANE('',#13071);
#11816=PLANE('',#13072);
#11817=PLANE('',#13073);
#11818=PLANE('',#13074);
#11819=PLANE('',#13077);
#11820=PLANE('',#13078);
#11821=PLANE('',#13079);
#11822=PLANE('',#13080);
#11823=PLANE('',#13081);
#11824=PLANE('',#13082);
#11825=PLANE('',#13083);
#11826=PLANE('',#13084);
#11827=PLANE('',#13085);
#11828=PLANE('',#13086);
#11829=PLANE('',#13087);
#11830=PLANE('',#13088);
#11831=PLANE('',#13089);
#11832=PLANE('',#13090);
#11833=PLANE('',#13091);
#11834=PLANE('',#13092);
#11835=PLANE('',#13093);
#11836=PLANE('',#13094);
#11837=PLANE('',#13095);
#11838=PLANE('',#13096);
#11839=PLANE('',#13097);
#11840=PLANE('',#13098);
#11841=PLANE('',#13099);
#11842=PLANE('',#13100);
#11843=PLANE('',#13101);
#11844=PLANE('',#13102);
#11845=PLANE('',#13103);
#11846=PLANE('',#13104);
#11847=PLANE('',#13105);
#11848=PLANE('',#13106);
#11849=PLANE('',#13107);
#11850=PLANE('',#13108);
#11851=PLANE('',#13109);
#11852=PLANE('',#13110);
#11853=PLANE('',#13111);
#11854=PLANE('',#13112);
#11855=PLANE('',#13113);
#11856=PLANE('',#13114);
#11857=PLANE('',#13115);
#11858=PLANE('',#13116);
#11859=PLANE('',#13117);
#11860=PLANE('',#13118);
#11861=PLANE('',#13119);
#11862=PLANE('',#13120);
#11863=PLANE('',#13121);
#11864=PLANE('',#13122);
#11865=PLANE('',#13123);
#11866=PLANE('',#13124);
#11867=PLANE('',#13125);
#11868=PLANE('',#13126);
#11869=PLANE('',#13127);
#11870=PLANE('',#13128);
#11871=PLANE('',#13129);
#11872=PLANE('',#13130);
#11873=PLANE('',#13131);
#11874=PLANE('',#13132);
#11875=PLANE('',#13133);
#11876=PLANE('',#13134);
#11877=PLANE('',#13135);
#11878=PLANE('',#13136);
#11879=PLANE('',#13137);
#11880=PLANE('',#13138);
#11881=PLANE('',#13139);
#11882=PLANE('',#13140);
#11883=PLANE('',#13141);
#11884=PLANE('',#13142);
#11885=PLANE('',#13143);
#11886=PLANE('',#13144);
#11887=PLANE('',#13145);
#11888=PLANE('',#13146);
#11889=PLANE('',#13147);
#11890=PLANE('',#13148);
#11891=PLANE('',#13149);
#11892=PLANE('',#13150);
#11893=PLANE('',#13151);
#11894=PLANE('',#13152);
#11895=PLANE('',#13153);
#11896=PLANE('',#13154);
#11897=PLANE('',#13155);
#11898=PLANE('',#13156);
#11899=PLANE('',#13157);
#11900=PLANE('',#13158);
#11901=PLANE('',#13159);
#11902=PLANE('',#13160);
#11903=PLANE('',#13161);
#11904=PLANE('',#13162);
#11905=PLANE('',#13163);
#11906=PLANE('',#13164);
#11907=PLANE('',#13165);
#11908=PLANE('',#13166);
#11909=PLANE('',#13167);
#11910=PLANE('',#13168);
#11911=PLANE('',#13169);
#11912=PLANE('',#13170);
#11913=PLANE('',#13171);
#11914=PLANE('',#13172);
#11915=PLANE('',#13173);
#11916=PLANE('',#13186);
#11917=PLANE('',#13188);
#11918=PLANE('',#13190);
#11919=PLANE('',#13192);
#11920=PLANE('',#13202);
#11921=PLANE('',#13203);
#11922=PLANE('',#13204);
#11923=PLANE('',#13205);
#11924=PLANE('',#13206);
#11925=PLANE('',#13207);
#11926=PLANE('',#13208);
#11927=PLANE('',#13209);
#11928=PLANE('',#13214);
#11929=PLANE('',#13215);
#11930=PLANE('',#13216);
#11931=PLANE('',#13217);
#11932=PLANE('',#13218);
#11933=PLANE('',#13219);
#11934=PLANE('',#13220);
#11935=PLANE('',#13221);
#11936=PLANE('',#13222);
#11937=PLANE('',#13223);
#11938=PLANE('',#13224);
#11939=PLANE('',#13225);
#11940=PLANE('',#13226);
#11941=PLANE('',#13227);
#11942=PLANE('',#13228);
#11943=PLANE('',#13229);
#11944=PLANE('',#13230);
#11945=PLANE('',#13231);
#11946=PLANE('',#13232);
#11947=PLANE('',#13233);
#11948=PLANE('',#13234);
#11949=PLANE('',#13235);
#11950=PLANE('',#13236);
#11951=PLANE('',#13237);
#11952=PLANE('',#13238);
#11953=PLANE('',#13239);
#11954=PLANE('',#13240);
#11955=PLANE('',#13241);
#11956=PLANE('',#13242);
#11957=PLANE('',#13243);
#11958=PLANE('',#13244);
#11959=PLANE('',#13245);
#11960=PLANE('',#13246);
#11961=PLANE('',#13247);
#11962=PLANE('',#13248);
#11963=PLANE('',#13249);
#11964=PLANE('',#13250);
#11965=PLANE('',#13251);
#11966=PLANE('',#13252);
#11967=PLANE('',#13253);
#11968=PLANE('',#13254);
#11969=PLANE('',#13255);
#11970=PLANE('',#13256);
#11971=PLANE('',#13257);
#11972=PLANE('',#13258);
#11973=PLANE('',#13259);
#11974=PLANE('',#13260);
#11975=PLANE('',#13261);
#11976=PLANE('',#13262);
#11977=PLANE('',#13263);
#11978=PLANE('',#13264);
#11979=PLANE('',#13265);
#11980=PLANE('',#13266);
#11981=PLANE('',#13267);
#11982=PLANE('',#13268);
#11983=PLANE('',#13269);
#11984=PLANE('',#13270);
#11985=PLANE('',#13271);
#11986=PLANE('',#13272);
#11987=PLANE('',#13273);
#11988=PLANE('',#13274);
#11989=PLANE('',#13275);
#11990=PLANE('',#13276);
#11991=PLANE('',#13277);
#11992=PLANE('',#13278);
#11993=PLANE('',#13279);
#11994=PLANE('',#13280);
#11995=PLANE('',#13281);
#11996=PLANE('',#13282);
#11997=PLANE('',#13283);
#11998=PLANE('',#13284);
#11999=PLANE('',#13285);
#12000=PLANE('',#13286);
#12001=PLANE('',#13287);
#12002=PLANE('',#13288);
#12003=PLANE('',#13289);
#12004=PLANE('',#13290);
#12005=PLANE('',#13291);
#12006=PLANE('',#13292);
#12007=PLANE('',#13293);
#12008=PLANE('',#13294);
#12009=PLANE('',#13295);
#12010=PLANE('',#13296);
#12011=PLANE('',#13297);
#12012=PLANE('',#13298);
#12013=PLANE('',#13299);
#12014=PLANE('',#13300);
#12015=PLANE('',#13301);
#12016=PLANE('',#13302);
#12017=PLANE('',#13303);
#12018=PLANE('',#13304);
#12019=PLANE('',#13305);
#12020=PLANE('',#13306);
#12021=PLANE('',#13307);
#12022=PLANE('',#13308);
#12023=PLANE('',#13309);
#12024=PLANE('',#13310);
#12025=PLANE('',#13311);
#12026=PLANE('',#13312);
#12027=PLANE('',#13313);
#12028=PLANE('',#13314);
#12029=PLANE('',#13315);
#12030=PLANE('',#13316);
#12031=PLANE('',#13317);
#12032=PLANE('',#13318);
#12033=PLANE('',#13319);
#12034=PLANE('',#13320);
#12035=PLANE('',#13321);
#12036=PLANE('',#13322);
#12037=PLANE('',#13323);
#12038=PLANE('',#13324);
#12039=PLANE('',#13325);
#12040=PLANE('',#13326);
#12041=PLANE('',#13327);
#12042=PLANE('',#13328);
#12043=PLANE('',#13329);
#12044=PLANE('',#13330);
#12045=PLANE('',#13331);
#12046=PLANE('',#13332);
#12047=PLANE('',#13333);
#12048=PLANE('',#13334);
#12049=PLANE('',#13335);
#12050=PLANE('',#13336);
#12051=PLANE('',#13337);
#12052=PLANE('',#13338);
#12053=PLANE('',#13339);
#12054=PLANE('',#13340);
#12055=PLANE('',#13341);
#12056=PLANE('',#13342);
#12057=PLANE('',#13343);
#12058=PLANE('',#13344);
#12059=PLANE('',#13345);
#12060=PLANE('',#13346);
#12061=PLANE('',#13347);
#12062=PLANE('',#13348);
#12063=PLANE('',#13349);
#12064=PLANE('',#13350);
#12065=PLANE('',#13351);
#12066=PLANE('',#13352);
#12067=PLANE('',#13353);
#12068=PLANE('',#13354);
#12069=PLANE('',#13355);
#12070=PLANE('',#13356);
#12071=PLANE('',#13357);
#12072=PLANE('',#13358);
#12073=PLANE('',#13359);
#12074=PLANE('',#13360);
#12075=PLANE('',#13361);
#12076=PLANE('',#13362);
#12077=PLANE('',#13363);
#12078=PLANE('',#13364);
#12079=PLANE('',#13365);
#12080=PLANE('',#13366);
#12081=PLANE('',#13367);
#12082=PLANE('',#13368);
#12083=PLANE('',#13369);
#12084=PLANE('',#13370);
#12085=PLANE('',#13371);
#12086=PLANE('',#13372);
#12087=PLANE('',#13373);
#12088=PLANE('',#13374);
#12089=PLANE('',#13375);
#12090=PLANE('',#13376);
#12091=PLANE('',#13377);
#12092=PLANE('',#13378);
#12093=PLANE('',#13379);
#12094=PLANE('',#13380);
#12095=PLANE('',#13381);
#12096=PLANE('',#13382);
#12097=PLANE('',#13383);
#12098=PLANE('',#13384);
#12099=PLANE('',#13385);
#12100=PLANE('',#13386);
#12101=PLANE('',#13387);
#12102=PLANE('',#13388);
#12103=PLANE('',#13389);
#12104=PLANE('',#13390);
#12105=PLANE('',#13391);
#12106=PLANE('',#13392);
#12107=PLANE('',#13393);
#12108=PLANE('',#13394);
#12109=PLANE('',#13395);
#12110=PLANE('',#13396);
#12111=PLANE('',#13397);
#12112=PLANE('',#13398);
#12113=PLANE('',#13399);
#12114=PLANE('',#13400);
#12115=PLANE('',#13401);
#12116=PLANE('',#13402);
#12117=PLANE('',#13403);
#12118=PLANE('',#13412);
#12119=PLANE('',#13413);
#12120=PLANE('',#13414);
#12121=PLANE('',#13415);
#12122=PLANE('',#13416);
#12123=PLANE('',#13417);
#12124=PLANE('',#13418);
#12125=PLANE('',#13419);
#12126=PLANE('',#13420);
#12127=PLANE('',#13421);
#12128=PLANE('',#13422);
#12129=PLANE('',#13423);
#12130=PLANE('',#13424);
#12131=PLANE('',#13425);
#12132=PLANE('',#13426);
#12133=PLANE('',#13427);
#12134=PLANE('',#13428);
#12135=PLANE('',#13429);
#12136=PLANE('',#13430);
#12137=PLANE('',#13431);
#12138=PLANE('',#13432);
#12139=PLANE('',#13433);
#12140=PLANE('',#13434);
#12141=PLANE('',#13435);
#12142=PLANE('',#13436);
#12143=PLANE('',#13437);
#12144=PLANE('',#13438);
#12145=PLANE('',#13439);
#12146=PLANE('',#13440);
#12147=PLANE('',#13441);
#12148=PLANE('',#13442);
#12149=PLANE('',#13443);
#12150=PLANE('',#13444);
#12151=PLANE('',#13445);
#12152=PLANE('',#13446);
#12153=PLANE('',#13447);
#12154=PLANE('',#13448);
#12155=PLANE('',#13449);
#12156=PLANE('',#13450);
#12157=PLANE('',#13451);
#12158=PLANE('',#13452);
#12159=PLANE('',#13453);
#12160=PLANE('',#13454);
#12161=PLANE('',#13455);
#12162=PLANE('',#13456);
#12163=PLANE('',#13457);
#12164=PLANE('',#13458);
#12165=PLANE('',#13459);
#12166=PLANE('',#13460);
#12167=PLANE('',#13461);
#12168=PLANE('',#13462);
#12169=PLANE('',#13463);
#12170=PLANE('',#13464);
#12171=PLANE('',#13465);
#12172=PLANE('',#13466);
#12173=PLANE('',#13467);
#12174=PLANE('',#13468);
#12175=PLANE('',#13469);
#12176=PLANE('',#13470);
#12177=PLANE('',#13471);
#12178=PLANE('',#13472);
#12179=PLANE('',#13473);
#12180=PLANE('',#13474);
#12181=PLANE('',#13475);
#12182=PLANE('',#13476);
#12183=PLANE('',#13477);
#12184=PLANE('',#13478);
#12185=PLANE('',#13479);
#12186=PLANE('',#13480);
#12187=PLANE('',#13481);
#12188=PLANE('',#13482);
#12189=PLANE('',#13483);
#12190=PLANE('',#13484);
#12191=PLANE('',#13485);
#12192=PLANE('',#13486);
#12193=PLANE('',#13487);
#12194=PLANE('',#13488);
#12195=PLANE('',#13489);
#12196=PLANE('',#13490);
#12197=PLANE('',#13491);
#12198=PLANE('',#13492);
#12199=PLANE('',#13493);
#12200=PLANE('',#13494);
#12201=PLANE('',#13495);
#12202=PLANE('',#13496);
#12203=PLANE('',#13497);
#12204=PLANE('',#13498);
#12205=PLANE('',#13499);
#12206=PLANE('',#13500);
#12207=PLANE('',#13501);
#12208=PLANE('',#13502);
#12209=PLANE('',#13503);
#12210=PLANE('',#13504);
#12211=PLANE('',#13505);
#12212=PLANE('',#13506);
#12213=PLANE('',#13507);
#12214=PLANE('',#13508);
#12215=PLANE('',#13509);
#12216=PLANE('',#13511);
#12217=PLANE('',#13513);
#12218=PLANE('',#13515);
#12219=PLANE('',#13517);
#12220=PLANE('',#13538);
#12221=PLANE('',#13540);
#12222=PLANE('',#13542);
#12223=PLANE('',#13544);
#12224=PLANE('',#13546);
#12225=PLANE('',#13548);
#12226=PLANE('',#13550);
#12227=PLANE('',#13552);
#12228=ADVANCED_FACE('',(#135),#11621,.T.);
#12229=ADVANCED_FACE('',(#136),#11622,.T.);
#12230=ADVANCED_FACE('',(#137),#11623,.T.);
#12231=ADVANCED_FACE('',(#138,#98),#11624,.T.);
#12232=ADVANCED_FACE('',(#139,#99,#100),#11625,.F.);
#12233=ADVANCED_FACE('',(#140),#11626,.T.);
#12234=ADVANCED_FACE('',(#141),#11627,.T.);
#12235=ADVANCED_FACE('',(#142),#11628,.T.);
#12236=ADVANCED_FACE('',(#143),#11629,.T.);
#12237=ADVANCED_FACE('',(#144),#11630,.T.);
#12238=ADVANCED_FACE('',(#145),#11631,.T.);
#12239=ADVANCED_FACE('',(#146),#11632,.T.);
#12240=ADVANCED_FACE('',(#147),#11633,.T.);
#12241=ADVANCED_FACE('',(#148),#11634,.T.);
#12242=ADVANCED_FACE('',(#149),#11635,.T.);
#12243=ADVANCED_FACE('',(#150),#11636,.T.);
#12244=ADVANCED_FACE('',(#151),#11637,.T.);
#12245=ADVANCED_FACE('',(#152),#11638,.T.);
#12246=ADVANCED_FACE('',(#153),#11639,.T.);
#12247=ADVANCED_FACE('',(#154),#11640,.T.);
#12248=ADVANCED_FACE('',(#155),#11641,.T.);
#12249=ADVANCED_FACE('',(#156),#11642,.T.);
#12250=ADVANCED_FACE('',(#157),#11643,.T.);
#12251=ADVANCED_FACE('',(#158),#11644,.T.);
#12252=ADVANCED_FACE('',(#159),#11645,.T.);
#12253=ADVANCED_FACE('',(#160),#11646,.T.);
#12254=ADVANCED_FACE('',(#161),#11647,.T.);
#12255=ADVANCED_FACE('',(#162),#11648,.T.);
#12256=ADVANCED_FACE('',(#163),#11649,.T.);
#12257=ADVANCED_FACE('',(#164),#11650,.T.);
#12258=ADVANCED_FACE('',(#165),#11651,.T.);
#12259=ADVANCED_FACE('',(#166),#11652,.T.);
#12260=ADVANCED_FACE('',(#167),#11653,.T.);
#12261=ADVANCED_FACE('',(#168),#11654,.T.);
#12262=ADVANCED_FACE('',(#169),#11655,.T.);
#12263=ADVANCED_FACE('',(#170),#11656,.T.);
#12264=ADVANCED_FACE('',(#171),#11657,.T.);
#12265=ADVANCED_FACE('',(#172),#11658,.T.);
#12266=ADVANCED_FACE('',(#173),#11659,.T.);
#12267=ADVANCED_FACE('',(#174),#11660,.T.);
#12268=ADVANCED_FACE('',(#175),#11661,.T.);
#12269=ADVANCED_FACE('',(#176),#11662,.T.);
#12270=ADVANCED_FACE('',(#177),#11663,.T.);
#12271=ADVANCED_FACE('',(#178),#11664,.T.);
#12272=ADVANCED_FACE('',(#179),#11665,.T.);
#12273=ADVANCED_FACE('',(#180),#11666,.T.);
#12274=ADVANCED_FACE('',(#181),#11667,.T.);
#12275=ADVANCED_FACE('',(#182),#11668,.T.);
#12276=ADVANCED_FACE('',(#183),#11669,.T.);
#12277=ADVANCED_FACE('',(#184),#11670,.T.);
#12278=ADVANCED_FACE('',(#185),#11671,.T.);
#12279=ADVANCED_FACE('',(#186),#11672,.T.);
#12280=ADVANCED_FACE('',(#187),#11673,.T.);
#12281=ADVANCED_FACE('',(#188),#11674,.T.);
#12282=ADVANCED_FACE('',(#189),#11675,.T.);
#12283=ADVANCED_FACE('',(#190),#11676,.T.);
#12284=ADVANCED_FACE('',(#191),#11677,.T.);
#12285=ADVANCED_FACE('',(#192),#11678,.T.);
#12286=ADVANCED_FACE('',(#193),#11679,.T.);
#12287=ADVANCED_FACE('',(#194),#11680,.T.);
#12288=ADVANCED_FACE('',(#195),#11681,.T.);
#12289=ADVANCED_FACE('',(#196),#11682,.T.);
#12290=ADVANCED_FACE('',(#197),#11683,.T.);
#12291=ADVANCED_FACE('',(#198),#11684,.T.);
#12292=ADVANCED_FACE('',(#199),#11685,.T.);
#12293=ADVANCED_FACE('',(#200),#11686,.T.);
#12294=ADVANCED_FACE('',(#201),#11687,.T.);
#12295=ADVANCED_FACE('',(#202),#11688,.T.);
#12296=ADVANCED_FACE('',(#203),#11689,.T.);
#12297=ADVANCED_FACE('',(#204),#11690,.T.);
#12298=ADVANCED_FACE('',(#205),#11691,.T.);
#12299=ADVANCED_FACE('',(#206),#11692,.T.);
#12300=ADVANCED_FACE('',(#207),#11693,.T.);
#12301=ADVANCED_FACE('',(#208),#11694,.T.);
#12302=ADVANCED_FACE('',(#209),#11695,.T.);
#12303=ADVANCED_FACE('',(#210),#11696,.T.);
#12304=ADVANCED_FACE('',(#211),#11697,.T.);
#12305=ADVANCED_FACE('',(#212),#11698,.T.);
#12306=ADVANCED_FACE('',(#213),#11699,.T.);
#12307=ADVANCED_FACE('',(#214),#11700,.T.);
#12308=ADVANCED_FACE('',(#215),#11701,.T.);
#12309=ADVANCED_FACE('',(#216),#11702,.T.);
#12310=ADVANCED_FACE('',(#217),#11703,.T.);
#12311=ADVANCED_FACE('',(#218),#11704,.T.);
#12312=ADVANCED_FACE('',(#219),#11705,.T.);
#12313=ADVANCED_FACE('',(#220),#11706,.T.);
#12314=ADVANCED_FACE('',(#221),#11707,.T.);
#12315=ADVANCED_FACE('',(#222),#11708,.T.);
#12316=ADVANCED_FACE('',(#223),#11709,.T.);
#12317=ADVANCED_FACE('',(#224),#11710,.T.);
#12318=ADVANCED_FACE('',(#225),#11711,.T.);
#12319=ADVANCED_FACE('',(#226),#11712,.T.);
#12320=ADVANCED_FACE('',(#227),#11713,.T.);
#12321=ADVANCED_FACE('',(#228),#11714,.T.);
#12322=ADVANCED_FACE('',(#229),#11715,.T.);
#12323=ADVANCED_FACE('',(#230),#11716,.T.);
#12324=ADVANCED_FACE('',(#231,#101),#11717,.T.);
#12325=ADVANCED_FACE('',(#232),#11718,.T.);
#12326=ADVANCED_FACE('',(#233),#11719,.F.);
#12327=ADVANCED_FACE('',(#234),#11720,.F.);
#12328=ADVANCED_FACE('',(#235),#11721,.F.);
#12329=ADVANCED_FACE('',(#236),#11722,.F.);
#12330=ADVANCED_FACE('',(#237),#11723,.F.);
#12331=ADVANCED_FACE('',(#238),#11724,.F.);
#12332=ADVANCED_FACE('',(#239),#11725,.F.);
#12333=ADVANCED_FACE('',(#240),#11726,.F.);
#12334=ADVANCED_FACE('',(#241),#11727,.F.);
#12335=ADVANCED_FACE('',(#242),#11728,.F.);
#12336=ADVANCED_FACE('',(#243),#11729,.F.);
#12337=ADVANCED_FACE('',(#244),#11730,.F.);
#12338=ADVANCED_FACE('',(#245),#11731,.F.);
#12339=ADVANCED_FACE('',(#246),#11732,.F.);
#12340=ADVANCED_FACE('',(#247),#11733,.F.);
#12341=ADVANCED_FACE('',(#248),#11734,.F.);
#12342=ADVANCED_FACE('',(#249),#11735,.F.);
#12343=ADVANCED_FACE('',(#250),#11736,.F.);
#12344=ADVANCED_FACE('',(#251),#11737,.F.);
#12345=ADVANCED_FACE('',(#252),#11738,.F.);
#12346=ADVANCED_FACE('',(#253),#11739,.F.);
#12347=ADVANCED_FACE('',(#254),#11740,.F.);
#12348=ADVANCED_FACE('',(#255),#11741,.F.);
#12349=ADVANCED_FACE('',(#256),#11742,.F.);
#12350=ADVANCED_FACE('',(#257),#11743,.F.);
#12351=ADVANCED_FACE('',(#258),#11744,.F.);
#12352=ADVANCED_FACE('',(#259),#11745,.F.);
#12353=ADVANCED_FACE('',(#260),#11746,.F.);
#12354=ADVANCED_FACE('',(#261),#11747,.F.);
#12355=ADVANCED_FACE('',(#262),#11748,.F.);
#12356=ADVANCED_FACE('',(#263),#11749,.F.);
#12357=ADVANCED_FACE('',(#264),#11750,.F.);
#12358=ADVANCED_FACE('',(#265),#11751,.F.);
#12359=ADVANCED_FACE('',(#266),#11752,.F.);
#12360=ADVANCED_FACE('',(#267),#11753,.F.);
#12361=ADVANCED_FACE('',(#268),#11754,.F.);
#12362=ADVANCED_FACE('',(#269),#11755,.F.);
#12363=ADVANCED_FACE('',(#270),#11756,.F.);
#12364=ADVANCED_FACE('',(#271),#11757,.F.);
#12365=ADVANCED_FACE('',(#272),#11758,.F.);
#12366=ADVANCED_FACE('',(#273),#11759,.F.);
#12367=ADVANCED_FACE('',(#274),#11760,.F.);
#12368=ADVANCED_FACE('',(#275),#11761,.F.);
#12369=ADVANCED_FACE('',(#276),#11762,.F.);
#12370=ADVANCED_FACE('',(#277),#11763,.F.);
#12371=ADVANCED_FACE('',(#278),#11764,.F.);
#12372=ADVANCED_FACE('',(#279),#11765,.F.);
#12373=ADVANCED_FACE('',(#280),#11766,.F.);
#12374=ADVANCED_FACE('',(#281),#11767,.F.);
#12375=ADVANCED_FACE('',(#282),#11768,.F.);
#12376=ADVANCED_FACE('',(#283),#11769,.F.);
#12377=ADVANCED_FACE('',(#284),#11770,.F.);
#12378=ADVANCED_FACE('',(#285),#11771,.F.);
#12379=ADVANCED_FACE('',(#286),#11772,.F.);
#12380=ADVANCED_FACE('',(#287),#11773,.F.);
#12381=ADVANCED_FACE('',(#288),#11774,.F.);
#12382=ADVANCED_FACE('',(#289),#11775,.F.);
#12383=ADVANCED_FACE('',(#290),#11776,.F.);
#12384=ADVANCED_FACE('',(#291),#11777,.F.);
#12385=ADVANCED_FACE('',(#292),#11778,.F.);
#12386=ADVANCED_FACE('',(#293),#11779,.F.);
#12387=ADVANCED_FACE('',(#294),#11780,.F.);
#12388=ADVANCED_FACE('',(#295),#11781,.F.);
#12389=ADVANCED_FACE('',(#296),#11782,.F.);
#12390=ADVANCED_FACE('',(#297),#11783,.F.);
#12391=ADVANCED_FACE('',(#298),#11784,.F.);
#12392=ADVANCED_FACE('',(#299),#11785,.F.);
#12393=ADVANCED_FACE('',(#300),#11786,.F.);
#12394=ADVANCED_FACE('',(#301),#11787,.F.);
#12395=ADVANCED_FACE('',(#302),#11788,.F.);
#12396=ADVANCED_FACE('',(#303),#11789,.F.);
#12397=ADVANCED_FACE('',(#304),#11790,.F.);
#12398=ADVANCED_FACE('',(#305),#11791,.F.);
#12399=ADVANCED_FACE('',(#306),#11792,.F.);
#12400=ADVANCED_FACE('',(#307),#11793,.F.);
#12401=ADVANCED_FACE('',(#308),#11794,.F.);
#12402=ADVANCED_FACE('',(#309),#11795,.F.);
#12403=ADVANCED_FACE('',(#310),#11796,.F.);
#12404=ADVANCED_FACE('',(#311),#11797,.F.);
#12405=ADVANCED_FACE('',(#312),#11798,.F.);
#12406=ADVANCED_FACE('',(#313),#11799,.F.);
#12407=ADVANCED_FACE('',(#314),#11800,.F.);
#12408=ADVANCED_FACE('',(#315),#11801,.F.);
#12409=ADVANCED_FACE('',(#316),#11802,.F.);
#12410=ADVANCED_FACE('',(#317),#11803,.F.);
#12411=ADVANCED_FACE('',(#318),#11804,.F.);
#12412=ADVANCED_FACE('',(#319),#11805,.F.);
#12413=ADVANCED_FACE('',(#320),#11806,.F.);
#12414=ADVANCED_FACE('',(#321),#11807,.F.);
#12415=ADVANCED_FACE('',(#322),#11808,.F.);
#12416=ADVANCED_FACE('',(#323),#11809,.F.);
#12417=ADVANCED_FACE('',(#324),#11810,.F.);
#12418=ADVANCED_FACE('',(#325),#11811,.F.);
#12419=ADVANCED_FACE('',(#326),#11812,.F.);
#12420=ADVANCED_FACE('',(#327),#11813,.F.);
#12421=ADVANCED_FACE('',(#328,#102),#11814,.F.);
#12422=ADVANCED_FACE('',(#329),#11815,.F.);
#12423=ADVANCED_FACE('',(#330),#11816,.F.);
#12424=ADVANCED_FACE('',(#331),#11817,.F.);
#12425=ADVANCED_FACE('',(#332),#11818,.F.);
#12426=ADVANCED_FACE('',(#333),#23,.F.);
#12427=ADVANCED_FACE('',(#334),#11819,.F.);
#12428=ADVANCED_FACE('',(#335),#11820,.F.);
#12429=ADVANCED_FACE('',(#336),#11821,.F.);
#12430=ADVANCED_FACE('',(#337),#11822,.F.);
#12431=ADVANCED_FACE('',(#338),#11823,.F.);
#12432=ADVANCED_FACE('',(#339),#11824,.F.);
#12433=ADVANCED_FACE('',(#340),#11825,.F.);
#12434=ADVANCED_FACE('',(#341),#11826,.F.);
#12435=ADVANCED_FACE('',(#342),#11827,.F.);
#12436=ADVANCED_FACE('',(#343),#11828,.F.);
#12437=ADVANCED_FACE('',(#344),#11829,.F.);
#12438=ADVANCED_FACE('',(#345),#11830,.F.);
#12439=ADVANCED_FACE('',(#346),#11831,.F.);
#12440=ADVANCED_FACE('',(#347),#11832,.F.);
#12441=ADVANCED_FACE('',(#348),#11833,.F.);
#12442=ADVANCED_FACE('',(#349),#11834,.F.);
#12443=ADVANCED_FACE('',(#350),#11835,.F.);
#12444=ADVANCED_FACE('',(#351),#11836,.F.);
#12445=ADVANCED_FACE('',(#352),#11837,.F.);
#12446=ADVANCED_FACE('',(#353),#11838,.F.);
#12447=ADVANCED_FACE('',(#354),#11839,.F.);
#12448=ADVANCED_FACE('',(#355),#11840,.F.);
#12449=ADVANCED_FACE('',(#356),#11841,.F.);
#12450=ADVANCED_FACE('',(#357),#11842,.F.);
#12451=ADVANCED_FACE('',(#358),#11843,.F.);
#12452=ADVANCED_FACE('',(#359),#11844,.F.);
#12453=ADVANCED_FACE('',(#360),#11845,.F.);
#12454=ADVANCED_FACE('',(#361),#11846,.F.);
#12455=ADVANCED_FACE('',(#362),#11847,.F.);
#12456=ADVANCED_FACE('',(#363),#11848,.F.);
#12457=ADVANCED_FACE('',(#364),#11849,.F.);
#12458=ADVANCED_FACE('',(#365),#11850,.F.);
#12459=ADVANCED_FACE('',(#366),#11851,.F.);
#12460=ADVANCED_FACE('',(#367),#11852,.F.);
#12461=ADVANCED_FACE('',(#368),#11853,.F.);
#12462=ADVANCED_FACE('',(#369),#11854,.F.);
#12463=ADVANCED_FACE('',(#370),#11855,.F.);
#12464=ADVANCED_FACE('',(#371),#11856,.F.);
#12465=ADVANCED_FACE('',(#372),#11857,.F.);
#12466=ADVANCED_FACE('',(#373),#11858,.F.);
#12467=ADVANCED_FACE('',(#374),#11859,.F.);
#12468=ADVANCED_FACE('',(#375),#11860,.F.);
#12469=ADVANCED_FACE('',(#376),#11861,.F.);
#12470=ADVANCED_FACE('',(#377),#11862,.F.);
#12471=ADVANCED_FACE('',(#378),#11863,.F.);
#12472=ADVANCED_FACE('',(#379),#11864,.F.);
#12473=ADVANCED_FACE('',(#380),#11865,.F.);
#12474=ADVANCED_FACE('',(#381),#11866,.F.);
#12475=ADVANCED_FACE('',(#382),#11867,.F.);
#12476=ADVANCED_FACE('',(#383),#11868,.F.);
#12477=ADVANCED_FACE('',(#384),#11869,.F.);
#12478=ADVANCED_FACE('',(#385),#11870,.F.);
#12479=ADVANCED_FACE('',(#386),#11871,.F.);
#12480=ADVANCED_FACE('',(#387),#11872,.F.);
#12481=ADVANCED_FACE('',(#388),#11873,.F.);
#12482=ADVANCED_FACE('',(#389),#11874,.F.);
#12483=ADVANCED_FACE('',(#390),#11875,.F.);
#12484=ADVANCED_FACE('',(#391),#11876,.F.);
#12485=ADVANCED_FACE('',(#392),#11877,.F.);
#12486=ADVANCED_FACE('',(#393),#11878,.F.);
#12487=ADVANCED_FACE('',(#394),#11879,.F.);
#12488=ADVANCED_FACE('',(#395),#11880,.F.);
#12489=ADVANCED_FACE('',(#396),#11881,.F.);
#12490=ADVANCED_FACE('',(#397),#11882,.F.);
#12491=ADVANCED_FACE('',(#398),#11883,.F.);
#12492=ADVANCED_FACE('',(#399),#11884,.F.);
#12493=ADVANCED_FACE('',(#400),#11885,.F.);
#12494=ADVANCED_FACE('',(#401),#11886,.F.);
#12495=ADVANCED_FACE('',(#402),#11887,.F.);
#12496=ADVANCED_FACE('',(#403),#11888,.F.);
#12497=ADVANCED_FACE('',(#404),#11889,.F.);
#12498=ADVANCED_FACE('',(#405),#11890,.F.);
#12499=ADVANCED_FACE('',(#406),#11891,.F.);
#12500=ADVANCED_FACE('',(#407),#11892,.F.);
#12501=ADVANCED_FACE('',(#408),#11893,.F.);
#12502=ADVANCED_FACE('',(#409),#11894,.F.);
#12503=ADVANCED_FACE('',(#410),#11895,.F.);
#12504=ADVANCED_FACE('',(#411),#11896,.F.);
#12505=ADVANCED_FACE('',(#412),#11897,.F.);
#12506=ADVANCED_FACE('',(#413),#11898,.F.);
#12507=ADVANCED_FACE('',(#414),#11899,.F.);
#12508=ADVANCED_FACE('',(#415),#11900,.F.);
#12509=ADVANCED_FACE('',(#416),#11901,.F.);
#12510=ADVANCED_FACE('',(#417),#11902,.F.);
#12511=ADVANCED_FACE('',(#418),#11903,.F.);
#12512=ADVANCED_FACE('',(#419),#11904,.F.);
#12513=ADVANCED_FACE('',(#420),#11905,.F.);
#12514=ADVANCED_FACE('',(#421),#11906,.F.);
#12515=ADVANCED_FACE('',(#422),#11907,.F.);
#12516=ADVANCED_FACE('',(#423),#11908,.F.);
#12517=ADVANCED_FACE('',(#424),#11909,.F.);
#12518=ADVANCED_FACE('',(#425),#11910,.F.);
#12519=ADVANCED_FACE('',(#426),#11911,.F.);
#12520=ADVANCED_FACE('',(#427),#11912,.F.);
#12521=ADVANCED_FACE('',(#428),#11913,.F.);
#12522=ADVANCED_FACE('',(#429),#11914,.F.);
#12523=ADVANCED_FACE('',(#430,#103,#104,#105,#106,#107,#108),#11915,.T.);
#12524=ADVANCED_FACE('',(#431),#24,.T.);
#12525=ADVANCED_FACE('',(#432),#25,.T.);
#12526=ADVANCED_FACE('',(#433),#26,.T.);
#12527=ADVANCED_FACE('',(#434),#27,.T.);
#12528=ADVANCED_FACE('',(#435,#109),#11916,.F.);
#12529=ADVANCED_FACE('',(#436,#110),#11917,.F.);
#12530=ADVANCED_FACE('',(#437,#111),#11918,.F.);
#12531=ADVANCED_FACE('',(#438,#112),#11919,.F.);
#12532=ADVANCED_FACE('',(#439),#28,.F.);
#12533=ADVANCED_FACE('',(#440),#29,.F.);
#12534=ADVANCED_FACE('',(#441),#30,.F.);
#12535=ADVANCED_FACE('',(#442),#31,.F.);
#12536=ADVANCED_FACE('',(#443),#11920,.F.);
#12537=ADVANCED_FACE('',(#444),#11921,.F.);
#12538=ADVANCED_FACE('',(#445),#11922,.F.);
#12539=ADVANCED_FACE('',(#446),#11923,.F.);
#12540=ADVANCED_FACE('',(#447),#11924,.T.);
#12541=ADVANCED_FACE('',(#448),#11925,.T.);
#12542=ADVANCED_FACE('',(#449),#11926,.T.);
#12543=ADVANCED_FACE('',(#450,#113,#114,#115,#116),#11927,.T.);
#12544=ADVANCED_FACE('',(#451,#117),#11928,.F.);
#12545=ADVANCED_FACE('',(#452),#11929,.T.);
#12546=ADVANCED_FACE('',(#453),#11930,.T.);
#12547=ADVANCED_FACE('',(#454),#11931,.T.);
#12548=ADVANCED_FACE('',(#455),#11932,.T.);
#12549=ADVANCED_FACE('',(#456),#11933,.T.);
#12550=ADVANCED_FACE('',(#457),#11934,.T.);
#12551=ADVANCED_FACE('',(#458),#11935,.T.);
#12552=ADVANCED_FACE('',(#459),#11936,.T.);
#12553=ADVANCED_FACE('',(#460),#11937,.T.);
#12554=ADVANCED_FACE('',(#461),#11938,.T.);
#12555=ADVANCED_FACE('',(#462),#11939,.T.);
#12556=ADVANCED_FACE('',(#463),#11940,.T.);
#12557=ADVANCED_FACE('',(#464),#11941,.T.);
#12558=ADVANCED_FACE('',(#465),#11942,.T.);
#12559=ADVANCED_FACE('',(#466),#11943,.T.);
#12560=ADVANCED_FACE('',(#467),#11944,.T.);
#12561=ADVANCED_FACE('',(#468),#11945,.T.);
#12562=ADVANCED_FACE('',(#469),#11946,.T.);
#12563=ADVANCED_FACE('',(#470),#11947,.T.);
#12564=ADVANCED_FACE('',(#471),#11948,.T.);
#12565=ADVANCED_FACE('',(#472),#11949,.T.);
#12566=ADVANCED_FACE('',(#473),#11950,.T.);
#12567=ADVANCED_FACE('',(#474),#11951,.T.);
#12568=ADVANCED_FACE('',(#475),#11952,.T.);
#12569=ADVANCED_FACE('',(#476),#11953,.T.);
#12570=ADVANCED_FACE('',(#477),#11954,.T.);
#12571=ADVANCED_FACE('',(#478),#11955,.T.);
#12572=ADVANCED_FACE('',(#479),#11956,.T.);
#12573=ADVANCED_FACE('',(#480),#11957,.T.);
#12574=ADVANCED_FACE('',(#481),#11958,.T.);
#12575=ADVANCED_FACE('',(#482),#11959,.T.);
#12576=ADVANCED_FACE('',(#483),#11960,.T.);
#12577=ADVANCED_FACE('',(#484),#11961,.T.);
#12578=ADVANCED_FACE('',(#485),#11962,.T.);
#12579=ADVANCED_FACE('',(#486),#11963,.T.);
#12580=ADVANCED_FACE('',(#487),#11964,.T.);
#12581=ADVANCED_FACE('',(#488),#11965,.T.);
#12582=ADVANCED_FACE('',(#489),#11966,.T.);
#12583=ADVANCED_FACE('',(#490),#11967,.T.);
#12584=ADVANCED_FACE('',(#491),#11968,.T.);
#12585=ADVANCED_FACE('',(#492),#11969,.T.);
#12586=ADVANCED_FACE('',(#493),#11970,.T.);
#12587=ADVANCED_FACE('',(#494),#11971,.T.);
#12588=ADVANCED_FACE('',(#495),#11972,.T.);
#12589=ADVANCED_FACE('',(#496),#11973,.T.);
#12590=ADVANCED_FACE('',(#497),#11974,.T.);
#12591=ADVANCED_FACE('',(#498),#11975,.T.);
#12592=ADVANCED_FACE('',(#499),#11976,.T.);
#12593=ADVANCED_FACE('',(#500),#11977,.T.);
#12594=ADVANCED_FACE('',(#501),#11978,.T.);
#12595=ADVANCED_FACE('',(#502),#11979,.T.);
#12596=ADVANCED_FACE('',(#503),#11980,.T.);
#12597=ADVANCED_FACE('',(#504),#11981,.T.);
#12598=ADVANCED_FACE('',(#505),#11982,.T.);
#12599=ADVANCED_FACE('',(#506),#11983,.T.);
#12600=ADVANCED_FACE('',(#507),#11984,.T.);
#12601=ADVANCED_FACE('',(#508),#11985,.T.);
#12602=ADVANCED_FACE('',(#509),#11986,.T.);
#12603=ADVANCED_FACE('',(#510),#11987,.T.);
#12604=ADVANCED_FACE('',(#511),#11988,.T.);
#12605=ADVANCED_FACE('',(#512),#11989,.T.);
#12606=ADVANCED_FACE('',(#513),#11990,.T.);
#12607=ADVANCED_FACE('',(#514),#11991,.T.);
#12608=ADVANCED_FACE('',(#515),#11992,.T.);
#12609=ADVANCED_FACE('',(#516),#11993,.T.);
#12610=ADVANCED_FACE('',(#517),#11994,.T.);
#12611=ADVANCED_FACE('',(#518),#11995,.T.);
#12612=ADVANCED_FACE('',(#519),#11996,.T.);
#12613=ADVANCED_FACE('',(#520),#11997,.T.);
#12614=ADVANCED_FACE('',(#521),#11998,.T.);
#12615=ADVANCED_FACE('',(#522),#11999,.T.);
#12616=ADVANCED_FACE('',(#523),#12000,.T.);
#12617=ADVANCED_FACE('',(#524),#12001,.T.);
#12618=ADVANCED_FACE('',(#525),#12002,.T.);
#12619=ADVANCED_FACE('',(#526),#12003,.T.);
#12620=ADVANCED_FACE('',(#527),#12004,.T.);
#12621=ADVANCED_FACE('',(#528),#12005,.T.);
#12622=ADVANCED_FACE('',(#529),#12006,.T.);
#12623=ADVANCED_FACE('',(#530),#12007,.T.);
#12624=ADVANCED_FACE('',(#531),#12008,.T.);
#12625=ADVANCED_FACE('',(#532),#12009,.T.);
#12626=ADVANCED_FACE('',(#533),#12010,.T.);
#12627=ADVANCED_FACE('',(#534),#12011,.T.);
#12628=ADVANCED_FACE('',(#535),#12012,.T.);
#12629=ADVANCED_FACE('',(#536),#12013,.T.);
#12630=ADVANCED_FACE('',(#537),#12014,.T.);
#12631=ADVANCED_FACE('',(#538),#12015,.T.);
#12632=ADVANCED_FACE('',(#539),#12016,.T.);
#12633=ADVANCED_FACE('',(#540),#12017,.T.);
#12634=ADVANCED_FACE('',(#541),#12018,.T.);
#12635=ADVANCED_FACE('',(#542),#12019,.T.);
#12636=ADVANCED_FACE('',(#543),#12020,.T.);
#12637=ADVANCED_FACE('',(#544),#12021,.T.);
#12638=ADVANCED_FACE('',(#545),#12022,.T.);
#12639=ADVANCED_FACE('',(#546),#12023,.T.);
#12640=ADVANCED_FACE('',(#547),#12024,.T.);
#12641=ADVANCED_FACE('',(#548),#12025,.T.);
#12642=ADVANCED_FACE('',(#549),#12026,.T.);
#12643=ADVANCED_FACE('',(#550),#12027,.T.);
#12644=ADVANCED_FACE('',(#551),#12028,.T.);
#12645=ADVANCED_FACE('',(#552),#12029,.T.);
#12646=ADVANCED_FACE('',(#553),#12030,.T.);
#12647=ADVANCED_FACE('',(#554),#12031,.T.);
#12648=ADVANCED_FACE('',(#555),#12032,.T.);
#12649=ADVANCED_FACE('',(#556),#12033,.T.);
#12650=ADVANCED_FACE('',(#557),#12034,.T.);
#12651=ADVANCED_FACE('',(#558),#12035,.T.);
#12652=ADVANCED_FACE('',(#559),#12036,.T.);
#12653=ADVANCED_FACE('',(#560),#12037,.T.);
#12654=ADVANCED_FACE('',(#561),#12038,.T.);
#12655=ADVANCED_FACE('',(#562),#12039,.T.);
#12656=ADVANCED_FACE('',(#563),#12040,.T.);
#12657=ADVANCED_FACE('',(#564),#12041,.T.);
#12658=ADVANCED_FACE('',(#565),#12042,.T.);
#12659=ADVANCED_FACE('',(#566),#12043,.T.);
#12660=ADVANCED_FACE('',(#567),#12044,.T.);
#12661=ADVANCED_FACE('',(#568),#12045,.T.);
#12662=ADVANCED_FACE('',(#569),#12046,.T.);
#12663=ADVANCED_FACE('',(#570),#12047,.T.);
#12664=ADVANCED_FACE('',(#571),#12048,.T.);
#12665=ADVANCED_FACE('',(#572),#12049,.T.);
#12666=ADVANCED_FACE('',(#573),#12050,.T.);
#12667=ADVANCED_FACE('',(#574),#12051,.T.);
#12668=ADVANCED_FACE('',(#575),#12052,.T.);
#12669=ADVANCED_FACE('',(#576),#12053,.T.);
#12670=ADVANCED_FACE('',(#577),#12054,.T.);
#12671=ADVANCED_FACE('',(#578),#12055,.T.);
#12672=ADVANCED_FACE('',(#579),#12056,.T.);
#12673=ADVANCED_FACE('',(#580),#12057,.T.);
#12674=ADVANCED_FACE('',(#581),#12058,.T.);
#12675=ADVANCED_FACE('',(#582),#12059,.T.);
#12676=ADVANCED_FACE('',(#583),#12060,.T.);
#12677=ADVANCED_FACE('',(#584),#12061,.T.);
#12678=ADVANCED_FACE('',(#585),#12062,.T.);
#12679=ADVANCED_FACE('',(#586),#12063,.T.);
#12680=ADVANCED_FACE('',(#587),#12064,.T.);
#12681=ADVANCED_FACE('',(#588),#12065,.T.);
#12682=ADVANCED_FACE('',(#589),#12066,.T.);
#12683=ADVANCED_FACE('',(#590),#12067,.T.);
#12684=ADVANCED_FACE('',(#591),#12068,.T.);
#12685=ADVANCED_FACE('',(#592),#12069,.T.);
#12686=ADVANCED_FACE('',(#593),#12070,.T.);
#12687=ADVANCED_FACE('',(#594),#12071,.T.);
#12688=ADVANCED_FACE('',(#595),#12072,.T.);
#12689=ADVANCED_FACE('',(#596),#12073,.T.);
#12690=ADVANCED_FACE('',(#597),#12074,.T.);
#12691=ADVANCED_FACE('',(#598),#12075,.T.);
#12692=ADVANCED_FACE('',(#599),#12076,.T.);
#12693=ADVANCED_FACE('',(#600),#12077,.T.);
#12694=ADVANCED_FACE('',(#601),#12078,.T.);
#12695=ADVANCED_FACE('',(#602),#12079,.T.);
#12696=ADVANCED_FACE('',(#603),#12080,.T.);
#12697=ADVANCED_FACE('',(#604),#12081,.T.);
#12698=ADVANCED_FACE('',(#605),#12082,.T.);
#12699=ADVANCED_FACE('',(#606),#12083,.T.);
#12700=ADVANCED_FACE('',(#607),#12084,.T.);
#12701=ADVANCED_FACE('',(#608),#12085,.T.);
#12702=ADVANCED_FACE('',(#609),#12086,.T.);
#12703=ADVANCED_FACE('',(#610),#12087,.T.);
#12704=ADVANCED_FACE('',(#611),#12088,.T.);
#12705=ADVANCED_FACE('',(#612),#12089,.T.);
#12706=ADVANCED_FACE('',(#613),#12090,.T.);
#12707=ADVANCED_FACE('',(#614),#12091,.T.);
#12708=ADVANCED_FACE('',(#615),#12092,.T.);
#12709=ADVANCED_FACE('',(#616),#12093,.T.);
#12710=ADVANCED_FACE('',(#617),#12094,.T.);
#12711=ADVANCED_FACE('',(#618),#12095,.T.);
#12712=ADVANCED_FACE('',(#619),#12096,.T.);
#12713=ADVANCED_FACE('',(#620),#12097,.T.);
#12714=ADVANCED_FACE('',(#621),#12098,.T.);
#12715=ADVANCED_FACE('',(#622),#12099,.T.);
#12716=ADVANCED_FACE('',(#623),#12100,.T.);
#12717=ADVANCED_FACE('',(#624),#12101,.T.);
#12718=ADVANCED_FACE('',(#625),#12102,.T.);
#12719=ADVANCED_FACE('',(#626),#12103,.T.);
#12720=ADVANCED_FACE('',(#627),#12104,.T.);
#12721=ADVANCED_FACE('',(#628),#12105,.T.);
#12722=ADVANCED_FACE('',(#629),#12106,.T.);
#12723=ADVANCED_FACE('',(#630),#12107,.T.);
#12724=ADVANCED_FACE('',(#631),#12108,.T.);
#12725=ADVANCED_FACE('',(#632),#12109,.T.);
#12726=ADVANCED_FACE('',(#633),#12110,.T.);
#12727=ADVANCED_FACE('',(#634),#12111,.T.);
#12728=ADVANCED_FACE('',(#635),#12112,.T.);
#12729=ADVANCED_FACE('',(#636),#12113,.T.);
#12730=ADVANCED_FACE('',(#637),#12114,.T.);
#12731=ADVANCED_FACE('',(#638),#12115,.T.);
#12732=ADVANCED_FACE('',(#639),#12116,.T.);
#12733=ADVANCED_FACE('',(#640),#12117,.T.);
#12734=ADVANCED_FACE('',(#641),#32,.F.);
#12735=ADVANCED_FACE('',(#642),#33,.F.);
#12736=ADVANCED_FACE('',(#643),#34,.F.);
#12737=ADVANCED_FACE('',(#644),#35,.F.);
#12738=ADVANCED_FACE('',(#645,#118),#12118,.F.);
#12739=ADVANCED_FACE('',(#646),#12119,.F.);
#12740=ADVANCED_FACE('',(#647),#12120,.F.);
#12741=ADVANCED_FACE('',(#648),#12121,.F.);
#12742=ADVANCED_FACE('',(#649),#12122,.F.);
#12743=ADVANCED_FACE('',(#650),#12123,.F.);
#12744=ADVANCED_FACE('',(#651),#12124,.F.);
#12745=ADVANCED_FACE('',(#652),#12125,.F.);
#12746=ADVANCED_FACE('',(#653),#12126,.F.);
#12747=ADVANCED_FACE('',(#654),#12127,.F.);
#12748=ADVANCED_FACE('',(#655),#12128,.F.);
#12749=ADVANCED_FACE('',(#656),#12129,.F.);
#12750=ADVANCED_FACE('',(#657),#12130,.F.);
#12751=ADVANCED_FACE('',(#658),#12131,.F.);
#12752=ADVANCED_FACE('',(#659),#12132,.F.);
#12753=ADVANCED_FACE('',(#660),#12133,.F.);
#12754=ADVANCED_FACE('',(#661),#12134,.F.);
#12755=ADVANCED_FACE('',(#662),#12135,.F.);
#12756=ADVANCED_FACE('',(#663),#12136,.F.);
#12757=ADVANCED_FACE('',(#664),#12137,.F.);
#12758=ADVANCED_FACE('',(#665),#12138,.F.);
#12759=ADVANCED_FACE('',(#666),#12139,.F.);
#12760=ADVANCED_FACE('',(#667),#12140,.F.);
#12761=ADVANCED_FACE('',(#668),#12141,.F.);
#12762=ADVANCED_FACE('',(#669),#12142,.F.);
#12763=ADVANCED_FACE('',(#670),#12143,.F.);
#12764=ADVANCED_FACE('',(#671),#12144,.F.);
#12765=ADVANCED_FACE('',(#672),#12145,.F.);
#12766=ADVANCED_FACE('',(#673),#12146,.F.);
#12767=ADVANCED_FACE('',(#674),#12147,.F.);
#12768=ADVANCED_FACE('',(#675),#12148,.F.);
#12769=ADVANCED_FACE('',(#676),#12149,.F.);
#12770=ADVANCED_FACE('',(#677),#12150,.F.);
#12771=ADVANCED_FACE('',(#678),#12151,.F.);
#12772=ADVANCED_FACE('',(#679),#12152,.F.);
#12773=ADVANCED_FACE('',(#680),#12153,.F.);
#12774=ADVANCED_FACE('',(#681),#12154,.F.);
#12775=ADVANCED_FACE('',(#682),#12155,.F.);
#12776=ADVANCED_FACE('',(#683),#12156,.F.);
#12777=ADVANCED_FACE('',(#684),#12157,.F.);
#12778=ADVANCED_FACE('',(#685),#12158,.F.);
#12779=ADVANCED_FACE('',(#686),#12159,.F.);
#12780=ADVANCED_FACE('',(#687),#12160,.F.);
#12781=ADVANCED_FACE('',(#688),#12161,.F.);
#12782=ADVANCED_FACE('',(#689),#12162,.F.);
#12783=ADVANCED_FACE('',(#690),#12163,.F.);
#12784=ADVANCED_FACE('',(#691),#12164,.F.);
#12785=ADVANCED_FACE('',(#692),#12165,.F.);
#12786=ADVANCED_FACE('',(#693),#12166,.F.);
#12787=ADVANCED_FACE('',(#694),#12167,.F.);
#12788=ADVANCED_FACE('',(#695),#12168,.F.);
#12789=ADVANCED_FACE('',(#696),#12169,.F.);
#12790=ADVANCED_FACE('',(#697),#12170,.F.);
#12791=ADVANCED_FACE('',(#698),#12171,.F.);
#12792=ADVANCED_FACE('',(#699),#12172,.F.);
#12793=ADVANCED_FACE('',(#700),#12173,.F.);
#12794=ADVANCED_FACE('',(#701),#12174,.F.);
#12795=ADVANCED_FACE('',(#702),#12175,.F.);
#12796=ADVANCED_FACE('',(#703),#12176,.F.);
#12797=ADVANCED_FACE('',(#704),#12177,.F.);
#12798=ADVANCED_FACE('',(#705),#12178,.F.);
#12799=ADVANCED_FACE('',(#706),#12179,.F.);
#12800=ADVANCED_FACE('',(#707),#12180,.F.);
#12801=ADVANCED_FACE('',(#708),#12181,.F.);
#12802=ADVANCED_FACE('',(#709),#12182,.F.);
#12803=ADVANCED_FACE('',(#710),#12183,.F.);
#12804=ADVANCED_FACE('',(#711),#12184,.F.);
#12805=ADVANCED_FACE('',(#712),#12185,.F.);
#12806=ADVANCED_FACE('',(#713),#12186,.F.);
#12807=ADVANCED_FACE('',(#714),#12187,.F.);
#12808=ADVANCED_FACE('',(#715),#12188,.F.);
#12809=ADVANCED_FACE('',(#716),#12189,.F.);
#12810=ADVANCED_FACE('',(#717),#12190,.F.);
#12811=ADVANCED_FACE('',(#718),#12191,.F.);
#12812=ADVANCED_FACE('',(#719),#12192,.F.);
#12813=ADVANCED_FACE('',(#720),#12193,.F.);
#12814=ADVANCED_FACE('',(#721),#12194,.F.);
#12815=ADVANCED_FACE('',(#722),#12195,.F.);
#12816=ADVANCED_FACE('',(#723),#12196,.F.);
#12817=ADVANCED_FACE('',(#724),#12197,.F.);
#12818=ADVANCED_FACE('',(#725),#12198,.F.);
#12819=ADVANCED_FACE('',(#726),#12199,.F.);
#12820=ADVANCED_FACE('',(#727),#12200,.F.);
#12821=ADVANCED_FACE('',(#728),#12201,.F.);
#12822=ADVANCED_FACE('',(#729),#12202,.F.);
#12823=ADVANCED_FACE('',(#730),#12203,.F.);
#12824=ADVANCED_FACE('',(#731),#12204,.F.);
#12825=ADVANCED_FACE('',(#732),#12205,.F.);
#12826=ADVANCED_FACE('',(#733),#12206,.F.);
#12827=ADVANCED_FACE('',(#734),#12207,.F.);
#12828=ADVANCED_FACE('',(#735),#12208,.F.);
#12829=ADVANCED_FACE('',(#736),#12209,.F.);
#12830=ADVANCED_FACE('',(#737),#12210,.F.);
#12831=ADVANCED_FACE('',(#738),#12211,.F.);
#12832=ADVANCED_FACE('',(#739),#12212,.F.);
#12833=ADVANCED_FACE('',(#740),#12213,.F.);
#12834=ADVANCED_FACE('',(#741),#12214,.F.);
#12835=ADVANCED_FACE('',(#742,#119),#12215,.F.);
#12836=ADVANCED_FACE('',(#743,#120),#12216,.F.);
#12837=ADVANCED_FACE('',(#744,#121),#12217,.F.);
#12838=ADVANCED_FACE('',(#745,#122),#12218,.F.);
#12839=ADVANCED_FACE('',(#746,#123,#124,#125,#126),#12219,.F.);
#12840=ADVANCED_FACE('',(#747),#36,.F.);
#12841=ADVANCED_FACE('',(#748),#37,.F.);
#12842=ADVANCED_FACE('',(#749),#38,.F.);
#12843=ADVANCED_FACE('',(#750),#39,.F.);
#12844=ADVANCED_FACE('',(#751),#40,.T.);
#12845=ADVANCED_FACE('',(#752),#41,.T.);
#12846=ADVANCED_FACE('',(#753),#42,.T.);
#12847=ADVANCED_FACE('',(#754),#43,.T.);
#12848=ADVANCED_FACE('',(#755,#127),#12220,.T.);
#12849=ADVANCED_FACE('',(#756,#128),#12221,.T.);
#12850=ADVANCED_FACE('',(#757,#129),#12222,.T.);
#12851=ADVANCED_FACE('',(#758,#130),#12223,.T.);
#12852=ADVANCED_FACE('',(#759,#131),#12224,.T.);
#12853=ADVANCED_FACE('',(#760,#132),#12225,.T.);
#12854=ADVANCED_FACE('',(#761,#133),#12226,.T.);
#12855=ADVANCED_FACE('',(#762,#134),#12227,.T.);
#12856=ADVANCED_FACE('',(#763),#44,.T.);
#12857=ADVANCED_FACE('',(#764),#45,.T.);
#12858=ADVANCED_FACE('',(#765),#46,.T.);
#12859=ADVANCED_FACE('',(#766),#47,.T.);
#12860=CLOSED_SHELL('',(#12228,#12229,#12230,#12231,#12232,#12233,#12234,
#12235,#12236,#12237,#12238,#12239,#12240,#12241,#12242,#12243,#12244,#12245,
#12246,#12247,#12248,#12249,#12250,#12251,#12252,#12253,#12254,#12255,#12256,
#12257,#12258,#12259,#12260,#12261,#12262,#12263,#12264,#12265,#12266,#12267,
#12268,#12269,#12270,#12271,#12272,#12273,#12274,#12275,#12276,#12277,#12278,
#12279,#12280,#12281,#12282,#12283,#12284,#12285,#12286,#12287,#12288,#12289,
#12290,#12291,#12292,#12293,#12294,#12295,#12296,#12297,#12298,#12299,#12300,
#12301,#12302,#12303,#12304,#12305,#12306,#12307,#12308,#12309,#12310,#12311,
#12312,#12313,#12314,#12315,#12316,#12317,#12318,#12319,#12320,#12321,#12322,
#12323,#12324,#12325,#12326,#12327,#12328,#12329,#12330,#12331,#12332,#12333,
#12334,#12335,#12336,#12337,#12338,#12339,#12340,#12341,#12342,#12343,#12344,
#12345,#12346,#12347,#12348,#12349,#12350,#12351,#12352,#12353,#12354,#12355,
#12356,#12357,#12358,#12359,#12360,#12361,#12362,#12363,#12364,#12365,#12366,
#12367,#12368,#12369,#12370,#12371,#12372,#12373,#12374,#12375,#12376,#12377,
#12378,#12379,#12380,#12381,#12382,#12383,#12384,#12385,#12386,#12387,#12388,
#12389,#12390,#12391,#12392,#12393,#12394,#12395,#12396,#12397,#12398,#12399,
#12400,#12401,#12402,#12403,#12404,#12405,#12406,#12407,#12408,#12409,#12410,
#12411,#12412,#12413,#12414,#12415,#12416,#12417,#12418,#12419,#12420,#12421,
#12422,#12423,#12424,#12425,#12426,#12427,#12428,#12429,#12430,#12431,#12432,
#12433,#12434,#12435,#12436,#12437,#12438,#12439,#12440,#12441,#12442,#12443,
#12444,#12445,#12446,#12447,#12448,#12449,#12450,#12451,#12452,#12453,#12454,
#12455,#12456,#12457,#12458,#12459,#12460,#12461,#12462,#12463,#12464,#12465,
#12466,#12467,#12468,#12469,#12470,#12471,#12472,#12473,#12474,#12475,#12476,
#12477,#12478,#12479,#12480,#12481,#12482,#12483,#12484,#12485,#12486,#12487,
#12488,#12489,#12490,#12491,#12492,#12493,#12494,#12495,#12496,#12497,#12498,
#12499,#12500,#12501,#12502,#12503,#12504,#12505,#12506,#12507,#12508,#12509,
#12510,#12511,#12512,#12513,#12514,#12515,#12516,#12517,#12518,#12519,#12520,
#12521,#12522,#12523,#12524,#12525,#12526,#12527,#12528,#12529,#12530,#12531,
#12532,#12533,#12534,#12535,#12536,#12537,#12538,#12539));
#12861=CLOSED_SHELL('',(#12540,#12541,#12542,#12543,#12544,#12545,#12546,
#12547,#12548,#12549,#12550,#12551,#12552,#12553,#12554,#12555,#12556,#12557,
#12558,#12559,#12560,#12561,#12562,#12563,#12564,#12565,#12566,#12567,#12568,
#12569,#12570,#12571,#12572,#12573,#12574,#12575,#12576,#12577,#12578,#12579,
#12580,#12581,#12582,#12583,#12584,#12585,#12586,#12587,#12588,#12589,#12590,
#12591,#12592,#12593,#12594,#12595,#12596,#12597,#12598,#12599,#12600,#12601,
#12602,#12603,#12604,#12605,#12606,#12607,#12608,#12609,#12610,#12611,#12612,
#12613,#12614,#12615,#12616,#12617,#12618,#12619,#12620,#12621,#12622,#12623,
#12624,#12625,#12626,#12627,#12628,#12629,#12630,#12631,#12632,#12633,#12634,
#12635,#12636,#12637,#12638,#12639,#12640,#12641,#12642,#12643,#12644,#12645,
#12646,#12647,#12648,#12649,#12650,#12651,#12652,#12653,#12654,#12655,#12656,
#12657,#12658,#12659,#12660,#12661,#12662,#12663,#12664,#12665,#12666,#12667,
#12668,#12669,#12670,#12671,#12672,#12673,#12674,#12675,#12676,#12677,#12678,
#12679,#12680,#12681,#12682,#12683,#12684,#12685,#12686,#12687,#12688,#12689,
#12690,#12691,#12692,#12693,#12694,#12695,#12696,#12697,#12698,#12699,#12700,
#12701,#12702,#12703,#12704,#12705,#12706,#12707,#12708,#12709,#12710,#12711,
#12712,#12713,#12714,#12715,#12716,#12717,#12718,#12719,#12720,#12721,#12722,
#12723,#12724,#12725,#12726,#12727,#12728,#12729,#12730,#12731,#12732,#12733,
#12734,#12735,#12736,#12737,#12738,#12739,#12740,#12741,#12742,#12743,#12744,
#12745,#12746,#12747,#12748,#12749,#12750,#12751,#12752,#12753,#12754,#12755,
#12756,#12757,#12758,#12759,#12760,#12761,#12762,#12763,#12764,#12765,#12766,
#12767,#12768,#12769,#12770,#12771,#12772,#12773,#12774,#12775,#12776,#12777,
#12778,#12779,#12780,#12781,#12782,#12783,#12784,#12785,#12786,#12787,#12788,
#12789,#12790,#12791,#12792,#12793,#12794,#12795,#12796,#12797,#12798,#12799,
#12800,#12801,#12802,#12803,#12804,#12805,#12806,#12807,#12808,#12809,#12810,
#12811,#12812,#12813,#12814,#12815,#12816,#12817,#12818,#12819,#12820,#12821,
#12822,#12823,#12824,#12825,#12826,#12827,#12828,#12829,#12830,#12831,#12832,
#12833,#12834,#12835,#12836,#12837,#12838,#12839,#12840,#12841,#12842,#12843,
#12844,#12845,#12846,#12847,#12848,#12849,#12850,#12851,#12852,#12853,#12854,
#12855,#12856,#12857,#12858,#12859));
#12862=DERIVED_UNIT_ELEMENT(#12864,1.);
#12863=DERIVED_UNIT_ELEMENT(#20361,-3.);
#12864=(
MASS_UNIT()
NAMED_UNIT(*)
SI_UNIT(.KILO.,.GRAM.)
);
#12865=DERIVED_UNIT((#12862,#12863));
#12866=MEASURE_REPRESENTATION_ITEM('density measure',
POSITIVE_RATIO_MEASURE(7850.),#12865);
#12867=PROPERTY_DEFINITION_REPRESENTATION(#12872,#12869);
#12868=PROPERTY_DEFINITION_REPRESENTATION(#12873,#12870);
#12869=REPRESENTATION('material name',(#12871),#20358);
#12870=REPRESENTATION('density',(#12866),#20358);
#12871=DESCRIPTIVE_REPRESENTATION_ITEM('Steel','Steel');
#12872=PROPERTY_DEFINITION('material property','material name',#20373);
#12873=PROPERTY_DEFINITION('material property','density of part',#20373);
#12874=AXIS2_PLACEMENT_3D('',#16694,#13559,#13560);
#12875=AXIS2_PLACEMENT_3D('',#16695,#13561,#13562);
#12876=AXIS2_PLACEMENT_3D('',#16696,#13563,#13564);
#12877=AXIS2_PLACEMENT_3D('',#16705,#13569,#13570);
#12878=AXIS2_PLACEMENT_3D('',#16711,#13574,#13575);
#12879=AXIS2_PLACEMENT_3D('',#16717,#13579,#13580);
#12880=AXIS2_PLACEMENT_3D('',#17095,#13770,#13771);
#12881=AXIS2_PLACEMENT_3D('',#17290,#13869,#13870);
#12882=AXIS2_PLACEMENT_3D('',#17291,#13871,#13872);
#12883=AXIS2_PLACEMENT_3D('',#17293,#13874,#13875);
#12884=AXIS2_PLACEMENT_3D('',#17295,#13877,#13878);
#12885=AXIS2_PLACEMENT_3D('',#17297,#13880,#13881);
#12886=AXIS2_PLACEMENT_3D('',#17299,#13883,#13884);
#12887=AXIS2_PLACEMENT_3D('',#17301,#13886,#13887);
#12888=AXIS2_PLACEMENT_3D('',#17303,#13889,#13890);
#12889=AXIS2_PLACEMENT_3D('',#17305,#13892,#13893);
#12890=AXIS2_PLACEMENT_3D('',#17307,#13895,#13896);
#12891=AXIS2_PLACEMENT_3D('',#17309,#13898,#13899);
#12892=AXIS2_PLACEMENT_3D('',#17311,#13901,#13902);
#12893=AXIS2_PLACEMENT_3D('',#17313,#13904,#13905);
#12894=AXIS2_PLACEMENT_3D('',#17315,#13907,#13908);
#12895=AXIS2_PLACEMENT_3D('',#17317,#13910,#13911);
#12896=AXIS2_PLACEMENT_3D('',#17319,#13913,#13914);
#12897=AXIS2_PLACEMENT_3D('',#17321,#13916,#13917);
#12898=AXIS2_PLACEMENT_3D('',#17323,#13919,#13920);
#12899=AXIS2_PLACEMENT_3D('',#17325,#13922,#13923);
#12900=AXIS2_PLACEMENT_3D('',#17327,#13925,#13926);
#12901=AXIS2_PLACEMENT_3D('',#17329,#13928,#13929);
#12902=AXIS2_PLACEMENT_3D('',#17331,#13931,#13932);
#12903=AXIS2_PLACEMENT_3D('',#17333,#13934,#13935);
#12904=AXIS2_PLACEMENT_3D('',#17335,#13937,#13938);
#12905=AXIS2_PLACEMENT_3D('',#17337,#13940,#13941);
#12906=AXIS2_PLACEMENT_3D('',#17339,#13943,#13944);
#12907=AXIS2_PLACEMENT_3D('',#17341,#13946,#13947);
#12908=AXIS2_PLACEMENT_3D('',#17343,#13949,#13950);
#12909=AXIS2_PLACEMENT_3D('',#17345,#13952,#13953);
#12910=AXIS2_PLACEMENT_3D('',#17347,#13955,#13956);
#12911=AXIS2_PLACEMENT_3D('',#17349,#13958,#13959);
#12912=AXIS2_PLACEMENT_3D('',#17351,#13961,#13962);
#12913=AXIS2_PLACEMENT_3D('',#17353,#13964,#13965);
#12914=AXIS2_PLACEMENT_3D('',#17355,#13967,#13968);
#12915=AXIS2_PLACEMENT_3D('',#17357,#13970,#13971);
#12916=AXIS2_PLACEMENT_3D('',#17359,#13973,#13974);
#12917=AXIS2_PLACEMENT_3D('',#17361,#13976,#13977);
#12918=AXIS2_PLACEMENT_3D('',#17363,#13979,#13980);
#12919=AXIS2_PLACEMENT_3D('',#17365,#13982,#13983);
#12920=AXIS2_PLACEMENT_3D('',#17367,#13985,#13986);
#12921=AXIS2_PLACEMENT_3D('',#17369,#13988,#13989);
#12922=AXIS2_PLACEMENT_3D('',#17371,#13991,#13992);
#12923=AXIS2_PLACEMENT_3D('',#17373,#13994,#13995);
#12924=AXIS2_PLACEMENT_3D('',#17375,#13997,#13998);
#12925=AXIS2_PLACEMENT_3D('',#17377,#14000,#14001);
#12926=AXIS2_PLACEMENT_3D('',#17379,#14003,#14004);
#12927=AXIS2_PLACEMENT_3D('',#17381,#14006,#14007);
#12928=AXIS2_PLACEMENT_3D('',#17383,#14009,#14010);
#12929=AXIS2_PLACEMENT_3D('',#17385,#14012,#14013);
#12930=AXIS2_PLACEMENT_3D('',#17387,#14015,#14016);
#12931=AXIS2_PLACEMENT_3D('',#17389,#14018,#14019);
#12932=AXIS2_PLACEMENT_3D('',#17391,#14021,#14022);
#12933=AXIS2_PLACEMENT_3D('',#17393,#14024,#14025);
#12934=AXIS2_PLACEMENT_3D('',#17395,#14027,#14028);
#12935=AXIS2_PLACEMENT_3D('',#17397,#14030,#14031);
#12936=AXIS2_PLACEMENT_3D('',#17399,#14033,#14034);
#12937=AXIS2_PLACEMENT_3D('',#17401,#14036,#14037);
#12938=AXIS2_PLACEMENT_3D('',#17403,#14039,#14040);
#12939=AXIS2_PLACEMENT_3D('',#17405,#14042,#14043);
#12940=AXIS2_PLACEMENT_3D('',#17407,#14045,#14046);
#12941=AXIS2_PLACEMENT_3D('',#17409,#14048,#14049);
#12942=AXIS2_PLACEMENT_3D('',#17411,#14051,#14052);
#12943=AXIS2_PLACEMENT_3D('',#17413,#14054,#14055);
#12944=AXIS2_PLACEMENT_3D('',#17415,#14057,#14058);
#12945=AXIS2_PLACEMENT_3D('',#17417,#14060,#14061);
#12946=AXIS2_PLACEMENT_3D('',#17419,#14063,#14064);
#12947=AXIS2_PLACEMENT_3D('',#17421,#14066,#14067);
#12948=AXIS2_PLACEMENT_3D('',#17423,#14069,#14070);
#12949=AXIS2_PLACEMENT_3D('',#17425,#14072,#14073);
#12950=AXIS2_PLACEMENT_3D('',#17427,#14075,#14076);
#12951=AXIS2_PLACEMENT_3D('',#17429,#14078,#14079);
#12952=AXIS2_PLACEMENT_3D('',#17431,#14081,#14082);
#12953=AXIS2_PLACEMENT_3D('',#17433,#14084,#14085);
#12954=AXIS2_PLACEMENT_3D('',#17435,#14087,#14088);
#12955=AXIS2_PLACEMENT_3D('',#17437,#14090,#14091);
#12956=AXIS2_PLACEMENT_3D('',#17439,#14093,#14094);
#12957=AXIS2_PLACEMENT_3D('',#17441,#14096,#14097);
#12958=AXIS2_PLACEMENT_3D('',#17443,#14099,#14100);
#12959=AXIS2_PLACEMENT_3D('',#17445,#14102,#14103);
#12960=AXIS2_PLACEMENT_3D('',#17447,#14105,#14106);
#12961=AXIS2_PLACEMENT_3D('',#17449,#14108,#14109);
#12962=AXIS2_PLACEMENT_3D('',#17451,#14111,#14112);
#12963=AXIS2_PLACEMENT_3D('',#17453,#14114,#14115);
#12964=AXIS2_PLACEMENT_3D('',#17455,#14117,#14118);
#12965=AXIS2_PLACEMENT_3D('',#17457,#14120,#14121);
#12966=AXIS2_PLACEMENT_3D('',#17459,#14123,#14124);
#12967=AXIS2_PLACEMENT_3D('',#17461,#14126,#14127);
#12968=AXIS2_PLACEMENT_3D('',#17463,#14129,#14130);
#12969=AXIS2_PLACEMENT_3D('',#17465,#14132,#14133);
#12970=AXIS2_PLACEMENT_3D('',#17467,#14135,#14136);
#12971=AXIS2_PLACEMENT_3D('',#17469,#14138,#14139);
#12972=AXIS2_PLACEMENT_3D('',#17471,#14141,#14142);
#12973=AXIS2_PLACEMENT_3D('',#17473,#14144,#14145);
#12974=AXIS2_PLACEMENT_3D('',#17667,#14243,#14244);
#12975=AXIS2_PLACEMENT_3D('',#17668,#14245,#14246);
#12976=AXIS2_PLACEMENT_3D('',#17674,#14250,#14251);
#12977=AXIS2_PLACEMENT_3D('',#17678,#14254,#14255);
#12978=AXIS2_PLACEMENT_3D('',#17682,#14258,#14259);
#12979=AXIS2_PLACEMENT_3D('',#17686,#14262,#14263);
#12980=AXIS2_PLACEMENT_3D('',#17690,#14266,#14267);
#12981=AXIS2_PLACEMENT_3D('',#17694,#14270,#14271);
#12982=AXIS2_PLACEMENT_3D('',#17698,#14274,#14275);
#12983=AXIS2_PLACEMENT_3D('',#17702,#14278,#14279);
#12984=AXIS2_PLACEMENT_3D('',#17706,#14282,#14283);
#12985=AXIS2_PLACEMENT_3D('',#17710,#14286,#14287);
#12986=AXIS2_PLACEMENT_3D('',#17714,#14290,#14291);
#12987=AXIS2_PLACEMENT_3D('',#17718,#14294,#14295);
#12988=AXIS2_PLACEMENT_3D('',#17722,#14298,#14299);
#12989=AXIS2_PLACEMENT_3D('',#17726,#14302,#14303);
#12990=AXIS2_PLACEMENT_3D('',#17730,#14306,#14307);
#12991=AXIS2_PLACEMENT_3D('',#17734,#14310,#14311);
#12992=AXIS2_PLACEMENT_3D('',#17738,#14314,#14315);
#12993=AXIS2_PLACEMENT_3D('',#17742,#14318,#14319);
#12994=AXIS2_PLACEMENT_3D('',#17746,#14322,#14323);
#12995=AXIS2_PLACEMENT_3D('',#17750,#14326,#14327);
#12996=AXIS2_PLACEMENT_3D('',#17754,#14330,#14331);
#12997=AXIS2_PLACEMENT_3D('',#17758,#14334,#14335);
#12998=AXIS2_PLACEMENT_3D('',#17762,#14338,#14339);
#12999=AXIS2_PLACEMENT_3D('',#17766,#14342,#14343);
#13000=AXIS2_PLACEMENT_3D('',#17770,#14346,#14347);
#13001=AXIS2_PLACEMENT_3D('',#17774,#14350,#14351);
#13002=AXIS2_PLACEMENT_3D('',#17778,#14354,#14355);
#13003=AXIS2_PLACEMENT_3D('',#17782,#14358,#14359);
#13004=AXIS2_PLACEMENT_3D('',#17786,#14362,#14363);
#13005=AXIS2_PLACEMENT_3D('',#17790,#14366,#14367);
#13006=AXIS2_PLACEMENT_3D('',#17794,#14370,#14371);
#13007=AXIS2_PLACEMENT_3D('',#17798,#14374,#14375);
#13008=AXIS2_PLACEMENT_3D('',#17802,#14378,#14379);
#13009=AXIS2_PLACEMENT_3D('',#17806,#14382,#14383);
#13010=AXIS2_PLACEMENT_3D('',#17810,#14386,#14387);
#13011=AXIS2_PLACEMENT_3D('',#17814,#14390,#14391);
#13012=AXIS2_PLACEMENT_3D('',#17818,#14394,#14395);
#13013=AXIS2_PLACEMENT_3D('',#17822,#14398,#14399);
#13014=AXIS2_PLACEMENT_3D('',#17826,#14402,#14403);
#13015=AXIS2_PLACEMENT_3D('',#17830,#14406,#14407);
#13016=AXIS2_PLACEMENT_3D('',#17834,#14410,#14411);
#13017=AXIS2_PLACEMENT_3D('',#17838,#14414,#14415);
#13018=AXIS2_PLACEMENT_3D('',#17842,#14418,#14419);
#13019=AXIS2_PLACEMENT_3D('',#17846,#14422,#14423);
#13020=AXIS2_PLACEMENT_3D('',#17850,#14426,#14427);
#13021=AXIS2_PLACEMENT_3D('',#17854,#14430,#14431);
#13022=AXIS2_PLACEMENT_3D('',#17858,#14434,#14435);
#13023=AXIS2_PLACEMENT_3D('',#17862,#14438,#14439);
#13024=AXIS2_PLACEMENT_3D('',#17866,#14442,#14443);
#13025=AXIS2_PLACEMENT_3D('',#17870,#14446,#14447);
#13026=AXIS2_PLACEMENT_3D('',#17874,#14450,#14451);
#13027=AXIS2_PLACEMENT_3D('',#17878,#14454,#14455);
#13028=AXIS2_PLACEMENT_3D('',#17882,#14458,#14459);
#13029=AXIS2_PLACEMENT_3D('',#17886,#14462,#14463);
#13030=AXIS2_PLACEMENT_3D('',#17890,#14466,#14467);
#13031=AXIS2_PLACEMENT_3D('',#17894,#14470,#14471);
#13032=AXIS2_PLACEMENT_3D('',#17898,#14474,#14475);
#13033=AXIS2_PLACEMENT_3D('',#17902,#14478,#14479);
#13034=AXIS2_PLACEMENT_3D('',#17906,#14482,#14483);
#13035=AXIS2_PLACEMENT_3D('',#17910,#14486,#14487);
#13036=AXIS2_PLACEMENT_3D('',#17914,#14490,#14491);
#13037=AXIS2_PLACEMENT_3D('',#17918,#14494,#14495);
#13038=AXIS2_PLACEMENT_3D('',#17922,#14498,#14499);
#13039=AXIS2_PLACEMENT_3D('',#17926,#14502,#14503);
#13040=AXIS2_PLACEMENT_3D('',#17930,#14506,#14507);
#13041=AXIS2_PLACEMENT_3D('',#17934,#14510,#14511);
#13042=AXIS2_PLACEMENT_3D('',#17938,#14514,#14515);
#13043=AXIS2_PLACEMENT_3D('',#17942,#14518,#14519);
#13044=AXIS2_PLACEMENT_3D('',#17946,#14522,#14523);
#13045=AXIS2_PLACEMENT_3D('',#17950,#14526,#14527);
#13046=AXIS2_PLACEMENT_3D('',#17954,#14530,#14531);
#13047=AXIS2_PLACEMENT_3D('',#17958,#14534,#14535);
#13048=AXIS2_PLACEMENT_3D('',#17962,#14538,#14539);
#13049=AXIS2_PLACEMENT_3D('',#17966,#14542,#14543);
#13050=AXIS2_PLACEMENT_3D('',#17970,#14546,#14547);
#13051=AXIS2_PLACEMENT_3D('',#17974,#14550,#14551);
#13052=AXIS2_PLACEMENT_3D('',#17978,#14554,#14555);
#13053=AXIS2_PLACEMENT_3D('',#17982,#14558,#14559);
#13054=AXIS2_PLACEMENT_3D('',#17986,#14562,#14563);
#13055=AXIS2_PLACEMENT_3D('',#17990,#14566,#14567);
#13056=AXIS2_PLACEMENT_3D('',#17994,#14570,#14571);
#13057=AXIS2_PLACEMENT_3D('',#17998,#14574,#14575);
#13058=AXIS2_PLACEMENT_3D('',#18002,#14578,#14579);
#13059=AXIS2_PLACEMENT_3D('',#18006,#14582,#14583);
#13060=AXIS2_PLACEMENT_3D('',#18010,#14586,#14587);
#13061=AXIS2_PLACEMENT_3D('',#18014,#14590,#14591);
#13062=AXIS2_PLACEMENT_3D('',#18018,#14594,#14595);
#13063=AXIS2_PLACEMENT_3D('',#18022,#14598,#14599);
#13064=AXIS2_PLACEMENT_3D('',#18026,#14602,#14603);
#13065=AXIS2_PLACEMENT_3D('',#18030,#14606,#14607);
#13066=AXIS2_PLACEMENT_3D('',#18034,#14610,#14611);
#13067=AXIS2_PLACEMENT_3D('',#18038,#14614,#14615);
#13068=AXIS2_PLACEMENT_3D('',#18042,#14618,#14619);
#13069=AXIS2_PLACEMENT_3D('',#18046,#14622,#14623);
#13070=AXIS2_PLACEMENT_3D('',#18050,#14626,#14627);
#13071=AXIS2_PLACEMENT_3D('',#18244,#14725,#14726);
#13072=AXIS2_PLACEMENT_3D('',#18250,#14730,#14731);
#13073=AXIS2_PLACEMENT_3D('',#18254,#14734,#14735);
#13074=AXIS2_PLACEMENT_3D('',#18258,#14738,#14739);
#13075=AXIS2_PLACEMENT_3D('',#18260,#14741,#14742);
#13076=AXIS2_PLACEMENT_3D('',#18263,#14744,#14745);
#13077=AXIS2_PLACEMENT_3D('',#18264,#14746,#14747);
#13078=AXIS2_PLACEMENT_3D('',#18267,#14750,#14751);
#13079=AXIS2_PLACEMENT_3D('',#18269,#14753,#14754);
#13080=AXIS2_PLACEMENT_3D('',#18271,#14756,#14757);
#13081=AXIS2_PLACEMENT_3D('',#18273,#14759,#14760);
#13082=AXIS2_PLACEMENT_3D('',#18275,#14762,#14763);
#13083=AXIS2_PLACEMENT_3D('',#18277,#14765,#14766);
#13084=AXIS2_PLACEMENT_3D('',#18279,#14768,#14769);
#13085=AXIS2_PLACEMENT_3D('',#18281,#14771,#14772);
#13086=AXIS2_PLACEMENT_3D('',#18283,#14774,#14775);
#13087=AXIS2_PLACEMENT_3D('',#18285,#14777,#14778);
#13088=AXIS2_PLACEMENT_3D('',#18287,#14780,#14781);
#13089=AXIS2_PLACEMENT_3D('',#18289,#14783,#14784);
#13090=AXIS2_PLACEMENT_3D('',#18291,#14786,#14787);
#13091=AXIS2_PLACEMENT_3D('',#18293,#14789,#14790);
#13092=AXIS2_PLACEMENT_3D('',#18295,#14792,#14793);
#13093=AXIS2_PLACEMENT_3D('',#18297,#14795,#14796);
#13094=AXIS2_PLACEMENT_3D('',#18299,#14798,#14799);
#13095=AXIS2_PLACEMENT_3D('',#18301,#14801,#14802);
#13096=AXIS2_PLACEMENT_3D('',#18303,#14804,#14805);
#13097=AXIS2_PLACEMENT_3D('',#18305,#14807,#14808);
#13098=AXIS2_PLACEMENT_3D('',#18307,#14810,#14811);
#13099=AXIS2_PLACEMENT_3D('',#18309,#14813,#14814);
#13100=AXIS2_PLACEMENT_3D('',#18311,#14816,#14817);
#13101=AXIS2_PLACEMENT_3D('',#18313,#14819,#14820);
#13102=AXIS2_PLACEMENT_3D('',#18315,#14822,#14823);
#13103=AXIS2_PLACEMENT_3D('',#18317,#14825,#14826);
#13104=AXIS2_PLACEMENT_3D('',#18319,#14828,#14829);
#13105=AXIS2_PLACEMENT_3D('',#18321,#14831,#14832);
#13106=AXIS2_PLACEMENT_3D('',#18323,#14834,#14835);
#13107=AXIS2_PLACEMENT_3D('',#18325,#14837,#14838);
#13108=AXIS2_PLACEMENT_3D('',#18327,#14840,#14841);
#13109=AXIS2_PLACEMENT_3D('',#18329,#14843,#14844);
#13110=AXIS2_PLACEMENT_3D('',#18331,#14846,#14847);
#13111=AXIS2_PLACEMENT_3D('',#18333,#14849,#14850);
#13112=AXIS2_PLACEMENT_3D('',#18335,#14852,#14853);
#13113=AXIS2_PLACEMENT_3D('',#18337,#14855,#14856);
#13114=AXIS2_PLACEMENT_3D('',#18339,#14858,#14859);
#13115=AXIS2_PLACEMENT_3D('',#18341,#14861,#14862);
#13116=AXIS2_PLACEMENT_3D('',#18343,#14864,#14865);
#13117=AXIS2_PLACEMENT_3D('',#18345,#14867,#14868);
#13118=AXIS2_PLACEMENT_3D('',#18347,#14870,#14871);
#13119=AXIS2_PLACEMENT_3D('',#18349,#14873,#14874);
#13120=AXIS2_PLACEMENT_3D('',#18351,#14876,#14877);
#13121=AXIS2_PLACEMENT_3D('',#18353,#14879,#14880);
#13122=AXIS2_PLACEMENT_3D('',#18355,#14882,#14883);
#13123=AXIS2_PLACEMENT_3D('',#18357,#14885,#14886);
#13124=AXIS2_PLACEMENT_3D('',#18359,#14888,#14889);
#13125=AXIS2_PLACEMENT_3D('',#18361,#14891,#14892);
#13126=AXIS2_PLACEMENT_3D('',#18363,#14894,#14895);
#13127=AXIS2_PLACEMENT_3D('',#18365,#14897,#14898);
#13128=AXIS2_PLACEMENT_3D('',#18367,#14900,#14901);
#13129=AXIS2_PLACEMENT_3D('',#18369,#14903,#14904);
#13130=AXIS2_PLACEMENT_3D('',#18371,#14906,#14907);
#13131=AXIS2_PLACEMENT_3D('',#18373,#14909,#14910);
#13132=AXIS2_PLACEMENT_3D('',#18375,#14912,#14913);
#13133=AXIS2_PLACEMENT_3D('',#18377,#14915,#14916);
#13134=AXIS2_PLACEMENT_3D('',#18379,#14918,#14919);
#13135=AXIS2_PLACEMENT_3D('',#18381,#14921,#14922);
#13136=AXIS2_PLACEMENT_3D('',#18383,#14924,#14925);
#13137=AXIS2_PLACEMENT_3D('',#18385,#14927,#14928);
#13138=AXIS2_PLACEMENT_3D('',#18387,#14930,#14931);
#13139=AXIS2_PLACEMENT_3D('',#18389,#14933,#14934);
#13140=AXIS2_PLACEMENT_3D('',#18391,#14936,#14937);
#13141=AXIS2_PLACEMENT_3D('',#18393,#14939,#14940);
#13142=AXIS2_PLACEMENT_3D('',#18395,#14942,#14943);
#13143=AXIS2_PLACEMENT_3D('',#18397,#14945,#14946);
#13144=AXIS2_PLACEMENT_3D('',#18399,#14948,#14949);
#13145=AXIS2_PLACEMENT_3D('',#18401,#14951,#14952);
#13146=AXIS2_PLACEMENT_3D('',#18403,#14954,#14955);
#13147=AXIS2_PLACEMENT_3D('',#18405,#14957,#14958);
#13148=AXIS2_PLACEMENT_3D('',#18407,#14960,#14961);
#13149=AXIS2_PLACEMENT_3D('',#18409,#14963,#14964);
#13150=AXIS2_PLACEMENT_3D('',#18411,#14966,#14967);
#13151=AXIS2_PLACEMENT_3D('',#18413,#14969,#14970);
#13152=AXIS2_PLACEMENT_3D('',#18415,#14972,#14973);
#13153=AXIS2_PLACEMENT_3D('',#18417,#14975,#14976);
#13154=AXIS2_PLACEMENT_3D('',#18419,#14978,#14979);
#13155=AXIS2_PLACEMENT_3D('',#18421,#14981,#14982);
#13156=AXIS2_PLACEMENT_3D('',#18423,#14984,#14985);
#13157=AXIS2_PLACEMENT_3D('',#18425,#14987,#14988);
#13158=AXIS2_PLACEMENT_3D('',#18427,#14990,#14991);
#13159=AXIS2_PLACEMENT_3D('',#18429,#14993,#14994);
#13160=AXIS2_PLACEMENT_3D('',#18431,#14996,#14997);
#13161=AXIS2_PLACEMENT_3D('',#18433,#14999,#15000);
#13162=AXIS2_PLACEMENT_3D('',#18435,#15002,#15003);
#13163=AXIS2_PLACEMENT_3D('',#18437,#15005,#15006);
#13164=AXIS2_PLACEMENT_3D('',#18439,#15008,#15009);
#13165=AXIS2_PLACEMENT_3D('',#18441,#15011,#15012);
#13166=AXIS2_PLACEMENT_3D('',#18443,#15014,#15015);
#13167=AXIS2_PLACEMENT_3D('',#18445,#15017,#15018);
#13168=AXIS2_PLACEMENT_3D('',#18447,#15020,#15021);
#13169=AXIS2_PLACEMENT_3D('',#18449,#15023,#15024);
#13170=AXIS2_PLACEMENT_3D('',#18451,#15026,#15027);
#13171=AXIS2_PLACEMENT_3D('',#18453,#15029,#15030);
#13172=AXIS2_PLACEMENT_3D('',#18455,#15032,#15033);
#13173=AXIS2_PLACEMENT_3D('',#18456,#15034,#15035);
#13174=AXIS2_PLACEMENT_3D('',#18458,#15036,#15037);
#13175=AXIS2_PLACEMENT_3D('',#18460,#15038,#15039);
#13176=AXIS2_PLACEMENT_3D('',#18462,#15040,#15041);
#13177=AXIS2_PLACEMENT_3D('',#18464,#15042,#15043);
#13178=AXIS2_PLACEMENT_3D('',#18465,#15044,#15045);
#13179=AXIS2_PLACEMENT_3D('',#18467,#15046,#15047);
#13180=AXIS2_PLACEMENT_3D('',#18469,#15049,#15050);
#13181=AXIS2_PLACEMENT_3D('',#18471,#15051,#15052);
#13182=AXIS2_PLACEMENT_3D('',#18473,#15054,#15055);
#13183=AXIS2_PLACEMENT_3D('',#18475,#15056,#15057);
#13184=AXIS2_PLACEMENT_3D('',#18477,#15059,#15060);
#13185=AXIS2_PLACEMENT_3D('',#18479,#15061,#15062);
#13186=AXIS2_PLACEMENT_3D('',#18481,#15064,#15065);
#13187=AXIS2_PLACEMENT_3D('',#18483,#15066,#15067);
#13188=AXIS2_PLACEMENT_3D('',#18484,#15068,#15069);
#13189=AXIS2_PLACEMENT_3D('',#18486,#15070,#15071);
#13190=AXIS2_PLACEMENT_3D('',#18487,#15072,#15073);
#13191=AXIS2_PLACEMENT_3D('',#18489,#15074,#15075);
#13192=AXIS2_PLACEMENT_3D('',#18490,#15076,#15077);
#13193=AXIS2_PLACEMENT_3D('',#18492,#15078,#15079);
#13194=AXIS2_PLACEMENT_3D('',#18493,#15080,#15081);
#13195=AXIS2_PLACEMENT_3D('',#18495,#15082,#15083);
#13196=AXIS2_PLACEMENT_3D('',#18497,#15085,#15086);
#13197=AXIS2_PLACEMENT_3D('',#18499,#15087,#15088);
#13198=AXIS2_PLACEMENT_3D('',#18501,#15090,#15091);
#13199=AXIS2_PLACEMENT_3D('',#18503,#15092,#15093);
#13200=AXIS2_PLACEMENT_3D('',#18505,#15095,#15096);
#13201=AXIS2_PLACEMENT_3D('',#18507,#15097,#15098);
#13202=AXIS2_PLACEMENT_3D('',#18509,#15100,#15101);
#13203=AXIS2_PLACEMENT_3D('',#18510,#15102,#15103);
#13204=AXIS2_PLACEMENT_3D('',#18511,#15104,#15105);
#13205=AXIS2_PLACEMENT_3D('',#18512,#15106,#15107);
#13206=AXIS2_PLACEMENT_3D('',#18513,#15108,#15109);
#13207=AXIS2_PLACEMENT_3D('',#18522,#15114,#15115);
#13208=AXIS2_PLACEMENT_3D('',#18528,#15119,#15120);
#13209=AXIS2_PLACEMENT_3D('',#18534,#15124,#15125);
#13210=AXIS2_PLACEMENT_3D('',#18721,#15219,#15220);
#13211=AXIS2_PLACEMENT_3D('',#18723,#15221,#15222);
#13212=AXIS2_PLACEMENT_3D('',#18725,#15223,#15224);
#13213=AXIS2_PLACEMENT_3D('',#18727,#15225,#15226);
#13214=AXIS2_PLACEMENT_3D('',#18728,#15227,#15228);
#13215=AXIS2_PLACEMENT_3D('',#19106,#15418,#15419);
#13216=AXIS2_PLACEMENT_3D('',#19108,#15421,#15422);
#13217=AXIS2_PLACEMENT_3D('',#19110,#15424,#15425);
#13218=AXIS2_PLACEMENT_3D('',#19112,#15427,#15428);
#13219=AXIS2_PLACEMENT_3D('',#19114,#15430,#15431);
#13220=AXIS2_PLACEMENT_3D('',#19116,#15433,#15434);
#13221=AXIS2_PLACEMENT_3D('',#19118,#15436,#15437);
#13222=AXIS2_PLACEMENT_3D('',#19120,#15439,#15440);
#13223=AXIS2_PLACEMENT_3D('',#19122,#15442,#15443);
#13224=AXIS2_PLACEMENT_3D('',#19124,#15445,#15446);
#13225=AXIS2_PLACEMENT_3D('',#19126,#15448,#15449);
#13226=AXIS2_PLACEMENT_3D('',#19128,#15451,#15452);
#13227=AXIS2_PLACEMENT_3D('',#19130,#15454,#15455);
#13228=AXIS2_PLACEMENT_3D('',#19132,#15457,#15458);
#13229=AXIS2_PLACEMENT_3D('',#19134,#15460,#15461);
#13230=AXIS2_PLACEMENT_3D('',#19136,#15463,#15464);
#13231=AXIS2_PLACEMENT_3D('',#19138,#15466,#15467);
#13232=AXIS2_PLACEMENT_3D('',#19140,#15469,#15470);
#13233=AXIS2_PLACEMENT_3D('',#19142,#15472,#15473);
#13234=AXIS2_PLACEMENT_3D('',#19144,#15475,#15476);
#13235=AXIS2_PLACEMENT_3D('',#19146,#15478,#15479);
#13236=AXIS2_PLACEMENT_3D('',#19148,#15481,#15482);
#13237=AXIS2_PLACEMENT_3D('',#19150,#15484,#15485);
#13238=AXIS2_PLACEMENT_3D('',#19152,#15487,#15488);
#13239=AXIS2_PLACEMENT_3D('',#19154,#15490,#15491);
#13240=AXIS2_PLACEMENT_3D('',#19156,#15493,#15494);
#13241=AXIS2_PLACEMENT_3D('',#19158,#15496,#15497);
#13242=AXIS2_PLACEMENT_3D('',#19160,#15499,#15500);
#13243=AXIS2_PLACEMENT_3D('',#19162,#15502,#15503);
#13244=AXIS2_PLACEMENT_3D('',#19164,#15505,#15506);
#13245=AXIS2_PLACEMENT_3D('',#19166,#15508,#15509);
#13246=AXIS2_PLACEMENT_3D('',#19168,#15511,#15512);
#13247=AXIS2_PLACEMENT_3D('',#19170,#15514,#15515);
#13248=AXIS2_PLACEMENT_3D('',#19172,#15517,#15518);
#13249=AXIS2_PLACEMENT_3D('',#19174,#15520,#15521);
#13250=AXIS2_PLACEMENT_3D('',#19176,#15523,#15524);
#13251=AXIS2_PLACEMENT_3D('',#19178,#15526,#15527);
#13252=AXIS2_PLACEMENT_3D('',#19180,#15529,#15530);
#13253=AXIS2_PLACEMENT_3D('',#19182,#15532,#15533);
#13254=AXIS2_PLACEMENT_3D('',#19184,#15535,#15536);
#13255=AXIS2_PLACEMENT_3D('',#19186,#15538,#15539);
#13256=AXIS2_PLACEMENT_3D('',#19188,#15541,#15542);
#13257=AXIS2_PLACEMENT_3D('',#19190,#15544,#15545);
#13258=AXIS2_PLACEMENT_3D('',#19192,#15547,#15548);
#13259=AXIS2_PLACEMENT_3D('',#19194,#15550,#15551);
#13260=AXIS2_PLACEMENT_3D('',#19196,#15553,#15554);
#13261=AXIS2_PLACEMENT_3D('',#19198,#15556,#15557);
#13262=AXIS2_PLACEMENT_3D('',#19200,#15559,#15560);
#13263=AXIS2_PLACEMENT_3D('',#19202,#15562,#15563);
#13264=AXIS2_PLACEMENT_3D('',#19204,#15565,#15566);
#13265=AXIS2_PLACEMENT_3D('',#19206,#15568,#15569);
#13266=AXIS2_PLACEMENT_3D('',#19208,#15571,#15572);
#13267=AXIS2_PLACEMENT_3D('',#19210,#15574,#15575);
#13268=AXIS2_PLACEMENT_3D('',#19212,#15577,#15578);
#13269=AXIS2_PLACEMENT_3D('',#19214,#15580,#15581);
#13270=AXIS2_PLACEMENT_3D('',#19216,#15583,#15584);
#13271=AXIS2_PLACEMENT_3D('',#19218,#15586,#15587);
#13272=AXIS2_PLACEMENT_3D('',#19220,#15589,#15590);
#13273=AXIS2_PLACEMENT_3D('',#19222,#15592,#15593);
#13274=AXIS2_PLACEMENT_3D('',#19224,#15595,#15596);
#13275=AXIS2_PLACEMENT_3D('',#19226,#15598,#15599);
#13276=AXIS2_PLACEMENT_3D('',#19228,#15601,#15602);
#13277=AXIS2_PLACEMENT_3D('',#19230,#15604,#15605);
#13278=AXIS2_PLACEMENT_3D('',#19232,#15607,#15608);
#13279=AXIS2_PLACEMENT_3D('',#19234,#15610,#15611);
#13280=AXIS2_PLACEMENT_3D('',#19236,#15613,#15614);
#13281=AXIS2_PLACEMENT_3D('',#19238,#15616,#15617);
#13282=AXIS2_PLACEMENT_3D('',#19240,#15619,#15620);
#13283=AXIS2_PLACEMENT_3D('',#19242,#15622,#15623);
#13284=AXIS2_PLACEMENT_3D('',#19244,#15625,#15626);
#13285=AXIS2_PLACEMENT_3D('',#19246,#15628,#15629);
#13286=AXIS2_PLACEMENT_3D('',#19248,#15631,#15632);
#13287=AXIS2_PLACEMENT_3D('',#19250,#15634,#15635);
#13288=AXIS2_PLACEMENT_3D('',#19252,#15637,#15638);
#13289=AXIS2_PLACEMENT_3D('',#19254,#15640,#15641);
#13290=AXIS2_PLACEMENT_3D('',#19256,#15643,#15644);
#13291=AXIS2_PLACEMENT_3D('',#19258,#15646,#15647);
#13292=AXIS2_PLACEMENT_3D('',#19260,#15649,#15650);
#13293=AXIS2_PLACEMENT_3D('',#19262,#15652,#15653);
#13294=AXIS2_PLACEMENT_3D('',#19264,#15655,#15656);
#13295=AXIS2_PLACEMENT_3D('',#19266,#15658,#15659);
#13296=AXIS2_PLACEMENT_3D('',#19268,#15661,#15662);
#13297=AXIS2_PLACEMENT_3D('',#19270,#15664,#15665);
#13298=AXIS2_PLACEMENT_3D('',#19272,#15667,#15668);
#13299=AXIS2_PLACEMENT_3D('',#19274,#15670,#15671);
#13300=AXIS2_PLACEMENT_3D('',#19276,#15673,#15674);
#13301=AXIS2_PLACEMENT_3D('',#19278,#15676,#15677);
#13302=AXIS2_PLACEMENT_3D('',#19280,#15679,#15680);
#13303=AXIS2_PLACEMENT_3D('',#19282,#15682,#15683);
#13304=AXIS2_PLACEMENT_3D('',#19284,#15685,#15686);
#13305=AXIS2_PLACEMENT_3D('',#19286,#15688,#15689);
#13306=AXIS2_PLACEMENT_3D('',#19288,#15691,#15692);
#13307=AXIS2_PLACEMENT_3D('',#19290,#15694,#15695);
#13308=AXIS2_PLACEMENT_3D('',#19291,#15696,#15697);
#13309=AXIS2_PLACEMENT_3D('',#19297,#15701,#15702);
#13310=AXIS2_PLACEMENT_3D('',#19301,#15705,#15706);
#13311=AXIS2_PLACEMENT_3D('',#19305,#15709,#15710);
#13312=AXIS2_PLACEMENT_3D('',#19309,#15713,#15714);
#13313=AXIS2_PLACEMENT_3D('',#19313,#15717,#15718);
#13314=AXIS2_PLACEMENT_3D('',#19317,#15721,#15722);
#13315=AXIS2_PLACEMENT_3D('',#19321,#15725,#15726);
#13316=AXIS2_PLACEMENT_3D('',#19325,#15729,#15730);
#13317=AXIS2_PLACEMENT_3D('',#19329,#15733,#15734);
#13318=AXIS2_PLACEMENT_3D('',#19333,#15737,#15738);
#13319=AXIS2_PLACEMENT_3D('',#19337,#15741,#15742);
#13320=AXIS2_PLACEMENT_3D('',#19341,#15745,#15746);
#13321=AXIS2_PLACEMENT_3D('',#19345,#15749,#15750);
#13322=AXIS2_PLACEMENT_3D('',#19349,#15753,#15754);
#13323=AXIS2_PLACEMENT_3D('',#19353,#15757,#15758);
#13324=AXIS2_PLACEMENT_3D('',#19357,#15761,#15762);
#13325=AXIS2_PLACEMENT_3D('',#19361,#15765,#15766);
#13326=AXIS2_PLACEMENT_3D('',#19365,#15769,#15770);
#13327=AXIS2_PLACEMENT_3D('',#19369,#15773,#15774);
#13328=AXIS2_PLACEMENT_3D('',#19373,#15777,#15778);
#13329=AXIS2_PLACEMENT_3D('',#19377,#15781,#15782);
#13330=AXIS2_PLACEMENT_3D('',#19381,#15785,#15786);
#13331=AXIS2_PLACEMENT_3D('',#19385,#15789,#15790);
#13332=AXIS2_PLACEMENT_3D('',#19389,#15793,#15794);
#13333=AXIS2_PLACEMENT_3D('',#19393,#15797,#15798);
#13334=AXIS2_PLACEMENT_3D('',#19397,#15801,#15802);
#13335=AXIS2_PLACEMENT_3D('',#19401,#15805,#15806);
#13336=AXIS2_PLACEMENT_3D('',#19405,#15809,#15810);
#13337=AXIS2_PLACEMENT_3D('',#19409,#15813,#15814);
#13338=AXIS2_PLACEMENT_3D('',#19413,#15817,#15818);
#13339=AXIS2_PLACEMENT_3D('',#19417,#15821,#15822);
#13340=AXIS2_PLACEMENT_3D('',#19421,#15825,#15826);
#13341=AXIS2_PLACEMENT_3D('',#19425,#15829,#15830);
#13342=AXIS2_PLACEMENT_3D('',#19429,#15833,#15834);
#13343=AXIS2_PLACEMENT_3D('',#19433,#15837,#15838);
#13344=AXIS2_PLACEMENT_3D('',#19437,#15841,#15842);
#13345=AXIS2_PLACEMENT_3D('',#19441,#15845,#15846);
#13346=AXIS2_PLACEMENT_3D('',#19445,#15849,#15850);
#13347=AXIS2_PLACEMENT_3D('',#19449,#15853,#15854);
#13348=AXIS2_PLACEMENT_3D('',#19453,#15857,#15858);
#13349=AXIS2_PLACEMENT_3D('',#19457,#15861,#15862);
#13350=AXIS2_PLACEMENT_3D('',#19461,#15865,#15866);
#13351=AXIS2_PLACEMENT_3D('',#19465,#15869,#15870);
#13352=AXIS2_PLACEMENT_3D('',#19469,#15873,#15874);
#13353=AXIS2_PLACEMENT_3D('',#19473,#15877,#15878);
#13354=AXIS2_PLACEMENT_3D('',#19477,#15881,#15882);
#13355=AXIS2_PLACEMENT_3D('',#19481,#15885,#15886);
#13356=AXIS2_PLACEMENT_3D('',#19485,#15889,#15890);
#13357=AXIS2_PLACEMENT_3D('',#19489,#15893,#15894);
#13358=AXIS2_PLACEMENT_3D('',#19493,#15897,#15898);
#13359=AXIS2_PLACEMENT_3D('',#19497,#15901,#15902);
#13360=AXIS2_PLACEMENT_3D('',#19501,#15905,#15906);
#13361=AXIS2_PLACEMENT_3D('',#19505,#15909,#15910);
#13362=AXIS2_PLACEMENT_3D('',#19509,#15913,#15914);
#13363=AXIS2_PLACEMENT_3D('',#19513,#15917,#15918);
#13364=AXIS2_PLACEMENT_3D('',#19517,#15921,#15922);
#13365=AXIS2_PLACEMENT_3D('',#19521,#15925,#15926);
#13366=AXIS2_PLACEMENT_3D('',#19525,#15929,#15930);
#13367=AXIS2_PLACEMENT_3D('',#19529,#15933,#15934);
#13368=AXIS2_PLACEMENT_3D('',#19533,#15937,#15938);
#13369=AXIS2_PLACEMENT_3D('',#19537,#15941,#15942);
#13370=AXIS2_PLACEMENT_3D('',#19541,#15945,#15946);
#13371=AXIS2_PLACEMENT_3D('',#19545,#15949,#15950);
#13372=AXIS2_PLACEMENT_3D('',#19549,#15953,#15954);
#13373=AXIS2_PLACEMENT_3D('',#19553,#15957,#15958);
#13374=AXIS2_PLACEMENT_3D('',#19557,#15961,#15962);
#13375=AXIS2_PLACEMENT_3D('',#19561,#15965,#15966);
#13376=AXIS2_PLACEMENT_3D('',#19565,#15969,#15970);
#13377=AXIS2_PLACEMENT_3D('',#19569,#15973,#15974);
#13378=AXIS2_PLACEMENT_3D('',#19573,#15977,#15978);
#13379=AXIS2_PLACEMENT_3D('',#19577,#15981,#15982);
#13380=AXIS2_PLACEMENT_3D('',#19581,#15985,#15986);
#13381=AXIS2_PLACEMENT_3D('',#19585,#15989,#15990);
#13382=AXIS2_PLACEMENT_3D('',#19589,#15993,#15994);
#13383=AXIS2_PLACEMENT_3D('',#19593,#15997,#15998);
#13384=AXIS2_PLACEMENT_3D('',#19597,#16001,#16002);
#13385=AXIS2_PLACEMENT_3D('',#19601,#16005,#16006);
#13386=AXIS2_PLACEMENT_3D('',#19605,#16009,#16010);
#13387=AXIS2_PLACEMENT_3D('',#19609,#16013,#16014);
#13388=AXIS2_PLACEMENT_3D('',#19613,#16017,#16018);
#13389=AXIS2_PLACEMENT_3D('',#19617,#16021,#16022);
#13390=AXIS2_PLACEMENT_3D('',#19621,#16025,#16026);
#13391=AXIS2_PLACEMENT_3D('',#19625,#16029,#16030);
#13392=AXIS2_PLACEMENT_3D('',#19629,#16033,#16034);
#13393=AXIS2_PLACEMENT_3D('',#19633,#16037,#16038);
#13394=AXIS2_PLACEMENT_3D('',#19637,#16041,#16042);
#13395=AXIS2_PLACEMENT_3D('',#19641,#16045,#16046);
#13396=AXIS2_PLACEMENT_3D('',#19645,#16049,#16050);
#13397=AXIS2_PLACEMENT_3D('',#19649,#16053,#16054);
#13398=AXIS2_PLACEMENT_3D('',#19653,#16057,#16058);
#13399=AXIS2_PLACEMENT_3D('',#19657,#16061,#16062);
#13400=AXIS2_PLACEMENT_3D('',#19661,#16065,#16066);
#13401=AXIS2_PLACEMENT_3D('',#19665,#16069,#16070);
#13402=AXIS2_PLACEMENT_3D('',#19669,#16073,#16074);
#13403=AXIS2_PLACEMENT_3D('',#19673,#16077,#16078);
#13404=AXIS2_PLACEMENT_3D('',#19675,#16080,#16081);
#13405=AXIS2_PLACEMENT_3D('',#19677,#16082,#16083);
#13406=AXIS2_PLACEMENT_3D('',#19679,#16085,#16086);
#13407=AXIS2_PLACEMENT_3D('',#19681,#16087,#16088);
#13408=AXIS2_PLACEMENT_3D('',#19683,#16090,#16091);
#13409=AXIS2_PLACEMENT_3D('',#19685,#16092,#16093);
#13410=AXIS2_PLACEMENT_3D('',#19687,#16095,#16096);
#13411=AXIS2_PLACEMENT_3D('',#19689,#16097,#16098);
#13412=AXIS2_PLACEMENT_3D('',#19691,#16100,#16101);
#13413=AXIS2_PLACEMENT_3D('',#19884,#16198,#16199);
#13414=AXIS2_PLACEMENT_3D('',#19890,#16203,#16204);
#13415=AXIS2_PLACEMENT_3D('',#19894,#16207,#16208);
#13416=AXIS2_PLACEMENT_3D('',#19898,#16211,#16212);
#13417=AXIS2_PLACEMENT_3D('',#19902,#16215,#16216);
#13418=AXIS2_PLACEMENT_3D('',#19906,#16219,#16220);
#13419=AXIS2_PLACEMENT_3D('',#19910,#16223,#16224);
#13420=AXIS2_PLACEMENT_3D('',#19914,#16227,#16228);
#13421=AXIS2_PLACEMENT_3D('',#19918,#16231,#16232);
#13422=AXIS2_PLACEMENT_3D('',#19922,#16235,#16236);
#13423=AXIS2_PLACEMENT_3D('',#19926,#16239,#16240);
#13424=AXIS2_PLACEMENT_3D('',#19930,#16243,#16244);
#13425=AXIS2_PLACEMENT_3D('',#19934,#16247,#16248);
#13426=AXIS2_PLACEMENT_3D('',#19938,#16251,#16252);
#13427=AXIS2_PLACEMENT_3D('',#19942,#16255,#16256);
#13428=AXIS2_PLACEMENT_3D('',#19946,#16259,#16260);
#13429=AXIS2_PLACEMENT_3D('',#19950,#16263,#16264);
#13430=AXIS2_PLACEMENT_3D('',#19954,#16267,#16268);
#13431=AXIS2_PLACEMENT_3D('',#19958,#16271,#16272);
#13432=AXIS2_PLACEMENT_3D('',#19962,#16275,#16276);
#13433=AXIS2_PLACEMENT_3D('',#19966,#16279,#16280);
#13434=AXIS2_PLACEMENT_3D('',#19970,#16283,#16284);
#13435=AXIS2_PLACEMENT_3D('',#19974,#16287,#16288);
#13436=AXIS2_PLACEMENT_3D('',#19978,#16291,#16292);
#13437=AXIS2_PLACEMENT_3D('',#19982,#16295,#16296);
#13438=AXIS2_PLACEMENT_3D('',#19986,#16299,#16300);
#13439=AXIS2_PLACEMENT_3D('',#19990,#16303,#16304);
#13440=AXIS2_PLACEMENT_3D('',#19994,#16307,#16308);
#13441=AXIS2_PLACEMENT_3D('',#19998,#16311,#16312);
#13442=AXIS2_PLACEMENT_3D('',#20002,#16315,#16316);
#13443=AXIS2_PLACEMENT_3D('',#20006,#16319,#16320);
#13444=AXIS2_PLACEMENT_3D('',#20010,#16323,#16324);
#13445=AXIS2_PLACEMENT_3D('',#20014,#16327,#16328);
#13446=AXIS2_PLACEMENT_3D('',#20018,#16331,#16332);
#13447=AXIS2_PLACEMENT_3D('',#20022,#16335,#16336);
#13448=AXIS2_PLACEMENT_3D('',#20026,#16339,#16340);
#13449=AXIS2_PLACEMENT_3D('',#20030,#16343,#16344);
#13450=AXIS2_PLACEMENT_3D('',#20034,#16347,#16348);
#13451=AXIS2_PLACEMENT_3D('',#20038,#16351,#16352);
#13452=AXIS2_PLACEMENT_3D('',#20042,#16355,#16356);
#13453=AXIS2_PLACEMENT_3D('',#20046,#16359,#16360);
#13454=AXIS2_PLACEMENT_3D('',#20050,#16363,#16364);
#13455=AXIS2_PLACEMENT_3D('',#20054,#16367,#16368);
#13456=AXIS2_PLACEMENT_3D('',#20058,#16371,#16372);
#13457=AXIS2_PLACEMENT_3D('',#20062,#16375,#16376);
#13458=AXIS2_PLACEMENT_3D('',#20066,#16379,#16380);
#13459=AXIS2_PLACEMENT_3D('',#20070,#16383,#16384);
#13460=AXIS2_PLACEMENT_3D('',#20074,#16387,#16388);
#13461=AXIS2_PLACEMENT_3D('',#20078,#16391,#16392);
#13462=AXIS2_PLACEMENT_3D('',#20082,#16395,#16396);
#13463=AXIS2_PLACEMENT_3D('',#20086,#16399,#16400);
#13464=AXIS2_PLACEMENT_3D('',#20090,#16403,#16404);
#13465=AXIS2_PLACEMENT_3D('',#20094,#16407,#16408);
#13466=AXIS2_PLACEMENT_3D('',#20098,#16411,#16412);
#13467=AXIS2_PLACEMENT_3D('',#20102,#16415,#16416);
#13468=AXIS2_PLACEMENT_3D('',#20106,#16419,#16420);
#13469=AXIS2_PLACEMENT_3D('',#20110,#16423,#16424);
#13470=AXIS2_PLACEMENT_3D('',#20114,#16427,#16428);
#13471=AXIS2_PLACEMENT_3D('',#20118,#16431,#16432);
#13472=AXIS2_PLACEMENT_3D('',#20122,#16435,#16436);
#13473=AXIS2_PLACEMENT_3D('',#20126,#16439,#16440);
#13474=AXIS2_PLACEMENT_3D('',#20130,#16443,#16444);
#13475=AXIS2_PLACEMENT_3D('',#20134,#16447,#16448);
#13476=AXIS2_PLACEMENT_3D('',#20138,#16451,#16452);
#13477=AXIS2_PLACEMENT_3D('',#20142,#16455,#16456);
#13478=AXIS2_PLACEMENT_3D('',#20146,#16459,#16460);
#13479=AXIS2_PLACEMENT_3D('',#20150,#16463,#16464);
#13480=AXIS2_PLACEMENT_3D('',#20154,#16467,#16468);
#13481=AXIS2_PLACEMENT_3D('',#20158,#16471,#16472);
#13482=AXIS2_PLACEMENT_3D('',#20162,#16475,#16476);
#13483=AXIS2_PLACEMENT_3D('',#20166,#16479,#16480);
#13484=AXIS2_PLACEMENT_3D('',#20170,#16483,#16484);
#13485=AXIS2_PLACEMENT_3D('',#20174,#16487,#16488);
#13486=AXIS2_PLACEMENT_3D('',#20178,#16491,#16492);
#13487=AXIS2_PLACEMENT_3D('',#20182,#16495,#16496);
#13488=AXIS2_PLACEMENT_3D('',#20186,#16499,#16500);
#13489=AXIS2_PLACEMENT_3D('',#20190,#16503,#16504);
#13490=AXIS2_PLACEMENT_3D('',#20194,#16507,#16508);
#13491=AXIS2_PLACEMENT_3D('',#20198,#16511,#16512);
#13492=AXIS2_PLACEMENT_3D('',#20202,#16515,#16516);
#13493=AXIS2_PLACEMENT_3D('',#20206,#16519,#16520);
#13494=AXIS2_PLACEMENT_3D('',#20210,#16523,#16524);
#13495=AXIS2_PLACEMENT_3D('',#20214,#16527,#16528);
#13496=AXIS2_PLACEMENT_3D('',#20218,#16531,#16532);
#13497=AXIS2_PLACEMENT_3D('',#20222,#16535,#16536);
#13498=AXIS2_PLACEMENT_3D('',#20226,#16539,#16540);
#13499=AXIS2_PLACEMENT_3D('',#20230,#16543,#16544);
#13500=AXIS2_PLACEMENT_3D('',#20234,#16547,#16548);
#13501=AXIS2_PLACEMENT_3D('',#20238,#16551,#16552);
#13502=AXIS2_PLACEMENT_3D('',#20242,#16555,#16556);
#13503=AXIS2_PLACEMENT_3D('',#20246,#16559,#16560);
#13504=AXIS2_PLACEMENT_3D('',#20250,#16563,#16564);
#13505=AXIS2_PLACEMENT_3D('',#20254,#16567,#16568);
#13506=AXIS2_PLACEMENT_3D('',#20258,#16571,#16572);
#13507=AXIS2_PLACEMENT_3D('',#20262,#16575,#16576);
#13508=AXIS2_PLACEMENT_3D('',#20266,#16579,#16580);
#13509=AXIS2_PLACEMENT_3D('',#20268,#16582,#16583);
#13510=AXIS2_PLACEMENT_3D('',#20270,#16584,#16585);
#13511=AXIS2_PLACEMENT_3D('',#20271,#16586,#16587);
#13512=AXIS2_PLACEMENT_3D('',#20273,#16588,#16589);
#13513=AXIS2_PLACEMENT_3D('',#20274,#16590,#16591);
#13514=AXIS2_PLACEMENT_3D('',#20276,#16592,#16593);
#13515=AXIS2_PLACEMENT_3D('',#20277,#16594,#16595);
#13516=AXIS2_PLACEMENT_3D('',#20279,#16596,#16597);
#13517=AXIS2_PLACEMENT_3D('',#20280,#16598,#16599);
#13518=AXIS2_PLACEMENT_3D('',#20282,#16600,#16601);
#13519=AXIS2_PLACEMENT_3D('',#20284,#16602,#16603);
#13520=AXIS2_PLACEMENT_3D('',#20286,#16604,#16605);
#13521=AXIS2_PLACEMENT_3D('',#20288,#16606,#16607);
#13522=AXIS2_PLACEMENT_3D('',#20289,#16608,#16609);
#13523=AXIS2_PLACEMENT_3D('',#20291,#16610,#16611);
#13524=AXIS2_PLACEMENT_3D('',#20293,#16613,#16614);
#13525=AXIS2_PLACEMENT_3D('',#20295,#16615,#16616);
#13526=AXIS2_PLACEMENT_3D('',#20297,#16618,#16619);
#13527=AXIS2_PLACEMENT_3D('',#20299,#16620,#16621);
#13528=AXIS2_PLACEMENT_3D('',#20301,#16623,#16624);
#13529=AXIS2_PLACEMENT_3D('',#20303,#16625,#16626);
#13530=AXIS2_PLACEMENT_3D('',#20305,#16628,#16629);
#13531=AXIS2_PLACEMENT_3D('',#20308,#16631,#16632);
#13532=AXIS2_PLACEMENT_3D('',#20309,#16633,#16634);
#13533=AXIS2_PLACEMENT_3D('',#20312,#16636,#16637);
#13534=AXIS2_PLACEMENT_3D('',#20313,#16638,#16639);
#13535=AXIS2_PLACEMENT_3D('',#20316,#16641,#16642);
#13536=AXIS2_PLACEMENT_3D('',#20317,#16643,#16644);
#13537=AXIS2_PLACEMENT_3D('',#20320,#16646,#16647);
#13538=AXIS2_PLACEMENT_3D('',#20321,#16648,#16649);
#13539=AXIS2_PLACEMENT_3D('',#20323,#16650,#16651);
#13540=AXIS2_PLACEMENT_3D('',#20324,#16652,#16653);
#13541=AXIS2_PLACEMENT_3D('',#20326,#16654,#16655);
#13542=AXIS2_PLACEMENT_3D('',#20327,#16656,#16657);
#13543=AXIS2_PLACEMENT_3D('',#20329,#16658,#16659);
#13544=AXIS2_PLACEMENT_3D('',#20330,#16660,#16661);
#13545=AXIS2_PLACEMENT_3D('',#20332,#16662,#16663);
#13546=AXIS2_PLACEMENT_3D('',#20333,#16664,#16665);
#13547=AXIS2_PLACEMENT_3D('',#20335,#16666,#16667);
#13548=AXIS2_PLACEMENT_3D('',#20336,#16668,#16669);
#13549=AXIS2_PLACEMENT_3D('',#20338,#16670,#16671);
#13550=AXIS2_PLACEMENT_3D('',#20339,#16672,#16673);
#13551=AXIS2_PLACEMENT_3D('',#20341,#16674,#16675);
#13552=AXIS2_PLACEMENT_3D('',#20342,#16676,#16677);
#13553=AXIS2_PLACEMENT_3D('',#20344,#16678,#16679);
#13554=AXIS2_PLACEMENT_3D('',#20345,#16680,#16681);
#13555=AXIS2_PLACEMENT_3D('',#20347,#16683,#16684);
#13556=AXIS2_PLACEMENT_3D('',#20349,#16686,#16687);
#13557=AXIS2_PLACEMENT_3D('',#20351,#16689,#16690);
#13558=AXIS2_PLACEMENT_3D('',#20353,#16692,#16693);
#13559=DIRECTION('axis',(0.,0.,1.));
#13560=DIRECTION('refdir',(1.,0.,0.));
#13561=DIRECTION('axis',(0.,0.,1.));
#13562=DIRECTION('refdir',(1.,0.,0.));
#13563=DIRECTION('center_axis',(-0.0341411101294348,-0.999417022368105,
0.));
#13564=DIRECTION('ref_axis',(0.,0.,-1.));
#13565=DIRECTION('',(0.,0.,1.));
#13566=DIRECTION('',(-0.999417022368105,0.0341411101294348,0.));
#13567=DIRECTION('',(0.,0.,1.));
#13568=DIRECTION('',(-0.999417022368105,0.0341411101294348,0.));
#13569=DIRECTION('center_axis',(0.,-1.,0.));
#13570=DIRECTION('ref_axis',(0.,0.,-1.));
#13571=DIRECTION('',(0.,0.,1.));
#13572=DIRECTION('',(-1.,0.,0.));
#13573=DIRECTION('',(-1.,0.,0.));
#13574=DIRECTION('center_axis',(-0.102264149093739,-0.994757278842499,0.));
#13575=DIRECTION('ref_axis',(0.,0.,-1.));
#13576=DIRECTION('',(-0.994757278842499,0.102264149093739,0.));
#13577=DIRECTION('',(0.,0.,1.));
#13578=DIRECTION('',(-0.994757278842499,0.102264149093739,0.));
#13579=DIRECTION('center_axis',(0.,0.,-1.));
#13580=DIRECTION('ref_axis',(-1.,0.,0.));
#13581=DIRECTION('',(-0.985459517718291,0.16991038502232,0.));
#13582=DIRECTION('',(-0.971567089397189,0.236764420469533,0.));
#13583=DIRECTION('',(-0.953144766804022,0.302514550913019,0.));
#13584=DIRECTION('',(-0.930278443358054,0.36685421876178,0.));
#13585=DIRECTION('',(-0.9030747323564,0.429483442963075,0.));
#13586=DIRECTION('',(-0.871660470034606,0.490110217174718,0.));
#13587=DIRECTION('',(-0.836182124227404,0.548451871290952,0.));
#13588=DIRECTION('',(-0.796805111374225,0.604236389576057,0.));
#13589=DIRECTION('',(-0.753713025393045,0.657203678742642,0.));
#13590=DIRECTION('',(-0.707106781223692,0.707106781149403,0.));
#13591=DIRECTION('',(-0.657203678715539,0.753713025416679,0.));
#13592=DIRECTION('',(-0.604236389542964,0.796805111399321,0.));
#13593=DIRECTION('',(-0.54845187130375,0.836182124219009,0.));
#13594=DIRECTION('',(-0.490110217202755,0.871660470018842,0.));
#13595=DIRECTION('',(-0.429483443010903,0.903074732333654,0.));
#13596=DIRECTION('',(-0.366854218785307,0.930278443348776,0.));
#13597=DIRECTION('',(-0.302514550875206,0.953144766816024,0.));
#13598=DIRECTION('',(-0.23676442049251,0.97156708939159,0.));
#13599=DIRECTION('',(-0.169910384996858,0.985459517722681,0.));
#13600=DIRECTION('',(-0.10226414896295,0.994757278855945,0.));
#13601=DIRECTION('',(-0.0341411101849844,0.999417022366208,0.));
#13602=DIRECTION('',(0.,1.,0.));
#13603=DIRECTION('',(0.0341411101858565,0.999417022366178,0.));
#13604=DIRECTION('',(0.102264148942096,0.994757278858089,0.));
#13605=DIRECTION('',(0.169910385026888,0.985459517717504,0.));
#13606=DIRECTION('',(0.236764420468945,0.971567089397333,0.));
#13607=DIRECTION('',(0.302514550875219,0.95314476681602,0.));
#13608=DIRECTION('',(0.366854218820276,0.930278443334986,0.));
#13609=DIRECTION('',(0.429483443030765,0.903074732324208,0.));
#13610=DIRECTION('',(0.49011021716991,0.87166047003731,0.));
#13611=DIRECTION('',(0.548451871256769,0.836182124249824,0.));
#13612=DIRECTION('',(0.604236389518253,0.796805111418059,0.));
#13613=DIRECTION('',(0.657203678817096,0.753713025328125,0.));
#13614=DIRECTION('',(0.707106781185273,0.707106781187822,0.));
#13615=DIRECTION('',(0.753713025329572,0.657203678815436,0.));
#13616=DIRECTION('',(0.796805111411231,0.604236389527258,0.));
#13617=DIRECTION('',(0.836182124262653,0.54845187123721,0.));
#13618=DIRECTION('',(0.871660470034606,0.490110217174718,0.));
#13619=DIRECTION('',(0.903074732316666,0.429483443046622,0.));
#13620=DIRECTION('',(0.930278443340562,0.366854218806138,0.));
#13621=DIRECTION('',(0.953144766811418,0.302514550889716,0.));
#13622=DIRECTION('',(0.971567089403074,0.236764420445385,0.));
#13623=DIRECTION('',(0.985459517713996,0.16991038504723,0.));
#13624=DIRECTION('',(0.994757278858142,0.10226414894158,0.));
#13625=DIRECTION('',(0.999417022366356,0.0341411101806537,0.));
#13626=DIRECTION('',(1.,0.,0.));
#13627=DIRECTION('',(0.999417022366353,-0.0341411101807407,0.));
#13628=DIRECTION('',(0.994757278858088,-0.102264148942098,0.));
#13629=DIRECTION('',(0.985459517714068,-0.169910385046811,0.));
#13630=DIRECTION('',(0.971567089404082,-0.236764420441249,0.));
#13631=DIRECTION('',(0.953144766810719,-0.302514550891921,0.));
#13632=DIRECTION('',(0.93027844334194,-0.366854218802642,0.));
#13633=DIRECTION('',(0.903074732315239,-0.429483443049623,0.));
#13634=DIRECTION('',(0.871660470033382,-0.490110217176896,0.));
#13635=DIRECTION('',(0.836182124265733,-0.548451871232513,0.));
#13636=DIRECTION('',(0.796805111403752,-0.60423638953712,0.));
#13637=DIRECTION('',(0.753713025330673,-0.657203678814174,0.));
#13638=DIRECTION('',(0.707106781186548,-0.707106781186548,0.));
#13639=DIRECTION('',(0.657203678814148,-0.753713025330696,0.));
#13640=DIRECTION('',(0.604236389524843,-0.796805111413062,0.));
#13641=DIRECTION('',(0.548451871262116,-0.836182124246317,0.));
#13642=DIRECTION('',(0.490110217166036,-0.871660470039488,0.));
#13643=DIRECTION('',(0.429483443028687,-0.903074732325196,0.));
#13644=DIRECTION('',(0.366854218811373,-0.930278443338497,0.));
#13645=DIRECTION('',(0.302514550884524,-0.953144766813066,0.));
#13646=DIRECTION('',(0.236764420471351,-0.971567089396746,0.));
#13647=DIRECTION('',(0.169910385021937,-0.985459517718357,0.));
#13648=DIRECTION('',(0.102264148942096,-0.994757278858089,0.));
#13649=DIRECTION('',(0.0341411101807642,-0.999417022366352,0.));
#13650=DIRECTION('',(0.,-1.,0.));
#13651=DIRECTION('',(-0.0341411101798921,-0.999417022366382,0.));
#13652=DIRECTION('',(-0.10226414896295,-0.994757278855945,0.));
#13653=DIRECTION('',(-0.169910384991907,-0.985459517723535,0.));
#13654=DIRECTION('',(-0.236764420494916,-0.971567089391004,0.));
#13655=DIRECTION('',(-0.302514550884511,-0.953144766813071,0.));
#13656=DIRECTION('',(-0.366854218776404,-0.930278443352287,0.));
#13657=DIRECTION('',(-0.429483443008824,-0.903074732334642,0.));
#13658=DIRECTION('',(-0.490110217198881,-0.87166047002102,0.));
#13659=DIRECTION('',(-0.548451871309098,-0.836182124215502,0.));
#13660=DIRECTION('',(-0.604236389549553,-0.796805111394324,0.));
#13661=DIRECTION('',(-0.657203678712591,-0.753713025419249,0.));
#13662=DIRECTION('',(-0.707106781224967,-0.707106781148128,0.));
#13663=DIRECTION('',(-0.753713025394147,-0.65720367874138,0.));
#13664=DIRECTION('',(-0.796805111366747,-0.604236389585919,0.));
#13665=DIRECTION('',(-0.836182124230485,-0.548451871286255,0.));
#13666=DIRECTION('',(-0.871660470033382,-0.490110217176896,0.));
#13667=DIRECTION('',(-0.903074732354972,-0.429483442966076,0.));
#13668=DIRECTION('',(-0.930278443359432,-0.366854218758285,0.));
#13669=DIRECTION('',(-0.953144766803322,-0.302514550915224,0.));
#13670=DIRECTION('',(-0.971567089398197,-0.236764420465397,0.));
#13671=DIRECTION('',(-0.985459517718363,-0.169910385021901,0.));
#13672=DIRECTION('',(-0.994757278842446,-0.102264149094258,0.));
#13673=DIRECTION('',(-0.999417022368102,-0.0341411101295218,0.));
#13674=DIRECTION('',(0.999417022366472,-0.0341411101772298,0.));
#13675=DIRECTION('',(1.,0.,0.));
#13676=DIRECTION('',(0.99941702236648,0.0341411101770041,0.));
#13677=DIRECTION('',(0.994757278857367,0.102264148949111,0.));
#13678=DIRECTION('',(0.985459517719584,0.169910385014819,0.));
#13679=DIRECTION('',(0.971567089398106,0.236764420465773,0.));
#13680=DIRECTION('',(0.953144766812303,0.302514550886929,0.));
#13681=DIRECTION('',(0.930278443335772,0.366854218818283,0.));
#13682=DIRECTION('',(0.903074732327816,0.429483443023178,0.));
#13683=DIRECTION('',(0.871660470034512,0.490110217174886,0.));
#13684=DIRECTION('',(0.836182124246617,0.548451871261659,0.));
#13685=DIRECTION('',(0.796805111415349,0.604236389521827,0.));
#13686=DIRECTION('',(0.753713025339117,0.65720367880449,0.));
#13687=DIRECTION('',(0.70710678117831,0.707106781194785,0.));
#13688=DIRECTION('',(0.657203678824127,0.753713025321994,0.));
#13689=DIRECTION('',(0.604236389526589,0.796805111411738,0.));
#13690=DIRECTION('',(0.548451871234219,0.836182124264615,0.));
#13691=DIRECTION('',(0.490110217189752,0.871660470026153,0.));
#13692=DIRECTION('',(0.429483443031101,0.903074732324048,0.));
#13693=DIRECTION('',(0.366854218805869,0.930278443340667,0.));
#13694=DIRECTION('',(0.302514550884718,0.953144766813005,0.));
#13695=DIRECTION('',(0.236764420465077,0.971567089398275,0.));
#13696=DIRECTION('',(0.169910385027636,0.985459517717375,0.));
#13697=DIRECTION('',(0.102264148943935,0.9947572788579,0.));
#13698=DIRECTION('',(0.0341411101838053,0.999417022366248,0.));
#13699=DIRECTION('',(0.,1.,0.));
#13700=DIRECTION('',(-0.0341411101815577,0.999417022366325,0.));
#13701=DIRECTION('',(-0.102264148967399,0.994757278855487,0.));
#13702=DIRECTION('',(-0.169910385022109,0.985459517718328,0.));
#13703=DIRECTION('',(-0.236764420427186,0.971567089407509,0.));
#13704=DIRECTION('',(-0.302514550875234,0.953144766816015,0.));
#13705=DIRECTION('',(-0.36685421889582,0.930278443305195,0.));
#13706=DIRECTION('',(-0.429483442954433,0.90307473236051,0.));
#13707=DIRECTION('',(-0.490110217203816,0.871660470018245,0.));
#13708=DIRECTION('',(-0.548451871219108,0.836182124274526,0.));
#13709=DIRECTION('',(-0.604236389542425,0.796805111399729,0.));
#13710=DIRECTION('',(-0.657203678824142,0.753713025321982,0.));
#13711=DIRECTION('',(-0.7071067812607,0.707106781112395,0.));
#13712=DIRECTION('',(-0.753713025339117,0.65720367880449,0.));
#13713=DIRECTION('',(-0.796805111320164,0.604236389647347,0.));
#13714=DIRECTION('',(-0.836182124261702,0.548451871238661,0.));
#13715=DIRECTION('',(-0.871660470034524,0.490110217174864,0.));
#13716=DIRECTION('',(-0.90307473232785,0.429483443023106,0.));
#13717=DIRECTION('',(-0.930278443358242,0.366854218761302,0.));
#13718=DIRECTION('',(-0.953144766793318,0.302514550946746,0.));
#13719=DIRECTION('',(-0.971567089405672,0.236764420434725,0.));
#13720=DIRECTION('',(-0.985459517730614,0.16991038495085,0.));
#13721=DIRECTION('',(-0.99475727885737,0.102264148949082,0.));
#13722=DIRECTION('',(-0.999417022363106,0.0341411102757688,0.));
#13723=DIRECTION('',(1.,0.,0.));
#13724=DIRECTION('',(0.999417022363099,0.0341411102759944,0.));
#13725=DIRECTION('',(0.994757278857577,0.102264148947069,0.));
#13726=DIRECTION('',(0.985459517730616,0.16991038495084,0.));
#13727=DIRECTION('',(0.97156708940475,0.236764420438508,0.));
#13728=DIRECTION('',(0.953144766795123,0.302514550941059,0.));
#13729=DIRECTION('',(0.930278443356478,0.366854218765776,0.));
#13730=DIRECTION('',(0.90307473232663,0.429483443025671,0.));
#13731=DIRECTION('',(0.871660470036886,0.490110217170663,0.));
#13732=DIRECTION('',(0.836182124260716,0.548451871240164,0.));
#13733=DIRECTION('',(0.796805111316531,0.604236389652138,0.));
#13734=DIRECTION('',(0.753713025347686,0.657203678794662,0.));
#13735=DIRECTION('',(0.707106781252419,0.707106781120676,0.));
#13736=DIRECTION('',(0.657203678829827,0.753713025317024,0.));
#13737=DIRECTION('',(0.604236389542425,0.796805111399729,0.));
#13738=DIRECTION('',(0.54845187120986,0.836182124280592,0.));
#13739=DIRECTION('',(0.490110217223782,0.871660470007019,0.));
#13740=DIRECTION('',(0.429483442949135,0.90307473236303,0.));
#13741=DIRECTION('',(0.366854218901493,0.930278443302958,0.));
#13742=DIRECTION('',(0.302514550851255,0.953144766823626,0.));
#13743=DIRECTION('',(0.236764420424147,0.97156708940825,0.));
#13744=DIRECTION('',(0.16991038504132,0.985459517715015,0.));
#13745=DIRECTION('',(0.102264148973885,0.994757278854821,0.));
#13746=DIRECTION('',(0.0341411101749519,0.99941702236655,0.));
#13747=DIRECTION('',(0.,1.,0.));
#13748=DIRECTION('',(0.0341411101771995,-0.999417022366474,0.));
#13749=DIRECTION('',(0.102264148950421,-0.994757278857233,0.));
#13750=DIRECTION('',(0.169910385046846,-0.985459517714062,0.));
#13751=DIRECTION('',(0.236764420462038,-0.971567089399016,0.));
#13752=DIRECTION('',(0.302514550860738,-0.953144766820616,0.));
#13753=DIRECTION('',(0.366854218811542,-0.93027844333843,0.));
#13754=DIRECTION('',(0.429483443025803,-0.903074732326568,0.));
#13755=DIRECTION('',(0.490110217209718,-0.871660470014927,0.));
#13756=DIRECTION('',(0.548451871224971,-0.836182124270681,0.));
#13757=DIRECTION('',(0.604236389526589,-0.796805111411738,0.));
#13758=DIRECTION('',(0.657203678829813,-0.753713025317037,0.));
#13759=DIRECTION('',(0.707106781170028,-0.707106781203066,0.));
#13760=DIRECTION('',(0.753713025347686,-0.657203678794662,0.));
#13761=DIRECTION('',(0.796805111411717,-0.604236389526617,0.));
#13762=DIRECTION('',(0.836182124245631,-0.548451871263162,0.));
#13763=DIRECTION('',(0.871660470036874,-0.490110217170685,0.));
#13764=DIRECTION('',(0.903074732326597,-0.429483443025743,0.));
#13765=DIRECTION('',(0.930278443334008,-0.366854218822757,0.));
#13766=DIRECTION('',(0.953144766814108,-0.302514550881242,0.));
#13767=DIRECTION('',(0.971567089397184,-0.236764420469556,0.));
#13768=DIRECTION('',(0.985459517719586,-0.169910385014809,0.));
#13769=DIRECTION('',(0.994757278857574,-0.102264148947098,0.));
#13770=DIRECTION('center_axis',(0.,0.,-1.));
#13771=DIRECTION('ref_axis',(-1.,0.,0.));
#13772=DIRECTION('',(-0.999417022368102,-0.0341411101295218,0.));
#13773=DIRECTION('',(-0.994757278842446,-0.102264149094258,0.));
#13774=DIRECTION('',(-0.985459517718363,-0.169910385021901,0.));
#13775=DIRECTION('',(-0.971567089398197,-0.236764420465397,0.));
#13776=DIRECTION('',(-0.953144766803322,-0.302514550915224,0.));
#13777=DIRECTION('',(-0.930278443359432,-0.366854218758285,0.));
#13778=DIRECTION('',(-0.903074732354972,-0.429483442966076,0.));
#13779=DIRECTION('',(-0.871660470033382,-0.490110217176896,0.));
#13780=DIRECTION('',(-0.836182124230485,-0.548451871286255,0.));
#13781=DIRECTION('',(-0.796805111366747,-0.604236389585919,0.));
#13782=DIRECTION('',(-0.753713025394147,-0.65720367874138,0.));
#13783=DIRECTION('',(-0.707106781224967,-0.707106781148128,0.));
#13784=DIRECTION('',(-0.657203678712591,-0.753713025419249,0.));
#13785=DIRECTION('',(-0.604236389549553,-0.796805111394324,0.));
#13786=DIRECTION('',(-0.548451871309098,-0.836182124215502,0.));
#13787=DIRECTION('',(-0.490110217198881,-0.87166047002102,0.));
#13788=DIRECTION('',(-0.429483443008824,-0.903074732334642,0.));
#13789=DIRECTION('',(-0.366854218776404,-0.930278443352287,0.));
#13790=DIRECTION('',(-0.302514550884511,-0.953144766813071,0.));
#13791=DIRECTION('',(-0.236764420494916,-0.971567089391004,0.));
#13792=DIRECTION('',(-0.169910384991907,-0.985459517723535,0.));
#13793=DIRECTION('',(-0.10226414896295,-0.994757278855945,0.));
#13794=DIRECTION('',(-0.0341411101798921,-0.999417022366382,0.));
#13795=DIRECTION('',(0.,-1.,0.));
#13796=DIRECTION('',(0.0341411101807642,-0.999417022366352,0.));
#13797=DIRECTION('',(0.102264148942096,-0.994757278858089,0.));
#13798=DIRECTION('',(0.169910385021937,-0.985459517718357,0.));
#13799=DIRECTION('',(0.236764420471351,-0.971567089396746,0.));
#13800=DIRECTION('',(0.302514550884524,-0.953144766813066,0.));
#13801=DIRECTION('',(0.366854218811373,-0.930278443338497,0.));
#13802=DIRECTION('',(0.429483443028687,-0.903074732325196,0.));
#13803=DIRECTION('',(0.490110217166036,-0.871660470039488,0.));
#13804=DIRECTION('',(0.548451871262116,-0.836182124246317,0.));
#13805=DIRECTION('',(0.604236389524843,-0.796805111413062,0.));
#13806=DIRECTION('',(0.657203678814148,-0.753713025330696,0.));
#13807=DIRECTION('',(0.707106781186548,-0.707106781186548,0.));
#13808=DIRECTION('',(0.753713025330673,-0.657203678814174,0.));
#13809=DIRECTION('',(0.796805111403752,-0.60423638953712,0.));
#13810=DIRECTION('',(0.836182124265733,-0.548451871232513,0.));
#13811=DIRECTION('',(0.871660470033382,-0.490110217176896,0.));
#13812=DIRECTION('',(0.903074732315239,-0.429483443049623,0.));
#13813=DIRECTION('',(0.93027844334194,-0.366854218802642,0.));
#13814=DIRECTION('',(0.953144766810719,-0.302514550891921,0.));
#13815=DIRECTION('',(0.971567089404082,-0.236764420441249,0.));
#13816=DIRECTION('',(0.985459517714068,-0.169910385046811,0.));
#13817=DIRECTION('',(0.994757278858088,-0.102264148942098,0.));
#13818=DIRECTION('',(0.999417022366353,-0.0341411101807407,0.));
#13819=DIRECTION('',(1.,0.,0.));
#13820=DIRECTION('',(0.999417022366356,0.0341411101806537,0.));
#13821=DIRECTION('',(0.994757278858142,0.10226414894158,0.));
#13822=DIRECTION('',(0.985459517713996,0.16991038504723,0.));
#13823=DIRECTION('',(0.971567089403074,0.236764420445385,0.));
#13824=DIRECTION('',(0.953144766811418,0.302514550889716,0.));
#13825=DIRECTION('',(0.930278443340562,0.366854218806138,0.));
#13826=DIRECTION('',(0.903074732316666,0.429483443046622,0.));
#13827=DIRECTION('',(0.871660470034606,0.490110217174718,0.));
#13828=DIRECTION('',(0.836182124262653,0.54845187123721,0.));
#13829=DIRECTION('',(0.796805111411231,0.604236389527258,0.));
#13830=DIRECTION('',(0.753713025329572,0.657203678815436,0.));
#13831=DIRECTION('',(0.707106781185273,0.707106781187822,0.));
#13832=DIRECTION('',(0.657203678817096,0.753713025328125,0.));
#13833=DIRECTION('',(0.604236389518253,0.796805111418059,0.));
#13834=DIRECTION('',(0.548451871256769,0.836182124249824,0.));
#13835=DIRECTION('',(0.49011021716991,0.87166047003731,0.));
#13836=DIRECTION('',(0.429483443030765,0.903074732324208,0.));
#13837=DIRECTION('',(0.366854218820276,0.930278443334986,0.));
#13838=DIRECTION('',(0.302514550875219,0.95314476681602,0.));
#13839=DIRECTION('',(0.236764420468945,0.971567089397333,0.));
#13840=DIRECTION('',(0.169910385026888,0.985459517717504,0.));
#13841=DIRECTION('',(0.102264148942096,0.994757278858089,0.));
#13842=DIRECTION('',(0.0341411101858565,0.999417022366178,0.));
#13843=DIRECTION('',(0.,1.,0.));
#13844=DIRECTION('',(-0.0341411101849844,0.999417022366208,0.));
#13845=DIRECTION('',(-0.10226414896295,0.994757278855945,0.));
#13846=DIRECTION('',(-0.169910384996858,0.985459517722681,0.));
#13847=DIRECTION('',(-0.23676442049251,0.97156708939159,0.));
#13848=DIRECTION('',(-0.302514550875206,0.953144766816024,0.));
#13849=DIRECTION('',(-0.366854218785307,0.930278443348776,0.));
#13850=DIRECTION('',(-0.429483443010903,0.903074732333654,0.));
#13851=DIRECTION('',(-0.490110217202755,0.871660470018842,0.));
#13852=DIRECTION('',(-0.54845187130375,0.836182124219009,0.));
#13853=DIRECTION('',(-0.604236389542964,0.796805111399321,0.));
#13854=DIRECTION('',(-0.657203678715539,0.753713025416679,0.));
#13855=DIRECTION('',(-0.707106781223692,0.707106781149403,0.));
#13856=DIRECTION('',(-0.753713025393045,0.657203678742642,0.));
#13857=DIRECTION('',(-0.796805111374225,0.604236389576057,0.));
#13858=DIRECTION('',(-0.836182124227404,0.548451871290952,0.));
#13859=DIRECTION('',(-0.871660470034606,0.490110217174718,0.));
#13860=DIRECTION('',(-0.9030747323564,0.429483442963075,0.));
#13861=DIRECTION('',(-0.930278443358054,0.36685421876178,0.));
#13862=DIRECTION('',(-0.953144766804022,0.302514550913019,0.));
#13863=DIRECTION('',(-0.971567089397189,0.236764420469533,0.));
#13864=DIRECTION('',(-0.985459517718291,0.16991038502232,0.));
#13865=DIRECTION('',(0.,1.,0.));
#13866=DIRECTION('',(1.,0.,0.));
#13867=DIRECTION('',(0.,-1.,0.));
#13868=DIRECTION('',(-1.,0.,0.));
#13869=DIRECTION('center_axis',(0.,0.,1.));
#13870=DIRECTION('ref_axis',(0.829113924050754,-0.559079691050533,0.));
#13871=DIRECTION('center_axis',(0.0341411101295218,-0.999417022368102,0.));
#13872=DIRECTION('ref_axis',(0.,0.,-1.));
#13873=DIRECTION('',(0.,0.,1.));
#13874=DIRECTION('center_axis',(-0.16991038502232,-0.985459517718291,0.));
#13875=DIRECTION('ref_axis',(0.,0.,-1.));
#13876=DIRECTION('',(0.,0.,1.));
#13877=DIRECTION('center_axis',(0.102264149094258,-0.994757278842446,0.));
#13878=DIRECTION('ref_axis',(0.,0.,-1.));
#13879=DIRECTION('',(0.,0.,1.));
#13880=DIRECTION('center_axis',(-0.236764420469533,-0.971567089397189,0.));
#13881=DIRECTION('ref_axis',(0.,0.,-1.));
#13882=DIRECTION('',(0.,0.,1.));
#13883=DIRECTION('center_axis',(0.169910385021901,-0.985459517718363,0.));
#13884=DIRECTION('ref_axis',(0.,0.,-1.));
#13885=DIRECTION('',(0.,0.,1.));
#13886=DIRECTION('center_axis',(-0.302514550913019,-0.953144766804022,0.));
#13887=DIRECTION('ref_axis',(0.,0.,-1.));
#13888=DIRECTION('',(0.,0.,1.));
#13889=DIRECTION('center_axis',(0.236764420465397,-0.971567089398197,0.));
#13890=DIRECTION('ref_axis',(0.,0.,-1.));
#13891=DIRECTION('',(0.,0.,1.));
#13892=DIRECTION('center_axis',(-0.36685421876178,-0.930278443358054,0.));
#13893=DIRECTION('ref_axis',(0.,0.,-1.));
#13894=DIRECTION('',(0.,0.,1.));
#13895=DIRECTION('center_axis',(0.302514550915224,-0.953144766803323,0.));
#13896=DIRECTION('ref_axis',(0.,0.,-1.));
#13897=DIRECTION('',(0.,0.,1.));
#13898=DIRECTION('center_axis',(-0.429483442963075,-0.9030747323564,0.));
#13899=DIRECTION('ref_axis',(0.,0.,-1.));
#13900=DIRECTION('',(0.,0.,1.));
#13901=DIRECTION('center_axis',(0.366854218758285,-0.930278443359432,0.));
#13902=DIRECTION('ref_axis',(0.,0.,-1.));
#13903=DIRECTION('',(0.,0.,1.));
#13904=DIRECTION('center_axis',(-0.490110217174718,-0.871660470034606,0.));
#13905=DIRECTION('ref_axis',(0.,0.,-1.));
#13906=DIRECTION('',(0.,0.,1.));
#13907=DIRECTION('center_axis',(0.429483442966076,-0.903074732354972,0.));
#13908=DIRECTION('ref_axis',(0.,0.,-1.));
#13909=DIRECTION('',(0.,0.,1.));
#13910=DIRECTION('center_axis',(-0.548451871290952,-0.836182124227404,0.));
#13911=DIRECTION('ref_axis',(0.,0.,1.));
#13912=DIRECTION('',(0.,0.,1.));
#13913=DIRECTION('center_axis',(0.490110217176896,-0.871660470033382,0.));
#13914=DIRECTION('ref_axis',(0.,0.,-1.));
#13915=DIRECTION('',(0.,0.,1.));
#13916=DIRECTION('center_axis',(-0.604236389576057,-0.796805111374225,0.));
#13917=DIRECTION('ref_axis',(0.,0.,1.));
#13918=DIRECTION('',(0.,0.,1.));
#13919=DIRECTION('center_axis',(0.548451871286255,-0.836182124230485,0.));
#13920=DIRECTION('ref_axis',(0.,0.,-1.));
#13921=DIRECTION('',(0.,0.,1.));
#13922=DIRECTION('center_axis',(-0.657203678742642,-0.753713025393046,0.));
#13923=DIRECTION('ref_axis',(0.,0.,1.));
#13924=DIRECTION('',(0.,0.,1.));
#13925=DIRECTION('center_axis',(0.604236389585919,-0.796805111366747,0.));
#13926=DIRECTION('ref_axis',(0.,0.,-1.));
#13927=DIRECTION('',(0.,0.,1.));
#13928=DIRECTION('center_axis',(-0.707106781149403,-0.707106781223692,0.));
#13929=DIRECTION('ref_axis',(0.,0.,1.));
#13930=DIRECTION('',(0.,0.,1.));
#13931=DIRECTION('center_axis',(0.65720367874138,-0.753713025394147,0.));
#13932=DIRECTION('ref_axis',(0.,0.,-1.));
#13933=DIRECTION('',(0.,0.,1.));
#13934=DIRECTION('center_axis',(-0.753713025416679,-0.657203678715539,0.));
#13935=DIRECTION('ref_axis',(0.,0.,1.));
#13936=DIRECTION('',(0.,0.,1.));
#13937=DIRECTION('center_axis',(0.707106781148128,-0.707106781224967,0.));
#13938=DIRECTION('ref_axis',(0.,0.,-1.));
#13939=DIRECTION('',(0.,0.,1.));
#13940=DIRECTION('center_axis',(-0.796805111399321,-0.604236389542964,0.));
#13941=DIRECTION('ref_axis',(0.,0.,1.));
#13942=DIRECTION('',(0.,0.,1.));
#13943=DIRECTION('center_axis',(0.753713025419249,-0.657203678712591,0.));
#13944=DIRECTION('ref_axis',(0.,0.,-1.));
#13945=DIRECTION('',(0.,0.,1.));
#13946=DIRECTION('center_axis',(-0.836182124219009,-0.548451871303751,0.));
#13947=DIRECTION('ref_axis',(0.,0.,1.));
#13948=DIRECTION('',(0.,0.,1.));
#13949=DIRECTION('center_axis',(0.796805111394324,-0.604236389549553,0.));
#13950=DIRECTION('ref_axis',(0.,0.,-1.));
#13951=DIRECTION('',(0.,0.,1.));
#13952=DIRECTION('center_axis',(-0.871660470018842,-0.490110217202755,0.));
#13953=DIRECTION('ref_axis',(0.,0.,1.));
#13954=DIRECTION('',(0.,0.,1.));
#13955=DIRECTION('center_axis',(0.836182124215502,-0.548451871309098,0.));
#13956=DIRECTION('ref_axis',(0.,0.,-1.));
#13957=DIRECTION('',(0.,0.,1.));
#13958=DIRECTION('center_axis',(-0.903074732333654,-0.429483443010903,0.));
#13959=DIRECTION('ref_axis',(0.,0.,1.));
#13960=DIRECTION('',(0.,0.,1.));
#13961=DIRECTION('center_axis',(0.87166047002102,-0.490110217198882,0.));
#13962=DIRECTION('ref_axis',(0.,0.,-1.));
#13963=DIRECTION('',(0.,0.,1.));
#13964=DIRECTION('center_axis',(-0.930278443348776,-0.366854218785307,0.));
#13965=DIRECTION('ref_axis',(0.,0.,1.));
#13966=DIRECTION('',(0.,0.,1.));
#13967=DIRECTION('center_axis',(0.903074732334642,-0.429483443008824,0.));
#13968=DIRECTION('ref_axis',(0.,0.,-1.));
#13969=DIRECTION('',(0.,0.,1.));
#13970=DIRECTION('center_axis',(-0.953144766816024,-0.302514550875206,0.));
#13971=DIRECTION('ref_axis',(0.,0.,1.));
#13972=DIRECTION('',(0.,0.,1.));
#13973=DIRECTION('center_axis',(0.930278443352287,-0.366854218776404,0.));
#13974=DIRECTION('ref_axis',(0.,0.,-1.));
#13975=DIRECTION('',(0.,0.,1.));
#13976=DIRECTION('center_axis',(-0.97156708939159,-0.23676442049251,0.));
#13977=DIRECTION('ref_axis',(0.,0.,1.));
#13978=DIRECTION('',(0.,0.,1.));
#13979=DIRECTION('center_axis',(0.953144766813071,-0.302514550884511,0.));
#13980=DIRECTION('ref_axis',(0.,0.,-1.));
#13981=DIRECTION('',(0.,0.,1.));
#13982=DIRECTION('center_axis',(-0.985459517722681,-0.169910384996858,0.));
#13983=DIRECTION('ref_axis',(0.,0.,1.));
#13984=DIRECTION('',(0.,0.,1.));
#13985=DIRECTION('center_axis',(0.971567089391004,-0.236764420494916,0.));
#13986=DIRECTION('ref_axis',(0.,0.,-1.));
#13987=DIRECTION('',(0.,0.,1.));
#13988=DIRECTION('center_axis',(-0.994757278855945,-0.10226414896295,0.));
#13989=DIRECTION('ref_axis',(0.,0.,1.));
#13990=DIRECTION('',(0.,0.,1.));
#13991=DIRECTION('center_axis',(0.985459517723535,-0.169910384991907,0.));
#13992=DIRECTION('ref_axis',(0.,0.,-1.));
#13993=DIRECTION('',(0.,0.,1.));
#13994=DIRECTION('center_axis',(-0.999417022366208,-0.0341411101849844,
0.));
#13995=DIRECTION('ref_axis',(0.,0.,1.));
#13996=DIRECTION('',(0.,0.,1.));
#13997=DIRECTION('center_axis',(0.994757278855945,-0.10226414896295,0.));
#13998=DIRECTION('ref_axis',(0.,0.,-1.));
#13999=DIRECTION('',(0.,0.,1.));
#14000=DIRECTION('center_axis',(-1.,0.,0.));
#14001=DIRECTION('ref_axis',(0.,0.,1.));
#14002=DIRECTION('',(0.,0.,1.));
#14003=DIRECTION('center_axis',(0.999417022366382,-0.0341411101798921,0.));
#14004=DIRECTION('ref_axis',(0.,0.,-1.));
#14005=DIRECTION('',(0.,0.,1.));
#14006=DIRECTION('center_axis',(-0.999417022366178,0.0341411101858565,0.));
#14007=DIRECTION('ref_axis',(0.,0.,1.));
#14008=DIRECTION('',(0.,0.,1.));
#14009=DIRECTION('center_axis',(1.,0.,0.));
#14010=DIRECTION('ref_axis',(0.,0.,-1.));
#14011=DIRECTION('',(0.,0.,1.));
#14012=DIRECTION('center_axis',(-0.994757278858089,0.102264148942096,0.));
#14013=DIRECTION('ref_axis',(0.,0.,1.));
#14014=DIRECTION('',(0.,0.,1.));
#14015=DIRECTION('center_axis',(0.999417022366352,0.0341411101807642,0.));
#14016=DIRECTION('ref_axis',(0.,0.,-1.));
#14017=DIRECTION('',(0.,0.,1.));
#14018=DIRECTION('center_axis',(-0.985459517717504,0.169910385026888,0.));
#14019=DIRECTION('ref_axis',(0.,0.,1.));
#14020=DIRECTION('',(0.,0.,1.));
#14021=DIRECTION('center_axis',(0.994757278858089,0.102264148942096,0.));
#14022=DIRECTION('ref_axis',(0.,0.,-1.));
#14023=DIRECTION('',(0.,0.,1.));
#14024=DIRECTION('center_axis',(-0.971567089397333,0.236764420468945,0.));
#14025=DIRECTION('ref_axis',(0.,0.,1.));
#14026=DIRECTION('',(0.,0.,1.));
#14027=DIRECTION('center_axis',(0.985459517718357,0.169910385021937,0.));
#14028=DIRECTION('ref_axis',(0.,0.,-1.));
#14029=DIRECTION('',(0.,0.,1.));
#14030=DIRECTION('center_axis',(-0.95314476681602,0.302514550875219,0.));
#14031=DIRECTION('ref_axis',(0.,0.,1.));
#14032=DIRECTION('',(0.,0.,1.));
#14033=DIRECTION('center_axis',(0.971567089396746,0.236764420471351,0.));
#14034=DIRECTION('ref_axis',(0.,0.,-1.));
#14035=DIRECTION('',(0.,0.,1.));
#14036=DIRECTION('center_axis',(-0.930278443334986,0.366854218820276,0.));
#14037=DIRECTION('ref_axis',(0.,0.,1.));
#14038=DIRECTION('',(0.,0.,1.));
#14039=DIRECTION('center_axis',(0.953144766813066,0.302514550884524,0.));
#14040=DIRECTION('ref_axis',(0.,0.,-1.));
#14041=DIRECTION('',(0.,0.,1.));
#14042=DIRECTION('center_axis',(-0.903074732324208,0.429483443030766,0.));
#14043=DIRECTION('ref_axis',(0.,0.,1.));
#14044=DIRECTION('',(0.,0.,1.));
#14045=DIRECTION('center_axis',(0.930278443338497,0.366854218811373,0.));
#14046=DIRECTION('ref_axis',(0.,0.,-1.));
#14047=DIRECTION('',(0.,0.,1.));
#14048=DIRECTION('center_axis',(-0.87166047003731,0.49011021716991,0.));
#14049=DIRECTION('ref_axis',(0.,0.,1.));
#14050=DIRECTION('',(0.,0.,1.));
#14051=DIRECTION('center_axis',(0.903074732325196,0.429483443028687,0.));
#14052=DIRECTION('ref_axis',(0.,0.,-1.));
#14053=DIRECTION('',(0.,0.,1.));
#14054=DIRECTION('center_axis',(-0.836182124249824,0.548451871256769,0.));
#14055=DIRECTION('ref_axis',(0.,0.,1.));
#14056=DIRECTION('',(0.,0.,1.));
#14057=DIRECTION('center_axis',(0.871660470039488,0.490110217166036,0.));
#14058=DIRECTION('ref_axis',(0.,0.,-1.));
#14059=DIRECTION('',(0.,0.,1.));
#14060=DIRECTION('center_axis',(-0.796805111418059,0.604236389518253,0.));
#14061=DIRECTION('ref_axis',(0.,0.,1.));
#14062=DIRECTION('',(0.,0.,1.));
#14063=DIRECTION('center_axis',(0.836182124246317,0.548451871262116,0.));
#14064=DIRECTION('ref_axis',(0.,0.,-1.));
#14065=DIRECTION('',(0.,0.,1.));
#14066=DIRECTION('center_axis',(-0.753713025328125,0.657203678817096,0.));
#14067=DIRECTION('ref_axis',(0.,0.,1.));
#14068=DIRECTION('',(0.,0.,1.));
#14069=DIRECTION('center_axis',(0.796805111413062,0.604236389524842,0.));
#14070=DIRECTION('ref_axis',(0.,0.,-1.));
#14071=DIRECTION('',(0.,0.,1.));
#14072=DIRECTION('center_axis',(-0.707106781187822,0.707106781185273,0.));
#14073=DIRECTION('ref_axis',(0.,0.,1.));
#14074=DIRECTION('',(0.,0.,1.));
#14075=DIRECTION('center_axis',(0.753713025330696,0.657203678814148,0.));
#14076=DIRECTION('ref_axis',(0.,0.,-1.));
#14077=DIRECTION('',(0.,0.,1.));
#14078=DIRECTION('center_axis',(-0.657203678815437,0.753713025329572,0.));
#14079=DIRECTION('ref_axis',(0.,0.,1.));
#14080=DIRECTION('',(0.,0.,1.));
#14081=DIRECTION('center_axis',(0.707106781186548,0.707106781186548,0.));
#14082=DIRECTION('ref_axis',(0.,0.,-1.));
#14083=DIRECTION('',(0.,0.,1.));
#14084=DIRECTION('center_axis',(-0.604236389527258,0.796805111411231,0.));
#14085=DIRECTION('ref_axis',(0.,0.,1.));
#14086=DIRECTION('',(0.,0.,1.));
#14087=DIRECTION('center_axis',(0.657203678814174,0.753713025330673,0.));
#14088=DIRECTION('ref_axis',(0.,0.,-1.));
#14089=DIRECTION('',(0.,0.,1.));
#14090=DIRECTION('center_axis',(-0.54845187123721,0.836182124262653,0.));
#14091=DIRECTION('ref_axis',(0.,0.,1.));
#14092=DIRECTION('',(0.,0.,1.));
#14093=DIRECTION('center_axis',(0.60423638953712,0.796805111403752,0.));
#14094=DIRECTION('ref_axis',(0.,0.,-1.));
#14095=DIRECTION('',(0.,0.,1.));
#14096=DIRECTION('center_axis',(-0.490110217174718,0.871660470034606,0.));
#14097=DIRECTION('ref_axis',(0.,0.,1.));
#14098=DIRECTION('',(0.,0.,1.));
#14099=DIRECTION('center_axis',(0.548451871232513,0.836182124265734,0.));
#14100=DIRECTION('ref_axis',(0.,0.,-1.));
#14101=DIRECTION('',(0.,0.,1.));
#14102=DIRECTION('center_axis',(-0.429483443046622,0.903074732316667,0.));
#14103=DIRECTION('ref_axis',(0.,0.,1.));
#14104=DIRECTION('',(0.,0.,1.));
#14105=DIRECTION('center_axis',(0.490110217176896,0.871660470033382,0.));
#14106=DIRECTION('ref_axis',(0.,0.,1.));
#14107=DIRECTION('',(0.,0.,1.));
#14108=DIRECTION('center_axis',(-0.366854218806138,0.930278443340562,0.));
#14109=DIRECTION('ref_axis',(0.,0.,1.));
#14110=DIRECTION('',(0.,0.,1.));
#14111=DIRECTION('center_axis',(0.429483443049623,0.903074732315239,0.));
#14112=DIRECTION('ref_axis',(0.,0.,1.));
#14113=DIRECTION('',(0.,0.,1.));
#14114=DIRECTION('center_axis',(-0.302514550889716,0.953144766811419,0.));
#14115=DIRECTION('ref_axis',(0.,0.,1.));
#14116=DIRECTION('',(0.,0.,1.));
#14117=DIRECTION('center_axis',(0.366854218802642,0.93027844334194,0.));
#14118=DIRECTION('ref_axis',(0.,0.,1.));
#14119=DIRECTION('',(0.,0.,1.));
#14120=DIRECTION('center_axis',(-0.236764420445385,0.971567089403074,0.));
#14121=DIRECTION('ref_axis',(0.,0.,1.));
#14122=DIRECTION('',(0.,0.,1.));
#14123=DIRECTION('center_axis',(0.302514550891921,0.953144766810719,0.));
#14124=DIRECTION('ref_axis',(0.,0.,1.));
#14125=DIRECTION('',(0.,0.,1.));
#14126=DIRECTION('center_axis',(-0.16991038504723,0.985459517713996,0.));
#14127=DIRECTION('ref_axis',(0.,0.,1.));
#14128=DIRECTION('',(0.,0.,1.));
#14129=DIRECTION('center_axis',(0.236764420441249,0.971567089404082,0.));
#14130=DIRECTION('ref_axis',(0.,0.,1.));
#14131=DIRECTION('',(0.,0.,1.));
#14132=DIRECTION('center_axis',(-0.10226414894158,0.994757278858142,0.));
#14133=DIRECTION('ref_axis',(0.,0.,1.));
#14134=DIRECTION('',(0.,0.,1.));
#14135=DIRECTION('center_axis',(0.169910385046811,0.985459517714068,0.));
#14136=DIRECTION('ref_axis',(0.,0.,1.));
#14137=DIRECTION('',(0.,0.,1.));
#14138=DIRECTION('center_axis',(-0.0341411101806537,0.999417022366356,0.));
#14139=DIRECTION('ref_axis',(0.,0.,1.));
#14140=DIRECTION('',(0.,0.,1.));
#14141=DIRECTION('center_axis',(0.102264148942098,0.994757278858088,0.));
#14142=DIRECTION('ref_axis',(0.,0.,1.));
#14143=DIRECTION('',(0.,0.,1.));
#14144=DIRECTION('center_axis',(0.,1.,0.));
#14145=DIRECTION('ref_axis',(0.,0.,1.));
#14146=DIRECTION('',(0.,0.,1.));
#14147=DIRECTION('',(-0.0341411101937316,0.,-0.999417022365909));
#14148=DIRECTION('',(0.,0.,-1.));
#14149=DIRECTION('',(0.0341411101932396,0.,-0.999417022365926));
#14150=DIRECTION('',(0.102264148888729,0.,-0.994757278863575));
#14151=DIRECTION('',(0.169910384990813,0.,-0.985459517723723));
#14152=DIRECTION('',(0.236764420453594,0.,-0.971567089401074));
#14153=DIRECTION('',(0.302514550926414,0.,-0.953144766799771));
#14154=DIRECTION('',(0.366854218761584,0.,-0.930278443358131));
#14155=DIRECTION('',(0.429483443109918,0.,-0.903074732286564));
#14156=DIRECTION('',(0.490110217174204,0.,-0.871660470034895));
#14157=DIRECTION('',(0.548451871265958,0.,-0.836182124243797));
#14158=DIRECTION('',(0.604236389516464,0.,-0.796805111419416));
#14159=DIRECTION('',(0.657203678771744,0.,-0.75371302536767));
#14160=DIRECTION('',(0.707106781201006,0.,-0.707106781172089));
#14161=DIRECTION('',(0.75371302531948,0.,-0.657203678827011));
#14162=DIRECTION('',(0.796805111449299,0.,-0.604236389477058));
#14163=DIRECTION('',(0.836182124243956,0.,-0.548451871265716));
#14164=DIRECTION('',(0.87166047002105,0.,-0.490110217198828));
#14165=DIRECTION('',(0.90307473234151,0.,-0.429483442994384));
#14166=DIRECTION('',(0.930278443330676,0.,-0.366854218831205));
#14167=DIRECTION('',(-0.953144766817701,0.,0.302514550869921));
#14168=DIRECTION('',(-0.971567089398546,0.,0.236764420463966));
#14169=DIRECTION('',(-0.985459517715651,0.,0.169910385037632));
#14170=DIRECTION('',(-0.994757278856956,0.,0.102264148953114));
#14171=DIRECTION('',(-0.999417022366456,0.,0.0341411101777107));
#14172=DIRECTION('',(-1.,0.,0.));
#14173=DIRECTION('',(-0.999417022366456,0.,-0.034141110177702));
#14174=DIRECTION('',(-0.994757278856956,0.,-0.102264148953114));
#14175=DIRECTION('',(-0.985459517715651,0.,-0.169910385037632));
#14176=DIRECTION('',(-0.97156708939856,0.,-0.236764420463907));
#14177=DIRECTION('',(-0.953144766817678,0.,-0.302514550869995));
#14178=DIRECTION('',(-0.930278443350077,0.,-0.366854218782008));
#14179=DIRECTION('',(-0.903074732314919,0.,-0.429483443050296));
#14180=DIRECTION('',(-0.87166047002105,0.,-0.490110217198828));
#14181=DIRECTION('',(-0.836182124243879,0.,-0.548451871265833));
#14182=DIRECTION('',(-0.796805111449392,0.,-0.604236389476935));
#14183=DIRECTION('',(-0.75371302531948,0.,-0.657203678827011));
#14184=DIRECTION('',(-0.707106781200878,0.,-0.707106781172217));
#14185=DIRECTION('',(-0.657203678771889,0.,-0.753713025367543));
#14186=DIRECTION('',(-0.604236389516464,0.,-0.796805111419416));
#14187=DIRECTION('',(-0.548451871266137,0.,-0.836182124243679));
#14188=DIRECTION('',(-0.490110217174009,0.,-0.871660470035005));
#14189=DIRECTION('',(-0.429483443109709,0.,-0.903074732286664));
#14190=DIRECTION('',(-0.366854218761584,0.,-0.930278443358131));
#14191=DIRECTION('',(-0.302514550926647,0.,-0.953144766799697));
#14192=DIRECTION('',(-0.236764420453594,0.,-0.971567089401074));
#14193=DIRECTION('',(-0.169910384990813,0.,-0.985459517723723));
#14194=DIRECTION('',(-0.102264148888729,0.,-0.994757278863575));
#14195=DIRECTION('',(-0.0341411101929838,0.,-0.999417022365934));
#14196=DIRECTION('',(0.,0.,-1.));
#14197=DIRECTION('',(0.0341411101934758,0.,-0.999417022365918));
#14198=DIRECTION('',(0.102264148887264,0.,-0.994757278863725));
#14199=DIRECTION('',(0.169910384990811,0.,-0.985459517723724));
#14200=DIRECTION('',(0.236764420456914,0.,-0.971567089400264));
#14201=DIRECTION('',(0.302514550926642,0.,-0.953144766799699));
#14202=DIRECTION('',(0.366854218761584,0.,-0.930278443358131));
#14203=DIRECTION('',(0.429483443109703,0.,-0.903074732286667));
#14204=DIRECTION('',(0.490110217174016,0.,-0.871660470035001));
#14205=DIRECTION('',(0.548451871266137,0.,-0.836182124243679));
#14206=DIRECTION('',(0.604236389516464,0.,-0.796805111419416));
#14207=DIRECTION('',(0.657203678771889,0.,-0.753713025367543));
#14208=DIRECTION('',(0.707106781200886,0.,-0.707106781172209));
#14209=DIRECTION('',(0.75371302531233,0.,-0.657203678835211));
#14210=DIRECTION('',(0.796805111456334,0.,-0.60423638946778));
#14211=DIRECTION('',(0.836182124237274,0.,-0.548451871275904));
#14212=DIRECTION('',(0.871660470021043,0.,-0.49011021719884));
#14213=DIRECTION('',(0.903074732320512,0.,-0.429483443038537));
#14214=DIRECTION('',(0.930278443350072,0.,-0.366854218782022));
#14215=DIRECTION('',(0.95314476681352,0.,-0.302514550883094));
#14216=DIRECTION('',(0.97156708939856,0.,-0.236764420463907));
#14217=DIRECTION('',(0.985459517718068,0.,-0.169910385023613));
#14218=DIRECTION('',(-0.994757278856956,0.,0.102264148953114));
#14219=DIRECTION('',(-0.999417022365965,0.,0.0341411101920881));
#14220=DIRECTION('',(-1.,0.,0.));
#14221=DIRECTION('',(-0.999417022365965,0.,-0.0341411101920968));
#14222=DIRECTION('',(-0.994757278856956,0.,-0.102264148953114));
#14223=DIRECTION('',(-0.985459517718068,0.,-0.169910385023613));
#14224=DIRECTION('',(-0.971567089398546,0.,-0.236764420463966));
#14225=DIRECTION('',(-0.953144766813544,0.,-0.30251455088302));
#14226=DIRECTION('',(-0.930278443330671,0.,-0.366854218831219));
#14227=DIRECTION('',(-0.903074732347102,0.,-0.429483442982624));
#14228=DIRECTION('',(-0.871660470021043,0.,-0.49011021719884));
#14229=DIRECTION('',(-0.836182124237351,0.,-0.548451871275786));
#14230=DIRECTION('',(-0.796805111456241,0.,-0.604236389467903));
#14231=DIRECTION('',(-0.75371302531233,0.,-0.657203678835211));
#14232=DIRECTION('',(-0.707106781201014,0.,-0.707106781172081));
#14233=DIRECTION('',(-0.657203678771744,0.,-0.75371302536767));
#14234=DIRECTION('',(-0.604236389516464,0.,-0.796805111419416));
#14235=DIRECTION('',(-0.548451871265958,0.,-0.836182124243797));
#14236=DIRECTION('',(-0.490110217174211,0.,-0.871660470034892));
#14237=DIRECTION('',(-0.429483443109912,0.,-0.903074732286567));
#14238=DIRECTION('',(-0.366854218761584,0.,-0.930278443358131));
#14239=DIRECTION('',(-0.30251455092641,0.,-0.953144766799772));
#14240=DIRECTION('',(-0.236764420456914,0.,-0.971567089400264));
#14241=DIRECTION('',(-0.169910384990811,0.,-0.985459517723724));
#14242=DIRECTION('',(-0.102264148887264,0.,-0.994757278863725));
#14243=DIRECTION('center_axis',(0.0341411101807407,0.999417022366353,0.));
#14244=DIRECTION('ref_axis',(0.,0.,1.));
#14245=DIRECTION('center_axis',(0.0341411101772298,0.999417022366473,0.));
#14246=DIRECTION('ref_axis',(0.,0.,1.));
#14247=DIRECTION('',(0.,0.,1.));
#14248=DIRECTION('',(0.999417022366472,-0.0341411101772298,0.));
#14249=DIRECTION('',(0.,0.,1.));
#14250=DIRECTION('center_axis',(0.102264148947098,0.994757278857574,0.));
#14251=DIRECTION('ref_axis',(0.,0.,1.));
#14252=DIRECTION('',(0.,0.,1.));
#14253=DIRECTION('',(0.994757278857574,-0.102264148947098,0.));
#14254=DIRECTION('center_axis',(0.169910385014809,0.985459517719586,0.));
#14255=DIRECTION('ref_axis',(0.,0.,1.));
#14256=DIRECTION('',(0.,0.,1.));
#14257=DIRECTION('',(0.985459517719586,-0.169910385014809,0.));
#14258=DIRECTION('center_axis',(0.236764420469556,0.971567089397184,0.));
#14259=DIRECTION('ref_axis',(0.,0.,1.));
#14260=DIRECTION('',(0.,0.,1.));
#14261=DIRECTION('',(0.971567089397184,-0.236764420469556,0.));
#14262=DIRECTION('center_axis',(0.302514550881242,0.953144766814108,0.));
#14263=DIRECTION('ref_axis',(0.,0.,1.));
#14264=DIRECTION('',(0.,0.,1.));
#14265=DIRECTION('',(0.953144766814108,-0.302514550881242,0.));
#14266=DIRECTION('center_axis',(0.366854218822757,0.930278443334008,0.));
#14267=DIRECTION('ref_axis',(0.,0.,1.));
#14268=DIRECTION('',(0.,0.,1.));
#14269=DIRECTION('',(0.930278443334008,-0.366854218822757,0.));
#14270=DIRECTION('center_axis',(0.429483443025743,0.903074732326596,0.));
#14271=DIRECTION('ref_axis',(0.,0.,1.));
#14272=DIRECTION('',(0.,0.,1.));
#14273=DIRECTION('',(0.903074732326597,-0.429483443025743,0.));
#14274=DIRECTION('center_axis',(0.490110217170685,0.871660470036874,0.));
#14275=DIRECTION('ref_axis',(0.,0.,1.));
#14276=DIRECTION('',(0.,0.,1.));
#14277=DIRECTION('',(0.871660470036874,-0.490110217170685,0.));
#14278=DIRECTION('center_axis',(0.548451871263162,0.836182124245631,0.));
#14279=DIRECTION('ref_axis',(0.,0.,-1.));
#14280=DIRECTION('',(0.,0.,1.));
#14281=DIRECTION('',(0.836182124245631,-0.548451871263162,0.));
#14282=DIRECTION('center_axis',(0.604236389526617,0.796805111411717,0.));
#14283=DIRECTION('ref_axis',(0.,0.,-1.));
#14284=DIRECTION('',(0.,0.,1.));
#14285=DIRECTION('',(0.796805111411717,-0.604236389526617,0.));
#14286=DIRECTION('center_axis',(0.657203678794662,0.753713025347686,0.));
#14287=DIRECTION('ref_axis',(0.,0.,-1.));
#14288=DIRECTION('',(0.,0.,1.));
#14289=DIRECTION('',(0.753713025347686,-0.657203678794662,0.));
#14290=DIRECTION('center_axis',(0.707106781203067,0.707106781170028,0.));
#14291=DIRECTION('ref_axis',(0.,0.,-1.));
#14292=DIRECTION('',(0.,0.,1.));
#14293=DIRECTION('',(0.707106781170028,-0.707106781203066,0.));
#14294=DIRECTION('center_axis',(0.753713025317037,0.657203678829812,0.));
#14295=DIRECTION('ref_axis',(0.,0.,-1.));
#14296=DIRECTION('',(0.,0.,1.));
#14297=DIRECTION('',(0.657203678829813,-0.753713025317037,0.));
#14298=DIRECTION('center_axis',(0.796805111411738,0.604236389526589,0.));
#14299=DIRECTION('ref_axis',(0.,0.,-1.));
#14300=DIRECTION('',(0.,0.,1.));
#14301=DIRECTION('',(0.604236389526589,-0.796805111411738,0.));
#14302=DIRECTION('center_axis',(0.836182124270681,0.548451871224971,0.));
#14303=DIRECTION('ref_axis',(0.,0.,-1.));
#14304=DIRECTION('',(0.,0.,1.));
#14305=DIRECTION('',(0.548451871224971,-0.836182124270681,0.));
#14306=DIRECTION('center_axis',(0.871660470014927,0.490110217209718,0.));
#14307=DIRECTION('ref_axis',(0.,0.,-1.));
#14308=DIRECTION('',(0.,0.,1.));
#14309=DIRECTION('',(0.490110217209718,-0.871660470014927,0.));
#14310=DIRECTION('center_axis',(0.903074732326568,0.429483443025803,0.));
#14311=DIRECTION('ref_axis',(0.,0.,-1.));
#14312=DIRECTION('',(0.,0.,1.));
#14313=DIRECTION('',(0.429483443025803,-0.903074732326568,0.));
#14314=DIRECTION('center_axis',(0.93027844333843,0.366854218811542,0.));
#14315=DIRECTION('ref_axis',(0.,0.,-1.));
#14316=DIRECTION('',(0.,0.,1.));
#14317=DIRECTION('',(0.366854218811542,-0.93027844333843,0.));
#14318=DIRECTION('center_axis',(0.953144766820616,0.302514550860738,0.));
#14319=DIRECTION('ref_axis',(0.,0.,-1.));
#14320=DIRECTION('',(0.,0.,1.));
#14321=DIRECTION('',(0.302514550860738,-0.953144766820616,0.));
#14322=DIRECTION('center_axis',(0.971567089399016,0.236764420462038,0.));
#14323=DIRECTION('ref_axis',(0.,0.,-1.));
#14324=DIRECTION('',(0.,0.,1.));
#14325=DIRECTION('',(0.236764420462038,-0.971567089399016,0.));
#14326=DIRECTION('center_axis',(0.985459517714062,0.169910385046846,0.));
#14327=DIRECTION('ref_axis',(0.,0.,-1.));
#14328=DIRECTION('',(0.,0.,1.));
#14329=DIRECTION('',(0.169910385046846,-0.985459517714062,0.));
#14330=DIRECTION('center_axis',(0.994757278857233,0.102264148950421,0.));
#14331=DIRECTION('ref_axis',(0.,0.,-1.));
#14332=DIRECTION('',(0.,0.,1.));
#14333=DIRECTION('',(0.102264148950421,-0.994757278857233,0.));
#14334=DIRECTION('center_axis',(0.999417022366474,0.0341411101771996,0.));
#14335=DIRECTION('ref_axis',(0.,0.,-1.));
#14336=DIRECTION('',(0.,0.,1.));
#14337=DIRECTION('',(0.0341411101771995,-0.999417022366474,0.));
#14338=DIRECTION('center_axis',(1.,0.,0.));
#14339=DIRECTION('ref_axis',(0.,0.,-1.));
#14340=DIRECTION('',(0.,0.,1.));
#14341=DIRECTION('',(0.,-1.,0.));
#14342=DIRECTION('center_axis',(0.99941702236655,-0.034141110174952,0.));
#14343=DIRECTION('ref_axis',(0.,0.,-1.));
#14344=DIRECTION('',(0.,0.,1.));
#14345=DIRECTION('',(-0.0341411101749519,-0.99941702236655,0.));
#14346=DIRECTION('center_axis',(0.99475727885482,-0.102264148973885,0.));
#14347=DIRECTION('ref_axis',(0.,0.,-1.));
#14348=DIRECTION('',(0.,0.,1.));
#14349=DIRECTION('',(-0.102264148973885,-0.994757278854821,0.));
#14350=DIRECTION('center_axis',(0.985459517715015,-0.16991038504132,0.));
#14351=DIRECTION('ref_axis',(0.,0.,-1.));
#14352=DIRECTION('',(0.,0.,1.));
#14353=DIRECTION('',(-0.16991038504132,-0.985459517715015,0.));
#14354=DIRECTION('center_axis',(0.97156708940825,-0.236764420424147,0.));
#14355=DIRECTION('ref_axis',(0.,0.,-1.));
#14356=DIRECTION('',(0.,0.,1.));
#14357=DIRECTION('',(-0.236764420424147,-0.97156708940825,0.));
#14358=DIRECTION('center_axis',(0.953144766823626,-0.302514550851255,0.));
#14359=DIRECTION('ref_axis',(0.,0.,-1.));
#14360=DIRECTION('',(0.,0.,1.));
#14361=DIRECTION('',(-0.302514550851255,-0.953144766823626,0.));
#14362=DIRECTION('center_axis',(0.930278443302958,-0.366854218901493,0.));
#14363=DIRECTION('ref_axis',(0.,0.,-1.));
#14364=DIRECTION('',(0.,0.,1.));
#14365=DIRECTION('',(-0.366854218901493,-0.930278443302958,0.));
#14366=DIRECTION('center_axis',(0.90307473236303,-0.429483442949135,0.));
#14367=DIRECTION('ref_axis',(0.,0.,-1.));
#14368=DIRECTION('',(0.,0.,1.));
#14369=DIRECTION('',(-0.429483442949135,-0.90307473236303,0.));
#14370=DIRECTION('center_axis',(0.871660470007019,-0.490110217223782,0.));
#14371=DIRECTION('ref_axis',(0.,0.,-1.));
#14372=DIRECTION('',(0.,0.,1.));
#14373=DIRECTION('',(-0.490110217223782,-0.871660470007019,0.));
#14374=DIRECTION('center_axis',(0.836182124280592,-0.54845187120986,0.));
#14375=DIRECTION('ref_axis',(0.,0.,-1.));
#14376=DIRECTION('',(0.,0.,1.));
#14377=DIRECTION('',(-0.54845187120986,-0.836182124280592,0.));
#14378=DIRECTION('center_axis',(0.796805111399729,-0.604236389542425,0.));
#14379=DIRECTION('ref_axis',(0.,0.,-1.));
#14380=DIRECTION('',(0.,0.,1.));
#14381=DIRECTION('',(-0.604236389542425,-0.796805111399729,0.));
#14382=DIRECTION('center_axis',(0.753713025317025,-0.657203678829827,0.));
#14383=DIRECTION('ref_axis',(0.,0.,-1.));
#14384=DIRECTION('',(0.,0.,1.));
#14385=DIRECTION('',(-0.657203678829827,-0.753713025317024,0.));
#14386=DIRECTION('center_axis',(0.707106781120676,-0.707106781252419,0.));
#14387=DIRECTION('ref_axis',(0.,0.,-1.));
#14388=DIRECTION('',(0.,0.,1.));
#14389=DIRECTION('',(-0.707106781252419,-0.707106781120676,0.));
#14390=DIRECTION('center_axis',(0.657203678794662,-0.753713025347686,0.));
#14391=DIRECTION('ref_axis',(0.,0.,-1.));
#14392=DIRECTION('',(0.,0.,1.));
#14393=DIRECTION('',(-0.753713025347686,-0.657203678794662,0.));
#14394=DIRECTION('center_axis',(0.604236389652138,-0.796805111316532,0.));
#14395=DIRECTION('ref_axis',(0.,0.,-1.));
#14396=DIRECTION('',(0.,0.,1.));
#14397=DIRECTION('',(-0.796805111316531,-0.604236389652138,0.));
#14398=DIRECTION('center_axis',(0.548451871240164,-0.836182124260716,0.));
#14399=DIRECTION('ref_axis',(0.,0.,-1.));
#14400=DIRECTION('',(0.,0.,1.));
#14401=DIRECTION('',(-0.836182124260716,-0.548451871240164,0.));
#14402=DIRECTION('center_axis',(0.490110217170663,-0.871660470036886,0.));
#14403=DIRECTION('ref_axis',(0.,0.,-1.));
#14404=DIRECTION('',(0.,0.,1.));
#14405=DIRECTION('',(-0.871660470036886,-0.490110217170663,0.));
#14406=DIRECTION('center_axis',(0.429483443025671,-0.90307473232663,0.));
#14407=DIRECTION('ref_axis',(0.,0.,-1.));
#14408=DIRECTION('',(0.,0.,1.));
#14409=DIRECTION('',(-0.90307473232663,-0.429483443025671,0.));
#14410=DIRECTION('center_axis',(0.366854218765776,-0.930278443356478,0.));
#14411=DIRECTION('ref_axis',(0.,0.,-1.));
#14412=DIRECTION('',(0.,0.,1.));
#14413=DIRECTION('',(-0.930278443356478,-0.366854218765776,0.));
#14414=DIRECTION('center_axis',(0.302514550941059,-0.953144766795123,0.));
#14415=DIRECTION('ref_axis',(0.,0.,-1.));
#14416=DIRECTION('',(0.,0.,1.));
#14417=DIRECTION('',(-0.953144766795123,-0.302514550941059,0.));
#14418=DIRECTION('center_axis',(0.236764420438508,-0.97156708940475,0.));
#14419=DIRECTION('ref_axis',(0.,0.,-1.));
#14420=DIRECTION('',(0.,0.,1.));
#14421=DIRECTION('',(-0.97156708940475,-0.236764420438508,0.));
#14422=DIRECTION('center_axis',(0.16991038495084,-0.985459517730616,0.));
#14423=DIRECTION('ref_axis',(0.,0.,-1.));
#14424=DIRECTION('',(0.,0.,1.));
#14425=DIRECTION('',(-0.985459517730616,-0.16991038495084,0.));
#14426=DIRECTION('center_axis',(0.102264148947069,-0.994757278857577,0.));
#14427=DIRECTION('ref_axis',(0.,0.,-1.));
#14428=DIRECTION('',(0.,0.,1.));
#14429=DIRECTION('',(-0.994757278857577,-0.102264148947069,0.));
#14430=DIRECTION('center_axis',(0.0341411102759945,-0.999417022363099,0.));
#14431=DIRECTION('ref_axis',(0.,0.,-1.));
#14432=DIRECTION('',(0.,0.,1.));
#14433=DIRECTION('',(-0.999417022363099,-0.0341411102759944,0.));
#14434=DIRECTION('center_axis',(0.,-1.,0.));
#14435=DIRECTION('ref_axis',(0.,0.,-1.));
#14436=DIRECTION('',(0.,0.,1.));
#14437=DIRECTION('',(-1.,0.,0.));
#14438=DIRECTION('center_axis',(-0.0341411102757688,-0.999417022363106,
0.));
#14439=DIRECTION('ref_axis',(0.,0.,-1.));
#14440=DIRECTION('',(0.,0.,1.));
#14441=DIRECTION('',(-0.999417022363106,0.0341411102757688,0.));
#14442=DIRECTION('center_axis',(-0.102264148949082,-0.99475727885737,0.));
#14443=DIRECTION('ref_axis',(0.,0.,-1.));
#14444=DIRECTION('',(0.,0.,1.));
#14445=DIRECTION('',(-0.99475727885737,0.102264148949082,0.));
#14446=DIRECTION('center_axis',(-0.16991038495085,-0.985459517730614,0.));
#14447=DIRECTION('ref_axis',(0.,0.,-1.));
#14448=DIRECTION('',(0.,0.,1.));
#14449=DIRECTION('',(-0.985459517730614,0.16991038495085,0.));
#14450=DIRECTION('center_axis',(-0.236764420434725,-0.971567089405672,0.));
#14451=DIRECTION('ref_axis',(0.,0.,-1.));
#14452=DIRECTION('',(0.,0.,1.));
#14453=DIRECTION('',(-0.971567089405672,0.236764420434725,0.));
#14454=DIRECTION('center_axis',(-0.302514550946746,-0.953144766793318,0.));
#14455=DIRECTION('ref_axis',(0.,0.,-1.));
#14456=DIRECTION('',(0.,0.,1.));
#14457=DIRECTION('',(-0.953144766793318,0.302514550946746,0.));
#14458=DIRECTION('center_axis',(-0.366854218761302,-0.930278443358243,0.));
#14459=DIRECTION('ref_axis',(0.,0.,-1.));
#14460=DIRECTION('',(0.,0.,1.));
#14461=DIRECTION('',(-0.930278443358242,0.366854218761302,0.));
#14462=DIRECTION('center_axis',(-0.429483443023106,-0.90307473232785,0.));
#14463=DIRECTION('ref_axis',(0.,0.,-1.));
#14464=DIRECTION('',(0.,0.,1.));
#14465=DIRECTION('',(-0.90307473232785,0.429483443023106,0.));
#14466=DIRECTION('center_axis',(-0.490110217174864,-0.871660470034525,0.));
#14467=DIRECTION('ref_axis',(0.,0.,-1.));
#14468=DIRECTION('',(0.,0.,1.));
#14469=DIRECTION('',(-0.871660470034524,0.490110217174864,0.));
#14470=DIRECTION('center_axis',(-0.548451871238661,-0.836182124261701,0.));
#14471=DIRECTION('ref_axis',(0.,0.,1.));
#14472=DIRECTION('',(0.,0.,1.));
#14473=DIRECTION('',(-0.836182124261702,0.548451871238661,0.));
#14474=DIRECTION('center_axis',(-0.604236389647347,-0.796805111320164,0.));
#14475=DIRECTION('ref_axis',(0.,0.,1.));
#14476=DIRECTION('',(0.,0.,1.));
#14477=DIRECTION('',(-0.796805111320164,0.604236389647347,0.));
#14478=DIRECTION('center_axis',(-0.65720367880449,-0.753713025339117,0.));
#14479=DIRECTION('ref_axis',(0.,0.,1.));
#14480=DIRECTION('',(0.,0.,1.));
#14481=DIRECTION('',(-0.753713025339117,0.65720367880449,0.));
#14482=DIRECTION('center_axis',(-0.707106781112395,-0.7071067812607,0.));
#14483=DIRECTION('ref_axis',(0.,0.,1.));
#14484=DIRECTION('',(0.,0.,1.));
#14485=DIRECTION('',(-0.7071067812607,0.707106781112395,0.));
#14486=DIRECTION('center_axis',(-0.753713025321982,-0.657203678824142,0.));
#14487=DIRECTION('ref_axis',(0.,0.,1.));
#14488=DIRECTION('',(0.,0.,1.));
#14489=DIRECTION('',(-0.657203678824142,0.753713025321982,0.));
#14490=DIRECTION('center_axis',(-0.796805111399729,-0.604236389542425,0.));
#14491=DIRECTION('ref_axis',(0.,0.,1.));
#14492=DIRECTION('',(0.,0.,1.));
#14493=DIRECTION('',(-0.604236389542425,0.796805111399729,0.));
#14494=DIRECTION('center_axis',(-0.836182124274526,-0.548451871219108,0.));
#14495=DIRECTION('ref_axis',(0.,0.,1.));
#14496=DIRECTION('',(0.,0.,1.));
#14497=DIRECTION('',(-0.548451871219108,0.836182124274526,0.));
#14498=DIRECTION('center_axis',(-0.871660470018245,-0.490110217203816,0.));
#14499=DIRECTION('ref_axis',(0.,0.,1.));
#14500=DIRECTION('',(0.,0.,1.));
#14501=DIRECTION('',(-0.490110217203816,0.871660470018245,0.));
#14502=DIRECTION('center_axis',(-0.90307473236051,-0.429483442954433,0.));
#14503=DIRECTION('ref_axis',(0.,0.,1.));
#14504=DIRECTION('',(0.,0.,1.));
#14505=DIRECTION('',(-0.429483442954433,0.90307473236051,0.));
#14506=DIRECTION('center_axis',(-0.930278443305195,-0.36685421889582,0.));
#14507=DIRECTION('ref_axis',(0.,0.,1.));
#14508=DIRECTION('',(0.,0.,1.));
#14509=DIRECTION('',(-0.36685421889582,0.930278443305195,0.));
#14510=DIRECTION('center_axis',(-0.953144766816015,-0.302514550875234,0.));
#14511=DIRECTION('ref_axis',(0.,0.,1.));
#14512=DIRECTION('',(0.,0.,1.));
#14513=DIRECTION('',(-0.302514550875234,0.953144766816015,0.));
#14514=DIRECTION('center_axis',(-0.971567089407509,-0.236764420427186,0.));
#14515=DIRECTION('ref_axis',(0.,0.,1.));
#14516=DIRECTION('',(0.,0.,1.));
#14517=DIRECTION('',(-0.236764420427186,0.971567089407509,0.));
#14518=DIRECTION('center_axis',(-0.985459517718328,-0.169910385022109,0.));
#14519=DIRECTION('ref_axis',(0.,0.,1.));
#14520=DIRECTION('',(0.,0.,1.));
#14521=DIRECTION('',(-0.169910385022109,0.985459517718328,0.));
#14522=DIRECTION('center_axis',(-0.994757278855487,-0.102264148967399,0.));
#14523=DIRECTION('ref_axis',(0.,0.,1.));
#14524=DIRECTION('',(0.,0.,1.));
#14525=DIRECTION('',(-0.102264148967399,0.994757278855487,0.));
#14526=DIRECTION('center_axis',(-0.999417022366325,-0.0341411101815577,
0.));
#14527=DIRECTION('ref_axis',(0.,0.,1.));
#14528=DIRECTION('',(0.,0.,1.));
#14529=DIRECTION('',(-0.0341411101815577,0.999417022366325,0.));
#14530=DIRECTION('center_axis',(-1.,0.,0.));
#14531=DIRECTION('ref_axis',(0.,0.,1.));
#14532=DIRECTION('',(0.,0.,1.));
#14533=DIRECTION('',(0.,1.,0.));
#14534=DIRECTION('center_axis',(-0.999417022366248,0.0341411101838053,0.));
#14535=DIRECTION('ref_axis',(0.,0.,1.));
#14536=DIRECTION('',(0.,0.,1.));
#14537=DIRECTION('',(0.0341411101838053,0.999417022366248,0.));
#14538=DIRECTION('center_axis',(-0.994757278857899,0.102264148943935,0.));
#14539=DIRECTION('ref_axis',(0.,0.,1.));
#14540=DIRECTION('',(0.,0.,1.));
#14541=DIRECTION('',(0.102264148943935,0.9947572788579,0.));
#14542=DIRECTION('center_axis',(-0.985459517717375,0.169910385027636,0.));
#14543=DIRECTION('ref_axis',(0.,0.,1.));
#14544=DIRECTION('',(0.,0.,1.));
#14545=DIRECTION('',(0.169910385027636,0.985459517717375,0.));
#14546=DIRECTION('center_axis',(-0.971567089398275,0.236764420465077,0.));
#14547=DIRECTION('ref_axis',(0.,0.,1.));
#14548=DIRECTION('',(0.,0.,1.));
#14549=DIRECTION('',(0.236764420465077,0.971567089398275,0.));
#14550=DIRECTION('center_axis',(-0.953144766813005,0.302514550884718,0.));
#14551=DIRECTION('ref_axis',(0.,0.,1.));
#14552=DIRECTION('',(0.,0.,1.));
#14553=DIRECTION('',(0.302514550884718,0.953144766813005,0.));
#14554=DIRECTION('center_axis',(-0.930278443340668,0.366854218805869,0.));
#14555=DIRECTION('ref_axis',(0.,0.,1.));
#14556=DIRECTION('',(0.,0.,1.));
#14557=DIRECTION('',(0.366854218805869,0.930278443340667,0.));
#14558=DIRECTION('center_axis',(-0.903074732324048,0.429483443031101,0.));
#14559=DIRECTION('ref_axis',(0.,0.,1.));
#14560=DIRECTION('',(0.,0.,1.));
#14561=DIRECTION('',(0.429483443031101,0.903074732324048,0.));
#14562=DIRECTION('center_axis',(-0.871660470026153,0.490110217189752,0.));
#14563=DIRECTION('ref_axis',(0.,0.,1.));
#14564=DIRECTION('',(0.,0.,1.));
#14565=DIRECTION('',(0.490110217189752,0.871660470026153,0.));
#14566=DIRECTION('center_axis',(-0.836182124264615,0.548451871234219,0.));
#14567=DIRECTION('ref_axis',(0.,0.,1.));
#14568=DIRECTION('',(0.,0.,1.));
#14569=DIRECTION('',(0.548451871234219,0.836182124264615,0.));
#14570=DIRECTION('center_axis',(-0.796805111411738,0.604236389526589,0.));
#14571=DIRECTION('ref_axis',(0.,0.,1.));
#14572=DIRECTION('',(0.,0.,1.));
#14573=DIRECTION('',(0.604236389526589,0.796805111411738,0.));
#14574=DIRECTION('center_axis',(-0.753713025321995,0.657203678824127,0.));
#14575=DIRECTION('ref_axis',(0.,0.,1.));
#14576=DIRECTION('',(0.,0.,1.));
#14577=DIRECTION('',(0.657203678824127,0.753713025321994,0.));
#14578=DIRECTION('center_axis',(-0.707106781194785,0.70710678117831,0.));
#14579=DIRECTION('ref_axis',(0.,0.,1.));
#14580=DIRECTION('',(0.,0.,1.));
#14581=DIRECTION('',(0.70710678117831,0.707106781194785,0.));
#14582=DIRECTION('center_axis',(-0.65720367880449,0.753713025339117,0.));
#14583=DIRECTION('ref_axis',(0.,0.,1.));
#14584=DIRECTION('',(0.,0.,1.));
#14585=DIRECTION('',(0.753713025339117,0.65720367880449,0.));
#14586=DIRECTION('center_axis',(-0.604236389521827,0.796805111415349,0.));
#14587=DIRECTION('ref_axis',(0.,0.,1.));
#14588=DIRECTION('',(0.,0.,1.));
#14589=DIRECTION('',(0.796805111415349,0.604236389521827,0.));
#14590=DIRECTION('center_axis',(-0.548451871261659,0.836182124246617,0.));
#14591=DIRECTION('ref_axis',(0.,0.,1.));
#14592=DIRECTION('',(0.,0.,1.));
#14593=DIRECTION('',(0.836182124246617,0.548451871261659,0.));
#14594=DIRECTION('center_axis',(-0.490110217174886,0.871660470034512,0.));
#14595=DIRECTION('ref_axis',(0.,0.,1.));
#14596=DIRECTION('',(0.,0.,1.));
#14597=DIRECTION('',(0.871660470034512,0.490110217174886,0.));
#14598=DIRECTION('center_axis',(-0.429483443023177,0.903074732327816,0.));
#14599=DIRECTION('ref_axis',(0.,0.,1.));
#14600=DIRECTION('',(0.,0.,1.));
#14601=DIRECTION('',(0.903074732327816,0.429483443023178,0.));
#14602=DIRECTION('center_axis',(-0.366854218818283,0.930278443335772,0.));
#14603=DIRECTION('ref_axis',(0.,0.,1.));
#14604=DIRECTION('',(0.,0.,1.));
#14605=DIRECTION('',(0.930278443335772,0.366854218818283,0.));
#14606=DIRECTION('center_axis',(-0.30251455088693,0.953144766812303,0.));
#14607=DIRECTION('ref_axis',(0.,0.,1.));
#14608=DIRECTION('',(0.,0.,1.));
#14609=DIRECTION('',(0.953144766812303,0.302514550886929,0.));
#14610=DIRECTION('center_axis',(-0.236764420465773,0.971567089398106,0.));
#14611=DIRECTION('ref_axis',(0.,0.,1.));
#14612=DIRECTION('',(0.,0.,1.));
#14613=DIRECTION('',(0.971567089398106,0.236764420465773,0.));
#14614=DIRECTION('center_axis',(-0.169910385014819,0.985459517719585,0.));
#14615=DIRECTION('ref_axis',(0.,0.,1.));
#14616=DIRECTION('',(0.,0.,1.));
#14617=DIRECTION('',(0.985459517719584,0.169910385014819,0.));
#14618=DIRECTION('center_axis',(-0.102264148949111,0.994757278857367,0.));
#14619=DIRECTION('ref_axis',(0.,0.,1.));
#14620=DIRECTION('',(0.,0.,1.));
#14621=DIRECTION('',(0.994757278857367,0.102264148949111,0.));
#14622=DIRECTION('center_axis',(-0.0341411101770041,0.99941702236648,0.));
#14623=DIRECTION('ref_axis',(0.,0.,1.));
#14624=DIRECTION('',(0.,0.,1.));
#14625=DIRECTION('',(0.99941702236648,0.0341411101770041,0.));
#14626=DIRECTION('center_axis',(0.,1.,0.));
#14627=DIRECTION('ref_axis',(0.,0.,1.));
#14628=DIRECTION('',(1.,0.,0.));
#14629=DIRECTION('',(0.,0.,1.));
#14630=DIRECTION('',(0.0341411101937316,0.,0.999417022365909));
#14631=DIRECTION('',(0.102264148887264,0.,0.994757278863725));
#14632=DIRECTION('',(0.169910384990811,0.,0.985459517723724));
#14633=DIRECTION('',(0.236764420456914,0.,0.971567089400264));
#14634=DIRECTION('',(0.30251455092641,0.,0.953144766799772));
#14635=DIRECTION('',(0.366854218761584,0.,0.930278443358131));
#14636=DIRECTION('',(0.429483443109912,0.,0.903074732286567));
#14637=DIRECTION('',(0.490110217174211,0.,0.871660470034892));
#14638=DIRECTION('',(0.548451871265958,0.,0.836182124243797));
#14639=DIRECTION('',(0.604236389516464,0.,0.796805111419416));
#14640=DIRECTION('',(0.657203678771744,0.,0.75371302536767));
#14641=DIRECTION('',(0.707106781201014,0.,0.707106781172081));
#14642=DIRECTION('',(0.75371302531233,0.,0.657203678835211));
#14643=DIRECTION('',(0.796805111456241,0.,0.604236389467903));
#14644=DIRECTION('',(0.836182124237351,0.,0.548451871275786));
#14645=DIRECTION('',(0.871660470021043,0.,0.49011021719884));
#14646=DIRECTION('',(0.903074732347102,0.,0.429483442982624));
#14647=DIRECTION('',(0.930278443330671,0.,0.366854218831219));
#14648=DIRECTION('',(0.953144766813544,0.,0.30251455088302));
#14649=DIRECTION('',(0.971567089398546,0.,0.236764420463966));
#14650=DIRECTION('',(0.985459517718068,0.,0.169910385023613));
#14651=DIRECTION('',(0.994757278856956,0.,0.102264148953114));
#14652=DIRECTION('',(0.999417022365965,0.,0.0341411101920968));
#14653=DIRECTION('',(1.,0.,0.));
#14654=DIRECTION('',(0.999417022365965,0.,-0.0341411101920881));
#14655=DIRECTION('',(0.994757278856956,0.,-0.102264148953114));
#14656=DIRECTION('',(0.985459517718068,0.,-0.169910385023613));
#14657=DIRECTION('',(0.97156708939856,0.,-0.236764420463907));
#14658=DIRECTION('',(0.95314476681352,0.,-0.302514550883094));
#14659=DIRECTION('',(0.930278443350072,0.,-0.366854218782022));
#14660=DIRECTION('',(0.903074732320512,0.,-0.429483443038537));
#14661=DIRECTION('',(0.871660470021043,0.,-0.49011021719884));
#14662=DIRECTION('',(0.836182124237274,0.,-0.548451871275904));
#14663=DIRECTION('',(0.796805111456334,0.,-0.60423638946778));
#14664=DIRECTION('',(0.75371302531233,0.,-0.657203678835211));
#14665=DIRECTION('',(0.707106781200886,0.,-0.707106781172209));
#14666=DIRECTION('',(0.657203678771889,0.,-0.753713025367543));
#14667=DIRECTION('',(0.604236389516464,0.,-0.796805111419416));
#14668=DIRECTION('',(0.548451871266137,0.,-0.836182124243679));
#14669=DIRECTION('',(0.490110217174016,0.,-0.871660470035001));
#14670=DIRECTION('',(0.429483443109703,0.,-0.903074732286667));
#14671=DIRECTION('',(0.366854218761584,0.,-0.930278443358131));
#14672=DIRECTION('',(0.302514550926642,0.,-0.953144766799699));
#14673=DIRECTION('',(0.236764420456914,0.,-0.971567089400264));
#14674=DIRECTION('',(0.169910384993225,0.,-0.985459517723308));
#14675=DIRECTION('',(0.102264148887264,0.,-0.994757278863725));
#14676=DIRECTION('',(0.0341411101934758,0.,-0.999417022365918));
#14677=DIRECTION('',(0.,0.,-1.));
#14678=DIRECTION('',(-0.0341411101929838,0.,-0.999417022365934));
#14679=DIRECTION('',(-0.102264148888729,0.,-0.994757278863575));
#14680=DIRECTION('',(-0.169910384990813,0.,-0.985459517723723));
#14681=DIRECTION('',(-0.236764420453594,0.,-0.971567089401074));
#14682=DIRECTION('',(-0.302514550926647,0.,-0.953144766799697));
#14683=DIRECTION('',(-0.366854218761584,0.,-0.930278443358131));
#14684=DIRECTION('',(-0.429483443109709,0.,-0.903074732286664));
#14685=DIRECTION('',(-0.490110217174009,0.,-0.871660470035005));
#14686=DIRECTION('',(-0.548451871266137,0.,-0.836182124243679));
#14687=DIRECTION('',(-0.604236389516464,0.,-0.796805111419416));
#14688=DIRECTION('',(-0.657203678771889,0.,-0.753713025367543));
#14689=DIRECTION('',(-0.707106781208088,0.,-0.707106781165007));
#14690=DIRECTION('',(-0.75371302531948,0.,-0.657203678827011));
#14691=DIRECTION('',(-0.796805111449392,0.,-0.604236389476935));
#14692=DIRECTION('',(-0.836182124243879,0.,-0.548451871265833));
#14693=DIRECTION('',(-0.87166047002105,0.,-0.490110217198828));
#14694=DIRECTION('',(-0.903074732314919,0.,-0.429483443050296));
#14695=DIRECTION('',(-0.930278443350077,0.,-0.366854218782008));
#14696=DIRECTION('',(-0.953144766817678,0.,-0.302514550869995));
#14697=DIRECTION('',(-0.97156708939856,0.,-0.236764420463907));
#14698=DIRECTION('',(-0.985459517715651,0.,-0.169910385037632));
#14699=DIRECTION('',(-0.994757278856956,0.,-0.102264148953114));
#14700=DIRECTION('',(-0.999417022366456,0.,-0.034141110177702));
#14701=DIRECTION('',(-1.,0.,0.));
#14702=DIRECTION('',(-0.999417022366456,0.,0.0341411101777107));
#14703=DIRECTION('',(-0.994757278856956,0.,0.102264148953114));
#14704=DIRECTION('',(-0.985459517715651,0.,0.169910385037632));
#14705=DIRECTION('',(-0.971567089398546,0.,0.236764420463966));
#14706=DIRECTION('',(-0.953144766817701,0.,0.302514550869921));
#14707=DIRECTION('',(-0.930278443330676,0.,0.366854218831205));
#14708=DIRECTION('',(-0.90307473234151,0.,0.429483442994384));
#14709=DIRECTION('',(-0.87166047002105,0.,0.490110217198828));
#14710=DIRECTION('',(-0.836182124243956,0.,0.548451871265716));
#14711=DIRECTION('',(-0.796805111449299,0.,0.604236389477058));
#14712=DIRECTION('',(-0.75371302531948,0.,0.657203678827011));
#14713=DIRECTION('',(-0.707106781201006,0.,0.707106781172089));
#14714=DIRECTION('',(-0.657203678771744,0.,0.75371302536767));
#14715=DIRECTION('',(-0.604236389516464,0.,0.796805111419416));
#14716=DIRECTION('',(-0.548451871265958,0.,0.836182124243797));
#14717=DIRECTION('',(-0.490110217174204,0.,0.871660470034895));
#14718=DIRECTION('',(-0.429483443109918,0.,0.903074732286564));
#14719=DIRECTION('',(-0.366854218761584,0.,0.930278443358131));
#14720=DIRECTION('',(-0.302514550926414,0.,0.953144766799771));
#14721=DIRECTION('',(-0.236764420453594,0.,0.971567089401074));
#14722=DIRECTION('',(-0.169910384990813,0.,0.985459517723723));
#14723=DIRECTION('',(-0.102264148888729,0.,0.994757278863575));
#14724=DIRECTION('',(-0.0341411101932396,0.,0.999417022365926));
#14725=DIRECTION('center_axis',(-1.,0.,0.));
#14726=DIRECTION('ref_axis',(0.,0.,1.));
#14727=DIRECTION('',(0.,1.,0.));
#14728=DIRECTION('',(0.,0.,1.));
#14729=DIRECTION('',(0.,0.,1.));
#14730=DIRECTION('center_axis',(0.,-1.,0.));
#14731=DIRECTION('ref_axis',(0.,0.,-1.));
#14732=DIRECTION('',(-1.,0.,0.));
#14733=DIRECTION('',(0.,0.,1.));
#14734=DIRECTION('center_axis',(0.,1.,0.));
#14735=DIRECTION('ref_axis',(0.,0.,1.));
#14736=DIRECTION('',(1.,0.,0.));
#14737=DIRECTION('',(0.,0.,1.));
#14738=DIRECTION('center_axis',(1.,0.,0.));
#14739=DIRECTION('ref_axis',(0.,0.,-1.));
#14740=DIRECTION('',(0.,-1.,0.));
#14741=DIRECTION('center_axis',(0.,0.,-1.));
#14742=DIRECTION('ref_axis',(-1.,-5.51013106521049E-13,0.));
#14743=DIRECTION('',(0.,0.,-1.));
#14744=DIRECTION('center_axis',(0.,0.,1.));
#14745=DIRECTION('ref_axis',(0.829113924050754,-0.559079691050533,0.));
#14746=DIRECTION('center_axis',(-0.999417022365909,0.,0.0341411101937316));
#14747=DIRECTION('ref_axis',(0.0341411101937316,0.,0.999417022365909));
#14748=DIRECTION('',(0.,-1.,0.));
#14749=DIRECTION('',(0.,-1.,0.));
#14750=DIRECTION('center_axis',(-0.994757278863725,0.,0.102264148887264));
#14751=DIRECTION('ref_axis',(0.102264148887264,0.,0.994757278863725));
#14752=DIRECTION('',(0.,-1.,0.));
#14753=DIRECTION('center_axis',(-0.985459517723724,0.,0.169910384990811));
#14754=DIRECTION('ref_axis',(0.169910384990811,0.,0.985459517723724));
#14755=DIRECTION('',(0.,-1.,0.));
#14756=DIRECTION('center_axis',(-0.971567089400264,0.,0.236764420456914));
#14757=DIRECTION('ref_axis',(0.236764420456914,0.,0.971567089400265));
#14758=DIRECTION('',(0.,-1.,0.));
#14759=DIRECTION('center_axis',(-0.953144766799772,0.,0.30251455092641));
#14760=DIRECTION('ref_axis',(0.30251455092641,0.,0.953144766799772));
#14761=DIRECTION('',(0.,-1.,0.));
#14762=DIRECTION('center_axis',(-0.930278443358131,0.,0.366854218761584));
#14763=DIRECTION('ref_axis',(0.366854218761584,0.,0.930278443358131));
#14764=DIRECTION('',(0.,-1.,0.));
#14765=DIRECTION('center_axis',(-0.903074732286567,0.,0.429483443109912));
#14766=DIRECTION('ref_axis',(0.429483443109912,0.,0.903074732286567));
#14767=DIRECTION('',(0.,-1.,0.));
#14768=DIRECTION('center_axis',(-0.871660470034891,0.,0.490110217174211));
#14769=DIRECTION('ref_axis',(0.490110217174211,0.,0.871660470034892));
#14770=DIRECTION('',(0.,-1.,0.));
#14771=DIRECTION('center_axis',(-0.836182124243797,0.,0.548451871265958));
#14772=DIRECTION('ref_axis',(0.548451871265958,0.,0.836182124243797));
#14773=DIRECTION('',(0.,-1.,0.));
#14774=DIRECTION('center_axis',(-0.796805111419416,0.,0.604236389516464));
#14775=DIRECTION('ref_axis',(0.604236389516464,0.,0.796805111419416));
#14776=DIRECTION('',(0.,-1.,0.));
#14777=DIRECTION('center_axis',(-0.75371302536767,0.,0.657203678771744));
#14778=DIRECTION('ref_axis',(0.657203678771744,0.,0.75371302536767));
#14779=DIRECTION('',(0.,-1.,0.));
#14780=DIRECTION('center_axis',(-0.707106781172081,0.,0.707106781201014));
#14781=DIRECTION('ref_axis',(0.707106781201014,0.,0.707106781172081));
#14782=DIRECTION('',(0.,-1.,0.));
#14783=DIRECTION('center_axis',(-0.657203678835211,0.,0.75371302531233));
#14784=DIRECTION('ref_axis',(0.75371302531233,0.,0.657203678835211));
#14785=DIRECTION('',(0.,-1.,0.));
#14786=DIRECTION('center_axis',(-0.604236389467903,0.,0.796805111456241));
#14787=DIRECTION('ref_axis',(0.796805111456241,0.,0.604236389467903));
#14788=DIRECTION('',(0.,-1.,0.));
#14789=DIRECTION('center_axis',(-0.548451871275786,0.,0.836182124237351));
#14790=DIRECTION('ref_axis',(0.836182124237351,0.,0.548451871275786));
#14791=DIRECTION('',(0.,-1.,0.));
#14792=DIRECTION('center_axis',(-0.49011021719884,0.,0.871660470021043));
#14793=DIRECTION('ref_axis',(0.871660470021043,0.,0.49011021719884));
#14794=DIRECTION('',(0.,-1.,0.));
#14795=DIRECTION('center_axis',(-0.429483442982624,0.,0.903074732347103));
#14796=DIRECTION('ref_axis',(0.903074732347103,0.,0.429483442982624));
#14797=DIRECTION('',(0.,-1.,0.));
#14798=DIRECTION('center_axis',(-0.366854218831219,0.,0.930278443330671));
#14799=DIRECTION('ref_axis',(0.930278443330671,0.,0.366854218831219));
#14800=DIRECTION('',(0.,-1.,0.));
#14801=DIRECTION('center_axis',(-0.30251455088302,0.,0.953144766813544));
#14802=DIRECTION('ref_axis',(0.953144766813544,0.,0.30251455088302));
#14803=DIRECTION('',(0.,-1.,0.));
#14804=DIRECTION('center_axis',(-0.236764420463966,0.,0.971567089398546));
#14805=DIRECTION('ref_axis',(0.971567089398546,0.,0.236764420463966));
#14806=DIRECTION('',(0.,-1.,0.));
#14807=DIRECTION('center_axis',(-0.169910385023613,0.,0.985459517718068));
#14808=DIRECTION('ref_axis',(0.985459517718068,0.,0.169910385023613));
#14809=DIRECTION('',(0.,-1.,0.));
#14810=DIRECTION('center_axis',(-0.102264148953114,0.,0.994757278856956));
#14811=DIRECTION('ref_axis',(0.994757278856956,0.,0.102264148953114));
#14812=DIRECTION('',(0.,-1.,0.));
#14813=DIRECTION('center_axis',(-0.0341411101920968,0.,0.999417022365965));
#14814=DIRECTION('ref_axis',(0.999417022365965,0.,0.0341411101920968));
#14815=DIRECTION('',(0.,-1.,0.));
#14816=DIRECTION('center_axis',(0.,0.,1.));
#14817=DIRECTION('ref_axis',(1.,0.,0.));
#14818=DIRECTION('',(0.,-1.,0.));
#14819=DIRECTION('center_axis',(0.0341411101920881,0.,0.999417022365965));
#14820=DIRECTION('ref_axis',(0.999417022365965,0.,-0.0341411101920881));
#14821=DIRECTION('',(0.,-1.,0.));
#14822=DIRECTION('center_axis',(0.102264148953114,0.,0.994757278856956));
#14823=DIRECTION('ref_axis',(0.994757278856956,0.,-0.102264148953114));
#14824=DIRECTION('',(0.,-1.,0.));
#14825=DIRECTION('center_axis',(0.169910385023613,0.,0.985459517718068));
#14826=DIRECTION('ref_axis',(0.985459517718068,0.,-0.169910385023613));
#14827=DIRECTION('',(0.,-1.,0.));
#14828=DIRECTION('center_axis',(0.236764420463907,0.,0.97156708939856));
#14829=DIRECTION('ref_axis',(0.97156708939856,0.,-0.236764420463907));
#14830=DIRECTION('',(0.,-1.,0.));
#14831=DIRECTION('center_axis',(0.302514550883094,0.,0.95314476681352));
#14832=DIRECTION('ref_axis',(0.95314476681352,0.,-0.302514550883094));
#14833=DIRECTION('',(0.,-1.,0.));
#14834=DIRECTION('center_axis',(0.366854218782022,0.,0.930278443350072));
#14835=DIRECTION('ref_axis',(0.930278443350072,0.,-0.366854218782022));
#14836=DIRECTION('',(0.,-1.,0.));
#14837=DIRECTION('center_axis',(0.429483443038536,0.,0.903074732320512));
#14838=DIRECTION('ref_axis',(0.903074732320512,0.,-0.429483443038537));
#14839=DIRECTION('',(0.,-1.,0.));
#14840=DIRECTION('center_axis',(0.49011021719884,0.,0.871660470021043));
#14841=DIRECTION('ref_axis',(0.871660470021043,0.,-0.49011021719884));
#14842=DIRECTION('',(0.,-1.,0.));
#14843=DIRECTION('center_axis',(0.548451871275904,0.,0.836182124237274));
#14844=DIRECTION('ref_axis',(0.836182124237274,0.,-0.548451871275904));
#14845=DIRECTION('',(0.,-1.,0.));
#14846=DIRECTION('center_axis',(0.60423638946778,0.,0.796805111456334));
#14847=DIRECTION('ref_axis',(0.796805111456334,0.,-0.60423638946778));
#14848=DIRECTION('',(0.,-1.,0.));
#14849=DIRECTION('center_axis',(0.657203678835211,0.,0.75371302531233));
#14850=DIRECTION('ref_axis',(0.75371302531233,0.,-0.657203678835211));
#14851=DIRECTION('',(0.,-1.,0.));
#14852=DIRECTION('center_axis',(0.707106781172209,0.,0.707106781200886));
#14853=DIRECTION('ref_axis',(0.707106781200886,0.,-0.707106781172209));
#14854=DIRECTION('',(0.,-1.,0.));
#14855=DIRECTION('center_axis',(0.753713025367543,0.,0.65720367877189));
#14856=DIRECTION('ref_axis',(0.65720367877189,0.,-0.753713025367543));
#14857=DIRECTION('',(0.,-1.,0.));
#14858=DIRECTION('center_axis',(0.796805111419416,0.,0.604236389516464));
#14859=DIRECTION('ref_axis',(0.604236389516464,0.,-0.796805111419416));
#14860=DIRECTION('',(0.,-1.,0.));
#14861=DIRECTION('center_axis',(0.836182124243679,0.,0.548451871266137));
#14862=DIRECTION('ref_axis',(0.548451871266137,0.,-0.83618212424368));
#14863=DIRECTION('',(0.,-1.,0.));
#14864=DIRECTION('center_axis',(0.871660470035001,0.,0.490110217174016));
#14865=DIRECTION('ref_axis',(0.490110217174016,0.,-0.871660470035001));
#14866=DIRECTION('',(0.,-1.,0.));
#14867=DIRECTION('center_axis',(0.903074732286667,0.,0.429483443109703));
#14868=DIRECTION('ref_axis',(0.429483443109703,0.,-0.903074732286667));
#14869=DIRECTION('',(0.,-1.,0.));
#14870=DIRECTION('center_axis',(0.930278443358131,0.,0.366854218761584));
#14871=DIRECTION('ref_axis',(0.366854218761584,0.,-0.930278443358131));
#14872=DIRECTION('',(0.,-1.,0.));
#14873=DIRECTION('center_axis',(0.953144766799699,0.,0.302514550926642));
#14874=DIRECTION('ref_axis',(0.302514550926642,0.,-0.953144766799699));
#14875=DIRECTION('',(0.,-1.,0.));
#14876=DIRECTION('center_axis',(0.971567089400264,0.,0.236764420456914));
#14877=DIRECTION('ref_axis',(0.236764420456914,0.,-0.971567089400265));
#14878=DIRECTION('',(0.,-1.,0.));
#14879=DIRECTION('center_axis',(0.985459517723724,0.,0.169910384990811));
#14880=DIRECTION('ref_axis',(0.169910384990811,0.,-0.985459517723724));
#14881=DIRECTION('',(0.,-1.,0.));
#14882=DIRECTION('center_axis',(0.994757278863725,0.,0.102264148887264));
#14883=DIRECTION('ref_axis',(0.102264148887264,0.,-0.994757278863725));
#14884=DIRECTION('',(0.,-1.,0.));
#14885=DIRECTION('center_axis',(0.999417022365918,0.,0.0341411101934758));
#14886=DIRECTION('ref_axis',(0.0341411101934758,0.,-0.999417022365918));
#14887=DIRECTION('',(0.,-1.,0.));
#14888=DIRECTION('center_axis',(1.,0.,0.));
#14889=DIRECTION('ref_axis',(0.,0.,-1.));
#14890=DIRECTION('',(0.,-1.,0.));
#14891=DIRECTION('center_axis',(0.999417022365934,0.,-0.0341411101929838));
#14892=DIRECTION('ref_axis',(-0.0341411101929838,0.,-0.999417022365934));
#14893=DIRECTION('',(0.,-1.,0.));
#14894=DIRECTION('center_axis',(0.994757278863575,0.,-0.102264148888729));
#14895=DIRECTION('ref_axis',(-0.102264148888729,0.,-0.994757278863575));
#14896=DIRECTION('',(0.,-1.,0.));
#14897=DIRECTION('center_axis',(0.985459517723724,0.,-0.169910384990813));
#14898=DIRECTION('ref_axis',(-0.169910384990813,0.,-0.985459517723723));
#14899=DIRECTION('',(0.,-1.,0.));
#14900=DIRECTION('center_axis',(0.971567089401074,0.,-0.236764420453594));
#14901=DIRECTION('ref_axis',(-0.236764420453594,0.,-0.971567089401074));
#14902=DIRECTION('',(0.,-1.,0.));
#14903=DIRECTION('center_axis',(0.953144766799697,0.,-0.302514550926647));
#14904=DIRECTION('ref_axis',(-0.302514550926647,0.,-0.953144766799697));
#14905=DIRECTION('',(0.,-1.,0.));
#14906=DIRECTION('center_axis',(0.930278443358131,0.,-0.366854218761584));
#14907=DIRECTION('ref_axis',(-0.366854218761584,0.,-0.930278443358131));
#14908=DIRECTION('',(0.,-1.,0.));
#14909=DIRECTION('center_axis',(0.903074732286664,0.,-0.429483443109709));
#14910=DIRECTION('ref_axis',(-0.429483443109709,0.,-0.903074732286664));
#14911=DIRECTION('',(0.,-1.,0.));
#14912=DIRECTION('center_axis',(0.871660470035005,0.,-0.490110217174009));
#14913=DIRECTION('ref_axis',(-0.490110217174009,0.,-0.871660470035005));
#14914=DIRECTION('',(0.,-1.,0.));
#14915=DIRECTION('center_axis',(0.836182124243679,0.,-0.548451871266137));
#14916=DIRECTION('ref_axis',(-0.548451871266137,0.,-0.83618212424368));
#14917=DIRECTION('',(0.,-1.,0.));
#14918=DIRECTION('center_axis',(0.796805111419416,0.,-0.604236389516464));
#14919=DIRECTION('ref_axis',(-0.604236389516464,0.,-0.796805111419416));
#14920=DIRECTION('',(0.,-1.,0.));
#14921=DIRECTION('center_axis',(0.753713025367543,0.,-0.65720367877189));
#14922=DIRECTION('ref_axis',(-0.65720367877189,0.,-0.753713025367543));
#14923=DIRECTION('',(0.,-1.,0.));
#14924=DIRECTION('center_axis',(0.707106781172217,0.,-0.707106781200878));
#14925=DIRECTION('ref_axis',(-0.707106781200878,0.,-0.707106781172217));
#14926=DIRECTION('',(0.,-1.,0.));
#14927=DIRECTION('center_axis',(0.657203678827011,0.,-0.75371302531948));
#14928=DIRECTION('ref_axis',(-0.75371302531948,0.,-0.657203678827011));
#14929=DIRECTION('',(0.,-1.,0.));
#14930=DIRECTION('center_axis',(0.604236389476935,0.,-0.796805111449392));
#14931=DIRECTION('ref_axis',(-0.796805111449392,0.,-0.604236389476935));
#14932=DIRECTION('',(0.,-1.,0.));
#14933=DIRECTION('center_axis',(0.548451871265833,0.,-0.836182124243879));
#14934=DIRECTION('ref_axis',(-0.836182124243879,0.,-0.548451871265833));
#14935=DIRECTION('',(0.,-1.,0.));
#14936=DIRECTION('center_axis',(0.490110217198828,0.,-0.87166047002105));
#14937=DIRECTION('ref_axis',(-0.87166047002105,0.,-0.490110217198828));
#14938=DIRECTION('',(0.,-1.,0.));
#14939=DIRECTION('center_axis',(0.429483443050296,0.,-0.903074732314919));
#14940=DIRECTION('ref_axis',(-0.903074732314919,0.,-0.429483443050296));
#14941=DIRECTION('',(0.,-1.,0.));
#14942=DIRECTION('center_axis',(0.366854218782008,0.,-0.930278443350077));
#14943=DIRECTION('ref_axis',(-0.930278443350077,0.,-0.366854218782008));
#14944=DIRECTION('',(0.,-1.,0.));
#14945=DIRECTION('center_axis',(0.302514550869995,0.,-0.953144766817678));
#14946=DIRECTION('ref_axis',(-0.953144766817678,0.,-0.302514550869995));
#14947=DIRECTION('',(0.,-1.,0.));
#14948=DIRECTION('center_axis',(0.236764420463907,0.,-0.97156708939856));
#14949=DIRECTION('ref_axis',(-0.97156708939856,0.,-0.236764420463907));
#14950=DIRECTION('',(0.,-1.,0.));
#14951=DIRECTION('center_axis',(0.169910385037632,0.,-0.985459517715651));
#14952=DIRECTION('ref_axis',(-0.985459517715651,0.,-0.169910385037632));
#14953=DIRECTION('',(0.,-1.,0.));
#14954=DIRECTION('center_axis',(0.102264148953114,0.,-0.994757278856956));
#14955=DIRECTION('ref_axis',(-0.994757278856956,0.,-0.102264148953114));
#14956=DIRECTION('',(0.,-1.,0.));
#14957=DIRECTION('center_axis',(0.034141110177702,0.,-0.999417022366456));
#14958=DIRECTION('ref_axis',(-0.999417022366456,0.,-0.034141110177702));
#14959=DIRECTION('',(0.,-1.,0.));
#14960=DIRECTION('center_axis',(0.,0.,-1.));
#14961=DIRECTION('ref_axis',(-1.,0.,0.));
#14962=DIRECTION('',(0.,-1.,0.));
#14963=DIRECTION('center_axis',(-0.0341411101777107,0.,-0.999417022366456));
#14964=DIRECTION('ref_axis',(-0.999417022366456,0.,0.0341411101777107));
#14965=DIRECTION('',(0.,-1.,0.));
#14966=DIRECTION('center_axis',(-0.102264148953114,0.,-0.994757278856956));
#14967=DIRECTION('ref_axis',(-0.994757278856956,0.,0.102264148953114));
#14968=DIRECTION('',(0.,-1.,0.));
#14969=DIRECTION('center_axis',(-0.169910385037632,0.,-0.985459517715651));
#14970=DIRECTION('ref_axis',(-0.985459517715651,0.,0.169910385037632));
#14971=DIRECTION('',(0.,-1.,0.));
#14972=DIRECTION('center_axis',(-0.236764420463966,0.,-0.971567089398546));
#14973=DIRECTION('ref_axis',(-0.971567089398546,0.,0.236764420463966));
#14974=DIRECTION('',(0.,-1.,0.));
#14975=DIRECTION('center_axis',(-0.302514550869921,0.,-0.953144766817701));
#14976=DIRECTION('ref_axis',(-0.953144766817701,0.,0.302514550869921));
#14977=DIRECTION('',(0.,-1.,0.));
#14978=DIRECTION('center_axis',(-0.366854218831205,0.,-0.930278443330676));
#14979=DIRECTION('ref_axis',(-0.930278443330676,0.,0.366854218831205));
#14980=DIRECTION('',(0.,-1.,0.));
#14981=DIRECTION('center_axis',(-0.429483442994384,0.,-0.90307473234151));
#14982=DIRECTION('ref_axis',(-0.90307473234151,0.,0.429483442994384));
#14983=DIRECTION('',(0.,-1.,0.));
#14984=DIRECTION('center_axis',(-0.490110217198828,0.,-0.87166047002105));
#14985=DIRECTION('ref_axis',(-0.87166047002105,0.,0.490110217198828));
#14986=DIRECTION('',(0.,-1.,0.));
#14987=DIRECTION('center_axis',(-0.548451871265716,0.,-0.836182124243956));
#14988=DIRECTION('ref_axis',(-0.836182124243956,0.,0.548451871265716));
#14989=DIRECTION('',(0.,-1.,0.));
#14990=DIRECTION('center_axis',(-0.604236389477058,0.,-0.796805111449299));
#14991=DIRECTION('ref_axis',(-0.796805111449299,0.,0.604236389477058));
#14992=DIRECTION('',(0.,-1.,0.));
#14993=DIRECTION('center_axis',(-0.657203678827011,0.,-0.75371302531948));
#14994=DIRECTION('ref_axis',(-0.75371302531948,0.,0.657203678827011));
#14995=DIRECTION('',(0.,-1.,0.));
#14996=DIRECTION('center_axis',(-0.707106781172089,0.,-0.707106781201006));
#14997=DIRECTION('ref_axis',(-0.707106781201006,0.,0.707106781172089));
#14998=DIRECTION('',(0.,-1.,0.));
#14999=DIRECTION('center_axis',(-0.75371302536767,0.,-0.657203678771744));
#15000=DIRECTION('ref_axis',(-0.657203678771744,0.,0.75371302536767));
#15001=DIRECTION('',(0.,-1.,0.));
#15002=DIRECTION('center_axis',(-0.796805111419416,0.,-0.604236389516464));
#15003=DIRECTION('ref_axis',(-0.604236389516464,0.,0.796805111419416));
#15004=DIRECTION('',(0.,-1.,0.));
#15005=DIRECTION('center_axis',(-0.836182124243797,0.,-0.548451871265958));
#15006=DIRECTION('ref_axis',(-0.548451871265958,0.,0.836182124243797));
#15007=DIRECTION('',(0.,-1.,0.));
#15008=DIRECTION('center_axis',(-0.871660470034895,0.,-0.490110217174204));
#15009=DIRECTION('ref_axis',(-0.490110217174204,0.,0.871660470034895));
#15010=DIRECTION('',(0.,-1.,0.));
#15011=DIRECTION('center_axis',(-0.903074732286564,0.,-0.429483443109918));
#15012=DIRECTION('ref_axis',(-0.429483443109918,0.,0.903074732286564));
#15013=DIRECTION('',(0.,-1.,0.));
#15014=DIRECTION('center_axis',(-0.930278443358131,0.,-0.366854218761584));
#15015=DIRECTION('ref_axis',(-0.366854218761584,0.,0.930278443358131));
#15016=DIRECTION('',(0.,-1.,0.));
#15017=DIRECTION('center_axis',(-0.953144766799771,0.,-0.302514550926414));
#15018=DIRECTION('ref_axis',(-0.302514550926414,0.,0.953144766799771));
#15019=DIRECTION('',(0.,-1.,0.));
#15020=DIRECTION('center_axis',(-0.971567089401074,0.,-0.236764420453594));
#15021=DIRECTION('ref_axis',(-0.236764420453594,0.,0.971567089401074));
#15022=DIRECTION('',(0.,-1.,0.));
#15023=DIRECTION('center_axis',(-0.985459517723724,0.,-0.169910384990813));
#15024=DIRECTION('ref_axis',(-0.169910384990813,0.,0.985459517723723));
#15025=DIRECTION('',(0.,-1.,0.));
#15026=DIRECTION('center_axis',(-0.994757278863575,0.,-0.102264148888729));
#15027=DIRECTION('ref_axis',(-0.102264148888729,0.,0.994757278863575));
#15028=DIRECTION('',(0.,-1.,0.));
#15029=DIRECTION('center_axis',(-0.999417022365926,0.,-0.0341411101932396));
#15030=DIRECTION('ref_axis',(-0.0341411101932396,0.,0.999417022365926));
#15031=DIRECTION('',(0.,-1.,0.));
#15032=DIRECTION('center_axis',(-1.,0.,0.));
#15033=DIRECTION('ref_axis',(0.,0.,1.));
#15034=DIRECTION('center_axis',(0.,0.,-1.));
#15035=DIRECTION('ref_axis',(-1.,0.,0.));
#15036=DIRECTION('center_axis',(0.,0.,1.));
#15037=DIRECTION('ref_axis',(0.829113924050608,-0.55907969105075,0.));
#15038=DIRECTION('center_axis',(0.,0.,1.));
#15039=DIRECTION('ref_axis',(0.829113924050721,-0.559079691050583,0.));
#15040=DIRECTION('center_axis',(0.,0.,1.));
#15041=DIRECTION('ref_axis',(0.829113924050676,-0.55907969105065,0.));
#15042=DIRECTION('center_axis',(0.,0.,1.));
#15043=DIRECTION('ref_axis',(0.829113924050794,-0.559079691050475,0.));
#15044=DIRECTION('center_axis',(0.,0.,-1.));
#15045=DIRECTION('ref_axis',(-1.,-5.52199693172659E-13,0.));
#15046=DIRECTION('center_axis',(4.13102881329796E-17,1.47486432455473E-15,
1.));
#15047=DIRECTION('ref_axis',(0.829113924050608,-0.55907969105075,8.31626043934087E-16));
#15048=DIRECTION('',(0.,0.,1.));
#15049=DIRECTION('center_axis',(0.,0.,-1.));
#15050=DIRECTION('ref_axis',(-1.,-5.52199693171946E-13,0.));
#15051=DIRECTION('center_axis',(4.13102881329963E-17,1.47486432455474E-15,
1.));
#15052=DIRECTION('ref_axis',(0.829113924050721,-0.559079691050583,8.31626043934333E-16));
#15053=DIRECTION('',(0.,0.,1.));
#15054=DIRECTION('center_axis',(0.,0.,-1.));
#15055=DIRECTION('ref_axis',(-1.,-5.55526197348597E-13,0.));
#15056=DIRECTION('center_axis',(4.13102881240036E-17,1.47486432453276E-15,
1.));
#15057=DIRECTION('ref_axis',(0.829113924050676,-0.55907969105065,8.31626043933741E-16));
#15058=DIRECTION('',(0.,0.,1.));
#15059=DIRECTION('center_axis',(0.,0.,-1.));
#15060=DIRECTION('ref_axis',(-1.,-5.52199693172144E-13,0.));
#15061=DIRECTION('center_axis',(4.13102881240203E-17,1.47486432453276E-15,
1.));
#15062=DIRECTION('ref_axis',(0.829113924050794,-0.559079691050475,8.31626043933979E-16));
#15063=DIRECTION('',(0.,0.,1.));
#15064=DIRECTION('center_axis',(0.,0.,1.));
#15065=DIRECTION('ref_axis',(1.,0.,0.));
#15066=DIRECTION('center_axis',(7.87846209574002E-17,2.81277696184537E-15,
1.));
#15067=DIRECTION('ref_axis',(0.829113924050883,-0.559079691050343,1.58602966950072E-15));
#15068=DIRECTION('center_axis',(0.,0.,1.));
#15069=DIRECTION('ref_axis',(1.,0.,0.));
#15070=DIRECTION('center_axis',(7.8784620957446E-17,2.81277696184537E-15,
1.));
#15071=DIRECTION('ref_axis',(0.829113924050867,-0.559079691050366,1.58602966950154E-15));
#15072=DIRECTION('center_axis',(0.,0.,1.));
#15073=DIRECTION('ref_axis',(1.,0.,0.));
#15074=DIRECTION('center_axis',(7.87846209247433E-17,2.81277696178852E-15,
1.));
#15075=DIRECTION('ref_axis',(0.829113924050815,-0.559079691050444,1.58602966950136E-15));
#15076=DIRECTION('center_axis',(0.,0.,1.));
#15077=DIRECTION('ref_axis',(1.,0.,0.));
#15078=DIRECTION('center_axis',(7.8784620924789E-17,2.81277696178851E-15,
1.));
#15079=DIRECTION('ref_axis',(0.829113924050799,-0.559079691050467,1.58602966950218E-15));
#15080=DIRECTION('center_axis',(0.,0.,-1.));
#15081=DIRECTION('ref_axis',(-1.,-5.45594206304246E-13,0.));
#15082=DIRECTION('center_axis',(0.,0.,1.));
#15083=DIRECTION('ref_axis',(0.829113924050883,-0.559079691050343,0.));
#15084=DIRECTION('',(0.,0.,-1.));
#15085=DIRECTION('center_axis',(0.,0.,-1.));
#15086=DIRECTION('ref_axis',(-1.,-5.582824436603E-13,0.));
#15087=DIRECTION('center_axis',(0.,0.,1.));
#15088=DIRECTION('ref_axis',(0.829113924050867,-0.559079691050366,0.));
#15089=DIRECTION('',(0.,0.,-1.));
#15090=DIRECTION('center_axis',(0.,0.,-1.));
#15091=DIRECTION('ref_axis',(-1.,-5.4559420630869E-13,0.));
#15092=DIRECTION('center_axis',(0.,0.,1.));
#15093=DIRECTION('ref_axis',(0.829113924050815,-0.559079691050444,0.));
#15094=DIRECTION('',(0.,0.,-1.));
#15095=DIRECTION('center_axis',(0.,0.,-1.));
#15096=DIRECTION('ref_axis',(-1.,-5.51938324986845E-13,0.));
#15097=DIRECTION('center_axis',(0.,0.,1.));
#15098=DIRECTION('ref_axis',(0.829113924050799,-0.559079691050467,0.));
#15099=DIRECTION('',(0.,0.,-1.));
#15100=DIRECTION('center_axis',(0.,0.,1.));
#15101=DIRECTION('ref_axis',(1.,0.,0.));
#15102=DIRECTION('center_axis',(0.,0.,1.));
#15103=DIRECTION('ref_axis',(1.,0.,0.));
#15104=DIRECTION('center_axis',(0.,0.,1.));
#15105=DIRECTION('ref_axis',(1.,0.,0.));
#15106=DIRECTION('center_axis',(0.,0.,1.));
#15107=DIRECTION('ref_axis',(1.,0.,0.));
#15108=DIRECTION('center_axis',(-0.0341411101294348,-0.999417022368105,
0.));
#15109=DIRECTION('ref_axis',(0.,0.,-1.));
#15110=DIRECTION('',(0.,0.,1.));
#15111=DIRECTION('',(-0.999417022368105,0.0341411101294348,0.));
#15112=DIRECTION('',(0.,0.,1.));
#15113=DIRECTION('',(-0.999417022368105,0.0341411101294348,0.));
#15114=DIRECTION('center_axis',(0.,-1.,0.));
#15115=DIRECTION('ref_axis',(0.,0.,-1.));
#15116=DIRECTION('',(0.,0.,1.));
#15117=DIRECTION('',(-1.,0.,0.));
#15118=DIRECTION('',(-1.,0.,0.));
#15119=DIRECTION('center_axis',(-0.102264149093739,-0.994757278842499,0.));
#15120=DIRECTION('ref_axis',(0.,0.,-1.));
#15121=DIRECTION('',(-0.994757278842499,0.102264149093739,0.));
#15122=DIRECTION('',(0.,0.,1.));
#15123=DIRECTION('',(-0.994757278842499,0.102264149093739,0.));
#15124=DIRECTION('center_axis',(0.,0.,-1.));
#15125=DIRECTION('ref_axis',(-1.,0.,0.));
#15126=DIRECTION('',(-0.985459517718291,0.16991038502232,0.));
#15127=DIRECTION('',(-0.971567089397189,0.236764420469533,0.));
#15128=DIRECTION('',(-0.953144766804022,0.302514550913019,0.));
#15129=DIRECTION('',(-0.930278443358054,0.36685421876178,0.));
#15130=DIRECTION('',(-0.9030747323564,0.429483442963075,0.));
#15131=DIRECTION('',(-0.871660470034606,0.490110217174718,0.));
#15132=DIRECTION('',(-0.836182124227404,0.548451871290952,0.));
#15133=DIRECTION('',(-0.796805111374225,0.604236389576057,0.));
#15134=DIRECTION('',(-0.753713025393045,0.657203678742642,0.));
#15135=DIRECTION('',(-0.707106781223692,0.707106781149403,0.));
#15136=DIRECTION('',(-0.657203678715539,0.753713025416679,0.));
#15137=DIRECTION('',(-0.604236389542964,0.796805111399321,0.));
#15138=DIRECTION('',(-0.54845187130375,0.836182124219009,0.));
#15139=DIRECTION('',(-0.490110217202755,0.871660470018842,0.));
#15140=DIRECTION('',(-0.429483443010903,0.903074732333654,0.));
#15141=DIRECTION('',(-0.366854218785307,0.930278443348776,0.));
#15142=DIRECTION('',(-0.302514550875206,0.953144766816024,0.));
#15143=DIRECTION('',(-0.23676442049251,0.97156708939159,0.));
#15144=DIRECTION('',(-0.169910384996858,0.985459517722681,0.));
#15145=DIRECTION('',(-0.10226414896295,0.994757278855945,0.));
#15146=DIRECTION('',(-0.0341411101849844,0.999417022366208,0.));
#15147=DIRECTION('',(0.,1.,0.));
#15148=DIRECTION('',(0.0341411101858565,0.999417022366178,0.));
#15149=DIRECTION('',(0.102264148942096,0.994757278858089,0.));
#15150=DIRECTION('',(0.169910385026888,0.985459517717504,0.));
#15151=DIRECTION('',(0.236764420468945,0.971567089397333,0.));
#15152=DIRECTION('',(0.302514550875219,0.95314476681602,0.));
#15153=DIRECTION('',(0.366854218820276,0.930278443334986,0.));
#15154=DIRECTION('',(0.429483443030765,0.903074732324208,0.));
#15155=DIRECTION('',(0.49011021716991,0.87166047003731,0.));
#15156=DIRECTION('',(0.548451871256769,0.836182124249824,0.));
#15157=DIRECTION('',(0.604236389518253,0.796805111418059,0.));
#15158=DIRECTION('',(0.657203678817096,0.753713025328125,0.));
#15159=DIRECTION('',(0.707106781185273,0.707106781187822,0.));
#15160=DIRECTION('',(0.753713025329572,0.657203678815436,0.));
#15161=DIRECTION('',(0.796805111411231,0.604236389527258,0.));
#15162=DIRECTION('',(0.836182124262653,0.54845187123721,0.));
#15163=DIRECTION('',(0.871660470034606,0.490110217174718,0.));
#15164=DIRECTION('',(0.903074732316666,0.429483443046622,0.));
#15165=DIRECTION('',(0.930278443340562,0.366854218806138,0.));
#15166=DIRECTION('',(0.953144766811418,0.302514550889716,0.));
#15167=DIRECTION('',(0.971567089403074,0.236764420445385,0.));
#15168=DIRECTION('',(0.985459517713996,0.16991038504723,0.));
#15169=DIRECTION('',(0.994757278858142,0.10226414894158,0.));
#15170=DIRECTION('',(0.999417022366356,0.0341411101806537,0.));
#15171=DIRECTION('',(1.,0.,0.));
#15172=DIRECTION('',(0.999417022366353,-0.0341411101807407,0.));
#15173=DIRECTION('',(0.994757278858088,-0.102264148942098,0.));
#15174=DIRECTION('',(0.985459517714068,-0.169910385046811,0.));
#15175=DIRECTION('',(0.971567089404082,-0.236764420441249,0.));
#15176=DIRECTION('',(0.953144766810719,-0.302514550891921,0.));
#15177=DIRECTION('',(0.93027844334194,-0.366854218802642,0.));
#15178=DIRECTION('',(0.903074732315239,-0.429483443049623,0.));
#15179=DIRECTION('',(0.871660470033382,-0.490110217176896,0.));
#15180=DIRECTION('',(0.836182124265733,-0.548451871232513,0.));
#15181=DIRECTION('',(0.796805111403752,-0.60423638953712,0.));
#15182=DIRECTION('',(0.753713025330673,-0.657203678814174,0.));
#15183=DIRECTION('',(0.707106781186548,-0.707106781186548,0.));
#15184=DIRECTION('',(0.657203678814148,-0.753713025330696,0.));
#15185=DIRECTION('',(0.604236389524843,-0.796805111413062,0.));
#15186=DIRECTION('',(0.548451871262116,-0.836182124246317,0.));
#15187=DIRECTION('',(0.490110217166036,-0.871660470039488,0.));
#15188=DIRECTION('',(0.429483443028687,-0.903074732325196,0.));
#15189=DIRECTION('',(0.366854218811373,-0.930278443338497,0.));
#15190=DIRECTION('',(0.302514550884524,-0.953144766813066,0.));
#15191=DIRECTION('',(0.236764420471351,-0.971567089396746,0.));
#15192=DIRECTION('',(0.169910385021937,-0.985459517718357,0.));
#15193=DIRECTION('',(0.102264148942096,-0.994757278858089,0.));
#15194=DIRECTION('',(0.0341411101807642,-0.999417022366352,0.));
#15195=DIRECTION('',(0.,-1.,0.));
#15196=DIRECTION('',(-0.0341411101798921,-0.999417022366382,0.));
#15197=DIRECTION('',(-0.10226414896295,-0.994757278855945,0.));
#15198=DIRECTION('',(-0.169910384991907,-0.985459517723535,0.));
#15199=DIRECTION('',(-0.236764420494916,-0.971567089391004,0.));
#15200=DIRECTION('',(-0.302514550884511,-0.953144766813071,0.));
#15201=DIRECTION('',(-0.366854218776404,-0.930278443352287,0.));
#15202=DIRECTION('',(-0.429483443008824,-0.903074732334642,0.));
#15203=DIRECTION('',(-0.490110217198881,-0.87166047002102,0.));
#15204=DIRECTION('',(-0.548451871309098,-0.836182124215502,0.));
#15205=DIRECTION('',(-0.604236389549553,-0.796805111394324,0.));
#15206=DIRECTION('',(-0.657203678712591,-0.753713025419249,0.));
#15207=DIRECTION('',(-0.707106781224967,-0.707106781148128,0.));
#15208=DIRECTION('',(-0.753713025394147,-0.65720367874138,0.));
#15209=DIRECTION('',(-0.796805111366747,-0.604236389585919,0.));
#15210=DIRECTION('',(-0.836182124230485,-0.548451871286255,0.));
#15211=DIRECTION('',(-0.871660470033382,-0.490110217176896,0.));
#15212=DIRECTION('',(-0.903074732354972,-0.429483442966076,0.));
#15213=DIRECTION('',(-0.930278443359432,-0.366854218758285,0.));
#15214=DIRECTION('',(-0.953144766803322,-0.302514550915224,0.));
#15215=DIRECTION('',(-0.971567089398197,-0.236764420465397,0.));
#15216=DIRECTION('',(-0.985459517718363,-0.169910385021901,0.));
#15217=DIRECTION('',(-0.994757278842446,-0.102264149094258,0.));
#15218=DIRECTION('',(-0.999417022368102,-0.0341411101295218,0.));
#15219=DIRECTION('center_axis',(0.,0.,1.));
#15220=DIRECTION('ref_axis',(0.829113924050655,-0.559079691050681,0.));
#15221=DIRECTION('center_axis',(0.,0.,1.));
#15222=DIRECTION('ref_axis',(0.829113924050758,-0.559079691050528,0.));
#15223=DIRECTION('center_axis',(0.,0.,1.));
#15224=DIRECTION('ref_axis',(0.829113924050626,-0.559079691050723,0.));
#15225=DIRECTION('center_axis',(0.,0.,1.));
#15226=DIRECTION('ref_axis',(0.829113924050733,-0.559079691050566,0.));
#15227=DIRECTION('center_axis',(0.,0.,-1.));
#15228=DIRECTION('ref_axis',(-1.,0.,0.));
#15229=DIRECTION('',(-0.999417022368102,-0.0341411101295218,0.));
#15230=DIRECTION('',(-0.994757278842446,-0.102264149094258,0.));
#15231=DIRECTION('',(-0.985459517718363,-0.169910385021901,0.));
#15232=DIRECTION('',(-0.971567089398197,-0.236764420465397,0.));
#15233=DIRECTION('',(-0.953144766803322,-0.302514550915224,0.));
#15234=DIRECTION('',(-0.930278443359432,-0.366854218758285,0.));
#15235=DIRECTION('',(-0.903074732354972,-0.429483442966076,0.));
#15236=DIRECTION('',(-0.871660470033382,-0.490110217176896,0.));
#15237=DIRECTION('',(-0.836182124230485,-0.548451871286255,0.));
#15238=DIRECTION('',(-0.796805111366747,-0.604236389585919,0.));
#15239=DIRECTION('',(-0.753713025394147,-0.65720367874138,0.));
#15240=DIRECTION('',(-0.707106781224967,-0.707106781148128,0.));
#15241=DIRECTION('',(-0.657203678712591,-0.753713025419249,0.));
#15242=DIRECTION('',(-0.604236389549553,-0.796805111394324,0.));
#15243=DIRECTION('',(-0.548451871309098,-0.836182124215502,0.));
#15244=DIRECTION('',(-0.490110217198881,-0.87166047002102,0.));
#15245=DIRECTION('',(-0.429483443008824,-0.903074732334642,0.));
#15246=DIRECTION('',(-0.366854218776404,-0.930278443352287,0.));
#15247=DIRECTION('',(-0.302514550884511,-0.953144766813071,0.));
#15248=DIRECTION('',(-0.236764420494916,-0.971567089391004,0.));
#15249=DIRECTION('',(-0.169910384991907,-0.985459517723535,0.));
#15250=DIRECTION('',(-0.10226414896295,-0.994757278855945,0.));
#15251=DIRECTION('',(-0.0341411101798921,-0.999417022366382,0.));
#15252=DIRECTION('',(0.,-1.,0.));
#15253=DIRECTION('',(0.0341411101807642,-0.999417022366352,0.));
#15254=DIRECTION('',(0.102264148942096,-0.994757278858089,0.));
#15255=DIRECTION('',(0.169910385021937,-0.985459517718357,0.));
#15256=DIRECTION('',(0.236764420471351,-0.971567089396746,0.));
#15257=DIRECTION('',(0.302514550884524,-0.953144766813066,0.));
#15258=DIRECTION('',(0.366854218811373,-0.930278443338497,0.));
#15259=DIRECTION('',(0.429483443028687,-0.903074732325196,0.));
#15260=DIRECTION('',(0.490110217166036,-0.871660470039488,0.));
#15261=DIRECTION('',(0.548451871262116,-0.836182124246317,0.));
#15262=DIRECTION('',(0.604236389524843,-0.796805111413062,0.));
#15263=DIRECTION('',(0.657203678814148,-0.753713025330696,0.));
#15264=DIRECTION('',(0.707106781186548,-0.707106781186548,0.));
#15265=DIRECTION('',(0.753713025330673,-0.657203678814174,0.));
#15266=DIRECTION('',(0.796805111403752,-0.60423638953712,0.));
#15267=DIRECTION('',(0.836182124265733,-0.548451871232513,0.));
#15268=DIRECTION('',(0.871660470033382,-0.490110217176896,0.));
#15269=DIRECTION('',(0.903074732315239,-0.429483443049623,0.));
#15270=DIRECTION('',(0.93027844334194,-0.366854218802642,0.));
#15271=DIRECTION('',(0.953144766810719,-0.302514550891921,0.));
#15272=DIRECTION('',(0.971567089404082,-0.236764420441249,0.));
#15273=DIRECTION('',(0.985459517714068,-0.169910385046811,0.));
#15274=DIRECTION('',(0.994757278858088,-0.102264148942098,0.));
#15275=DIRECTION('',(0.999417022366353,-0.0341411101807407,0.));
#15276=DIRECTION('',(1.,0.,0.));
#15277=DIRECTION('',(0.999417022366356,0.0341411101806537,0.));
#15278=DIRECTION('',(0.994757278858142,0.10226414894158,0.));
#15279=DIRECTION('',(0.985459517713996,0.16991038504723,0.));
#15280=DIRECTION('',(0.971567089403074,0.236764420445385,0.));
#15281=DIRECTION('',(0.953144766811418,0.302514550889716,0.));
#15282=DIRECTION('',(0.930278443340562,0.366854218806138,0.));
#15283=DIRECTION('',(0.903074732316666,0.429483443046622,0.));
#15284=DIRECTION('',(0.871660470034606,0.490110217174718,0.));
#15285=DIRECTION('',(0.836182124262653,0.54845187123721,0.));
#15286=DIRECTION('',(0.796805111411231,0.604236389527258,0.));
#15287=DIRECTION('',(0.753713025329572,0.657203678815436,0.));
#15288=DIRECTION('',(0.707106781185273,0.707106781187822,0.));
#15289=DIRECTION('',(0.657203678817096,0.753713025328125,0.));
#15290=DIRECTION('',(0.604236389518253,0.796805111418059,0.));
#15291=DIRECTION('',(0.548451871256769,0.836182124249824,0.));
#15292=DIRECTION('',(0.49011021716991,0.87166047003731,0.));
#15293=DIRECTION('',(0.429483443030765,0.903074732324208,0.));
#15294=DIRECTION('',(0.366854218820276,0.930278443334986,0.));
#15295=DIRECTION('',(0.302514550875219,0.95314476681602,0.));
#15296=DIRECTION('',(0.236764420468945,0.971567089397333,0.));
#15297=DIRECTION('',(0.169910385026888,0.985459517717504,0.));
#15298=DIRECTION('',(0.102264148942096,0.994757278858089,0.));
#15299=DIRECTION('',(0.0341411101858565,0.999417022366178,0.));
#15300=DIRECTION('',(0.,1.,0.));
#15301=DIRECTION('',(-0.0341411101849844,0.999417022366208,0.));
#15302=DIRECTION('',(-0.10226414896295,0.994757278855945,0.));
#15303=DIRECTION('',(-0.169910384996858,0.985459517722681,0.));
#15304=DIRECTION('',(-0.23676442049251,0.97156708939159,0.));
#15305=DIRECTION('',(-0.302514550875206,0.953144766816024,0.));
#15306=DIRECTION('',(-0.366854218785307,0.930278443348776,0.));
#15307=DIRECTION('',(-0.429483443010903,0.903074732333654,0.));
#15308=DIRECTION('',(-0.490110217202755,0.871660470018842,0.));
#15309=DIRECTION('',(-0.54845187130375,0.836182124219009,0.));
#15310=DIRECTION('',(-0.604236389542964,0.796805111399321,0.));
#15311=DIRECTION('',(-0.657203678715539,0.753713025416679,0.));
#15312=DIRECTION('',(-0.707106781223692,0.707106781149403,0.));
#15313=DIRECTION('',(-0.753713025393045,0.657203678742642,0.));
#15314=DIRECTION('',(-0.796805111374225,0.604236389576057,0.));
#15315=DIRECTION('',(-0.836182124227404,0.548451871290952,0.));
#15316=DIRECTION('',(-0.871660470034606,0.490110217174718,0.));
#15317=DIRECTION('',(-0.9030747323564,0.429483442963075,0.));
#15318=DIRECTION('',(-0.930278443358054,0.36685421876178,0.));
#15319=DIRECTION('',(-0.953144766804022,0.302514550913019,0.));
#15320=DIRECTION('',(-0.971567089397189,0.236764420469533,0.));
#15321=DIRECTION('',(-0.985459517718291,0.16991038502232,0.));
#15322=DIRECTION('',(0.0341411101839828,0.999417022366242,0.));
#15323=DIRECTION('',(0.102264148944325,0.994757278857859,0.));
#15324=DIRECTION('',(0.169910385025702,0.985459517717708,0.));
#15325=DIRECTION('',(0.23676442046759,0.971567089397663,0.));
#15326=DIRECTION('',(0.302514550876453,0.953144766815628,0.));
#15327=DIRECTION('',(0.36685421881809,0.930278443335848,0.));
#15328=DIRECTION('',(0.429483443036719,0.903074732321376,0.));
#15329=DIRECTION('',(0.49011021717135,0.8716604700365,0.));
#15330=DIRECTION('',(0.548451871253956,0.83618212425167,0.));
#15331=DIRECTION('',(0.604236389509978,0.796805111424334,0.));
#15332=DIRECTION('',(0.6572036788248,0.753713025321408,0.));
#15333=DIRECTION('',(0.707106781184856,0.707106781188239,0.));
#15334=DIRECTION('',(0.753713025335378,0.657203678808779,0.));
#15335=DIRECTION('',(0.796805111414483,0.604236389522969,0.));
#15336=DIRECTION('',(0.836182124256264,0.54845187124695,0.));
#15337=DIRECTION('',(0.871660470026051,0.490110217189934,0.));
#15338=DIRECTION('',(0.903074732327792,0.429483443023229,0.));
#15339=DIRECTION('',(0.930278443333964,0.366854218822868,0.));
#15340=DIRECTION('',(0.953144766819296,0.302514550864897,0.));
#15341=DIRECTION('',(0.971567089395318,0.236764420477214,0.));
#15342=DIRECTION('',(0.985459517716558,0.169910385032371,0.));
#15343=DIRECTION('',(0.994757278858959,0.102264148933624,0.));
#15344=DIRECTION('',(0.999417022366378,0.034141110179999,0.));
#15345=DIRECTION('',(1.,0.,0.));
#15346=DIRECTION('',(0.999417022366398,-0.0341411101794249,0.));
#15347=DIRECTION('',(0.99475727885889,-0.1022641489343,0.));
#15348=DIRECTION('',(0.985459517716169,-0.169910385034627,0.));
#15349=DIRECTION('',(0.971567089396449,-0.236764420472573,0.));
#15350=DIRECTION('',(0.953144766818364,-0.302514550867832,0.));
#15351=DIRECTION('',(0.930278443335785,-0.36685421881825,0.));
#15352=DIRECTION('',(0.903074732325318,-0.42948344302843,0.));
#15353=DIRECTION('',(0.871660470029272,-0.490110217184204,0.));
#15354=DIRECTION('',(0.836182124253221,-0.54845187125159,0.));
#15355=DIRECTION('',(0.796805111412013,-0.604236389526226,0.));
#15356=DIRECTION('',(0.753713025342696,-0.657203678800386,0.));
#15357=DIRECTION('',(0.707106781169678,-0.707106781203417,0.));
#15358=DIRECTION('',(0.657203678836296,-0.753713025311384,0.));
#15359=DIRECTION('',(0.604236389509978,-0.796805111424334,0.));
#15360=DIRECTION('',(0.548451871251611,-0.836182124253207,0.));
#15361=DIRECTION('',(0.490110217184133,-0.871660470029312,0.));
#15362=DIRECTION('',(0.429483443028418,-0.903074732325324,0.));
#15363=DIRECTION('',(0.366854218800628,-0.930278443342734,0.));
#15364=DIRECTION('',(0.302514550888746,-0.953144766811726,0.));
#15365=DIRECTION('',(0.236764420480363,-0.97156708939455,0.));
#15366=DIRECTION('',(0.169910384996165,-0.985459517722801,0.));
#15367=DIRECTION('',(0.102264148967668,-0.99475727885546,0.));
#15368=DIRECTION('',(0.0341411101806339,-0.999417022366356,0.));
#15369=DIRECTION('',(0.,-1.,0.));
#15370=DIRECTION('',(-0.0341411101852356,-0.999417022366199,0.));
#15371=DIRECTION('',(-0.102264148967662,-0.99475727885546,0.));
#15372=DIRECTION('',(-0.16991038499618,-0.985459517722798,0.));
#15373=DIRECTION('',(-0.236764420503618,-0.971567089388883,0.));
#15374=DIRECTION('',(-0.302514550888746,-0.953144766811726,0.));
#15375=DIRECTION('',(-0.366854218800628,-0.930278443342734,0.));
#15376=DIRECTION('',(-0.429483442963036,-0.903074732356419,0.));
#15377=DIRECTION('',(-0.490110217169732,-0.87166047003741,0.));
#15378=DIRECTION('',(-0.548451871205289,-0.83618212428359,0.));
#15379=DIRECTION('',(-0.604236389509949,-0.796805111424356,0.));
#15380=DIRECTION('',(-0.657203678852993,-0.753713025296825,0.));
#15381=DIRECTION('',(-0.707106781237051,-0.707106781136045,0.));
#15382=DIRECTION('',(-0.753713025275936,-0.657203678876949,0.));
#15383=DIRECTION('',(-0.796805111428228,-0.604236389504844,0.));
#15384=DIRECTION('',(-0.836182124330529,-0.548451871133724,0.));
#15385=DIRECTION('',(-0.871660470058074,-0.490110217132981,0.));
#15386=DIRECTION('',(-0.903074732312256,-0.429483443055897,0.));
#15387=DIRECTION('',(-0.930278443289759,-0.366854218934964,0.));
#15388=DIRECTION('',(-0.953144766769758,-0.302514551020978,0.));
#15389=DIRECTION('',(-0.971567089458481,-0.236764420218021,0.));
#15390=DIRECTION('',(-0.98545951771052,-0.169910385067391,0.));
#15391=DIRECTION('',(-0.994757278852038,-0.102264149000953,0.));
#15392=DIRECTION('',(-0.999417022365245,-0.034141110213154,0.));
#15393=DIRECTION('',(-1.,0.,0.));
#15394=DIRECTION('',(-0.999417022365226,0.034141110213728,0.));
#15395=DIRECTION('',(-0.994757278852107,0.102264149000277,0.));
#15396=DIRECTION('',(-0.985459517710909,0.169910385065135,0.));
#15397=DIRECTION('',(-0.97156708945735,0.236764420222663,0.));
#15398=DIRECTION('',(-0.953144766770689,0.302514551018043,0.));
#15399=DIRECTION('',(-0.930278443287938,0.366854218939582,0.));
#15400=DIRECTION('',(-0.90307473231473,0.429483443050695,0.));
#15401=DIRECTION('',(-0.871660470054852,0.490110217138711,0.));
#15402=DIRECTION('',(-0.836182124333573,0.548451871129084,0.));
#15403=DIRECTION('',(-0.796805111430698,0.604236389501587,0.));
#15404=DIRECTION('',(-0.753713025268618,0.657203678885342,0.));
#15405=DIRECTION('',(-0.707106781252228,0.707106781120867,0.));
#15406=DIRECTION('',(-0.657203678841497,0.753713025306849,0.));
#15407=DIRECTION('',(-0.604236389509949,0.796805111424356,0.));
#15408=DIRECTION('',(-0.548451871207634,0.836182124282052,0.));
#15409=DIRECTION('',(-0.490110217156949,0.871660470044597,0.));
#15410=DIRECTION('',(-0.429483442971337,0.903074732352471,0.));
#15411=DIRECTION('',(-0.36685421881809,0.930278443335848,0.));
#15412=DIRECTION('',(-0.302514550876453,0.953144766815628,0.));
#15413=DIRECTION('',(-0.236764420490845,0.971567089391996,0.));
#15414=DIRECTION('',(-0.169910385025717,0.985459517717705,0.));
#15415=DIRECTION('',(-0.102264148944319,0.99475727885786,0.));
#15416=DIRECTION('',(-0.0341411101885846,0.999417022366085,0.));
#15417=DIRECTION('',(0.,1.,0.));
#15418=DIRECTION('center_axis',(0.0341411101295218,-0.999417022368102,0.));
#15419=DIRECTION('ref_axis',(0.,0.,-1.));
#15420=DIRECTION('',(0.,0.,1.));
#15421=DIRECTION('center_axis',(-0.16991038502232,-0.985459517718291,0.));
#15422=DIRECTION('ref_axis',(0.,0.,-1.));
#15423=DIRECTION('',(0.,0.,1.));
#15424=DIRECTION('center_axis',(0.102264149094258,-0.994757278842446,0.));
#15425=DIRECTION('ref_axis',(0.,0.,-1.));
#15426=DIRECTION('',(0.,0.,1.));
#15427=DIRECTION('center_axis',(-0.236764420469533,-0.971567089397189,0.));
#15428=DIRECTION('ref_axis',(0.,0.,-1.));
#15429=DIRECTION('',(0.,0.,1.));
#15430=DIRECTION('center_axis',(0.169910385021901,-0.985459517718363,0.));
#15431=DIRECTION('ref_axis',(0.,0.,-1.));
#15432=DIRECTION('',(0.,0.,1.));
#15433=DIRECTION('center_axis',(-0.302514550913019,-0.953144766804022,0.));
#15434=DIRECTION('ref_axis',(0.,0.,-1.));
#15435=DIRECTION('',(0.,0.,1.));
#15436=DIRECTION('center_axis',(0.236764420465397,-0.971567089398197,0.));
#15437=DIRECTION('ref_axis',(0.,0.,-1.));
#15438=DIRECTION('',(0.,0.,1.));
#15439=DIRECTION('center_axis',(-0.36685421876178,-0.930278443358054,0.));
#15440=DIRECTION('ref_axis',(0.,0.,-1.));
#15441=DIRECTION('',(0.,0.,1.));
#15442=DIRECTION('center_axis',(0.302514550915224,-0.953144766803323,0.));
#15443=DIRECTION('ref_axis',(0.,0.,-1.));
#15444=DIRECTION('',(0.,0.,1.));
#15445=DIRECTION('center_axis',(-0.429483442963075,-0.9030747323564,0.));
#15446=DIRECTION('ref_axis',(0.,0.,-1.));
#15447=DIRECTION('',(0.,0.,1.));
#15448=DIRECTION('center_axis',(0.366854218758285,-0.930278443359432,0.));
#15449=DIRECTION('ref_axis',(0.,0.,-1.));
#15450=DIRECTION('',(0.,0.,1.));
#15451=DIRECTION('center_axis',(-0.490110217174718,-0.871660470034606,0.));
#15452=DIRECTION('ref_axis',(0.,0.,-1.));
#15453=DIRECTION('',(0.,0.,1.));
#15454=DIRECTION('center_axis',(0.429483442966076,-0.903074732354972,0.));
#15455=DIRECTION('ref_axis',(0.,0.,-1.));
#15456=DIRECTION('',(0.,0.,1.));
#15457=DIRECTION('center_axis',(-0.548451871290952,-0.836182124227404,0.));
#15458=DIRECTION('ref_axis',(0.,0.,1.));
#15459=DIRECTION('',(0.,0.,1.));
#15460=DIRECTION('center_axis',(0.490110217176896,-0.871660470033382,0.));
#15461=DIRECTION('ref_axis',(0.,0.,-1.));
#15462=DIRECTION('',(0.,0.,1.));
#15463=DIRECTION('center_axis',(-0.604236389576057,-0.796805111374225,0.));
#15464=DIRECTION('ref_axis',(0.,0.,1.));
#15465=DIRECTION('',(0.,0.,1.));
#15466=DIRECTION('center_axis',(0.548451871286255,-0.836182124230485,0.));
#15467=DIRECTION('ref_axis',(0.,0.,-1.));
#15468=DIRECTION('',(0.,0.,1.));
#15469=DIRECTION('center_axis',(-0.657203678742642,-0.753713025393046,0.));
#15470=DIRECTION('ref_axis',(0.,0.,1.));
#15471=DIRECTION('',(0.,0.,1.));
#15472=DIRECTION('center_axis',(0.604236389585919,-0.796805111366747,0.));
#15473=DIRECTION('ref_axis',(0.,0.,-1.));
#15474=DIRECTION('',(0.,0.,1.));
#15475=DIRECTION('center_axis',(-0.707106781149403,-0.707106781223692,0.));
#15476=DIRECTION('ref_axis',(0.,0.,1.));
#15477=DIRECTION('',(0.,0.,1.));
#15478=DIRECTION('center_axis',(0.65720367874138,-0.753713025394147,0.));
#15479=DIRECTION('ref_axis',(0.,0.,-1.));
#15480=DIRECTION('',(0.,0.,1.));
#15481=DIRECTION('center_axis',(-0.753713025416679,-0.657203678715539,0.));
#15482=DIRECTION('ref_axis',(0.,0.,1.));
#15483=DIRECTION('',(0.,0.,1.));
#15484=DIRECTION('center_axis',(0.707106781148128,-0.707106781224967,0.));
#15485=DIRECTION('ref_axis',(0.,0.,-1.));
#15486=DIRECTION('',(0.,0.,1.));
#15487=DIRECTION('center_axis',(-0.796805111399321,-0.604236389542964,0.));
#15488=DIRECTION('ref_axis',(0.,0.,1.));
#15489=DIRECTION('',(0.,0.,1.));
#15490=DIRECTION('center_axis',(0.753713025419249,-0.657203678712591,0.));
#15491=DIRECTION('ref_axis',(0.,0.,-1.));
#15492=DIRECTION('',(0.,0.,1.));
#15493=DIRECTION('center_axis',(-0.836182124219009,-0.54845187130375,0.));
#15494=DIRECTION('ref_axis',(0.,0.,1.));
#15495=DIRECTION('',(0.,0.,1.));
#15496=DIRECTION('center_axis',(0.796805111394324,-0.604236389549553,0.));
#15497=DIRECTION('ref_axis',(0.,0.,-1.));
#15498=DIRECTION('',(0.,0.,1.));
#15499=DIRECTION('center_axis',(-0.871660470018842,-0.490110217202755,0.));
#15500=DIRECTION('ref_axis',(0.,0.,1.));
#15501=DIRECTION('',(0.,0.,1.));
#15502=DIRECTION('center_axis',(0.836182124215502,-0.548451871309098,0.));
#15503=DIRECTION('ref_axis',(0.,0.,-1.));
#15504=DIRECTION('',(0.,0.,1.));
#15505=DIRECTION('center_axis',(-0.903074732333654,-0.429483443010903,0.));
#15506=DIRECTION('ref_axis',(0.,0.,1.));
#15507=DIRECTION('',(0.,0.,1.));
#15508=DIRECTION('center_axis',(0.87166047002102,-0.490110217198882,0.));
#15509=DIRECTION('ref_axis',(0.,0.,-1.));
#15510=DIRECTION('',(0.,0.,1.));
#15511=DIRECTION('center_axis',(-0.930278443348776,-0.366854218785307,0.));
#15512=DIRECTION('ref_axis',(0.,0.,1.));
#15513=DIRECTION('',(0.,0.,1.));
#15514=DIRECTION('center_axis',(0.903074732334642,-0.429483443008824,0.));
#15515=DIRECTION('ref_axis',(0.,0.,-1.));
#15516=DIRECTION('',(0.,0.,1.));
#15517=DIRECTION('center_axis',(-0.953144766816024,-0.302514550875206,0.));
#15518=DIRECTION('ref_axis',(0.,0.,1.));
#15519=DIRECTION('',(0.,0.,1.));
#15520=DIRECTION('center_axis',(0.930278443352287,-0.366854218776404,0.));
#15521=DIRECTION('ref_axis',(0.,0.,-1.));
#15522=DIRECTION('',(0.,0.,1.));
#15523=DIRECTION('center_axis',(-0.97156708939159,-0.23676442049251,0.));
#15524=DIRECTION('ref_axis',(0.,0.,1.));
#15525=DIRECTION('',(0.,0.,1.));
#15526=DIRECTION('center_axis',(0.953144766813071,-0.302514550884511,0.));
#15527=DIRECTION('ref_axis',(0.,0.,-1.));
#15528=DIRECTION('',(0.,0.,1.));
#15529=DIRECTION('center_axis',(-0.985459517722681,-0.169910384996858,0.));
#15530=DIRECTION('ref_axis',(0.,0.,1.));
#15531=DIRECTION('',(0.,0.,1.));
#15532=DIRECTION('center_axis',(0.971567089391004,-0.236764420494917,0.));
#15533=DIRECTION('ref_axis',(0.,0.,-1.));
#15534=DIRECTION('',(0.,0.,1.));
#15535=DIRECTION('center_axis',(-0.994757278855945,-0.10226414896295,0.));
#15536=DIRECTION('ref_axis',(0.,0.,1.));
#15537=DIRECTION('',(0.,0.,1.));
#15538=DIRECTION('center_axis',(0.985459517723535,-0.169910384991907,0.));
#15539=DIRECTION('ref_axis',(0.,0.,-1.));
#15540=DIRECTION('',(0.,0.,1.));
#15541=DIRECTION('center_axis',(-0.999417022366208,-0.0341411101849844,
0.));
#15542=DIRECTION('ref_axis',(0.,0.,1.));
#15543=DIRECTION('',(0.,0.,1.));
#15544=DIRECTION('center_axis',(0.994757278855945,-0.10226414896295,0.));
#15545=DIRECTION('ref_axis',(0.,0.,-1.));
#15546=DIRECTION('',(0.,0.,1.));
#15547=DIRECTION('center_axis',(-1.,0.,0.));
#15548=DIRECTION('ref_axis',(0.,0.,1.));
#15549=DIRECTION('',(0.,0.,1.));
#15550=DIRECTION('center_axis',(0.999417022366382,-0.0341411101798921,0.));
#15551=DIRECTION('ref_axis',(0.,0.,-1.));
#15552=DIRECTION('',(0.,0.,1.));
#15553=DIRECTION('center_axis',(-0.999417022366178,0.0341411101858565,0.));
#15554=DIRECTION('ref_axis',(0.,0.,1.));
#15555=DIRECTION('',(0.,0.,1.));
#15556=DIRECTION('center_axis',(1.,0.,0.));
#15557=DIRECTION('ref_axis',(0.,0.,-1.));
#15558=DIRECTION('',(0.,0.,1.));
#15559=DIRECTION('center_axis',(-0.994757278858089,0.102264148942096,0.));
#15560=DIRECTION('ref_axis',(0.,0.,1.));
#15561=DIRECTION('',(0.,0.,1.));
#15562=DIRECTION('center_axis',(0.999417022366352,0.0341411101807642,0.));
#15563=DIRECTION('ref_axis',(0.,0.,-1.));
#15564=DIRECTION('',(0.,0.,1.));
#15565=DIRECTION('center_axis',(-0.985459517717504,0.169910385026888,0.));
#15566=DIRECTION('ref_axis',(0.,0.,1.));
#15567=DIRECTION('',(0.,0.,1.));
#15568=DIRECTION('center_axis',(0.994757278858089,0.102264148942096,0.));
#15569=DIRECTION('ref_axis',(0.,0.,-1.));
#15570=DIRECTION('',(0.,0.,1.));
#15571=DIRECTION('center_axis',(-0.971567089397333,0.236764420468945,0.));
#15572=DIRECTION('ref_axis',(0.,0.,1.));
#15573=DIRECTION('',(0.,0.,1.));
#15574=DIRECTION('center_axis',(0.985459517718357,0.169910385021937,0.));
#15575=DIRECTION('ref_axis',(0.,0.,-1.));
#15576=DIRECTION('',(0.,0.,1.));
#15577=DIRECTION('center_axis',(-0.95314476681602,0.302514550875219,0.));
#15578=DIRECTION('ref_axis',(0.,0.,1.));
#15579=DIRECTION('',(0.,0.,1.));
#15580=DIRECTION('center_axis',(0.971567089396746,0.236764420471351,0.));
#15581=DIRECTION('ref_axis',(0.,0.,-1.));
#15582=DIRECTION('',(0.,0.,1.));
#15583=DIRECTION('center_axis',(-0.930278443334986,0.366854218820276,0.));
#15584=DIRECTION('ref_axis',(0.,0.,1.));
#15585=DIRECTION('',(0.,0.,1.));
#15586=DIRECTION('center_axis',(0.953144766813066,0.302514550884524,0.));
#15587=DIRECTION('ref_axis',(0.,0.,-1.));
#15588=DIRECTION('',(0.,0.,1.));
#15589=DIRECTION('center_axis',(-0.903074732324208,0.429483443030766,0.));
#15590=DIRECTION('ref_axis',(0.,0.,1.));
#15591=DIRECTION('',(0.,0.,1.));
#15592=DIRECTION('center_axis',(0.930278443338497,0.366854218811373,0.));
#15593=DIRECTION('ref_axis',(0.,0.,-1.));
#15594=DIRECTION('',(0.,0.,1.));
#15595=DIRECTION('center_axis',(-0.87166047003731,0.49011021716991,0.));
#15596=DIRECTION('ref_axis',(0.,0.,1.));
#15597=DIRECTION('',(0.,0.,1.));
#15598=DIRECTION('center_axis',(0.903074732325196,0.429483443028687,0.));
#15599=DIRECTION('ref_axis',(0.,0.,-1.));
#15600=DIRECTION('',(0.,0.,1.));
#15601=DIRECTION('center_axis',(-0.836182124249824,0.548451871256769,0.));
#15602=DIRECTION('ref_axis',(0.,0.,1.));
#15603=DIRECTION('',(0.,0.,1.));
#15604=DIRECTION('center_axis',(0.871660470039488,0.490110217166036,0.));
#15605=DIRECTION('ref_axis',(0.,0.,-1.));
#15606=DIRECTION('',(0.,0.,1.));
#15607=DIRECTION('center_axis',(-0.796805111418059,0.604236389518253,0.));
#15608=DIRECTION('ref_axis',(0.,0.,1.));
#15609=DIRECTION('',(0.,0.,1.));
#15610=DIRECTION('center_axis',(0.836182124246317,0.548451871262116,0.));
#15611=DIRECTION('ref_axis',(0.,0.,-1.));
#15612=DIRECTION('',(0.,0.,1.));
#15613=DIRECTION('center_axis',(-0.753713025328125,0.657203678817096,0.));
#15614=DIRECTION('ref_axis',(0.,0.,1.));
#15615=DIRECTION('',(0.,0.,1.));
#15616=DIRECTION('center_axis',(0.796805111413063,0.604236389524842,0.));
#15617=DIRECTION('ref_axis',(0.,0.,-1.));
#15618=DIRECTION('',(0.,0.,1.));
#15619=DIRECTION('center_axis',(-0.707106781187822,0.707106781185273,0.));
#15620=DIRECTION('ref_axis',(0.,0.,1.));
#15621=DIRECTION('',(0.,0.,1.));
#15622=DIRECTION('center_axis',(0.753713025330696,0.657203678814148,0.));
#15623=DIRECTION('ref_axis',(0.,0.,-1.));
#15624=DIRECTION('',(0.,0.,1.));
#15625=DIRECTION('center_axis',(-0.657203678815437,0.753713025329573,0.));
#15626=DIRECTION('ref_axis',(0.,0.,1.));
#15627=DIRECTION('',(0.,0.,1.));
#15628=DIRECTION('center_axis',(0.707106781186548,0.707106781186548,0.));
#15629=DIRECTION('ref_axis',(0.,0.,-1.));
#15630=DIRECTION('',(0.,0.,1.));
#15631=DIRECTION('center_axis',(-0.604236389527258,0.796805111411231,0.));
#15632=DIRECTION('ref_axis',(0.,0.,1.));
#15633=DIRECTION('',(0.,0.,1.));
#15634=DIRECTION('center_axis',(0.657203678814174,0.753713025330673,0.));
#15635=DIRECTION('ref_axis',(0.,0.,-1.));
#15636=DIRECTION('',(0.,0.,1.));
#15637=DIRECTION('center_axis',(-0.54845187123721,0.836182124262653,0.));
#15638=DIRECTION('ref_axis',(0.,0.,1.));
#15639=DIRECTION('',(0.,0.,1.));
#15640=DIRECTION('center_axis',(0.60423638953712,0.796805111403752,0.));
#15641=DIRECTION('ref_axis',(0.,0.,-1.));
#15642=DIRECTION('',(0.,0.,1.));
#15643=DIRECTION('center_axis',(-0.490110217174718,0.871660470034606,0.));
#15644=DIRECTION('ref_axis',(0.,0.,1.));
#15645=DIRECTION('',(0.,0.,1.));
#15646=DIRECTION('center_axis',(0.548451871232513,0.836182124265734,0.));
#15647=DIRECTION('ref_axis',(0.,0.,-1.));
#15648=DIRECTION('',(0.,0.,1.));
#15649=DIRECTION('center_axis',(-0.429483443046622,0.903074732316667,0.));
#15650=DIRECTION('ref_axis',(0.,0.,1.));
#15651=DIRECTION('',(0.,0.,1.));
#15652=DIRECTION('center_axis',(0.490110217176896,0.871660470033382,0.));
#15653=DIRECTION('ref_axis',(0.,0.,1.));
#15654=DIRECTION('',(0.,0.,1.));
#15655=DIRECTION('center_axis',(-0.366854218806138,0.930278443340562,0.));
#15656=DIRECTION('ref_axis',(0.,0.,1.));
#15657=DIRECTION('',(0.,0.,1.));
#15658=DIRECTION('center_axis',(0.429483443049623,0.903074732315239,0.));
#15659=DIRECTION('ref_axis',(0.,0.,1.));
#15660=DIRECTION('',(0.,0.,1.));
#15661=DIRECTION('center_axis',(-0.302514550889716,0.953144766811419,0.));
#15662=DIRECTION('ref_axis',(0.,0.,1.));
#15663=DIRECTION('',(0.,0.,1.));
#15664=DIRECTION('center_axis',(0.366854218802642,0.93027844334194,0.));
#15665=DIRECTION('ref_axis',(0.,0.,1.));
#15666=DIRECTION('',(0.,0.,1.));
#15667=DIRECTION('center_axis',(-0.236764420445385,0.971567089403074,0.));
#15668=DIRECTION('ref_axis',(0.,0.,1.));
#15669=DIRECTION('',(0.,0.,1.));
#15670=DIRECTION('center_axis',(0.302514550891921,0.953144766810719,0.));
#15671=DIRECTION('ref_axis',(0.,0.,1.));
#15672=DIRECTION('',(0.,0.,1.));
#15673=DIRECTION('center_axis',(-0.16991038504723,0.985459517713996,0.));
#15674=DIRECTION('ref_axis',(0.,0.,1.));
#15675=DIRECTION('',(0.,0.,1.));
#15676=DIRECTION('center_axis',(0.236764420441249,0.971567089404082,0.));
#15677=DIRECTION('ref_axis',(0.,0.,1.));
#15678=DIRECTION('',(0.,0.,1.));
#15679=DIRECTION('center_axis',(-0.102264148941579,0.994757278858142,0.));
#15680=DIRECTION('ref_axis',(0.,0.,1.));
#15681=DIRECTION('',(0.,0.,1.));
#15682=DIRECTION('center_axis',(0.169910385046811,0.985459517714068,0.));
#15683=DIRECTION('ref_axis',(0.,0.,1.));
#15684=DIRECTION('',(0.,0.,1.));
#15685=DIRECTION('center_axis',(-0.0341411101806537,0.999417022366356,0.));
#15686=DIRECTION('ref_axis',(0.,0.,1.));
#15687=DIRECTION('',(0.,0.,1.));
#15688=DIRECTION('center_axis',(0.102264148942098,0.994757278858088,0.));
#15689=DIRECTION('ref_axis',(0.,0.,1.));
#15690=DIRECTION('',(0.,0.,1.));
#15691=DIRECTION('center_axis',(0.,1.,0.));
#15692=DIRECTION('ref_axis',(0.,0.,1.));
#15693=DIRECTION('',(0.,0.,1.));
#15694=DIRECTION('center_axis',(0.0341411101807407,0.999417022366353,0.));
#15695=DIRECTION('ref_axis',(0.,0.,1.));
#15696=DIRECTION('center_axis',(-0.999417022366242,0.0341411101839828,0.));
#15697=DIRECTION('ref_axis',(0.,0.,1.));
#15698=DIRECTION('',(0.,0.,1.));
#15699=DIRECTION('',(0.0341411101839828,0.999417022366242,0.));
#15700=DIRECTION('',(0.,0.,1.));
#15701=DIRECTION('center_axis',(-0.994757278857859,0.102264148944325,0.));
#15702=DIRECTION('ref_axis',(0.,0.,1.));
#15703=DIRECTION('',(0.102264148944325,0.994757278857859,0.));
#15704=DIRECTION('',(0.,0.,1.));
#15705=DIRECTION('center_axis',(-0.985459517717708,0.169910385025702,0.));
#15706=DIRECTION('ref_axis',(0.,0.,1.));
#15707=DIRECTION('',(0.169910385025702,0.985459517717708,0.));
#15708=DIRECTION('',(0.,0.,1.));
#15709=DIRECTION('center_axis',(-0.971567089397663,0.23676442046759,0.));
#15710=DIRECTION('ref_axis',(0.,0.,1.));
#15711=DIRECTION('',(0.23676442046759,0.971567089397663,0.));
#15712=DIRECTION('',(0.,0.,1.));
#15713=DIRECTION('center_axis',(-0.953144766815628,0.302514550876453,0.));
#15714=DIRECTION('ref_axis',(0.,0.,1.));
#15715=DIRECTION('',(0.302514550876453,0.953144766815628,0.));
#15716=DIRECTION('',(0.,0.,1.));
#15717=DIRECTION('center_axis',(-0.930278443335848,0.36685421881809,0.));
#15718=DIRECTION('ref_axis',(0.,0.,1.));
#15719=DIRECTION('',(0.36685421881809,0.930278443335848,0.));
#15720=DIRECTION('',(0.,0.,1.));
#15721=DIRECTION('center_axis',(-0.903074732321376,0.429483443036719,0.));
#15722=DIRECTION('ref_axis',(0.,0.,1.));
#15723=DIRECTION('',(0.429483443036719,0.903074732321376,0.));
#15724=DIRECTION('',(0.,0.,1.));
#15725=DIRECTION('center_axis',(-0.8716604700365,0.49011021717135,0.));
#15726=DIRECTION('ref_axis',(0.,0.,1.));
#15727=DIRECTION('',(0.49011021717135,0.8716604700365,0.));
#15728=DIRECTION('',(0.,0.,1.));
#15729=DIRECTION('center_axis',(-0.836182124251669,0.548451871253956,0.));
#15730=DIRECTION('ref_axis',(0.,0.,1.));
#15731=DIRECTION('',(0.548451871253956,0.83618212425167,0.));
#15732=DIRECTION('',(0.,0.,1.));
#15733=DIRECTION('center_axis',(-0.796805111424334,0.604236389509978,0.));
#15734=DIRECTION('ref_axis',(0.,0.,1.));
#15735=DIRECTION('',(0.604236389509978,0.796805111424334,0.));
#15736=DIRECTION('',(0.,0.,1.));
#15737=DIRECTION('center_axis',(-0.753713025321408,0.6572036788248,0.));
#15738=DIRECTION('ref_axis',(0.,0.,1.));
#15739=DIRECTION('',(0.6572036788248,0.753713025321408,0.));
#15740=DIRECTION('',(0.,0.,1.));
#15741=DIRECTION('center_axis',(-0.707106781188239,0.707106781184856,0.));
#15742=DIRECTION('ref_axis',(0.,0.,1.));
#15743=DIRECTION('',(0.707106781184856,0.707106781188239,0.));
#15744=DIRECTION('',(0.,0.,1.));
#15745=DIRECTION('center_axis',(-0.657203678808779,0.753713025335378,0.));
#15746=DIRECTION('ref_axis',(0.,0.,1.));
#15747=DIRECTION('',(0.753713025335378,0.657203678808779,0.));
#15748=DIRECTION('',(0.,0.,1.));
#15749=DIRECTION('center_axis',(-0.604236389522969,0.796805111414483,0.));
#15750=DIRECTION('ref_axis',(0.,0.,1.));
#15751=DIRECTION('',(0.796805111414483,0.604236389522969,0.));
#15752=DIRECTION('',(0.,0.,1.));
#15753=DIRECTION('center_axis',(-0.54845187124695,0.836182124256264,0.));
#15754=DIRECTION('ref_axis',(0.,0.,1.));
#15755=DIRECTION('',(0.836182124256264,0.54845187124695,0.));
#15756=DIRECTION('',(0.,0.,1.));
#15757=DIRECTION('center_axis',(-0.490110217189934,0.871660470026051,0.));
#15758=DIRECTION('ref_axis',(0.,0.,1.));
#15759=DIRECTION('',(0.871660470026051,0.490110217189934,0.));
#15760=DIRECTION('',(0.,0.,1.));
#15761=DIRECTION('center_axis',(-0.429483443023229,0.903074732327792,0.));
#15762=DIRECTION('ref_axis',(0.,0.,1.));
#15763=DIRECTION('',(0.903074732327792,0.429483443023229,0.));
#15764=DIRECTION('',(0.,0.,1.));
#15765=DIRECTION('center_axis',(-0.366854218822868,0.930278443333964,0.));
#15766=DIRECTION('ref_axis',(0.,0.,1.));
#15767=DIRECTION('',(0.930278443333964,0.366854218822868,0.));
#15768=DIRECTION('',(0.,0.,1.));
#15769=DIRECTION('center_axis',(-0.302514550864897,0.953144766819296,0.));
#15770=DIRECTION('ref_axis',(0.,0.,1.));
#15771=DIRECTION('',(0.953144766819296,0.302514550864897,0.));
#15772=DIRECTION('',(0.,0.,1.));
#15773=DIRECTION('center_axis',(-0.236764420477214,0.971567089395318,0.));
#15774=DIRECTION('ref_axis',(0.,0.,1.));
#15775=DIRECTION('',(0.971567089395318,0.236764420477214,0.));
#15776=DIRECTION('',(0.,0.,1.));
#15777=DIRECTION('center_axis',(-0.169910385032371,0.985459517716558,0.));
#15778=DIRECTION('ref_axis',(0.,0.,1.));
#15779=DIRECTION('',(0.985459517716558,0.169910385032371,0.));
#15780=DIRECTION('',(0.,0.,1.));
#15781=DIRECTION('center_axis',(-0.102264148933624,0.994757278858959,0.));
#15782=DIRECTION('ref_axis',(0.,0.,1.));
#15783=DIRECTION('',(0.994757278858959,0.102264148933624,0.));
#15784=DIRECTION('',(0.,0.,1.));
#15785=DIRECTION('center_axis',(-0.034141110179999,0.999417022366378,0.));
#15786=DIRECTION('ref_axis',(0.,0.,1.));
#15787=DIRECTION('',(0.999417022366378,0.034141110179999,0.));
#15788=DIRECTION('',(0.,0.,1.));
#15789=DIRECTION('center_axis',(0.,1.,0.));
#15790=DIRECTION('ref_axis',(0.,0.,1.));
#15791=DIRECTION('',(1.,0.,0.));
#15792=DIRECTION('',(0.,0.,1.));
#15793=DIRECTION('center_axis',(0.0341411101794249,0.999417022366398,0.));
#15794=DIRECTION('ref_axis',(0.,0.,1.));
#15795=DIRECTION('',(0.999417022366398,-0.0341411101794249,0.));
#15796=DIRECTION('',(0.,0.,1.));
#15797=DIRECTION('center_axis',(0.1022641489343,0.99475727885889,0.));
#15798=DIRECTION('ref_axis',(0.,0.,1.));
#15799=DIRECTION('',(0.99475727885889,-0.1022641489343,0.));
#15800=DIRECTION('',(0.,0.,1.));
#15801=DIRECTION('center_axis',(0.169910385034627,0.985459517716169,0.));
#15802=DIRECTION('ref_axis',(0.,0.,1.));
#15803=DIRECTION('',(0.985459517716169,-0.169910385034627,0.));
#15804=DIRECTION('',(0.,0.,1.));
#15805=DIRECTION('center_axis',(0.236764420472573,0.971567089396449,0.));
#15806=DIRECTION('ref_axis',(0.,0.,1.));
#15807=DIRECTION('',(0.971567089396449,-0.236764420472573,0.));
#15808=DIRECTION('',(0.,0.,1.));
#15809=DIRECTION('center_axis',(0.302514550867832,0.953144766818364,0.));
#15810=DIRECTION('ref_axis',(0.,0.,1.));
#15811=DIRECTION('',(0.953144766818364,-0.302514550867832,0.));
#15812=DIRECTION('',(0.,0.,1.));
#15813=DIRECTION('center_axis',(0.36685421881825,0.930278443335785,0.));
#15814=DIRECTION('ref_axis',(0.,0.,1.));
#15815=DIRECTION('',(0.930278443335785,-0.36685421881825,0.));
#15816=DIRECTION('',(0.,0.,1.));
#15817=DIRECTION('center_axis',(0.42948344302843,0.903074732325318,0.));
#15818=DIRECTION('ref_axis',(0.,0.,1.));
#15819=DIRECTION('',(0.903074732325318,-0.42948344302843,0.));
#15820=DIRECTION('',(0.,0.,1.));
#15821=DIRECTION('center_axis',(0.490110217184204,0.871660470029272,0.));
#15822=DIRECTION('ref_axis',(0.,0.,1.));
#15823=DIRECTION('',(0.871660470029272,-0.490110217184204,0.));
#15824=DIRECTION('',(0.,0.,1.));
#15825=DIRECTION('center_axis',(0.54845187125159,0.836182124253221,0.));
#15826=DIRECTION('ref_axis',(0.,0.,-1.));
#15827=DIRECTION('',(0.836182124253221,-0.54845187125159,0.));
#15828=DIRECTION('',(0.,0.,1.));
#15829=DIRECTION('center_axis',(0.604236389526226,0.796805111412013,0.));
#15830=DIRECTION('ref_axis',(0.,0.,-1.));
#15831=DIRECTION('',(0.796805111412013,-0.604236389526226,0.));
#15832=DIRECTION('',(0.,0.,1.));
#15833=DIRECTION('center_axis',(0.657203678800386,0.753713025342696,0.));
#15834=DIRECTION('ref_axis',(0.,0.,-1.));
#15835=DIRECTION('',(0.753713025342696,-0.657203678800386,0.));
#15836=DIRECTION('',(0.,0.,1.));
#15837=DIRECTION('center_axis',(0.707106781203417,0.707106781169678,0.));
#15838=DIRECTION('ref_axis',(0.,0.,-1.));
#15839=DIRECTION('',(0.707106781169678,-0.707106781203417,0.));
#15840=DIRECTION('',(0.,0.,1.));
#15841=DIRECTION('center_axis',(0.753713025311384,0.657203678836296,0.));
#15842=DIRECTION('ref_axis',(0.,0.,-1.));
#15843=DIRECTION('',(0.657203678836296,-0.753713025311384,0.));
#15844=DIRECTION('',(0.,0.,1.));
#15845=DIRECTION('center_axis',(0.796805111424334,0.604236389509978,0.));
#15846=DIRECTION('ref_axis',(0.,0.,-1.));
#15847=DIRECTION('',(0.604236389509978,-0.796805111424334,0.));
#15848=DIRECTION('',(0.,0.,1.));
#15849=DIRECTION('center_axis',(0.836182124253207,0.548451871251611,0.));
#15850=DIRECTION('ref_axis',(0.,0.,-1.));
#15851=DIRECTION('',(0.548451871251611,-0.836182124253207,0.));
#15852=DIRECTION('',(0.,0.,1.));
#15853=DIRECTION('center_axis',(0.871660470029313,0.490110217184133,0.));
#15854=DIRECTION('ref_axis',(0.,0.,-1.));
#15855=DIRECTION('',(0.490110217184133,-0.871660470029312,0.));
#15856=DIRECTION('',(0.,0.,1.));
#15857=DIRECTION('center_axis',(0.903074732325324,0.429483443028418,0.));
#15858=DIRECTION('ref_axis',(0.,0.,-1.));
#15859=DIRECTION('',(0.429483443028418,-0.903074732325324,0.));
#15860=DIRECTION('',(0.,0.,1.));
#15861=DIRECTION('center_axis',(0.930278443342734,0.366854218800628,0.));
#15862=DIRECTION('ref_axis',(0.,0.,-1.));
#15863=DIRECTION('',(0.366854218800628,-0.930278443342734,0.));
#15864=DIRECTION('',(0.,0.,1.));
#15865=DIRECTION('center_axis',(0.953144766811726,0.302514550888746,0.));
#15866=DIRECTION('ref_axis',(0.,0.,-1.));
#15867=DIRECTION('',(0.302514550888746,-0.953144766811726,0.));
#15868=DIRECTION('',(0.,0.,1.));
#15869=DIRECTION('center_axis',(0.97156708939455,0.236764420480363,0.));
#15870=DIRECTION('ref_axis',(0.,0.,-1.));
#15871=DIRECTION('',(0.236764420480363,-0.97156708939455,0.));
#15872=DIRECTION('',(0.,0.,1.));
#15873=DIRECTION('center_axis',(0.985459517722801,0.169910384996165,0.));
#15874=DIRECTION('ref_axis',(0.,0.,-1.));
#15875=DIRECTION('',(0.169910384996165,-0.985459517722801,0.));
#15876=DIRECTION('',(0.,0.,1.));
#15877=DIRECTION('center_axis',(0.99475727885546,0.102264148967668,0.));
#15878=DIRECTION('ref_axis',(0.,0.,-1.));
#15879=DIRECTION('',(0.102264148967668,-0.99475727885546,0.));
#15880=DIRECTION('',(0.,0.,1.));
#15881=DIRECTION('center_axis',(0.999417022366356,0.0341411101806339,0.));
#15882=DIRECTION('ref_axis',(0.,0.,-1.));
#15883=DIRECTION('',(0.0341411101806339,-0.999417022366356,0.));
#15884=DIRECTION('',(0.,0.,1.));
#15885=DIRECTION('center_axis',(1.,0.,0.));
#15886=DIRECTION('ref_axis',(0.,0.,-1.));
#15887=DIRECTION('',(0.,-1.,0.));
#15888=DIRECTION('',(0.,0.,1.));
#15889=DIRECTION('center_axis',(0.999417022366199,-0.0341411101852356,0.));
#15890=DIRECTION('ref_axis',(0.,0.,-1.));
#15891=DIRECTION('',(-0.0341411101852356,-0.999417022366199,0.));
#15892=DIRECTION('',(0.,0.,1.));
#15893=DIRECTION('center_axis',(0.99475727885546,-0.102264148967662,0.));
#15894=DIRECTION('ref_axis',(0.,0.,-1.));
#15895=DIRECTION('',(-0.102264148967662,-0.99475727885546,0.));
#15896=DIRECTION('',(0.,0.,1.));
#15897=DIRECTION('center_axis',(0.985459517722798,-0.16991038499618,0.));
#15898=DIRECTION('ref_axis',(0.,0.,-1.));
#15899=DIRECTION('',(-0.16991038499618,-0.985459517722798,0.));
#15900=DIRECTION('',(0.,0.,1.));
#15901=DIRECTION('center_axis',(0.971567089388883,-0.236764420503618,0.));
#15902=DIRECTION('ref_axis',(0.,0.,-1.));
#15903=DIRECTION('',(-0.236764420503618,-0.971567089388883,0.));
#15904=DIRECTION('',(0.,0.,1.));
#15905=DIRECTION('center_axis',(0.953144766811726,-0.302514550888746,0.));
#15906=DIRECTION('ref_axis',(0.,0.,-1.));
#15907=DIRECTION('',(-0.302514550888746,-0.953144766811726,0.));
#15908=DIRECTION('',(0.,0.,1.));
#15909=DIRECTION('center_axis',(0.930278443342734,-0.366854218800628,0.));
#15910=DIRECTION('ref_axis',(0.,0.,-1.));
#15911=DIRECTION('',(-0.366854218800628,-0.930278443342734,0.));
#15912=DIRECTION('',(0.,0.,1.));
#15913=DIRECTION('center_axis',(0.903074732356419,-0.429483442963036,0.));
#15914=DIRECTION('ref_axis',(0.,0.,-1.));
#15915=DIRECTION('',(-0.429483442963036,-0.903074732356419,0.));
#15916=DIRECTION('',(0.,0.,1.));
#15917=DIRECTION('center_axis',(0.87166047003741,-0.490110217169732,0.));
#15918=DIRECTION('ref_axis',(0.,0.,-1.));
#15919=DIRECTION('',(-0.490110217169732,-0.87166047003741,0.));
#15920=DIRECTION('',(0.,0.,1.));
#15921=DIRECTION('center_axis',(0.83618212428359,-0.548451871205289,0.));
#15922=DIRECTION('ref_axis',(0.,0.,-1.));
#15923=DIRECTION('',(-0.548451871205289,-0.83618212428359,0.));
#15924=DIRECTION('',(0.,0.,1.));
#15925=DIRECTION('center_axis',(0.796805111424356,-0.604236389509949,0.));
#15926=DIRECTION('ref_axis',(0.,0.,-1.));
#15927=DIRECTION('',(-0.604236389509949,-0.796805111424356,0.));
#15928=DIRECTION('',(0.,0.,1.));
#15929=DIRECTION('center_axis',(0.753713025296825,-0.657203678852993,0.));
#15930=DIRECTION('ref_axis',(0.,0.,-1.));
#15931=DIRECTION('',(-0.657203678852993,-0.753713025296825,0.));
#15932=DIRECTION('',(0.,0.,1.));
#15933=DIRECTION('center_axis',(0.707106781136045,-0.707106781237051,0.));
#15934=DIRECTION('ref_axis',(0.,0.,-1.));
#15935=DIRECTION('',(-0.707106781237051,-0.707106781136045,0.));
#15936=DIRECTION('',(0.,0.,1.));
#15937=DIRECTION('center_axis',(0.657203678876949,-0.753713025275936,0.));
#15938=DIRECTION('ref_axis',(0.,0.,-1.));
#15939=DIRECTION('',(-0.753713025275936,-0.657203678876949,0.));
#15940=DIRECTION('',(0.,0.,1.));
#15941=DIRECTION('center_axis',(0.604236389504844,-0.796805111428228,0.));
#15942=DIRECTION('ref_axis',(0.,0.,-1.));
#15943=DIRECTION('',(-0.796805111428228,-0.604236389504844,0.));
#15944=DIRECTION('',(0.,0.,1.));
#15945=DIRECTION('center_axis',(0.548451871133724,-0.836182124330529,0.));
#15946=DIRECTION('ref_axis',(0.,0.,-1.));
#15947=DIRECTION('',(-0.836182124330529,-0.548451871133724,0.));
#15948=DIRECTION('',(0.,0.,1.));
#15949=DIRECTION('center_axis',(0.490110217132981,-0.871660470058074,0.));
#15950=DIRECTION('ref_axis',(0.,0.,-1.));
#15951=DIRECTION('',(-0.871660470058074,-0.490110217132981,0.));
#15952=DIRECTION('',(0.,0.,1.));
#15953=DIRECTION('center_axis',(0.429483443055897,-0.903074732312256,0.));
#15954=DIRECTION('ref_axis',(0.,0.,-1.));
#15955=DIRECTION('',(-0.903074732312256,-0.429483443055897,0.));
#15956=DIRECTION('',(0.,0.,1.));
#15957=DIRECTION('center_axis',(0.366854218934964,-0.930278443289759,0.));
#15958=DIRECTION('ref_axis',(0.,0.,-1.));
#15959=DIRECTION('',(-0.930278443289759,-0.366854218934964,0.));
#15960=DIRECTION('',(0.,0.,1.));
#15961=DIRECTION('center_axis',(0.302514551020978,-0.953144766769758,0.));
#15962=DIRECTION('ref_axis',(0.,0.,-1.));
#15963=DIRECTION('',(-0.953144766769758,-0.302514551020978,0.));
#15964=DIRECTION('',(0.,0.,1.));
#15965=DIRECTION('center_axis',(0.236764420218021,-0.971567089458481,0.));
#15966=DIRECTION('ref_axis',(0.,0.,-1.));
#15967=DIRECTION('',(-0.971567089458481,-0.236764420218021,0.));
#15968=DIRECTION('',(0.,0.,1.));
#15969=DIRECTION('center_axis',(0.169910385067391,-0.98545951771052,0.));
#15970=DIRECTION('ref_axis',(0.,0.,-1.));
#15971=DIRECTION('',(-0.98545951771052,-0.169910385067391,0.));
#15972=DIRECTION('',(0.,0.,1.));
#15973=DIRECTION('center_axis',(0.102264149000953,-0.994757278852038,0.));
#15974=DIRECTION('ref_axis',(0.,0.,-1.));
#15975=DIRECTION('',(-0.994757278852038,-0.102264149000953,0.));
#15976=DIRECTION('',(0.,0.,1.));
#15977=DIRECTION('center_axis',(0.034141110213154,-0.999417022365245,0.));
#15978=DIRECTION('ref_axis',(0.,0.,-1.));
#15979=DIRECTION('',(-0.999417022365245,-0.034141110213154,0.));
#15980=DIRECTION('',(0.,0.,1.));
#15981=DIRECTION('center_axis',(0.,-1.,0.));
#15982=DIRECTION('ref_axis',(0.,0.,-1.));
#15983=DIRECTION('',(-1.,0.,0.));
#15984=DIRECTION('',(0.,0.,1.));
#15985=DIRECTION('center_axis',(-0.034141110213728,-0.999417022365226,0.));
#15986=DIRECTION('ref_axis',(0.,0.,-1.));
#15987=DIRECTION('',(-0.999417022365226,0.034141110213728,0.));
#15988=DIRECTION('',(0.,0.,1.));
#15989=DIRECTION('center_axis',(-0.102264149000277,-0.994757278852107,0.));
#15990=DIRECTION('ref_axis',(0.,0.,-1.));
#15991=DIRECTION('',(-0.994757278852107,0.102264149000277,0.));
#15992=DIRECTION('',(0.,0.,1.));
#15993=DIRECTION('center_axis',(-0.169910385065135,-0.985459517710909,0.));
#15994=DIRECTION('ref_axis',(0.,0.,-1.));
#15995=DIRECTION('',(-0.985459517710909,0.169910385065135,0.));
#15996=DIRECTION('',(0.,0.,1.));
#15997=DIRECTION('center_axis',(-0.236764420222663,-0.97156708945735,0.));
#15998=DIRECTION('ref_axis',(0.,0.,-1.));
#15999=DIRECTION('',(-0.97156708945735,0.236764420222663,0.));
#16000=DIRECTION('',(0.,0.,1.));
#16001=DIRECTION('center_axis',(-0.302514551018043,-0.953144766770689,0.));
#16002=DIRECTION('ref_axis',(0.,0.,-1.));
#16003=DIRECTION('',(-0.953144766770689,0.302514551018043,0.));
#16004=DIRECTION('',(0.,0.,1.));
#16005=DIRECTION('center_axis',(-0.366854218939582,-0.930278443287938,0.));
#16006=DIRECTION('ref_axis',(0.,0.,-1.));
#16007=DIRECTION('',(-0.930278443287938,0.366854218939582,0.));
#16008=DIRECTION('',(0.,0.,1.));
#16009=DIRECTION('center_axis',(-0.429483443050695,-0.90307473231473,0.));
#16010=DIRECTION('ref_axis',(0.,0.,-1.));
#16011=DIRECTION('',(-0.90307473231473,0.429483443050695,0.));
#16012=DIRECTION('',(0.,0.,1.));
#16013=DIRECTION('center_axis',(-0.490110217138711,-0.871660470054852,0.));
#16014=DIRECTION('ref_axis',(0.,0.,-1.));
#16015=DIRECTION('',(-0.871660470054852,0.490110217138711,0.));
#16016=DIRECTION('',(0.,0.,1.));
#16017=DIRECTION('center_axis',(-0.548451871129084,-0.836182124333573,0.));
#16018=DIRECTION('ref_axis',(0.,0.,1.));
#16019=DIRECTION('',(-0.836182124333573,0.548451871129084,0.));
#16020=DIRECTION('',(0.,0.,1.));
#16021=DIRECTION('center_axis',(-0.604236389501587,-0.796805111430698,0.));
#16022=DIRECTION('ref_axis',(0.,0.,1.));
#16023=DIRECTION('',(-0.796805111430698,0.604236389501587,0.));
#16024=DIRECTION('',(0.,0.,1.));
#16025=DIRECTION('center_axis',(-0.657203678885342,-0.753713025268618,0.));
#16026=DIRECTION('ref_axis',(0.,0.,1.));
#16027=DIRECTION('',(-0.753713025268618,0.657203678885342,0.));
#16028=DIRECTION('',(0.,0.,1.));
#16029=DIRECTION('center_axis',(-0.707106781120867,-0.707106781252228,0.));
#16030=DIRECTION('ref_axis',(0.,0.,1.));
#16031=DIRECTION('',(-0.707106781252228,0.707106781120867,0.));
#16032=DIRECTION('',(0.,0.,1.));
#16033=DIRECTION('center_axis',(-0.753713025306849,-0.657203678841497,0.));
#16034=DIRECTION('ref_axis',(0.,0.,1.));
#16035=DIRECTION('',(-0.657203678841497,0.753713025306849,0.));
#16036=DIRECTION('',(0.,0.,1.));
#16037=DIRECTION('center_axis',(-0.796805111424356,-0.604236389509949,0.));
#16038=DIRECTION('ref_axis',(0.,0.,1.));
#16039=DIRECTION('',(-0.604236389509949,0.796805111424356,0.));
#16040=DIRECTION('',(0.,0.,1.));
#16041=DIRECTION('center_axis',(-0.836182124282052,-0.548451871207634,0.));
#16042=DIRECTION('ref_axis',(0.,0.,1.));
#16043=DIRECTION('',(-0.548451871207634,0.836182124282052,0.));
#16044=DIRECTION('',(0.,0.,1.));
#16045=DIRECTION('center_axis',(-0.871660470044597,-0.490110217156949,0.));
#16046=DIRECTION('ref_axis',(0.,0.,1.));
#16047=DIRECTION('',(-0.490110217156949,0.871660470044597,0.));
#16048=DIRECTION('',(0.,0.,1.));
#16049=DIRECTION('center_axis',(-0.903074732352471,-0.429483442971337,0.));
#16050=DIRECTION('ref_axis',(0.,0.,1.));
#16051=DIRECTION('',(-0.429483442971337,0.903074732352471,0.));
#16052=DIRECTION('',(0.,0.,1.));
#16053=DIRECTION('center_axis',(-0.930278443335848,-0.36685421881809,0.));
#16054=DIRECTION('ref_axis',(0.,0.,1.));
#16055=DIRECTION('',(-0.36685421881809,0.930278443335848,0.));
#16056=DIRECTION('',(0.,0.,1.));
#16057=DIRECTION('center_axis',(-0.953144766815628,-0.302514550876453,0.));
#16058=DIRECTION('ref_axis',(0.,0.,1.));
#16059=DIRECTION('',(-0.302514550876453,0.953144766815628,0.));
#16060=DIRECTION('',(0.,0.,1.));
#16061=DIRECTION('center_axis',(-0.971567089391996,-0.236764420490845,0.));
#16062=DIRECTION('ref_axis',(0.,0.,1.));
#16063=DIRECTION('',(-0.236764420490845,0.971567089391996,0.));
#16064=DIRECTION('',(0.,0.,1.));
#16065=DIRECTION('center_axis',(-0.985459517717705,-0.169910385025717,0.));
#16066=DIRECTION('ref_axis',(0.,0.,1.));
#16067=DIRECTION('',(-0.169910385025717,0.985459517717705,0.));
#16068=DIRECTION('',(0.,0.,1.));
#16069=DIRECTION('center_axis',(-0.99475727885786,-0.102264148944319,0.));
#16070=DIRECTION('ref_axis',(0.,0.,1.));
#16071=DIRECTION('',(-0.102264148944319,0.99475727885786,0.));
#16072=DIRECTION('',(0.,0.,1.));
#16073=DIRECTION('center_axis',(-0.999417022366085,-0.0341411101885846,
0.));
#16074=DIRECTION('ref_axis',(0.,0.,1.));
#16075=DIRECTION('',(-0.0341411101885846,0.999417022366085,0.));
#16076=DIRECTION('',(0.,0.,1.));
#16077=DIRECTION('center_axis',(-1.,0.,0.));
#16078=DIRECTION('ref_axis',(0.,0.,1.));
#16079=DIRECTION('',(0.,1.,0.));
#16080=DIRECTION('center_axis',(0.,0.,-1.));
#16081=DIRECTION('ref_axis',(-1.,-5.51282036848433E-13,0.));
#16082=DIRECTION('center_axis',(5.63201956741897E-17,3.25164801333475E-16,
1.));
#16083=DIRECTION('ref_axis',(0.829113924050655,-0.559079691050681,1.91417373905521E-16));
#16084=DIRECTION('',(0.,0.,-1.));
#16085=DIRECTION('center_axis',(0.,0.,-1.));
#16086=DIRECTION('ref_axis',(-1.,-5.51282036847818E-13,0.));
#16087=DIRECTION('center_axis',(5.6320195674188E-17,3.25164801333484E-16,
1.));
#16088=DIRECTION('ref_axis',(0.829113924050758,-0.559079691050528,1.91417373905506E-16));
#16089=DIRECTION('',(0.,0.,-1.));
#16090=DIRECTION('center_axis',(0.,0.,-1.));
#16091=DIRECTION('ref_axis',(-1.,-5.54344714830924E-13,0.));
#16092=DIRECTION('center_axis',(5.63201956742784E-17,3.25164801333987E-16,
1.));
#16093=DIRECTION('ref_axis',(0.829113924050626,-0.559079691050723,1.91417373905551E-16));
#16094=DIRECTION('',(0.,0.,-1.));
#16095=DIRECTION('center_axis',(0.,0.,-1.));
#16096=DIRECTION('ref_axis',(-1.,-5.51282036847818E-13,0.));
#16097=DIRECTION('center_axis',(5.63201956742767E-17,3.25164801333997E-16,
1.));
#16098=DIRECTION('ref_axis',(0.829113924050733,-0.559079691050566,1.91417373905536E-16));
#16099=DIRECTION('',(0.,0.,-1.));
#16100=DIRECTION('center_axis',(0.,0.,-1.));
#16101=DIRECTION('ref_axis',(-1.,0.,0.));
#16102=DIRECTION('',(0.0341411101827142,0.999417022366285,0.));
#16103=DIRECTION('',(0.102264148943349,0.99475727885796,0.));
#16104=DIRECTION('',(0.169910385028843,0.985459517717167,0.));
#16105=DIRECTION('',(0.236764420464183,0.971567089398493,0.));
#16106=DIRECTION('',(0.302514550885061,0.953144766812896,0.));
#16107=DIRECTION('',(0.366854218820377,0.930278443334946,0.));
#16108=DIRECTION('',(0.429483443019642,0.903074732329498,0.));
#16109=DIRECTION('',(0.490110217179003,0.871660470032197,0.));
#16110=DIRECTION('',(0.548451871258623,0.836182124248608,0.));
#16111=DIRECTION('',(0.604236389508974,0.796805111425096,0.));
#16112=DIRECTION('',(0.657203678832485,0.753713025314707,0.));
#16113=DIRECTION('',(0.707106781186502,0.707106781186593,0.));
#16114=DIRECTION('',(0.753713025315342,0.657203678831757,0.));
#16115=DIRECTION('',(0.796805111415709,0.604236389521353,0.));
#16116=DIRECTION('',(0.836182124271333,0.548451871223976,0.));
#16117=DIRECTION('',(0.871660470014607,0.490110217210287,0.));
#16118=DIRECTION('',(0.903074732339658,0.429483442998279,0.));
#16119=DIRECTION('',(0.930278443331755,0.366854218828468,0.));
#16120=DIRECTION('',(0.953144766817285,0.302514550871231,0.));
#16121=DIRECTION('',(0.971567089391708,0.236764420492025,0.));
#16122=DIRECTION('',(0.985459517715436,0.169910385038877,0.));
#16123=DIRECTION('',(0.994757278858696,0.102264148936184,0.));
#16124=DIRECTION('',(0.999417022367504,0.0341411101470355,0.));
#16125=DIRECTION('',(1.,0.,0.));
#16126=DIRECTION('',(0.999417022367516,-0.034141110146683,0.));
#16127=DIRECTION('',(0.994757278858481,-0.102264148938277,0.));
#16128=DIRECTION('',(0.985459517715436,-0.169910385038877,0.));
#16129=DIRECTION('',(0.97156708939258,-0.236764420488449,0.));
#16130=DIRECTION('',(0.953144766815863,-0.302514550875714,0.));
#16131=DIRECTION('',(0.930278443336604,-0.366854218816173,0.));
#16132=DIRECTION('',(0.903074732333957,-0.429483443010266,0.));
#16133=DIRECTION('',(0.871660470014607,-0.490110217210287,0.));
#16134=DIRECTION('',(0.836182124280658,-0.54845187120976,0.));
#16135=DIRECTION('',(0.796805111406327,-0.604236389533724,0.));
#16136=DIRECTION('',(0.753713025324189,-0.657203678821611,0.));
#16137=DIRECTION('',(0.707106781186502,-0.707106781186593,0.));
#16138=DIRECTION('',(0.657203678817889,-0.753713025327434,0.));
#16139=DIRECTION('',(0.604236389508974,-0.796805111425096,0.));
#16140=DIRECTION('',(0.5484518712693,-0.836182124241605,0.));
#16141=DIRECTION('',(0.490110217171222,-0.871660470036572,0.));
#16142=DIRECTION('',(0.429483443032245,-0.903074732323504,0.));
#16143=DIRECTION('',(0.36685421883375,-0.930278443329673,0.));
#16144=DIRECTION('',(0.302514550875674,-0.953144766815875,0.));
#16145=DIRECTION('',(0.236764420439842,-0.971567089404425,0.));
#16146=DIRECTION('',(0.169910385038966,-0.985459517715421,0.));
#16147=DIRECTION('',(0.102264148938191,-0.99475727885849,0.));
#16148=DIRECTION('',(0.0341411101981497,-0.999417022365758,0.));
#16149=DIRECTION('',(0.,-1.,0.));
#16150=DIRECTION('',(-0.0341411101981497,-0.999417022365758,0.));
#16151=DIRECTION('',(-0.102264148938196,-0.994757278858489,0.));
#16152=DIRECTION('',(-0.16991038509067,-0.985459517706506,0.));
#16153=DIRECTION('',(-0.236764420416189,-0.971567089410189,0.));
#16154=DIRECTION('',(-0.302514550831129,-0.953144766830013,0.));
#16155=DIRECTION('',(-0.366854218816212,-0.930278443336589,0.));
#16156=DIRECTION('',(-0.429483443092076,-0.90307473229505,0.));
#16157=DIRECTION('',(-0.490110217237182,-0.871660469999485,0.));
#16158=DIRECTION('',(-0.548451871151357,-0.836182124318964,0.));
#16159=DIRECTION('',(-0.60423638945938,-0.796805111462704,0.));
#16160=DIRECTION('',(-0.657203678996326,-0.753713025171845,0.));
#16161=DIRECTION('',(-0.707106781057799,-0.707106781315296,0.));
#16162=DIRECTION('',(-0.753713025400736,-0.657203678733822,0.));
#16163=DIRECTION('',(-0.796805111282398,-0.60423638969715,0.));
#16164=DIRECTION('',(-0.836182124375096,-0.548451871065777,0.));
#16165=DIRECTION('',(-0.871660470102541,-0.490110217053897,0.));
#16166=DIRECTION('',(-0.903074732194222,-0.429483443304087,0.));
#16167=DIRECTION('',(-0.930278443406866,-0.366854218638002,0.));
#16168=DIRECTION('',(-0.953144766830733,-0.302514550828861,0.));
#16169=DIRECTION('',(-0.971567089368884,-0.236764420585682,0.));
#16170=DIRECTION('',(-0.985459517680956,-0.169910385238856,0.));
#16171=DIRECTION('',(-0.994757278884666,-0.102264148683564,0.));
#16172=DIRECTION('',(-0.999417022362245,-0.0341411103009917,0.));
#16173=DIRECTION('',(-1.,0.,0.));
#16174=DIRECTION('',(-0.999417022362233,0.0341411103013443,0.));
#16175=DIRECTION('',(-0.994757278884882,0.102264148681471,0.));
#16176=DIRECTION('',(-0.985459517680956,0.169910385238856,0.));
#16177=DIRECTION('',(-0.971567089368013,0.236764420589258,0.));
#16178=DIRECTION('',(-0.953144766832156,0.302514550824379,0.));
#16179=DIRECTION('',(-0.930278443402017,0.366854218650297,0.));
#16180=DIRECTION('',(-0.903074732199923,0.4294834432921,0.));
#16181=DIRECTION('',(-0.871660470102541,0.490110217053897,0.));
#16182=DIRECTION('',(-0.836182124365771,0.548451871079993,0.));
#16183=DIRECTION('',(-0.796805111291779,0.604236389684779,0.));
#16184=DIRECTION('',(-0.75371302539189,0.657203678743968,0.));
#16185=DIRECTION('',(-0.707106781057799,0.707106781315296,0.));
#16186=DIRECTION('',(-0.657203679010923,0.753713025159117,0.));
#16187=DIRECTION('',(-0.60423638945938,0.796805111462704,0.));
#16188=DIRECTION('',(-0.54845187114068,0.836182124325967,0.));
#16189=DIRECTION('',(-0.490110217244963,0.871660469995109,0.));
#16190=DIRECTION('',(-0.429483443079473,0.903074732301043,0.));
#16191=DIRECTION('',(-0.366854218802839,0.930278443341863,0.));
#16192=DIRECTION('',(-0.302514550840516,0.953144766827034,0.));
#16193=DIRECTION('',(-0.23676442044053,0.971567089404257,0.));
#16194=DIRECTION('',(-0.169910385080547,0.985459517708252,0.));
#16195=DIRECTION('',(-0.102264148943354,0.994757278857959,0.));
#16196=DIRECTION('',(-0.0341411101827142,0.999417022366285,0.));
#16197=DIRECTION('',(0.,1.,0.));
#16198=DIRECTION('center_axis',(-0.999417022366285,0.0341411101827142,0.));
#16199=DIRECTION('ref_axis',(0.,0.,1.));
#16200=DIRECTION('',(0.0341411101827142,0.999417022366285,0.));
#16201=DIRECTION('',(0.,0.,1.));
#16202=DIRECTION('',(0.,0.,1.));
#16203=DIRECTION('center_axis',(-0.99475727885796,0.102264148943349,0.));
#16204=DIRECTION('ref_axis',(0.,0.,1.));
#16205=DIRECTION('',(0.102264148943349,0.99475727885796,0.));
#16206=DIRECTION('',(0.,0.,1.));
#16207=DIRECTION('center_axis',(-0.985459517717167,0.169910385028843,0.));
#16208=DIRECTION('ref_axis',(0.,0.,1.));
#16209=DIRECTION('',(0.169910385028843,0.985459517717167,0.));
#16210=DIRECTION('',(0.,0.,1.));
#16211=DIRECTION('center_axis',(-0.971567089398493,0.236764420464183,0.));
#16212=DIRECTION('ref_axis',(0.,0.,1.));
#16213=DIRECTION('',(0.236764420464183,0.971567089398493,0.));
#16214=DIRECTION('',(0.,0.,1.));
#16215=DIRECTION('center_axis',(-0.953144766812896,0.302514550885061,0.));
#16216=DIRECTION('ref_axis',(0.,0.,1.));
#16217=DIRECTION('',(0.302514550885061,0.953144766812896,0.));
#16218=DIRECTION('',(0.,0.,1.));
#16219=DIRECTION('center_axis',(-0.930278443334946,0.366854218820377,0.));
#16220=DIRECTION('ref_axis',(0.,0.,1.));
#16221=DIRECTION('',(0.366854218820377,0.930278443334946,0.));
#16222=DIRECTION('',(0.,0.,1.));
#16223=DIRECTION('center_axis',(-0.903074732329498,0.429483443019642,0.));
#16224=DIRECTION('ref_axis',(0.,0.,1.));
#16225=DIRECTION('',(0.429483443019642,0.903074732329498,0.));
#16226=DIRECTION('',(0.,0.,1.));
#16227=DIRECTION('center_axis',(-0.871660470032197,0.490110217179003,0.));
#16228=DIRECTION('ref_axis',(0.,0.,1.));
#16229=DIRECTION('',(0.490110217179003,0.871660470032197,0.));
#16230=DIRECTION('',(0.,0.,1.));
#16231=DIRECTION('center_axis',(-0.836182124248608,0.548451871258623,0.));
#16232=DIRECTION('ref_axis',(0.,0.,1.));
#16233=DIRECTION('',(0.548451871258623,0.836182124248608,0.));
#16234=DIRECTION('',(0.,0.,1.));
#16235=DIRECTION('center_axis',(-0.796805111425096,0.604236389508974,0.));
#16236=DIRECTION('ref_axis',(0.,0.,1.));
#16237=DIRECTION('',(0.604236389508974,0.796805111425096,0.));
#16238=DIRECTION('',(0.,0.,1.));
#16239=DIRECTION('center_axis',(-0.753713025314707,0.657203678832485,0.));
#16240=DIRECTION('ref_axis',(0.,0.,1.));
#16241=DIRECTION('',(0.657203678832485,0.753713025314707,0.));
#16242=DIRECTION('',(0.,0.,1.));
#16243=DIRECTION('center_axis',(-0.707106781186593,0.707106781186502,0.));
#16244=DIRECTION('ref_axis',(0.,0.,1.));
#16245=DIRECTION('',(0.707106781186502,0.707106781186593,0.));
#16246=DIRECTION('',(0.,0.,1.));
#16247=DIRECTION('center_axis',(-0.657203678831757,0.753713025315342,0.));
#16248=DIRECTION('ref_axis',(0.,0.,1.));
#16249=DIRECTION('',(0.753713025315342,0.657203678831757,0.));
#16250=DIRECTION('',(0.,0.,1.));
#16251=DIRECTION('center_axis',(-0.604236389521353,0.796805111415709,0.));
#16252=DIRECTION('ref_axis',(0.,0.,1.));
#16253=DIRECTION('',(0.796805111415709,0.604236389521353,0.));
#16254=DIRECTION('',(0.,0.,1.));
#16255=DIRECTION('center_axis',(-0.548451871223976,0.836182124271333,0.));
#16256=DIRECTION('ref_axis',(0.,0.,1.));
#16257=DIRECTION('',(0.836182124271333,0.548451871223976,0.));
#16258=DIRECTION('',(0.,0.,1.));
#16259=DIRECTION('center_axis',(-0.490110217210287,0.871660470014607,0.));
#16260=DIRECTION('ref_axis',(0.,0.,1.));
#16261=DIRECTION('',(0.871660470014607,0.490110217210287,0.));
#16262=DIRECTION('',(0.,0.,1.));
#16263=DIRECTION('center_axis',(-0.429483442998279,0.903074732339658,0.));
#16264=DIRECTION('ref_axis',(0.,0.,1.));
#16265=DIRECTION('',(0.903074732339658,0.429483442998279,0.));
#16266=DIRECTION('',(0.,0.,1.));
#16267=DIRECTION('center_axis',(-0.366854218828468,0.930278443331756,0.));
#16268=DIRECTION('ref_axis',(0.,0.,1.));
#16269=DIRECTION('',(0.930278443331755,0.366854218828468,0.));
#16270=DIRECTION('',(0.,0.,1.));
#16271=DIRECTION('center_axis',(-0.302514550871231,0.953144766817285,0.));
#16272=DIRECTION('ref_axis',(0.,0.,1.));
#16273=DIRECTION('',(0.953144766817285,0.302514550871231,0.));
#16274=DIRECTION('',(0.,0.,1.));
#16275=DIRECTION('center_axis',(-0.236764420492025,0.971567089391708,0.));
#16276=DIRECTION('ref_axis',(0.,0.,1.));
#16277=DIRECTION('',(0.971567089391708,0.236764420492025,0.));
#16278=DIRECTION('',(0.,0.,1.));
#16279=DIRECTION('center_axis',(-0.169910385038877,0.985459517715436,0.));
#16280=DIRECTION('ref_axis',(0.,0.,1.));
#16281=DIRECTION('',(0.985459517715436,0.169910385038877,0.));
#16282=DIRECTION('',(0.,0.,1.));
#16283=DIRECTION('center_axis',(-0.102264148936184,0.994757278858696,0.));
#16284=DIRECTION('ref_axis',(0.,0.,1.));
#16285=DIRECTION('',(0.994757278858696,0.102264148936184,0.));
#16286=DIRECTION('',(0.,0.,1.));
#16287=DIRECTION('center_axis',(-0.0341411101470355,0.999417022367504,0.));
#16288=DIRECTION('ref_axis',(0.,0.,1.));
#16289=DIRECTION('',(0.999417022367504,0.0341411101470355,0.));
#16290=DIRECTION('',(0.,0.,1.));
#16291=DIRECTION('center_axis',(0.,1.,0.));
#16292=DIRECTION('ref_axis',(0.,0.,1.));
#16293=DIRECTION('',(1.,0.,0.));
#16294=DIRECTION('',(0.,0.,1.));
#16295=DIRECTION('center_axis',(0.034141110146683,0.999417022367516,0.));
#16296=DIRECTION('ref_axis',(0.,0.,1.));
#16297=DIRECTION('',(0.999417022367516,-0.034141110146683,0.));
#16298=DIRECTION('',(0.,0.,1.));
#16299=DIRECTION('center_axis',(0.102264148938277,0.994757278858481,0.));
#16300=DIRECTION('ref_axis',(0.,0.,1.));
#16301=DIRECTION('',(0.994757278858481,-0.102264148938277,0.));
#16302=DIRECTION('',(0.,0.,1.));
#16303=DIRECTION('center_axis',(0.169910385038877,0.985459517715436,0.));
#16304=DIRECTION('ref_axis',(0.,0.,1.));
#16305=DIRECTION('',(0.985459517715436,-0.169910385038877,0.));
#16306=DIRECTION('',(0.,0.,1.));
#16307=DIRECTION('center_axis',(0.236764420488449,0.97156708939258,0.));
#16308=DIRECTION('ref_axis',(0.,0.,1.));
#16309=DIRECTION('',(0.97156708939258,-0.236764420488449,0.));
#16310=DIRECTION('',(0.,0.,1.));
#16311=DIRECTION('center_axis',(0.302514550875714,0.953144766815863,0.));
#16312=DIRECTION('ref_axis',(0.,0.,1.));
#16313=DIRECTION('',(0.953144766815863,-0.302514550875714,0.));
#16314=DIRECTION('',(0.,0.,1.));
#16315=DIRECTION('center_axis',(0.366854218816173,0.930278443336604,0.));
#16316=DIRECTION('ref_axis',(0.,0.,1.));
#16317=DIRECTION('',(0.930278443336604,-0.366854218816173,0.));
#16318=DIRECTION('',(0.,0.,1.));
#16319=DIRECTION('center_axis',(0.429483443010266,0.903074732333957,0.));
#16320=DIRECTION('ref_axis',(0.,0.,1.));
#16321=DIRECTION('',(0.903074732333957,-0.429483443010266,0.));
#16322=DIRECTION('',(0.,0.,1.));
#16323=DIRECTION('center_axis',(0.490110217210287,0.871660470014607,0.));
#16324=DIRECTION('ref_axis',(0.,0.,1.));
#16325=DIRECTION('',(0.871660470014607,-0.490110217210287,0.));
#16326=DIRECTION('',(0.,0.,1.));
#16327=DIRECTION('center_axis',(0.54845187120976,0.836182124280658,0.));
#16328=DIRECTION('ref_axis',(0.,0.,-1.));
#16329=DIRECTION('',(0.836182124280658,-0.54845187120976,0.));
#16330=DIRECTION('',(0.,0.,1.));
#16331=DIRECTION('center_axis',(0.604236389533724,0.796805111406328,0.));
#16332=DIRECTION('ref_axis',(0.,0.,-1.));
#16333=DIRECTION('',(0.796805111406327,-0.604236389533724,0.));
#16334=DIRECTION('',(0.,0.,1.));
#16335=DIRECTION('center_axis',(0.657203678821611,0.753713025324189,0.));
#16336=DIRECTION('ref_axis',(0.,0.,-1.));
#16337=DIRECTION('',(0.753713025324189,-0.657203678821611,0.));
#16338=DIRECTION('',(0.,0.,1.));
#16339=DIRECTION('center_axis',(0.707106781186593,0.707106781186502,0.));
#16340=DIRECTION('ref_axis',(0.,0.,-1.));
#16341=DIRECTION('',(0.707106781186502,-0.707106781186593,0.));
#16342=DIRECTION('',(0.,0.,1.));
#16343=DIRECTION('center_axis',(0.753713025327434,0.657203678817889,0.));
#16344=DIRECTION('ref_axis',(0.,0.,-1.));
#16345=DIRECTION('',(0.657203678817889,-0.753713025327434,0.));
#16346=DIRECTION('',(0.,0.,1.));
#16347=DIRECTION('center_axis',(0.796805111425096,0.604236389508974,0.));
#16348=DIRECTION('ref_axis',(0.,0.,-1.));
#16349=DIRECTION('',(0.604236389508974,-0.796805111425096,0.));
#16350=DIRECTION('',(0.,0.,1.));
#16351=DIRECTION('center_axis',(0.836182124241605,0.5484518712693,0.));
#16352=DIRECTION('ref_axis',(0.,0.,-1.));
#16353=DIRECTION('',(0.5484518712693,-0.836182124241605,0.));
#16354=DIRECTION('',(0.,0.,1.));
#16355=DIRECTION('center_axis',(0.871660470036572,0.490110217171222,0.));
#16356=DIRECTION('ref_axis',(0.,0.,-1.));
#16357=DIRECTION('',(0.490110217171222,-0.871660470036572,0.));
#16358=DIRECTION('',(0.,0.,1.));
#16359=DIRECTION('center_axis',(0.903074732323504,0.429483443032245,0.));
#16360=DIRECTION('ref_axis',(0.,0.,-1.));
#16361=DIRECTION('',(0.429483443032245,-0.903074732323504,0.));
#16362=DIRECTION('',(0.,0.,1.));
#16363=DIRECTION('center_axis',(0.930278443329673,0.36685421883375,0.));
#16364=DIRECTION('ref_axis',(0.,0.,-1.));
#16365=DIRECTION('',(0.36685421883375,-0.930278443329673,0.));
#16366=DIRECTION('',(0.,0.,1.));
#16367=DIRECTION('center_axis',(0.953144766815875,0.302514550875674,0.));
#16368=DIRECTION('ref_axis',(0.,0.,-1.));
#16369=DIRECTION('',(0.302514550875674,-0.953144766815875,0.));
#16370=DIRECTION('',(0.,0.,1.));
#16371=DIRECTION('center_axis',(0.971567089404425,0.236764420439842,0.));
#16372=DIRECTION('ref_axis',(0.,0.,-1.));
#16373=DIRECTION('',(0.236764420439842,-0.971567089404425,0.));
#16374=DIRECTION('',(0.,0.,1.));
#16375=DIRECTION('center_axis',(0.985459517715421,0.169910385038966,0.));
#16376=DIRECTION('ref_axis',(0.,0.,-1.));
#16377=DIRECTION('',(0.169910385038966,-0.985459517715421,0.));
#16378=DIRECTION('',(0.,0.,1.));
#16379=DIRECTION('center_axis',(0.99475727885849,0.102264148938191,0.));
#16380=DIRECTION('ref_axis',(0.,0.,-1.));
#16381=DIRECTION('',(0.102264148938191,-0.99475727885849,0.));
#16382=DIRECTION('',(0.,0.,1.));
#16383=DIRECTION('center_axis',(0.999417022365758,0.0341411101981497,0.));
#16384=DIRECTION('ref_axis',(0.,0.,-1.));
#16385=DIRECTION('',(0.0341411101981497,-0.999417022365758,0.));
#16386=DIRECTION('',(0.,0.,1.));
#16387=DIRECTION('center_axis',(1.,0.,0.));
#16388=DIRECTION('ref_axis',(0.,0.,-1.));
#16389=DIRECTION('',(0.,-1.,0.));
#16390=DIRECTION('',(0.,0.,1.));
#16391=DIRECTION('center_axis',(0.999417022365758,-0.0341411101981497,0.));
#16392=DIRECTION('ref_axis',(0.,0.,-1.));
#16393=DIRECTION('',(-0.0341411101981497,-0.999417022365758,0.));
#16394=DIRECTION('',(0.,0.,1.));
#16395=DIRECTION('center_axis',(0.994757278858489,-0.102264148938196,0.));
#16396=DIRECTION('ref_axis',(0.,0.,-1.));
#16397=DIRECTION('',(-0.102264148938196,-0.994757278858489,0.));
#16398=DIRECTION('',(0.,0.,1.));
#16399=DIRECTION('center_axis',(0.985459517706506,-0.169910385090671,0.));
#16400=DIRECTION('ref_axis',(0.,0.,-1.));
#16401=DIRECTION('',(-0.16991038509067,-0.985459517706506,0.));
#16402=DIRECTION('',(0.,0.,1.));
#16403=DIRECTION('center_axis',(0.971567089410189,-0.236764420416189,0.));
#16404=DIRECTION('ref_axis',(0.,0.,-1.));
#16405=DIRECTION('',(-0.236764420416189,-0.971567089410189,0.));
#16406=DIRECTION('',(0.,0.,1.));
#16407=DIRECTION('center_axis',(0.953144766830013,-0.302514550831129,0.));
#16408=DIRECTION('ref_axis',(0.,0.,-1.));
#16409=DIRECTION('',(-0.302514550831129,-0.953144766830013,0.));
#16410=DIRECTION('',(0.,0.,1.));
#16411=DIRECTION('center_axis',(0.930278443336589,-0.366854218816212,0.));
#16412=DIRECTION('ref_axis',(0.,0.,-1.));
#16413=DIRECTION('',(-0.366854218816212,-0.930278443336589,0.));
#16414=DIRECTION('',(0.,0.,1.));
#16415=DIRECTION('center_axis',(0.90307473229505,-0.429483443092076,0.));
#16416=DIRECTION('ref_axis',(0.,0.,-1.));
#16417=DIRECTION('',(-0.429483443092076,-0.90307473229505,0.));
#16418=DIRECTION('',(0.,0.,1.));
#16419=DIRECTION('center_axis',(0.871660469999485,-0.490110217237182,0.));
#16420=DIRECTION('ref_axis',(0.,0.,-1.));
#16421=DIRECTION('',(-0.490110217237182,-0.871660469999485,0.));
#16422=DIRECTION('',(0.,0.,1.));
#16423=DIRECTION('center_axis',(0.836182124318964,-0.548451871151357,0.));
#16424=DIRECTION('ref_axis',(0.,0.,-1.));
#16425=DIRECTION('',(-0.548451871151357,-0.836182124318964,0.));
#16426=DIRECTION('',(0.,0.,1.));
#16427=DIRECTION('center_axis',(0.796805111462704,-0.60423638945938,0.));
#16428=DIRECTION('ref_axis',(0.,0.,-1.));
#16429=DIRECTION('',(-0.60423638945938,-0.796805111462704,0.));
#16430=DIRECTION('',(0.,0.,1.));
#16431=DIRECTION('center_axis',(0.753713025171845,-0.657203678996326,0.));
#16432=DIRECTION('ref_axis',(0.,0.,-1.));
#16433=DIRECTION('',(-0.657203678996326,-0.753713025171845,0.));
#16434=DIRECTION('',(0.,0.,1.));
#16435=DIRECTION('center_axis',(0.707106781315296,-0.707106781057799,0.));
#16436=DIRECTION('ref_axis',(0.,0.,-1.));
#16437=DIRECTION('',(-0.707106781057799,-0.707106781315296,0.));
#16438=DIRECTION('',(0.,0.,1.));
#16439=DIRECTION('center_axis',(0.657203678733822,-0.753713025400736,0.));
#16440=DIRECTION('ref_axis',(0.,0.,-1.));
#16441=DIRECTION('',(-0.753713025400736,-0.657203678733822,0.));
#16442=DIRECTION('',(0.,0.,1.));
#16443=DIRECTION('center_axis',(0.60423638969715,-0.796805111282398,0.));
#16444=DIRECTION('ref_axis',(0.,0.,-1.));
#16445=DIRECTION('',(-0.796805111282398,-0.60423638969715,0.));
#16446=DIRECTION('',(0.,0.,1.));
#16447=DIRECTION('center_axis',(0.548451871065777,-0.836182124375096,0.));
#16448=DIRECTION('ref_axis',(0.,0.,-1.));
#16449=DIRECTION('',(-0.836182124375096,-0.548451871065777,0.));
#16450=DIRECTION('',(0.,0.,1.));
#16451=DIRECTION('center_axis',(0.490110217053897,-0.871660470102541,0.));
#16452=DIRECTION('ref_axis',(0.,0.,-1.));
#16453=DIRECTION('',(-0.871660470102541,-0.490110217053897,0.));
#16454=DIRECTION('',(0.,0.,1.));
#16455=DIRECTION('center_axis',(0.429483443304087,-0.903074732194222,0.));
#16456=DIRECTION('ref_axis',(0.,0.,-1.));
#16457=DIRECTION('',(-0.903074732194222,-0.429483443304087,0.));
#16458=DIRECTION('',(0.,0.,1.));
#16459=DIRECTION('center_axis',(0.366854218638002,-0.930278443406866,0.));
#16460=DIRECTION('ref_axis',(0.,0.,-1.));
#16461=DIRECTION('',(-0.930278443406866,-0.366854218638002,0.));
#16462=DIRECTION('',(0.,0.,1.));
#16463=DIRECTION('center_axis',(0.302514550828861,-0.953144766830733,0.));
#16464=DIRECTION('ref_axis',(0.,0.,-1.));
#16465=DIRECTION('',(-0.953144766830733,-0.302514550828861,0.));
#16466=DIRECTION('',(0.,0.,1.));
#16467=DIRECTION('center_axis',(0.236764420585683,-0.971567089368885,0.));
#16468=DIRECTION('ref_axis',(0.,0.,-1.));
#16469=DIRECTION('',(-0.971567089368884,-0.236764420585682,0.));
#16470=DIRECTION('',(0.,0.,1.));
#16471=DIRECTION('center_axis',(0.169910385238856,-0.985459517680957,0.));
#16472=DIRECTION('ref_axis',(0.,0.,-1.));
#16473=DIRECTION('',(-0.985459517680956,-0.169910385238856,0.));
#16474=DIRECTION('',(0.,0.,1.));
#16475=DIRECTION('center_axis',(0.102264148683564,-0.994757278884666,0.));
#16476=DIRECTION('ref_axis',(0.,0.,-1.));
#16477=DIRECTION('',(-0.994757278884666,-0.102264148683564,0.));
#16478=DIRECTION('',(0.,0.,1.));
#16479=DIRECTION('center_axis',(0.0341411103009918,-0.999417022362245,0.));
#16480=DIRECTION('ref_axis',(0.,0.,-1.));
#16481=DIRECTION('',(-0.999417022362245,-0.0341411103009917,0.));
#16482=DIRECTION('',(0.,0.,1.));
#16483=DIRECTION('center_axis',(0.,-1.,0.));
#16484=DIRECTION('ref_axis',(0.,0.,-1.));
#16485=DIRECTION('',(-1.,0.,0.));
#16486=DIRECTION('',(0.,0.,1.));
#16487=DIRECTION('center_axis',(-0.0341411103013443,-0.999417022362233,
0.));
#16488=DIRECTION('ref_axis',(0.,0.,-1.));
#16489=DIRECTION('',(-0.999417022362233,0.0341411103013443,0.));
#16490=DIRECTION('',(0.,0.,1.));
#16491=DIRECTION('center_axis',(-0.102264148681471,-0.994757278884882,0.));
#16492=DIRECTION('ref_axis',(0.,0.,-1.));
#16493=DIRECTION('',(-0.994757278884882,0.102264148681471,0.));
#16494=DIRECTION('',(0.,0.,1.));
#16495=DIRECTION('center_axis',(-0.169910385238856,-0.985459517680957,0.));
#16496=DIRECTION('ref_axis',(0.,0.,-1.));
#16497=DIRECTION('',(-0.985459517680956,0.169910385238856,0.));
#16498=DIRECTION('',(0.,0.,1.));
#16499=DIRECTION('center_axis',(-0.236764420589258,-0.971567089368013,0.));
#16500=DIRECTION('ref_axis',(0.,0.,-1.));
#16501=DIRECTION('',(-0.971567089368013,0.236764420589258,0.));
#16502=DIRECTION('',(0.,0.,1.));
#16503=DIRECTION('center_axis',(-0.302514550824379,-0.953144766832156,0.));
#16504=DIRECTION('ref_axis',(0.,0.,-1.));
#16505=DIRECTION('',(-0.953144766832156,0.302514550824379,0.));
#16506=DIRECTION('',(0.,0.,1.));
#16507=DIRECTION('center_axis',(-0.366854218650297,-0.930278443402017,0.));
#16508=DIRECTION('ref_axis',(0.,0.,-1.));
#16509=DIRECTION('',(-0.930278443402017,0.366854218650297,0.));
#16510=DIRECTION('',(0.,0.,1.));
#16511=DIRECTION('center_axis',(-0.4294834432921,-0.903074732199923,0.));
#16512=DIRECTION('ref_axis',(0.,0.,-1.));
#16513=DIRECTION('',(-0.903074732199923,0.4294834432921,0.));
#16514=DIRECTION('',(0.,0.,1.));
#16515=DIRECTION('center_axis',(-0.490110217053897,-0.871660470102541,0.));
#16516=DIRECTION('ref_axis',(0.,0.,-1.));
#16517=DIRECTION('',(-0.871660470102541,0.490110217053897,0.));
#16518=DIRECTION('',(0.,0.,1.));
#16519=DIRECTION('center_axis',(-0.548451871079994,-0.836182124365771,0.));
#16520=DIRECTION('ref_axis',(0.,0.,1.));
#16521=DIRECTION('',(-0.836182124365771,0.548451871079993,0.));
#16522=DIRECTION('',(0.,0.,1.));
#16523=DIRECTION('center_axis',(-0.604236389684779,-0.796805111291779,0.));
#16524=DIRECTION('ref_axis',(0.,0.,1.));
#16525=DIRECTION('',(-0.796805111291779,0.604236389684779,0.));
#16526=DIRECTION('',(0.,0.,1.));
#16527=DIRECTION('center_axis',(-0.657203678743968,-0.75371302539189,0.));
#16528=DIRECTION('ref_axis',(0.,0.,1.));
#16529=DIRECTION('',(-0.75371302539189,0.657203678743968,0.));
#16530=DIRECTION('',(0.,0.,1.));
#16531=DIRECTION('center_axis',(-0.707106781315296,-0.707106781057799,0.));
#16532=DIRECTION('ref_axis',(0.,0.,1.));
#16533=DIRECTION('',(-0.707106781057799,0.707106781315296,0.));
#16534=DIRECTION('',(0.,0.,1.));
#16535=DIRECTION('center_axis',(-0.753713025159117,-0.657203679010923,0.));
#16536=DIRECTION('ref_axis',(0.,0.,1.));
#16537=DIRECTION('',(-0.657203679010923,0.753713025159117,0.));
#16538=DIRECTION('',(0.,0.,1.));
#16539=DIRECTION('center_axis',(-0.796805111462704,-0.60423638945938,0.));
#16540=DIRECTION('ref_axis',(0.,0.,1.));
#16541=DIRECTION('',(-0.60423638945938,0.796805111462704,0.));
#16542=DIRECTION('',(0.,0.,1.));
#16543=DIRECTION('center_axis',(-0.836182124325967,-0.54845187114068,0.));
#16544=DIRECTION('ref_axis',(0.,0.,1.));
#16545=DIRECTION('',(-0.54845187114068,0.836182124325967,0.));
#16546=DIRECTION('',(0.,0.,1.));
#16547=DIRECTION('center_axis',(-0.871660469995109,-0.490110217244963,0.));
#16548=DIRECTION('ref_axis',(0.,0.,1.));
#16549=DIRECTION('',(-0.490110217244963,0.871660469995109,0.));
#16550=DIRECTION('',(0.,0.,1.));
#16551=DIRECTION('center_axis',(-0.903074732301044,-0.429483443079473,0.));
#16552=DIRECTION('ref_axis',(0.,0.,1.));
#16553=DIRECTION('',(-0.429483443079473,0.903074732301043,0.));
#16554=DIRECTION('',(0.,0.,1.));
#16555=DIRECTION('center_axis',(-0.930278443341863,-0.366854218802839,0.));
#16556=DIRECTION('ref_axis',(0.,0.,1.));
#16557=DIRECTION('',(-0.366854218802839,0.930278443341863,0.));
#16558=DIRECTION('',(0.,0.,1.));
#16559=DIRECTION('center_axis',(-0.953144766827034,-0.302514550840516,0.));
#16560=DIRECTION('ref_axis',(0.,0.,1.));
#16561=DIRECTION('',(-0.302514550840516,0.953144766827034,0.));
#16562=DIRECTION('',(0.,0.,1.));
#16563=DIRECTION('center_axis',(-0.971567089404257,-0.23676442044053,0.));
#16564=DIRECTION('ref_axis',(0.,0.,1.));
#16565=DIRECTION('',(-0.23676442044053,0.971567089404257,0.));
#16566=DIRECTION('',(0.,0.,1.));
#16567=DIRECTION('center_axis',(-0.985459517708252,-0.169910385080547,0.));
#16568=DIRECTION('ref_axis',(0.,0.,1.));
#16569=DIRECTION('',(-0.169910385080547,0.985459517708252,0.));
#16570=DIRECTION('',(0.,0.,1.));
#16571=DIRECTION('center_axis',(-0.994757278857959,-0.102264148943354,0.));
#16572=DIRECTION('ref_axis',(0.,0.,1.));
#16573=DIRECTION('',(-0.102264148943354,0.994757278857959,0.));
#16574=DIRECTION('',(0.,0.,1.));
#16575=DIRECTION('center_axis',(-0.999417022366285,-0.0341411101827142,
0.));
#16576=DIRECTION('ref_axis',(0.,0.,1.));
#16577=DIRECTION('',(-0.0341411101827142,0.999417022366285,0.));
#16578=DIRECTION('',(0.,0.,1.));
#16579=DIRECTION('center_axis',(-1.,0.,0.));
#16580=DIRECTION('ref_axis',(0.,0.,1.));
#16581=DIRECTION('',(0.,1.,0.));
#16582=DIRECTION('center_axis',(0.,0.,1.));
#16583=DIRECTION('ref_axis',(1.,0.,0.));
#16584=DIRECTION('center_axis',(1.02080354666436E-16,5.893612024325E-16,
1.));
#16585=DIRECTION('ref_axis',(0.829113924050691,-0.559079691050627,3.46943990203874E-16));
#16586=DIRECTION('center_axis',(0.,0.,1.));
#16587=DIRECTION('ref_axis',(1.,0.,0.));
#16588=DIRECTION('center_axis',(1.02080354666436E-16,5.89361202432499E-16,
1.));
#16589=DIRECTION('ref_axis',(0.829113924050683,-0.55907969105064,3.46943990203875E-16));
#16590=DIRECTION('center_axis',(0.,0.,1.));
#16591=DIRECTION('ref_axis',(1.,0.,0.));
#16592=DIRECTION('center_axis',(1.02080354660448E-16,5.89361202417823E-16,
1.));
#16593=DIRECTION('ref_axis',(0.829113924050816,-0.559079691050443,3.46943990203628E-16));
#16594=DIRECTION('center_axis',(0.,0.,1.));
#16595=DIRECTION('ref_axis',(1.,0.,0.));
#16596=DIRECTION('center_axis',(1.02080354660448E-16,5.89361202417821E-16,
1.));
#16597=DIRECTION('ref_axis',(0.829113924050801,-0.559079691050464,3.46943990203631E-16));
#16598=DIRECTION('center_axis',(0.,0.,-1.));
#16599=DIRECTION('ref_axis',(-1.,0.,0.));
#16600=DIRECTION('center_axis',(5.21386651944506E-17,1.03116294766747E-16,
1.));
#16601=DIRECTION('ref_axis',(0.829113924050608,-0.55907969105075,0.));
#16602=DIRECTION('center_axis',(5.2138665194505E-17,1.03116294766756E-16,
1.));
#16603=DIRECTION('ref_axis',(0.829113924050737,-0.559079691050559,0.));
#16604=DIRECTION('center_axis',(5.21386651944503E-17,1.03116294766461E-16,
1.));
#16605=DIRECTION('ref_axis',(0.829113924050679,-0.559079691050645,0.));
#16606=DIRECTION('center_axis',(5.21386651945046E-17,1.0311629476647E-16,
1.));
#16607=DIRECTION('ref_axis',(0.829113924050807,-0.559079691050456,0.));
#16608=DIRECTION('center_axis',(0.,0.,-1.));
#16609=DIRECTION('ref_axis',(-1.,-5.55110384325558E-13,0.));
#16610=DIRECTION('center_axis',(2.04160709332873E-16,1.178722404865E-15,
1.));
#16611=DIRECTION('ref_axis',(0.829113924050691,-0.559079691050627,6.93887980407747E-16));
#16612=DIRECTION('',(0.,0.,-1.));
#16613=DIRECTION('center_axis',(0.,0.,-1.));
#16614=DIRECTION('ref_axis',(-1.,-5.55110384325546E-13,0.));
#16615=DIRECTION('center_axis',(2.04160709332872E-16,1.178722404865E-15,
1.));
#16616=DIRECTION('ref_axis',(0.829113924050683,-0.55907969105064,6.93887980407749E-16));
#16617=DIRECTION('',(0.,0.,-1.));
#16618=DIRECTION('center_axis',(0.,0.,-1.));
#16619=DIRECTION('ref_axis',(-1.,-5.49559280482632E-13,0.));
#16620=DIRECTION('center_axis',(2.04160709320897E-16,1.17872240483565E-15,
1.));
#16621=DIRECTION('ref_axis',(0.829113924050816,-0.559079691050443,6.93887980407256E-16));
#16622=DIRECTION('',(0.,0.,-1.));
#16623=DIRECTION('center_axis',(0.,0.,-1.));
#16624=DIRECTION('ref_axis',(-1.,-5.4955928048262E-13,0.));
#16625=DIRECTION('center_axis',(2.04160709320896E-16,1.17872240483564E-15,
1.));
#16626=DIRECTION('ref_axis',(0.829113924050801,-0.559079691050464,6.93887980407263E-16));
#16627=DIRECTION('',(0.,0.,-1.));
#16628=DIRECTION('center_axis',(0.,0.,-1.));
#16629=DIRECTION('ref_axis',(-1.,-5.53779184357788E-13,0.));
#16630=DIRECTION('',(0.,0.,1.));
#16631=DIRECTION('center_axis',(1.04277330388901E-16,2.06232589533494E-16,
1.));
#16632=DIRECTION('ref_axis',(0.829113924050608,-0.55907969105075,0.));
#16633=DIRECTION('center_axis',(0.,0.,-1.));
#16634=DIRECTION('ref_axis',(-1.,-5.4951934447749E-13,0.));
#16635=DIRECTION('',(0.,0.,1.));
#16636=DIRECTION('center_axis',(1.0427733038901E-16,2.06232589533511E-16,
1.));
#16637=DIRECTION('ref_axis',(0.829113924050737,-0.559079691050559,0.));
#16638=DIRECTION('center_axis',(0.,0.,-1.));
#16639=DIRECTION('ref_axis',(-1.,-5.53779184364025E-13,0.));
#16640=DIRECTION('',(0.,0.,1.));
#16641=DIRECTION('center_axis',(1.04277330388901E-16,2.06232589532923E-16,
1.));
#16642=DIRECTION('ref_axis',(0.829113924050679,-0.559079691050645,0.));
#16643=DIRECTION('center_axis',(0.,0.,-1.));
#16644=DIRECTION('ref_axis',(-1.,-5.51649264423538E-13,0.));
#16645=DIRECTION('',(0.,0.,1.));
#16646=DIRECTION('center_axis',(1.04277330389009E-16,2.0623258953294E-16,
1.));
#16647=DIRECTION('ref_axis',(0.829113924050807,-0.559079691050456,0.));
#16648=DIRECTION('center_axis',(0.,0.,1.));
#16649=DIRECTION('ref_axis',(1.,0.,0.));
#16650=DIRECTION('center_axis',(1.13817817043703E-16,6.57127473086725E-16,
1.));
#16651=DIRECTION('ref_axis',(0.829113924050477,-0.559079691050945,3.86836504757229E-16));
#16652=DIRECTION('center_axis',(0.,0.,1.));
#16653=DIRECTION('ref_axis',(1.,0.,0.));
#16654=DIRECTION('center_axis',(1.13817817043704E-16,6.5712747308674E-16,
1.));
#16655=DIRECTION('ref_axis',(0.829113924050554,-0.559079691050831,3.86836504757218E-16));
#16656=DIRECTION('center_axis',(0.,0.,1.));
#16657=DIRECTION('ref_axis',(1.,0.,0.));
#16658=DIRECTION('center_axis',(1.13817817042527E-16,6.57127473078839E-16,
1.));
#16659=DIRECTION('ref_axis',(0.829113924050686,-0.559079691050635,3.86836504756748E-16));
#16660=DIRECTION('center_axis',(0.,0.,1.));
#16661=DIRECTION('ref_axis',(1.,0.,0.));
#16662=DIRECTION('center_axis',(1.13817817042528E-16,6.57127473078854E-16,
1.));
#16663=DIRECTION('ref_axis',(0.829113924050766,-0.559079691050516,3.86836504756737E-16));
#16664=DIRECTION('center_axis',(0.,0.,1.));
#16665=DIRECTION('ref_axis',(1.,0.,0.));
#16666=DIRECTION('center_axis',(1.5151096436383E-16,2.99648048210235E-16,
1.));
#16667=DIRECTION('ref_axis',(0.829113924050477,-0.559079691050945,0.));
#16668=DIRECTION('center_axis',(0.,0.,1.));
#16669=DIRECTION('ref_axis',(1.,0.,0.));
#16670=DIRECTION('center_axis',(1.51510964363831E-16,2.99648048210255E-16,
1.));
#16671=DIRECTION('ref_axis',(0.829113924050554,-0.559079691050831,0.));
#16672=DIRECTION('center_axis',(0.,0.,1.));
#16673=DIRECTION('ref_axis',(1.,0.,0.));
#16674=DIRECTION('center_axis',(1.51510964363293E-16,2.99648048206639E-16,
1.));
#16675=DIRECTION('ref_axis',(0.829113924050686,-0.559079691050635,0.));
#16676=DIRECTION('center_axis',(0.,0.,1.));
#16677=DIRECTION('ref_axis',(1.,0.,0.));
#16678=DIRECTION('center_axis',(1.51510964363295E-16,2.99648048206659E-16,
1.));
#16679=DIRECTION('ref_axis',(0.829113924050766,-0.559079691050516,0.));
#16680=DIRECTION('center_axis',(0.,0.,-1.));
#16681=DIRECTION('ref_axis',(-1.,-5.50855182772908E-13,0.));
#16682=DIRECTION('',(0.,0.,1.));
#16683=DIRECTION('center_axis',(0.,0.,-1.));
#16684=DIRECTION('ref_axis',(-1.,-5.50855182772349E-13,0.));
#16685=DIRECTION('',(0.,0.,1.));
#16686=DIRECTION('center_axis',(0.,0.,-1.));
#16687=DIRECTION('ref_axis',(-1.,-5.50855182774333E-13,0.));
#16688=DIRECTION('',(0.,0.,1.));
#16689=DIRECTION('center_axis',(0.,0.,-1.));
#16690=DIRECTION('ref_axis',(-1.,-5.50855182773778E-13,0.));
#16691=DIRECTION('',(0.,0.,1.));
#16692=DIRECTION('',(0.,0.,1.));
#16693=DIRECTION('',(1.,0.,0.));
#16694=CARTESIAN_POINT('',(0.,0.,0.));
#16695=CARTESIAN_POINT('',(0.,0.,0.));
#16696=CARTESIAN_POINT('Origin',(93.3955480949065,-136.26461103715,15.240030480061));
#16697=CARTESIAN_POINT('',(93.590551181102,-136.2712725425,4.699009398019));
#16698=CARTESIAN_POINT('',(93.590551181102,-136.2712725425,15.240030480061));
#16699=CARTESIAN_POINT('',(93.590551181102,-136.2712725425,4.699009398019));
#16700=CARTESIAN_POINT('',(93.200545008711,-136.2579495318,15.240030480061));
#16701=CARTESIAN_POINT('',(93.590551181102,-136.2712725425,15.240030480061));
#16702=CARTESIAN_POINT('',(93.200545008711,-136.2579495318,4.699009398019));
#16703=CARTESIAN_POINT('',(93.200545008711,-136.2579495318,4.699009398019));
#16704=CARTESIAN_POINT('',(93.590551181102,-136.2712725425,4.699009398019));
#16705=CARTESIAN_POINT('Origin',(132.770129540256,-136.2712725425,15.240030480061));
#16706=CARTESIAN_POINT('',(171.94970789941,-136.2712725425,4.699009398019));
#16707=CARTESIAN_POINT('',(171.94970789941,-136.2712725425,15.240030480061));
#16708=CARTESIAN_POINT('',(171.94970789941,-136.2712725425,4.699009398019));
#16709=CARTESIAN_POINT('',(171.94970789941,-136.2712725425,15.240030480061));
#16710=CARTESIAN_POINT('',(171.94970789941,-136.2712725425,4.699009398019));
#16711=CARTESIAN_POINT('Origin',(93.00645111692,-136.2379960747,15.240030480061));
#16712=CARTESIAN_POINT('',(92.812357225129,-136.2180426176,15.240030480061));
#16713=CARTESIAN_POINT('',(93.200545008711,-136.2579495318,15.240030480061));
#16714=CARTESIAN_POINT('',(92.812357225129,-136.2180426176,4.699009398019));
#16715=CARTESIAN_POINT('',(92.812357225129,-136.2180426176,4.699009398019));
#16716=CARTESIAN_POINT('',(93.200545008711,-136.2579495318,4.699009398019));
#16717=CARTESIAN_POINT('Origin',(132.770129540255,-136.2712725425,4.699009398019));
#16718=CARTESIAN_POINT('',(92.427797741,-136.1517378645,4.699009398019));
#16719=CARTESIAN_POINT('',(92.812357225129,-136.2180426176,4.699009398019));
#16720=CARTESIAN_POINT('',(92.048659550157,-136.0593444158,4.699009398019));
#16721=CARTESIAN_POINT('',(92.427797741,-136.1517378645,4.699009398019));
#16722=CARTESIAN_POINT('',(91.676710369864,-135.9412930524,4.699009398019));
#16723=CARTESIAN_POINT('',(92.048659550157,-136.0593444158,4.699009398019));
#16724=CARTESIAN_POINT('',(91.313684398898,-135.7981341843,4.699009398019));
#16725=CARTESIAN_POINT('',(91.676710369864,-135.9412930524,4.699009398019));
#16726=CARTESIAN_POINT('',(90.961274231915,-135.6305352842,4.699009398019));
#16727=CARTESIAN_POINT('',(91.313684398898,-135.7981341843,4.699009398019));
#16728=CARTESIAN_POINT('',(90.621122967793,-135.4392777755,4.699009398019));
#16729=CARTESIAN_POINT('',(90.961274231915,-135.6305352842,4.699009398019));
#16730=CARTESIAN_POINT('',(90.294816548747,-135.225253389,4.699009398019));
#16731=CARTESIAN_POINT('',(90.621122967793,-135.4392777755,4.699009398019));
#16732=CARTESIAN_POINT('',(89.983876365929,-134.9894600052,4.699009398019));
#16733=CARTESIAN_POINT('',(90.294816548747,-135.225253389,4.699009398019));
#16734=CARTESIAN_POINT('',(89.68975216601,-134.7329970018,4.699009398019));
#16735=CARTESIAN_POINT('',(89.983876365929,-134.9894600052,4.699009398019));
#16736=CARTESIAN_POINT('',(89.413815291781,-134.4570601276,4.699009398019));
#16737=CARTESIAN_POINT('',(89.68975216601,-134.7329970018,4.699009398019));
#16738=CARTESIAN_POINT('',(89.157352288329,-134.1629359276,4.699009398019));
#16739=CARTESIAN_POINT('',(89.413815291781,-134.4570601276,4.699009398019));
#16740=CARTESIAN_POINT('',(88.921558904563,-133.8519957448,4.699009398019));
#16741=CARTESIAN_POINT('',(89.157352288329,-134.1629359276,4.699009398019));
#16742=CARTESIAN_POINT('',(88.707534518086,-133.5256893258,4.699009398019));
#16743=CARTESIAN_POINT('',(88.921558904563,-133.8519957448,4.699009398019));
#16744=CARTESIAN_POINT('',(88.516277009384,-133.1855380617,4.699009398019));
#16745=CARTESIAN_POINT('',(88.707534518086,-133.5256893258,4.699009398019));
#16746=CARTESIAN_POINT('',(88.348678109253,-132.8331278947,4.699009398019));
#16747=CARTESIAN_POINT('',(88.516277009384,-133.1855380617,4.699009398019));
#16748=CARTESIAN_POINT('',(88.205519241129,-132.4701019237,4.699009398019));
#16749=CARTESIAN_POINT('',(88.348678109253,-132.8331278947,4.699009398019));
#16750=CARTESIAN_POINT('',(88.087467877743,-132.0981527434,4.699009398019));
#16751=CARTESIAN_POINT('',(88.205519241129,-132.4701019237,4.699009398019));
#16752=CARTESIAN_POINT('',(87.995074429044,-131.7190145526,4.699009398019));
#16753=CARTESIAN_POINT('',(88.087467877743,-132.0981527434,4.699009398019));
#16754=CARTESIAN_POINT('',(87.928769675942,-131.3344550684,4.699009398019));
#16755=CARTESIAN_POINT('',(87.995074429044,-131.7190145526,4.699009398019));
#16756=CARTESIAN_POINT('',(87.888862761802,-130.9462672849,4.699009398019));
#16757=CARTESIAN_POINT('',(87.928769675942,-131.3344550684,4.699009398019));
#16758=CARTESIAN_POINT('',(87.87553975108,-130.5562611125,4.699009398019));
#16759=CARTESIAN_POINT('',(87.888862761802,-130.9462672849,4.699009398019));
#16760=CARTESIAN_POINT('',(87.87553975108,-57.02311404622,4.699009398019));
#16761=CARTESIAN_POINT('',(87.87553975108,-130.5562611125,4.699009398019));
#16762=CARTESIAN_POINT('',(87.888862761802,-56.63310787383,4.699009398019));
#16763=CARTESIAN_POINT('',(87.87553975108,-57.02311404622,4.699009398019));
#16764=CARTESIAN_POINT('',(87.928769675942,-56.24492009025,4.699009398019));
#16765=CARTESIAN_POINT('',(87.888862761802,-56.63310787383,4.699009398019));
#16766=CARTESIAN_POINT('',(87.995074429044,-55.86036060612,4.699009398019));
#16767=CARTESIAN_POINT('',(87.928769675942,-56.24492009025,4.699009398019));
#16768=CARTESIAN_POINT('',(88.087467877743,-55.48122241528,4.699009398019));
#16769=CARTESIAN_POINT('',(87.995074429044,-55.86036060612,4.699009398019));
#16770=CARTESIAN_POINT('',(88.205519241129,-55.10927323498,4.699009398019));
#16771=CARTESIAN_POINT('',(88.087467877743,-55.48122241528,4.699009398019));
#16772=CARTESIAN_POINT('',(88.348678109253,-54.74624726402,4.699009398019));
#16773=CARTESIAN_POINT('',(88.205519241129,-55.10927323498,4.699009398019));
#16774=CARTESIAN_POINT('',(88.516277009384,-54.39383709704,4.699009398019));
#16775=CARTESIAN_POINT('',(88.348678109253,-54.74624726402,4.699009398019));
#16776=CARTESIAN_POINT('',(88.707534518086,-54.05368583291,4.699009398019));
#16777=CARTESIAN_POINT('',(88.516277009384,-54.39383709704,4.699009398019));
#16778=CARTESIAN_POINT('',(88.921558904563,-53.72737941387,4.699009398019));
#16779=CARTESIAN_POINT('',(88.707534518086,-54.05368583291,4.699009398019));
#16780=CARTESIAN_POINT('',(89.157352288329,-53.41643923105,4.699009398019));
#16781=CARTESIAN_POINT('',(88.921558904563,-53.72737941387,4.699009398019));
#16782=CARTESIAN_POINT('',(89.413815291781,-53.12231503113,4.699009398019));
#16783=CARTESIAN_POINT('',(89.157352288329,-53.41643923105,4.699009398019));
#16784=CARTESIAN_POINT('',(89.68975216601,-52.8463781569,4.699009398019));
#16785=CARTESIAN_POINT('',(89.413815291781,-53.12231503113,4.699009398019));
#16786=CARTESIAN_POINT('',(89.983876365929,-52.58991515345,4.699009398019));
#16787=CARTESIAN_POINT('',(89.68975216601,-52.8463781569,4.699009398019));
#16788=CARTESIAN_POINT('',(90.294816548747,-52.35412176968,4.699009398019));
#16789=CARTESIAN_POINT('',(89.983876365929,-52.58991515345,4.699009398019));
#16790=CARTESIAN_POINT('',(90.621122967793,-52.14009738321,4.699009398019));
#16791=CARTESIAN_POINT('',(90.294816548747,-52.35412176968,4.699009398019));
#16792=CARTESIAN_POINT('',(90.961274231915,-51.94883987451,4.699009398019));
#16793=CARTESIAN_POINT('',(90.621122967793,-52.14009738321,4.699009398019));
#16794=CARTESIAN_POINT('',(91.313684398898,-51.78124097437,4.699009398019));
#16795=CARTESIAN_POINT('',(90.961274231915,-51.94883987451,4.699009398019));
#16796=CARTESIAN_POINT('',(91.676710369864,-51.63808210625,4.699009398019));
#16797=CARTESIAN_POINT('',(91.313684398898,-51.78124097437,4.699009398019));
#16798=CARTESIAN_POINT('',(92.048659550157,-51.52003074286,4.699009398019));
#16799=CARTESIAN_POINT('',(91.676710369864,-51.63808210625,4.699009398019));
#16800=CARTESIAN_POINT('',(92.427797741,-51.42763729417,4.699009398019));
#16801=CARTESIAN_POINT('',(92.048659550157,-51.52003074286,4.699009398019));
#16802=CARTESIAN_POINT('',(92.812357225129,-51.36133254106,4.699009398019));
#16803=CARTESIAN_POINT('',(92.427797741,-51.42763729417,4.699009398019));
#16804=CARTESIAN_POINT('',(93.200545008711,-51.32142562692,4.699009398019));
#16805=CARTESIAN_POINT('',(92.812357225129,-51.36133254106,4.699009398019));
#16806=CARTESIAN_POINT('',(93.590551181102,-51.3081026162,4.699009398019));
#16807=CARTESIAN_POINT('',(93.200545008711,-51.32142562692,4.699009398019));
#16808=CARTESIAN_POINT('',(171.94970789941,-51.3081026162,4.699009398019));
#16809=CARTESIAN_POINT('',(93.590551181102,-51.3081026162,4.699009398019));
#16810=CARTESIAN_POINT('',(172.3397140718,-51.32142562692,4.699009398019));
#16811=CARTESIAN_POINT('',(171.94970789941,-51.3081026162,4.699009398019));
#16812=CARTESIAN_POINT('',(172.72790185538,-51.36133254106,4.699009398019));
#16813=CARTESIAN_POINT('',(172.3397140718,-51.32142562692,4.699009398019));
#16814=CARTESIAN_POINT('',(173.11246133951,-51.42763729417,4.699009398019));
#16815=CARTESIAN_POINT('',(172.72790185538,-51.36133254106,4.699009398019));
#16816=CARTESIAN_POINT('',(173.49159953036,-51.52003074286,4.699009398019));
#16817=CARTESIAN_POINT('',(173.11246133951,-51.42763729417,4.699009398019));
#16818=CARTESIAN_POINT('',(173.86354871065,-51.63808210625,4.699009398019));
#16819=CARTESIAN_POINT('',(173.49159953036,-51.52003074286,4.699009398019));
#16820=CARTESIAN_POINT('',(174.22657468162,-51.78124097437,4.699009398019));
#16821=CARTESIAN_POINT('',(173.86354871065,-51.63808210625,4.699009398019));
#16822=CARTESIAN_POINT('',(174.5789848486,-51.94883987451,4.699009398019));
#16823=CARTESIAN_POINT('',(174.22657468162,-51.78124097437,4.699009398019));
#16824=CARTESIAN_POINT('',(174.91913611272,-52.14009738321,4.699009398019));
#16825=CARTESIAN_POINT('',(174.5789848486,-51.94883987451,4.699009398019));
#16826=CARTESIAN_POINT('',(175.24544253177,-52.35412176968,4.699009398019));
#16827=CARTESIAN_POINT('',(174.91913611272,-52.14009738321,4.699009398019));
#16828=CARTESIAN_POINT('',(175.55638271458,-52.58991515345,4.699009398019));
#16829=CARTESIAN_POINT('',(175.24544253177,-52.35412176968,4.699009398019));
#16830=CARTESIAN_POINT('',(175.8505069145,-52.8463781569,4.699009398019));
#16831=CARTESIAN_POINT('',(175.55638271458,-52.58991515345,4.699009398019));
#16832=CARTESIAN_POINT('',(176.12644378873,-53.12231503113,4.699009398019));
#16833=CARTESIAN_POINT('',(175.8505069145,-52.8463781569,4.699009398019));
#16834=CARTESIAN_POINT('',(176.38290679218,-53.41643923105,4.699009398019));
#16835=CARTESIAN_POINT('',(176.12644378873,-53.12231503113,4.699009398019));
#16836=CARTESIAN_POINT('',(176.61870017595,-53.72737941387,4.699009398019));
#16837=CARTESIAN_POINT('',(176.38290679218,-53.41643923105,4.699009398019));
#16838=CARTESIAN_POINT('',(176.83272456243,-54.05368583291,4.699009398019));
#16839=CARTESIAN_POINT('',(176.61870017595,-53.72737941387,4.699009398019));
#16840=CARTESIAN_POINT('',(177.02398207113,-54.39383709704,4.699009398019));
#16841=CARTESIAN_POINT('',(176.83272456243,-54.05368583291,4.699009398019));
#16842=CARTESIAN_POINT('',(177.19158097126,-54.74624726402,4.699009398019));
#16843=CARTESIAN_POINT('',(177.02398207113,-54.39383709704,4.699009398019));
#16844=CARTESIAN_POINT('',(177.33473983938,-55.10927323498,4.699009398019));
#16845=CARTESIAN_POINT('',(177.19158097126,-54.74624726402,4.699009398019));
#16846=CARTESIAN_POINT('',(177.45279120277,-55.48122241528,4.699009398019));
#16847=CARTESIAN_POINT('',(177.33473983938,-55.10927323498,4.699009398019));
#16848=CARTESIAN_POINT('',(177.54518465147,-55.86036060612,4.699009398019));
#16849=CARTESIAN_POINT('',(177.45279120277,-55.48122241528,4.699009398019));
#16850=CARTESIAN_POINT('',(177.61148940457,-56.24492009025,4.699009398019));
#16851=CARTESIAN_POINT('',(177.54518465147,-55.86036060612,4.699009398019));
#16852=CARTESIAN_POINT('',(177.65139631871,-56.63310787383,4.699009398019));
#16853=CARTESIAN_POINT('',(177.61148940457,-56.24492009025,4.699009398019));
#16854=CARTESIAN_POINT('',(177.66471932943,-57.02311404622,4.699009398019));
#16855=CARTESIAN_POINT('',(177.65139631871,-56.63310787383,4.699009398019));
#16856=CARTESIAN_POINT('',(177.66471932943,-130.5562611125,4.699009398019));
#16857=CARTESIAN_POINT('',(177.66471932943,-57.02311404622,4.699009398019));
#16858=CARTESIAN_POINT('',(177.65139631871,-130.9462672849,4.699009398019));
#16859=CARTESIAN_POINT('',(177.66471932943,-130.5562611125,4.699009398019));
#16860=CARTESIAN_POINT('',(177.61148940457,-131.3344550684,4.699009398019));
#16861=CARTESIAN_POINT('',(177.65139631871,-130.9462672849,4.699009398019));
#16862=CARTESIAN_POINT('',(177.54518465147,-131.7190145526,4.699009398019));
#16863=CARTESIAN_POINT('',(177.61148940457,-131.3344550684,4.699009398019));
#16864=CARTESIAN_POINT('',(177.45279120277,-132.0981527434,4.699009398019));
#16865=CARTESIAN_POINT('',(177.54518465147,-131.7190145526,4.699009398019));
#16866=CARTESIAN_POINT('',(177.33473983938,-132.4701019237,4.699009398019));
#16867=CARTESIAN_POINT('',(177.45279120277,-132.0981527434,4.699009398019));
#16868=CARTESIAN_POINT('',(177.19158097126,-132.8331278947,4.699009398019));
#16869=CARTESIAN_POINT('',(177.33473983938,-132.4701019237,4.699009398019));
#16870=CARTESIAN_POINT('',(177.02398207113,-133.1855380617,4.699009398019));
#16871=CARTESIAN_POINT('',(177.19158097126,-132.8331278947,4.699009398019));
#16872=CARTESIAN_POINT('',(176.83272456243,-133.5256893258,4.699009398019));
#16873=CARTESIAN_POINT('',(177.02398207113,-133.1855380617,4.699009398019));
#16874=CARTESIAN_POINT('',(176.61870017595,-133.8519957448,4.699009398019));
#16875=CARTESIAN_POINT('',(176.83272456243,-133.5256893258,4.699009398019));
#16876=CARTESIAN_POINT('',(176.38290679218,-134.1629359276,4.699009398019));
#16877=CARTESIAN_POINT('',(176.61870017595,-133.8519957448,4.699009398019));
#16878=CARTESIAN_POINT('',(176.12644378873,-134.4570601276,4.699009398019));
#16879=CARTESIAN_POINT('',(176.38290679218,-134.1629359276,4.699009398019));
#16880=CARTESIAN_POINT('',(175.8505069145,-134.7329970018,4.699009398019));
#16881=CARTESIAN_POINT('',(176.12644378873,-134.4570601276,4.699009398019));
#16882=CARTESIAN_POINT('',(175.55638271458,-134.9894600052,4.699009398019));
#16883=CARTESIAN_POINT('',(175.8505069145,-134.7329970018,4.699009398019));
#16884=CARTESIAN_POINT('',(175.24544253177,-135.225253389,4.699009398019));
#16885=CARTESIAN_POINT('',(175.55638271458,-134.9894600052,4.699009398019));
#16886=CARTESIAN_POINT('',(174.91913611272,-135.4392777755,4.699009398019));
#16887=CARTESIAN_POINT('',(175.24544253177,-135.225253389,4.699009398019));
#16888=CARTESIAN_POINT('',(174.5789848486,-135.6305352842,4.699009398019));
#16889=CARTESIAN_POINT('',(174.91913611272,-135.4392777755,4.699009398019));
#16890=CARTESIAN_POINT('',(174.22657468162,-135.7981341843,4.699009398019));
#16891=CARTESIAN_POINT('',(174.5789848486,-135.6305352842,4.699009398019));
#16892=CARTESIAN_POINT('',(173.86354871065,-135.9412930524,4.699009398019));
#16893=CARTESIAN_POINT('',(174.22657468162,-135.7981341843,4.699009398019));
#16894=CARTESIAN_POINT('',(173.49159953036,-136.0593444158,4.699009398019));
#16895=CARTESIAN_POINT('',(173.86354871065,-135.9412930524,4.699009398019));
#16896=CARTESIAN_POINT('',(173.11246133951,-136.1517378645,4.699009398019));
#16897=CARTESIAN_POINT('',(173.49159953036,-136.0593444158,4.699009398019));
#16898=CARTESIAN_POINT('',(172.72790185538,-136.2180426176,4.699009398019));
#16899=CARTESIAN_POINT('',(173.11246133951,-136.1517378645,4.699009398019));
#16900=CARTESIAN_POINT('',(172.3397140718,-136.2579495318,4.699009398019));
#16901=CARTESIAN_POINT('',(172.72790185538,-136.2180426176,4.699009398019));
#16902=CARTESIAN_POINT('',(172.3397140718,-136.2579495318,4.699009398019));
#16903=CARTESIAN_POINT('',(171.94970789941,-52.57810515621,4.699009398019));
#16904=CARTESIAN_POINT('',(172.25304603349,-52.58846749788,4.699009398019));
#16905=CARTESIAN_POINT('',(171.94970789941,-52.57810515621,4.699009398019));
#16906=CARTESIAN_POINT('',(93.590551181102,-52.57810515621,4.699009398019));
#16907=CARTESIAN_POINT('',(93.590551181102,-52.57810515621,4.699009398019));
#16908=CARTESIAN_POINT('',(93.28721304702,-52.58846749788,4.699009398019));
#16909=CARTESIAN_POINT('',(93.28721304702,-52.58846749788,4.699009398019));
#16910=CARTESIAN_POINT('',(92.985289215346,-52.61950620888,4.699009398019));
#16911=CARTESIAN_POINT('',(92.985289215346,-52.61950620888,4.699009398019));
#16912=CARTESIAN_POINT('',(92.686187394356,-52.6710765724,4.699009398019));
#16913=CARTESIAN_POINT('',(92.686187394356,-52.6710765724,4.699009398019));
#16914=CARTESIAN_POINT('',(92.391302134811,-52.74293814361,4.699009398019));
#16915=CARTESIAN_POINT('',(92.391302134811,-52.74293814361,4.699009398019));
#16916=CARTESIAN_POINT('',(92.102008327917,-52.83475587069,4.699009398019));
#16917=CARTESIAN_POINT('',(92.102008327917,-52.83475587069,4.699009398019));
#16918=CARTESIAN_POINT('',(91.819654794943,-52.94610165701,4.699009398019));
#16919=CARTESIAN_POINT('',(91.819654794943,-52.94610165701,4.699009398019));
#16920=CARTESIAN_POINT('',(91.545557998401,-53.07645635711,4.699009398019));
#16921=CARTESIAN_POINT('',(91.545557998401,-53.07645635711,4.699009398019));
#16922=CARTESIAN_POINT('',(91.280995904084,-53.22521219721,4.699009398019));
#16923=CARTESIAN_POINT('',(91.280995904084,-53.22521219721,4.699009398019));
#16924=CARTESIAN_POINT('',(91.027202022603,-53.39167560892,4.699009398019));
#16925=CARTESIAN_POINT('',(91.027202022603,-53.39167560892,4.699009398019));
#16926=CARTESIAN_POINT('',(90.78535965819,-53.57507046296,4.699009398019));
#16927=CARTESIAN_POINT('',(90.78535965819,-53.57507046296,4.699009398019));
#16928=CARTESIAN_POINT('',(90.556596391586,-53.77454168786,4.699009398019));
#16929=CARTESIAN_POINT('',(90.556596391586,-53.77454168786,4.699009398019));
#16930=CARTESIAN_POINT('',(90.341978822741,-53.98915925671,4.699009398019));
#16931=CARTESIAN_POINT('',(90.341978822741,-53.98915925671,4.699009398019));
#16932=CARTESIAN_POINT('',(90.142507597834,-54.21792252331,4.699009398019));
#16933=CARTESIAN_POINT('',(90.142507597834,-54.21792252331,4.699009398019));
#16934=CARTESIAN_POINT('',(89.959112743794,-54.45976488772,4.699009398019));
#16935=CARTESIAN_POINT('',(89.959112743794,-54.45976488772,4.699009398019));
#16936=CARTESIAN_POINT('',(89.79264933209,-54.71355876921,4.699009398019));
#16937=CARTESIAN_POINT('',(89.79264933209,-54.71355876921,4.699009398019));
#16938=CARTESIAN_POINT('',(89.643893491988,-54.97812086352,4.699009398019));
#16939=CARTESIAN_POINT('',(89.643893491988,-54.97812086352,4.699009398019));
#16940=CARTESIAN_POINT('',(89.513538791886,-55.25221766006,4.699009398019));
#16941=CARTESIAN_POINT('',(89.513538791886,-55.25221766006,4.699009398019));
#16942=CARTESIAN_POINT('',(89.402193005568,-55.53457119304,4.699009398019));
#16943=CARTESIAN_POINT('',(89.402193005568,-55.53457119304,4.699009398019));
#16944=CARTESIAN_POINT('',(89.31037527849,-55.82386499993,4.699009398019));
#16945=CARTESIAN_POINT('',(89.31037527849,-55.82386499993,4.699009398019));
#16946=CARTESIAN_POINT('',(89.238513707279,-56.11875025948,4.699009398019));
#16947=CARTESIAN_POINT('',(89.238513707279,-56.11875025948,4.699009398019));
#16948=CARTESIAN_POINT('',(89.186943343755,-56.41785208047,4.699009398019));
#16949=CARTESIAN_POINT('',(89.186943343755,-56.41785208047,4.699009398019));
#16950=CARTESIAN_POINT('',(89.155904632757,-56.71977591214,4.699009398019));
#16951=CARTESIAN_POINT('',(89.155904632757,-56.71977591214,4.699009398019));
#16952=CARTESIAN_POINT('',(89.145542291085,-57.02311404622,4.699009398019));
#16953=CARTESIAN_POINT('',(89.145542291085,-57.02311404622,4.699009398019));
#16954=CARTESIAN_POINT('',(89.145542291085,-130.5562611125,4.699009398019));
#16955=CARTESIAN_POINT('',(89.145542291085,-130.5562611125,4.699009398019));
#16956=CARTESIAN_POINT('',(89.155904632757,-130.8595992466,4.699009398019));
#16957=CARTESIAN_POINT('',(89.155904632757,-130.8595992466,4.699009398019));
#16958=CARTESIAN_POINT('',(89.186943343755,-131.1615230782,4.699009398019));
#16959=CARTESIAN_POINT('',(89.186943343755,-131.1615230782,4.699009398019));
#16960=CARTESIAN_POINT('',(89.238513707279,-131.4606248992,4.699009398019));
#16961=CARTESIAN_POINT('',(89.238513707279,-131.4606248992,4.699009398019));
#16962=CARTESIAN_POINT('',(89.31037527849,-131.7555101588,4.699009398019));
#16963=CARTESIAN_POINT('',(89.31037527849,-131.7555101588,4.699009398019));
#16964=CARTESIAN_POINT('',(89.402193005568,-132.0448039657,4.699009398019));
#16965=CARTESIAN_POINT('',(89.402193005568,-132.0448039657,4.699009398019));
#16966=CARTESIAN_POINT('',(89.513538791886,-132.3271574986,4.699009398019));
#16967=CARTESIAN_POINT('',(89.513538791886,-132.3271574986,4.699009398019));
#16968=CARTESIAN_POINT('',(89.643893491988,-132.6012542952,4.699009398019));
#16969=CARTESIAN_POINT('',(89.643893491988,-132.6012542952,4.699009398019));
#16970=CARTESIAN_POINT('',(89.79264933209,-132.8658163895,4.699009398019));
#16971=CARTESIAN_POINT('',(89.79264933209,-132.8658163895,4.699009398019));
#16972=CARTESIAN_POINT('',(89.959112743794,-133.119610271,4.699009398019));
#16973=CARTESIAN_POINT('',(89.959112743794,-133.119610271,4.699009398019));
#16974=CARTESIAN_POINT('',(90.142507597834,-133.3614526354,4.699009398019));
#16975=CARTESIAN_POINT('',(90.142507597834,-133.3614526354,4.699009398019));
#16976=CARTESIAN_POINT('',(90.341978822741,-133.590215902,4.699009398019));
#16977=CARTESIAN_POINT('',(90.341978822741,-133.590215902,4.699009398019));
#16978=CARTESIAN_POINT('',(90.556596391586,-133.8048334708,4.699009398019));
#16979=CARTESIAN_POINT('',(90.556596391586,-133.8048334708,4.699009398019));
#16980=CARTESIAN_POINT('',(90.78535965819,-134.0043046957,4.699009398019));
#16981=CARTESIAN_POINT('',(90.78535965819,-134.0043046957,4.699009398019));
#16982=CARTESIAN_POINT('',(91.027202022603,-134.1876995498,4.699009398019));
#16983=CARTESIAN_POINT('',(91.027202022603,-134.1876995498,4.699009398019));
#16984=CARTESIAN_POINT('',(91.280995904084,-134.3541629615,4.699009398019));
#16985=CARTESIAN_POINT('',(91.280995904084,-134.3541629615,4.699009398019));
#16986=CARTESIAN_POINT('',(91.545557998401,-134.5029188016,4.699009398019));
#16987=CARTESIAN_POINT('',(91.545557998401,-134.5029188016,4.699009398019));
#16988=CARTESIAN_POINT('',(91.819654794943,-134.6332735017,4.699009398019));
#16989=CARTESIAN_POINT('',(91.819654794943,-134.6332735017,4.699009398019));
#16990=CARTESIAN_POINT('',(92.102008327917,-134.744619288,4.699009398019));
#16991=CARTESIAN_POINT('',(92.102008327917,-134.744619288,4.699009398019));
#16992=CARTESIAN_POINT('',(92.391302134811,-134.8364370151,4.699009398019));
#16993=CARTESIAN_POINT('',(92.391302134811,-134.8364370151,4.699009398019));
#16994=CARTESIAN_POINT('',(92.686187394356,-134.9082985863,4.699009398019));
#16995=CARTESIAN_POINT('',(92.686187394356,-134.9082985863,4.699009398019));
#16996=CARTESIAN_POINT('',(92.985289215346,-134.9598689498,4.699009398019));
#16997=CARTESIAN_POINT('',(92.985289215346,-134.9598689498,4.699009398019));
#16998=CARTESIAN_POINT('',(93.28721304702,-134.9909076608,4.699009398019));
#16999=CARTESIAN_POINT('',(93.28721304702,-134.9909076608,4.699009398019));
#17000=CARTESIAN_POINT('',(93.590551181102,-135.0012700025,4.699009398019));
#17001=CARTESIAN_POINT('',(93.590551181102,-135.0012700025,4.699009398019));
#17002=CARTESIAN_POINT('',(171.94970789941,-135.0012700025,4.699009398019));
#17003=CARTESIAN_POINT('',(93.590551181102,-135.0012700025,4.699009398019));
#17004=CARTESIAN_POINT('',(172.25304603349,-134.9909076608,4.699009398019));
#17005=CARTESIAN_POINT('',(171.94970789941,-135.0012700025,4.699009398019));
#17006=CARTESIAN_POINT('',(172.55496986517,-134.9598689498,4.699009398019));
#17007=CARTESIAN_POINT('',(172.25304603349,-134.9909076608,4.699009398019));
#17008=CARTESIAN_POINT('',(172.85407168616,-134.9082985863,4.699009398019));
#17009=CARTESIAN_POINT('',(172.55496986517,-134.9598689498,4.699009398019));
#17010=CARTESIAN_POINT('',(173.1489569457,-134.8364370151,4.699009398019));
#17011=CARTESIAN_POINT('',(172.85407168616,-134.9082985863,4.699009398019));
#17012=CARTESIAN_POINT('',(173.4382507526,-134.744619288,4.699009398019));
#17013=CARTESIAN_POINT('',(173.1489569457,-134.8364370151,4.699009398019));
#17014=CARTESIAN_POINT('',(173.72060428557,-134.6332735017,4.699009398019));
#17015=CARTESIAN_POINT('',(173.4382507526,-134.744619288,4.699009398019));
#17016=CARTESIAN_POINT('',(173.99470108211,-134.5029188016,4.699009398019));
#17017=CARTESIAN_POINT('',(173.72060428557,-134.6332735017,4.699009398019));
#17018=CARTESIAN_POINT('',(174.25926317643,-134.3541629615,4.699009398019));
#17019=CARTESIAN_POINT('',(173.99470108211,-134.5029188016,4.699009398019));
#17020=CARTESIAN_POINT('',(174.51305705791,-134.1876995498,4.699009398019));
#17021=CARTESIAN_POINT('',(174.25926317643,-134.3541629615,4.699009398019));
#17022=CARTESIAN_POINT('',(174.75489942232,-134.0043046957,4.699009398019));
#17023=CARTESIAN_POINT('',(174.51305705791,-134.1876995498,4.699009398019));
#17024=CARTESIAN_POINT('',(174.98366268893,-133.8048334708,4.699009398019));
#17025=CARTESIAN_POINT('',(174.75489942232,-134.0043046957,4.699009398019));
#17026=CARTESIAN_POINT('',(175.19828025777,-133.590215902,4.699009398019));
#17027=CARTESIAN_POINT('',(174.98366268893,-133.8048334708,4.699009398019));
#17028=CARTESIAN_POINT('',(175.39775148268,-133.3614526354,4.699009398019));
#17029=CARTESIAN_POINT('',(175.19828025777,-133.590215902,4.699009398019));
#17030=CARTESIAN_POINT('',(175.58114633672,-133.119610271,4.699009398019));
#17031=CARTESIAN_POINT('',(175.39775148268,-133.3614526354,4.699009398019));
#17032=CARTESIAN_POINT('',(175.74760974842,-132.8658163895,4.699009398019));
#17033=CARTESIAN_POINT('',(175.58114633672,-133.119610271,4.699009398019));
#17034=CARTESIAN_POINT('',(175.89636558853,-132.6012542952,4.699009398019));
#17035=CARTESIAN_POINT('',(175.74760974842,-132.8658163895,4.699009398019));
#17036=CARTESIAN_POINT('',(176.02672028863,-132.3271574986,4.699009398019));
#17037=CARTESIAN_POINT('',(175.89636558853,-132.6012542952,4.699009398019));
#17038=CARTESIAN_POINT('',(176.13806607495,-132.0448039657,4.699009398019));
#17039=CARTESIAN_POINT('',(176.02672028863,-132.3271574986,4.699009398019));
#17040=CARTESIAN_POINT('',(176.22988380202,-131.7555101588,4.699009398019));
#17041=CARTESIAN_POINT('',(176.13806607495,-132.0448039657,4.699009398019));
#17042=CARTESIAN_POINT('',(176.30174537323,-131.4606248992,4.699009398019));
#17043=CARTESIAN_POINT('',(176.22988380202,-131.7555101588,4.699009398019));
#17044=CARTESIAN_POINT('',(176.35331573676,-131.1615230782,4.699009398019));
#17045=CARTESIAN_POINT('',(176.30174537323,-131.4606248992,4.699009398019));
#17046=CARTESIAN_POINT('',(176.38435444776,-130.8595992466,4.699009398019));
#17047=CARTESIAN_POINT('',(176.35331573676,-131.1615230782,4.699009398019));
#17048=CARTESIAN_POINT('',(176.39471678943,-130.5562611125,4.699009398019));
#17049=CARTESIAN_POINT('',(176.38435444776,-130.8595992466,4.699009398019));
#17050=CARTESIAN_POINT('',(176.39471678943,-57.02311404622,4.699009398019));
#17051=CARTESIAN_POINT('',(176.39471678943,-130.5562611125,4.699009398019));
#17052=CARTESIAN_POINT('',(176.38435444776,-56.71977591214,4.699009398019));
#17053=CARTESIAN_POINT('',(176.38435444776,-56.71977591214,4.699009398019));
#17054=CARTESIAN_POINT('',(176.35331573676,-56.41785208047,4.699009398019));
#17055=CARTESIAN_POINT('',(176.35331573676,-56.41785208047,4.699009398019));
#17056=CARTESIAN_POINT('',(176.30174537323,-56.11875025948,4.699009398019));
#17057=CARTESIAN_POINT('',(176.30174537323,-56.11875025948,4.699009398019));
#17058=CARTESIAN_POINT('',(176.22988380202,-55.82386499993,4.699009398019));
#17059=CARTESIAN_POINT('',(176.22988380202,-55.82386499993,4.699009398019));
#17060=CARTESIAN_POINT('',(176.13806607495,-55.53457119304,4.699009398019));
#17061=CARTESIAN_POINT('',(176.13806607495,-55.53457119304,4.699009398019));
#17062=CARTESIAN_POINT('',(176.02672028863,-55.25221766006,4.699009398019));
#17063=CARTESIAN_POINT('',(176.02672028863,-55.25221766006,4.699009398019));
#17064=CARTESIAN_POINT('',(175.89636558853,-54.97812086352,4.699009398019));
#17065=CARTESIAN_POINT('',(175.89636558853,-54.97812086352,4.699009398019));
#17066=CARTESIAN_POINT('',(175.74760974842,-54.71355876921,4.699009398019));
#17067=CARTESIAN_POINT('',(175.74760974842,-54.71355876921,4.699009398019));
#17068=CARTESIAN_POINT('',(175.58114633672,-54.45976488772,4.699009398019));
#17069=CARTESIAN_POINT('',(175.58114633672,-54.45976488772,4.699009398019));
#17070=CARTESIAN_POINT('',(175.39775148268,-54.21792252331,4.699009398019));
#17071=CARTESIAN_POINT('',(175.39775148268,-54.21792252331,4.699009398019));
#17072=CARTESIAN_POINT('',(175.19828025777,-53.98915925671,4.699009398019));
#17073=CARTESIAN_POINT('',(175.19828025777,-53.98915925671,4.699009398019));
#17074=CARTESIAN_POINT('',(174.98366268893,-53.77454168786,4.699009398019));
#17075=CARTESIAN_POINT('',(174.98366268893,-53.77454168786,4.699009398019));
#17076=CARTESIAN_POINT('',(174.75489942232,-53.57507046296,4.699009398019));
#17077=CARTESIAN_POINT('',(174.75489942232,-53.57507046296,4.699009398019));
#17078=CARTESIAN_POINT('',(174.51305705791,-53.39167560892,4.699009398019));
#17079=CARTESIAN_POINT('',(174.51305705791,-53.39167560892,4.699009398019));
#17080=CARTESIAN_POINT('',(174.25926317643,-53.22521219721,4.699009398019));
#17081=CARTESIAN_POINT('',(174.25926317643,-53.22521219721,4.699009398019));
#17082=CARTESIAN_POINT('',(173.99470108211,-53.07645635711,4.699009398019));
#17083=CARTESIAN_POINT('',(173.99470108211,-53.07645635711,4.699009398019));
#17084=CARTESIAN_POINT('',(173.72060428557,-52.94610165701,4.699009398019));
#17085=CARTESIAN_POINT('',(173.72060428557,-52.94610165701,4.699009398019));
#17086=CARTESIAN_POINT('',(173.4382507526,-52.83475587069,4.699009398019));
#17087=CARTESIAN_POINT('',(173.4382507526,-52.83475587069,4.699009398019));
#17088=CARTESIAN_POINT('',(173.1489569457,-52.74293814361,4.699009398019));
#17089=CARTESIAN_POINT('',(173.1489569457,-52.74293814361,4.699009398019));
#17090=CARTESIAN_POINT('',(172.85407168616,-52.6710765724,4.699009398019));
#17091=CARTESIAN_POINT('',(172.85407168616,-52.6710765724,4.699009398019));
#17092=CARTESIAN_POINT('',(172.55496986517,-52.61950620888,4.699009398019));
#17093=CARTESIAN_POINT('',(172.55496986517,-52.61950620888,4.699009398019));
#17094=CARTESIAN_POINT('',(172.25304603349,-52.58846749788,4.699009398019));
#17095=CARTESIAN_POINT('Origin',(132.770129540255,-136.2712725425,15.240030480061));
#17096=CARTESIAN_POINT('',(172.3397140718,-136.2579495318,15.240030480061));
#17097=CARTESIAN_POINT('',(172.3397140718,-136.2579495318,15.240030480061));
#17098=CARTESIAN_POINT('',(172.72790185538,-136.2180426176,15.240030480061));
#17099=CARTESIAN_POINT('',(172.72790185538,-136.2180426176,15.240030480061));
#17100=CARTESIAN_POINT('',(173.11246133951,-136.1517378645,15.240030480061));
#17101=CARTESIAN_POINT('',(173.11246133951,-136.1517378645,15.240030480061));
#17102=CARTESIAN_POINT('',(173.49159953036,-136.0593444158,15.240030480061));
#17103=CARTESIAN_POINT('',(173.49159953036,-136.0593444158,15.240030480061));
#17104=CARTESIAN_POINT('',(173.86354871065,-135.9412930524,15.240030480061));
#17105=CARTESIAN_POINT('',(173.86354871065,-135.9412930524,15.240030480061));
#17106=CARTESIAN_POINT('',(174.22657468162,-135.7981341843,15.240030480061));
#17107=CARTESIAN_POINT('',(174.22657468162,-135.7981341843,15.240030480061));
#17108=CARTESIAN_POINT('',(174.5789848486,-135.6305352842,15.240030480061));
#17109=CARTESIAN_POINT('',(174.5789848486,-135.6305352842,15.240030480061));
#17110=CARTESIAN_POINT('',(174.91913611272,-135.4392777755,15.240030480061));
#17111=CARTESIAN_POINT('',(174.91913611272,-135.4392777755,15.240030480061));
#17112=CARTESIAN_POINT('',(175.24544253177,-135.225253389,15.240030480061));
#17113=CARTESIAN_POINT('',(175.24544253177,-135.225253389,15.240030480061));
#17114=CARTESIAN_POINT('',(175.55638271458,-134.9894600052,15.240030480061));
#17115=CARTESIAN_POINT('',(175.55638271458,-134.9894600052,15.240030480061));
#17116=CARTESIAN_POINT('',(175.8505069145,-134.7329970018,15.240030480061));
#17117=CARTESIAN_POINT('',(175.8505069145,-134.7329970018,15.240030480061));
#17118=CARTESIAN_POINT('',(176.12644378873,-134.4570601276,15.240030480061));
#17119=CARTESIAN_POINT('',(176.12644378873,-134.4570601276,15.240030480061));
#17120=CARTESIAN_POINT('',(176.38290679218,-134.1629359276,15.240030480061));
#17121=CARTESIAN_POINT('',(176.38290679218,-134.1629359276,15.240030480061));
#17122=CARTESIAN_POINT('',(176.61870017595,-133.8519957448,15.240030480061));
#17123=CARTESIAN_POINT('',(176.61870017595,-133.8519957448,15.240030480061));
#17124=CARTESIAN_POINT('',(176.83272456243,-133.5256893258,15.240030480061));
#17125=CARTESIAN_POINT('',(176.83272456243,-133.5256893258,15.240030480061));
#17126=CARTESIAN_POINT('',(177.02398207113,-133.1855380617,15.240030480061));
#17127=CARTESIAN_POINT('',(177.02398207113,-133.1855380617,15.240030480061));
#17128=CARTESIAN_POINT('',(177.19158097126,-132.8331278947,15.240030480061));
#17129=CARTESIAN_POINT('',(177.19158097126,-132.8331278947,15.240030480061));
#17130=CARTESIAN_POINT('',(177.33473983938,-132.4701019237,15.240030480061));
#17131=CARTESIAN_POINT('',(177.33473983938,-132.4701019237,15.240030480061));
#17132=CARTESIAN_POINT('',(177.45279120277,-132.0981527434,15.240030480061));
#17133=CARTESIAN_POINT('',(177.45279120277,-132.0981527434,15.240030480061));
#17134=CARTESIAN_POINT('',(177.54518465147,-131.7190145526,15.240030480061));
#17135=CARTESIAN_POINT('',(177.54518465147,-131.7190145526,15.240030480061));
#17136=CARTESIAN_POINT('',(177.61148940457,-131.3344550684,15.240030480061));
#17137=CARTESIAN_POINT('',(177.61148940457,-131.3344550684,15.240030480061));
#17138=CARTESIAN_POINT('',(177.65139631871,-130.9462672849,15.240030480061));
#17139=CARTESIAN_POINT('',(177.65139631871,-130.9462672849,15.240030480061));
#17140=CARTESIAN_POINT('',(177.66471932943,-130.5562611125,15.240030480061));
#17141=CARTESIAN_POINT('',(177.66471932943,-130.5562611125,15.240030480061));
#17142=CARTESIAN_POINT('',(177.66471932943,-57.02311404622,15.240030480061));
#17143=CARTESIAN_POINT('',(177.66471932943,-57.02311404622,15.240030480061));
#17144=CARTESIAN_POINT('',(177.65139631871,-56.63310787383,15.240030480061));
#17145=CARTESIAN_POINT('',(177.65139631871,-56.63310787383,15.240030480061));
#17146=CARTESIAN_POINT('',(177.61148940457,-56.24492009025,15.240030480061));
#17147=CARTESIAN_POINT('',(177.61148940457,-56.24492009025,15.240030480061));
#17148=CARTESIAN_POINT('',(177.54518465147,-55.86036060612,15.240030480061));
#17149=CARTESIAN_POINT('',(177.54518465147,-55.86036060612,15.240030480061));
#17150=CARTESIAN_POINT('',(177.45279120277,-55.48122241528,15.240030480061));
#17151=CARTESIAN_POINT('',(177.45279120277,-55.48122241528,15.240030480061));
#17152=CARTESIAN_POINT('',(177.33473983938,-55.10927323498,15.240030480061));
#17153=CARTESIAN_POINT('',(177.33473983938,-55.10927323498,15.240030480061));
#17154=CARTESIAN_POINT('',(177.19158097126,-54.74624726402,15.240030480061));
#17155=CARTESIAN_POINT('',(177.19158097126,-54.74624726402,15.240030480061));
#17156=CARTESIAN_POINT('',(177.02398207113,-54.39383709704,15.240030480061));
#17157=CARTESIAN_POINT('',(177.02398207113,-54.39383709704,15.240030480061));
#17158=CARTESIAN_POINT('',(176.83272456243,-54.05368583291,15.240030480061));
#17159=CARTESIAN_POINT('',(176.83272456243,-54.05368583291,15.240030480061));
#17160=CARTESIAN_POINT('',(176.61870017595,-53.72737941387,15.240030480061));
#17161=CARTESIAN_POINT('',(176.61870017595,-53.72737941387,15.240030480061));
#17162=CARTESIAN_POINT('',(176.38290679218,-53.41643923105,15.240030480061));
#17163=CARTESIAN_POINT('',(176.38290679218,-53.41643923105,15.240030480061));
#17164=CARTESIAN_POINT('',(176.12644378873,-53.12231503113,15.240030480061));
#17165=CARTESIAN_POINT('',(176.12644378873,-53.12231503113,15.240030480061));
#17166=CARTESIAN_POINT('',(175.8505069145,-52.8463781569,15.240030480061));
#17167=CARTESIAN_POINT('',(175.8505069145,-52.8463781569,15.240030480061));
#17168=CARTESIAN_POINT('',(175.55638271458,-52.58991515345,15.240030480061));
#17169=CARTESIAN_POINT('',(175.55638271458,-52.58991515345,15.240030480061));
#17170=CARTESIAN_POINT('',(175.24544253177,-52.35412176968,15.240030480061));
#17171=CARTESIAN_POINT('',(175.24544253177,-52.35412176968,15.240030480061));
#17172=CARTESIAN_POINT('',(174.91913611272,-52.14009738321,15.240030480061));
#17173=CARTESIAN_POINT('',(174.91913611272,-52.14009738321,15.240030480061));
#17174=CARTESIAN_POINT('',(174.5789848486,-51.94883987451,15.240030480061));
#17175=CARTESIAN_POINT('',(174.5789848486,-51.94883987451,15.240030480061));
#17176=CARTESIAN_POINT('',(174.22657468162,-51.78124097437,15.240030480061));
#17177=CARTESIAN_POINT('',(174.22657468162,-51.78124097437,15.240030480061));
#17178=CARTESIAN_POINT('',(173.86354871065,-51.63808210625,15.240030480061));
#17179=CARTESIAN_POINT('',(173.86354871065,-51.63808210625,15.240030480061));
#17180=CARTESIAN_POINT('',(173.49159953036,-51.52003074286,15.240030480061));
#17181=CARTESIAN_POINT('',(173.49159953036,-51.52003074286,15.240030480061));
#17182=CARTESIAN_POINT('',(173.11246133951,-51.42763729417,15.240030480061));
#17183=CARTESIAN_POINT('',(173.11246133951,-51.42763729417,15.240030480061));
#17184=CARTESIAN_POINT('',(172.72790185538,-51.36133254106,15.240030480061));
#17185=CARTESIAN_POINT('',(172.72790185538,-51.36133254106,15.240030480061));
#17186=CARTESIAN_POINT('',(172.3397140718,-51.32142562692,15.240030480061));
#17187=CARTESIAN_POINT('',(172.3397140718,-51.32142562692,15.240030480061));
#17188=CARTESIAN_POINT('',(171.94970789941,-51.3081026162,15.240030480061));
#17189=CARTESIAN_POINT('',(171.94970789941,-51.3081026162,15.240030480061));
#17190=CARTESIAN_POINT('',(93.590551181102,-51.3081026162,15.240030480061));
#17191=CARTESIAN_POINT('',(93.590551181102,-51.3081026162,15.240030480061));
#17192=CARTESIAN_POINT('',(93.200545008711,-51.32142562692,15.240030480061));
#17193=CARTESIAN_POINT('',(93.200545008711,-51.32142562692,15.240030480061));
#17194=CARTESIAN_POINT('',(92.812357225129,-51.36133254106,15.240030480061));
#17195=CARTESIAN_POINT('',(92.812357225129,-51.36133254106,15.240030480061));
#17196=CARTESIAN_POINT('',(92.427797741,-51.42763729417,15.240030480061));
#17197=CARTESIAN_POINT('',(92.427797741,-51.42763729417,15.240030480061));
#17198=CARTESIAN_POINT('',(92.048659550157,-51.52003074286,15.240030480061));
#17199=CARTESIAN_POINT('',(92.048659550157,-51.52003074286,15.240030480061));
#17200=CARTESIAN_POINT('',(91.676710369864,-51.63808210625,15.240030480061));
#17201=CARTESIAN_POINT('',(91.676710369864,-51.63808210625,15.240030480061));
#17202=CARTESIAN_POINT('',(91.313684398898,-51.78124097437,15.240030480061));
#17203=CARTESIAN_POINT('',(91.313684398898,-51.78124097437,15.240030480061));
#17204=CARTESIAN_POINT('',(90.961274231915,-51.94883987451,15.240030480061));
#17205=CARTESIAN_POINT('',(90.961274231915,-51.94883987451,15.240030480061));
#17206=CARTESIAN_POINT('',(90.621122967793,-52.14009738321,15.240030480061));
#17207=CARTESIAN_POINT('',(90.621122967793,-52.14009738321,15.240030480061));
#17208=CARTESIAN_POINT('',(90.294816548747,-52.35412176968,15.240030480061));
#17209=CARTESIAN_POINT('',(90.294816548747,-52.35412176968,15.240030480061));
#17210=CARTESIAN_POINT('',(89.983876365929,-52.58991515345,15.240030480061));
#17211=CARTESIAN_POINT('',(89.983876365929,-52.58991515345,15.240030480061));
#17212=CARTESIAN_POINT('',(89.68975216601,-52.8463781569,15.240030480061));
#17213=CARTESIAN_POINT('',(89.68975216601,-52.8463781569,15.240030480061));
#17214=CARTESIAN_POINT('',(89.413815291781,-53.12231503113,15.240030480061));
#17215=CARTESIAN_POINT('',(89.413815291781,-53.12231503113,15.240030480061));
#17216=CARTESIAN_POINT('',(89.157352288329,-53.41643923105,15.240030480061));
#17217=CARTESIAN_POINT('',(89.157352288329,-53.41643923105,15.240030480061));
#17218=CARTESIAN_POINT('',(88.921558904563,-53.72737941387,15.240030480061));
#17219=CARTESIAN_POINT('',(88.921558904563,-53.72737941387,15.240030480061));
#17220=CARTESIAN_POINT('',(88.707534518086,-54.05368583291,15.240030480061));
#17221=CARTESIAN_POINT('',(88.707534518086,-54.05368583291,15.240030480061));
#17222=CARTESIAN_POINT('',(88.516277009384,-54.39383709704,15.240030480061));
#17223=CARTESIAN_POINT('',(88.516277009384,-54.39383709704,15.240030480061));
#17224=CARTESIAN_POINT('',(88.348678109253,-54.74624726402,15.240030480061));
#17225=CARTESIAN_POINT('',(88.348678109253,-54.74624726402,15.240030480061));
#17226=CARTESIAN_POINT('',(88.205519241129,-55.10927323498,15.240030480061));
#17227=CARTESIAN_POINT('',(88.205519241129,-55.10927323498,15.240030480061));
#17228=CARTESIAN_POINT('',(88.087467877743,-55.48122241528,15.240030480061));
#17229=CARTESIAN_POINT('',(88.087467877743,-55.48122241528,15.240030480061));
#17230=CARTESIAN_POINT('',(87.995074429044,-55.86036060612,15.240030480061));
#17231=CARTESIAN_POINT('',(87.995074429044,-55.86036060612,15.240030480061));
#17232=CARTESIAN_POINT('',(87.928769675942,-56.24492009025,15.240030480061));
#17233=CARTESIAN_POINT('',(87.928769675942,-56.24492009025,15.240030480061));
#17234=CARTESIAN_POINT('',(87.888862761802,-56.63310787383,15.240030480061));
#17235=CARTESIAN_POINT('',(87.888862761802,-56.63310787383,15.240030480061));
#17236=CARTESIAN_POINT('',(87.87553975108,-57.02311404622,15.240030480061));
#17237=CARTESIAN_POINT('',(87.87553975108,-57.02311404622,15.240030480061));
#17238=CARTESIAN_POINT('',(87.87553975108,-130.5562611125,15.240030480061));
#17239=CARTESIAN_POINT('',(87.87553975108,-130.5562611125,15.240030480061));
#17240=CARTESIAN_POINT('',(87.888862761802,-130.9462672849,15.240030480061));
#17241=CARTESIAN_POINT('',(87.888862761802,-130.9462672849,15.240030480061));
#17242=CARTESIAN_POINT('',(87.928769675942,-131.3344550684,15.240030480061));
#17243=CARTESIAN_POINT('',(87.928769675942,-131.3344550684,15.240030480061));
#17244=CARTESIAN_POINT('',(87.995074429044,-131.7190145526,15.240030480061));
#17245=CARTESIAN_POINT('',(87.995074429044,-131.7190145526,15.240030480061));
#17246=CARTESIAN_POINT('',(88.087467877743,-132.0981527434,15.240030480061));
#17247=CARTESIAN_POINT('',(88.087467877743,-132.0981527434,15.240030480061));
#17248=CARTESIAN_POINT('',(88.205519241129,-132.4701019237,15.240030480061));
#17249=CARTESIAN_POINT('',(88.205519241129,-132.4701019237,15.240030480061));
#17250=CARTESIAN_POINT('',(88.348678109253,-132.8331278947,15.240030480061));
#17251=CARTESIAN_POINT('',(88.348678109253,-132.8331278947,15.240030480061));
#17252=CARTESIAN_POINT('',(88.516277009384,-133.1855380617,15.240030480061));
#17253=CARTESIAN_POINT('',(88.516277009384,-133.1855380617,15.240030480061));
#17254=CARTESIAN_POINT('',(88.707534518086,-133.5256893258,15.240030480061));
#17255=CARTESIAN_POINT('',(88.707534518086,-133.5256893258,15.240030480061));
#17256=CARTESIAN_POINT('',(88.921558904563,-133.8519957448,15.240030480061));
#17257=CARTESIAN_POINT('',(88.921558904563,-133.8519957448,15.240030480061));
#17258=CARTESIAN_POINT('',(89.157352288329,-134.1629359276,15.240030480061));
#17259=CARTESIAN_POINT('',(89.157352288329,-134.1629359276,15.240030480061));
#17260=CARTESIAN_POINT('',(89.413815291781,-134.4570601276,15.240030480061));
#17261=CARTESIAN_POINT('',(89.413815291781,-134.4570601276,15.240030480061));
#17262=CARTESIAN_POINT('',(89.68975216601,-134.7329970018,15.240030480061));
#17263=CARTESIAN_POINT('',(89.68975216601,-134.7329970018,15.240030480061));
#17264=CARTESIAN_POINT('',(89.983876365929,-134.9894600052,15.240030480061));
#17265=CARTESIAN_POINT('',(89.983876365929,-134.9894600052,15.240030480061));
#17266=CARTESIAN_POINT('',(90.294816548747,-135.225253389,15.240030480061));
#17267=CARTESIAN_POINT('',(90.294816548747,-135.225253389,15.240030480061));
#17268=CARTESIAN_POINT('',(90.621122967793,-135.4392777755,15.240030480061));
#17269=CARTESIAN_POINT('',(90.621122967793,-135.4392777755,15.240030480061));
#17270=CARTESIAN_POINT('',(90.961274231915,-135.6305352842,15.240030480061));
#17271=CARTESIAN_POINT('',(90.961274231915,-135.6305352842,15.240030480061));
#17272=CARTESIAN_POINT('',(91.313684398898,-135.7981341843,15.240030480061));
#17273=CARTESIAN_POINT('',(91.313684398898,-135.7981341843,15.240030480061));
#17274=CARTESIAN_POINT('',(91.676710369864,-135.9412930524,15.240030480061));
#17275=CARTESIAN_POINT('',(91.676710369864,-135.9412930524,15.240030480061));
#17276=CARTESIAN_POINT('',(92.048659550157,-136.0593444158,15.240030480061));
#17277=CARTESIAN_POINT('',(92.048659550157,-136.0593444158,15.240030480061));
#17278=CARTESIAN_POINT('',(92.427797741,-136.1517378645,15.240030480061));
#17279=CARTESIAN_POINT('',(92.427797741,-136.1517378645,15.240030480061));
#17280=CARTESIAN_POINT('',(92.812357225129,-136.2180426176,15.240030480061));
#17281=CARTESIAN_POINT('',(104.20020840041,-121.9802439604,15.240030480061));
#17282=CARTESIAN_POINT('',(104.20020840041,-83.88016776033,15.240030480061));
#17283=CARTESIAN_POINT('',(104.20020840041,-121.9802439604,15.240030480061));
#17284=CARTESIAN_POINT('',(161.35032270064,-83.88016776033,15.240030480061));
#17285=CARTESIAN_POINT('',(104.20020840041,-83.88016776033,15.240030480061));
#17286=CARTESIAN_POINT('',(161.35032270064,-121.9802439604,15.240030480061));
#17287=CARTESIAN_POINT('',(161.35032270064,-83.88016776033,15.240030480061));
#17288=CARTESIAN_POINT('',(161.35032270064,-121.9802439604,15.240030480061));
#17289=CARTESIAN_POINT('',(157.86112617015,-68.75793759587,15.240030480061));
#17290=CARTESIAN_POINT('Origin',(151.735903457803,-68.7579375958703,15.240030480061));
#17291=CARTESIAN_POINT('Origin',(172.144710985605,-136.26461103715,15.240030480061));
#17292=CARTESIAN_POINT('',(172.3397140718,-136.2579495318,4.699009398019));
#17293=CARTESIAN_POINT('Origin',(92.6200774830645,-136.18489024105,15.240030480061));
#17294=CARTESIAN_POINT('',(92.427797741,-136.1517378645,4.699009398019));
#17295=CARTESIAN_POINT('Origin',(172.53380796359,-136.2379960747,15.240030480061));
#17296=CARTESIAN_POINT('',(172.72790185538,-136.2180426176,4.699009398019));
#17297=CARTESIAN_POINT('Origin',(92.2382286455785,-136.10554114015,15.240030480061));
#17298=CARTESIAN_POINT('',(92.048659550157,-136.0593444158,4.699009398019));
#17299=CARTESIAN_POINT('Origin',(172.920181597445,-136.18489024105,15.240030480061));
#17300=CARTESIAN_POINT('',(173.11246133951,-136.1517378645,4.699009398019));
#17301=CARTESIAN_POINT('Origin',(91.8626849600105,-136.0003187341,15.240030480061));
#17302=CARTESIAN_POINT('',(91.676710369864,-135.9412930524,4.699009398019));
#17303=CARTESIAN_POINT('Origin',(173.302030434935,-136.10554114015,15.240030480061));
#17304=CARTESIAN_POINT('',(173.49159953036,-136.0593444158,4.699009398019));
#17305=CARTESIAN_POINT('Origin',(91.495197384381,-135.86971361835,15.240030480061));
#17306=CARTESIAN_POINT('',(91.313684398898,-135.7981341843,4.699009398019));
#17307=CARTESIAN_POINT('Origin',(173.677574120505,-136.0003187341,15.240030480061));
#17308=CARTESIAN_POINT('',(173.86354871065,-135.9412930524,4.699009398019));
#17309=CARTESIAN_POINT('Origin',(91.1374793154065,-135.71433473425,15.240030480061));
#17310=CARTESIAN_POINT('',(90.961274231915,-135.6305352842,4.699009398019));
#17311=CARTESIAN_POINT('Origin',(174.045061696135,-135.86971361835,15.240030480061));
#17312=CARTESIAN_POINT('',(174.22657468162,-135.7981341843,4.699009398019));
#17313=CARTESIAN_POINT('Origin',(90.791198599854,-135.53490652985,15.240030480061));
#17314=CARTESIAN_POINT('',(90.621122967793,-135.4392777755,4.699009398019));
#17315=CARTESIAN_POINT('Origin',(174.40277976511,-135.71433473425,15.240030480061));
#17316=CARTESIAN_POINT('',(174.5789848486,-135.6305352842,4.699009398019));
#17317=CARTESIAN_POINT('Origin',(90.45796975827,-135.33226558225,15.240030480061));
#17318=CARTESIAN_POINT('',(90.294816548747,-135.225253389,4.699009398019));
#17319=CARTESIAN_POINT('Origin',(174.74906048066,-135.53490652985,15.240030480061));
#17320=CARTESIAN_POINT('',(174.91913611272,-135.4392777755,4.699009398019));
#17321=CARTESIAN_POINT('Origin',(90.139346457338,-135.1073566971,15.240030480061));
#17322=CARTESIAN_POINT('',(89.983876365929,-134.9894600052,4.699009398019));
#17323=CARTESIAN_POINT('Origin',(175.082289322245,-135.33226558225,15.240030480061));
#17324=CARTESIAN_POINT('',(175.24544253177,-135.225253389,4.699009398019));
#17325=CARTESIAN_POINT('Origin',(89.8368142659695,-134.8612285035,15.240030480061));
#17326=CARTESIAN_POINT('',(89.68975216601,-134.7329970018,4.699009398019));
#17327=CARTESIAN_POINT('Origin',(175.400912623175,-135.1073566971,15.240030480061));
#17328=CARTESIAN_POINT('',(175.55638271458,-134.9894600052,4.699009398019));
#17329=CARTESIAN_POINT('Origin',(89.5517837288955,-134.5950285647,15.240030480061));
#17330=CARTESIAN_POINT('',(89.413815291781,-134.4570601276,4.699009398019));
#17331=CARTESIAN_POINT('Origin',(175.70344481454,-134.8612285035,15.240030480061));
#17332=CARTESIAN_POINT('',(175.8505069145,-134.7329970018,4.699009398019));
#17333=CARTESIAN_POINT('Origin',(89.285583790055,-134.3099980276,15.240030480061));
#17334=CARTESIAN_POINT('',(89.157352288329,-134.1629359276,4.699009398019));
#17335=CARTESIAN_POINT('Origin',(175.988475351615,-134.5950285647,15.240030480061));
#17336=CARTESIAN_POINT('',(176.12644378873,-134.4570601276,4.699009398019));
#17337=CARTESIAN_POINT('Origin',(89.039455596446,-134.0074658362,15.240030480061));
#17338=CARTESIAN_POINT('',(88.921558904563,-133.8519957448,4.699009398019));
#17339=CARTESIAN_POINT('Origin',(176.254675290455,-134.3099980276,15.240030480061));
#17340=CARTESIAN_POINT('',(176.38290679218,-134.1629359276,4.699009398019));
#17341=CARTESIAN_POINT('Origin',(88.8145467113245,-133.6888425353,15.240030480061));
#17342=CARTESIAN_POINT('',(88.707534518086,-133.5256893258,4.699009398019));
#17343=CARTESIAN_POINT('Origin',(176.500803484065,-134.0074658362,15.240030480061));
#17344=CARTESIAN_POINT('',(176.61870017595,-133.8519957448,4.699009398019));
#17345=CARTESIAN_POINT('Origin',(88.611905763735,-133.35561369375,15.240030480061));
#17346=CARTESIAN_POINT('',(88.516277009384,-133.1855380617,4.699009398019));
#17347=CARTESIAN_POINT('Origin',(176.72571236919,-133.6888425353,15.240030480061));
#17348=CARTESIAN_POINT('',(176.83272456243,-133.5256893258,4.699009398019));
#17349=CARTESIAN_POINT('Origin',(88.4324775593185,-133.0093329782,15.240030480061));
#17350=CARTESIAN_POINT('',(88.348678109253,-132.8331278947,4.699009398019));
#17351=CARTESIAN_POINT('Origin',(176.92835331678,-133.35561369375,15.240030480061));
#17352=CARTESIAN_POINT('',(177.02398207113,-133.1855380617,4.699009398019));
#17353=CARTESIAN_POINT('Origin',(88.277098675191,-132.6516149092,15.240030480061));
#17354=CARTESIAN_POINT('',(88.205519241129,-132.4701019237,4.699009398019));
#17355=CARTESIAN_POINT('Origin',(177.107781521195,-133.0093329782,15.240030480061));
#17356=CARTESIAN_POINT('',(177.19158097126,-132.8331278947,4.699009398019));
#17357=CARTESIAN_POINT('Origin',(88.146493559436,-132.28412733355,15.240030480061));
#17358=CARTESIAN_POINT('',(88.087467877743,-132.0981527434,4.699009398019));
#17359=CARTESIAN_POINT('Origin',(177.26316040532,-132.6516149092,15.240030480061));
#17360=CARTESIAN_POINT('',(177.33473983938,-132.4701019237,4.699009398019));
#17361=CARTESIAN_POINT('Origin',(88.0412711533935,-131.908583648,15.240030480061));
#17362=CARTESIAN_POINT('',(87.995074429044,-131.7190145526,4.699009398019));
#17363=CARTESIAN_POINT('Origin',(177.393765521075,-132.28412733355,15.240030480061));
#17364=CARTESIAN_POINT('',(177.45279120277,-132.0981527434,4.699009398019));
#17365=CARTESIAN_POINT('Origin',(87.961922052493,-131.5267348105,15.240030480061));
#17366=CARTESIAN_POINT('',(87.928769675942,-131.3344550684,4.699009398019));
#17367=CARTESIAN_POINT('Origin',(177.49898792712,-131.908583648,15.240030480061));
#17368=CARTESIAN_POINT('',(177.54518465147,-131.7190145526,4.699009398019));
#17369=CARTESIAN_POINT('Origin',(87.908816218872,-131.14036117665,15.240030480061));
#17370=CARTESIAN_POINT('',(87.888862761802,-130.9462672849,4.699009398019));
#17371=CARTESIAN_POINT('Origin',(177.57833702802,-131.5267348105,15.240030480061));
#17372=CARTESIAN_POINT('',(177.61148940457,-131.3344550684,4.699009398019));
#17373=CARTESIAN_POINT('Origin',(87.882201256441,-130.7512641987,15.240030480061));
#17374=CARTESIAN_POINT('',(87.87553975108,-130.5562611125,4.699009398019));
#17375=CARTESIAN_POINT('Origin',(177.63144286164,-131.14036117665,15.240030480061));
#17376=CARTESIAN_POINT('',(177.65139631871,-130.9462672849,4.699009398019));
#17377=CARTESIAN_POINT('Origin',(87.87553975108,-93.78968757936,15.240030480061));
#17378=CARTESIAN_POINT('',(87.87553975108,-57.02311404622,4.699009398019));
#17379=CARTESIAN_POINT('Origin',(177.65805782407,-130.7512641987,15.240030480061));
#17380=CARTESIAN_POINT('',(177.66471932943,-130.5562611125,4.699009398019));
#17381=CARTESIAN_POINT('Origin',(87.882201256441,-56.828110960025,15.240030480061));
#17382=CARTESIAN_POINT('',(87.888862761802,-56.63310787383,4.699009398019));
#17383=CARTESIAN_POINT('Origin',(177.66471932943,-93.78968757936,15.240030480061));
#17384=CARTESIAN_POINT('',(177.66471932943,-57.02311404622,4.699009398019));
#17385=CARTESIAN_POINT('Origin',(87.908816218872,-56.43901398204,15.240030480061));
#17386=CARTESIAN_POINT('',(87.928769675942,-56.24492009025,4.699009398019));
#17387=CARTESIAN_POINT('Origin',(177.65805782407,-56.828110960025,15.240030480061));
#17388=CARTESIAN_POINT('',(177.65139631871,-56.63310787383,4.699009398019));
#17389=CARTESIAN_POINT('Origin',(87.961922052493,-56.052640348185,15.240030480061));
#17390=CARTESIAN_POINT('',(87.995074429044,-55.86036060612,4.699009398019));
#17391=CARTESIAN_POINT('Origin',(177.63144286164,-56.43901398204,15.240030480061));
#17392=CARTESIAN_POINT('',(177.61148940457,-56.24492009025,4.699009398019));
#17393=CARTESIAN_POINT('Origin',(88.0412711533935,-55.6707915107,15.240030480061));
#17394=CARTESIAN_POINT('',(88.087467877743,-55.48122241528,4.699009398019));
#17395=CARTESIAN_POINT('Origin',(177.57833702802,-56.052640348185,15.240030480061));
#17396=CARTESIAN_POINT('',(177.54518465147,-55.86036060612,4.699009398019));
#17397=CARTESIAN_POINT('Origin',(88.146493559436,-55.29524782513,15.240030480061));
#17398=CARTESIAN_POINT('',(88.205519241129,-55.10927323498,4.699009398019));
#17399=CARTESIAN_POINT('Origin',(177.49898792712,-55.6707915107,15.240030480061));
#17400=CARTESIAN_POINT('',(177.45279120277,-55.48122241528,4.699009398019));
#17401=CARTESIAN_POINT('Origin',(88.277098675191,-54.9277602495,15.240030480061));
#17402=CARTESIAN_POINT('',(88.348678109253,-54.74624726402,4.699009398019));
#17403=CARTESIAN_POINT('Origin',(177.393765521075,-55.29524782513,15.240030480061));
#17404=CARTESIAN_POINT('',(177.33473983938,-55.10927323498,4.699009398019));
#17405=CARTESIAN_POINT('Origin',(88.4324775593185,-54.57004218053,15.240030480061));
#17406=CARTESIAN_POINT('',(88.516277009384,-54.39383709704,4.699009398019));
#17407=CARTESIAN_POINT('Origin',(177.26316040532,-54.9277602495,15.240030480061));
#17408=CARTESIAN_POINT('',(177.19158097126,-54.74624726402,4.699009398019));
#17409=CARTESIAN_POINT('Origin',(88.611905763735,-54.223761464975,15.240030480061));
#17410=CARTESIAN_POINT('',(88.707534518086,-54.05368583291,4.699009398019));
#17411=CARTESIAN_POINT('Origin',(177.107781521195,-54.57004218053,15.240030480061));
#17412=CARTESIAN_POINT('',(177.02398207113,-54.39383709704,4.699009398019));
#17413=CARTESIAN_POINT('Origin',(88.8145467113245,-53.89053262339,15.240030480061));
#17414=CARTESIAN_POINT('',(88.921558904563,-53.72737941387,4.699009398019));
#17415=CARTESIAN_POINT('Origin',(176.92835331678,-54.223761464975,15.240030480061));
#17416=CARTESIAN_POINT('',(176.83272456243,-54.05368583291,4.699009398019));
#17417=CARTESIAN_POINT('Origin',(89.039455596446,-53.57190932246,15.240030480061));
#17418=CARTESIAN_POINT('',(89.157352288329,-53.41643923105,4.699009398019));
#17419=CARTESIAN_POINT('Origin',(176.72571236919,-53.89053262339,15.240030480061));
#17420=CARTESIAN_POINT('',(176.61870017595,-53.72737941387,4.699009398019));
#17421=CARTESIAN_POINT('Origin',(89.285583790055,-53.26937713109,15.240030480061));
#17422=CARTESIAN_POINT('',(89.413815291781,-53.12231503113,4.699009398019));
#17423=CARTESIAN_POINT('Origin',(176.500803484065,-53.57190932246,15.240030480061));
#17424=CARTESIAN_POINT('',(176.38290679218,-53.41643923105,4.699009398019));
#17425=CARTESIAN_POINT('Origin',(89.5517837288955,-52.984346594015,15.240030480061));
#17426=CARTESIAN_POINT('',(89.68975216601,-52.8463781569,4.699009398019));
#17427=CARTESIAN_POINT('Origin',(176.254675290455,-53.26937713109,15.240030480061));
#17428=CARTESIAN_POINT('',(176.12644378873,-53.12231503113,4.699009398019));
#17429=CARTESIAN_POINT('Origin',(89.8368142659695,-52.718146655175,15.240030480061));
#17430=CARTESIAN_POINT('',(89.983876365929,-52.58991515345,4.699009398019));
#17431=CARTESIAN_POINT('Origin',(175.988475351615,-52.984346594015,15.240030480061));
#17432=CARTESIAN_POINT('',(175.8505069145,-52.8463781569,4.699009398019));
#17433=CARTESIAN_POINT('Origin',(90.139346457338,-52.472018461565,15.240030480061));
#17434=CARTESIAN_POINT('',(90.294816548747,-52.35412176968,4.699009398019));
#17435=CARTESIAN_POINT('Origin',(175.70344481454,-52.718146655175,15.240030480061));
#17436=CARTESIAN_POINT('',(175.55638271458,-52.58991515345,4.699009398019));
#17437=CARTESIAN_POINT('Origin',(90.45796975827,-52.247109576445,15.240030480061));
#17438=CARTESIAN_POINT('',(90.621122967793,-52.14009738321,4.699009398019));
#17439=CARTESIAN_POINT('Origin',(175.400912623175,-52.472018461565,15.240030480061));
#17440=CARTESIAN_POINT('',(175.24544253177,-52.35412176968,4.699009398019));
#17441=CARTESIAN_POINT('Origin',(90.791198599854,-52.04446862886,15.240030480061));
#17442=CARTESIAN_POINT('',(90.961274231915,-51.94883987451,4.699009398019));
#17443=CARTESIAN_POINT('Origin',(175.082289322245,-52.247109576445,15.240030480061));
#17444=CARTESIAN_POINT('',(174.91913611272,-52.14009738321,4.699009398019));
#17445=CARTESIAN_POINT('Origin',(91.1374793154065,-51.86504042444,15.240030480061));
#17446=CARTESIAN_POINT('',(91.313684398898,-51.78124097437,4.699009398019));
#17447=CARTESIAN_POINT('Origin',(174.74906048066,-52.04446862886,15.240030480061));
#17448=CARTESIAN_POINT('',(174.5789848486,-51.94883987451,4.699009398019));
#17449=CARTESIAN_POINT('Origin',(91.495197384381,-51.70966154031,15.240030480061));
#17450=CARTESIAN_POINT('',(91.676710369864,-51.63808210625,4.699009398019));
#17451=CARTESIAN_POINT('Origin',(174.40277976511,-51.86504042444,15.240030480061));
#17452=CARTESIAN_POINT('',(174.22657468162,-51.78124097437,4.699009398019));
#17453=CARTESIAN_POINT('Origin',(91.8626849600105,-51.579056424555,15.240030480061));
#17454=CARTESIAN_POINT('',(92.048659550157,-51.52003074286,4.699009398019));
#17455=CARTESIAN_POINT('Origin',(174.045061696135,-51.70966154031,15.240030480061));
#17456=CARTESIAN_POINT('',(173.86354871065,-51.63808210625,4.699009398019));
#17457=CARTESIAN_POINT('Origin',(92.2382286455785,-51.473834018515,15.240030480061));
#17458=CARTESIAN_POINT('',(92.427797741,-51.42763729417,4.699009398019));
#17459=CARTESIAN_POINT('Origin',(173.677574120505,-51.579056424555,15.240030480061));
#17460=CARTESIAN_POINT('',(173.49159953036,-51.52003074286,4.699009398019));
#17461=CARTESIAN_POINT('Origin',(92.6200774830645,-51.394484917615,15.240030480061));
#17462=CARTESIAN_POINT('',(92.812357225129,-51.36133254106,4.699009398019));
#17463=CARTESIAN_POINT('Origin',(173.302030434935,-51.473834018515,15.240030480061));
#17464=CARTESIAN_POINT('',(173.11246133951,-51.42763729417,4.699009398019));
#17465=CARTESIAN_POINT('Origin',(93.00645111692,-51.34137908399,15.240030480061));
#17466=CARTESIAN_POINT('',(93.200545008711,-51.32142562692,4.699009398019));
#17467=CARTESIAN_POINT('Origin',(172.920181597445,-51.394484917615,15.240030480061));
#17468=CARTESIAN_POINT('',(172.72790185538,-51.36133254106,4.699009398019));
#17469=CARTESIAN_POINT('Origin',(93.3955480949065,-51.31476412156,15.240030480061));
#17470=CARTESIAN_POINT('',(93.590551181102,-51.3081026162,4.699009398019));
#17471=CARTESIAN_POINT('Origin',(172.53380796359,-51.34137908399,15.240030480061));
#17472=CARTESIAN_POINT('',(172.3397140718,-51.32142562692,4.699009398019));
#17473=CARTESIAN_POINT('Origin',(132.770129540256,-51.3081026162,15.240030480061));
#17474=CARTESIAN_POINT('',(171.94970789941,-51.3081026162,4.699009398019));
#17475=CARTESIAN_POINT('',(115.4159994725,-51.3081026162,9.213352718684));
#17476=CARTESIAN_POINT('',(115.41363093726,-51.3081026162,9.144018288037));
#17477=CARTESIAN_POINT('',(115.4159994725,-51.3081026162,9.213352718684));
#17478=CARTESIAN_POINT('',(115.41363093726,-51.3081026162,8.178816357633));
#17479=CARTESIAN_POINT('',(115.41363093726,-51.3081026162,9.144018288037));
#17480=CARTESIAN_POINT('',(115.4159994725,-51.3081026162,8.109481926985));
#17481=CARTESIAN_POINT('',(115.41363093726,-51.3081026162,8.178816357633));
#17482=CARTESIAN_POINT('',(115.42309403501,-51.3081026162,8.04047076546));
#17483=CARTESIAN_POINT('',(115.4159994725,-51.3081026162,8.109481926985));
#17484=CARTESIAN_POINT('',(115.43488154667,-51.3081026162,7.972104634948));
#17485=CARTESIAN_POINT('',(115.42309403501,-51.3081026162,8.04047076546));
#17486=CARTESIAN_POINT('',(115.45130704866,-51.3081026162,7.904702289909));
#17487=CARTESIAN_POINT('',(115.43488154667,-51.3081026162,7.972104634948));
#17488=CARTESIAN_POINT('',(115.47229395771,-51.3081026162,7.83857799119));
#17489=CARTESIAN_POINT('',(115.45130704866,-51.3081026162,7.904702289909));
#17490=CARTESIAN_POINT('',(115.49774442315,-51.3081026162,7.774040040796));
#17491=CARTESIAN_POINT('',(115.47229395771,-51.3081026162,7.83857799119));
#17492=CARTESIAN_POINT('',(115.52753978318,-51.3081026162,7.711389344444));
#17493=CARTESIAN_POINT('',(115.49774442315,-51.3081026162,7.774040040796));
#17494=CARTESIAN_POINT('',(115.56154111806,-51.3081026162,7.6509180086));
#17495=CARTESIAN_POINT('',(115.52753978318,-51.3081026162,7.711389344444));
#17496=CARTESIAN_POINT('',(115.59958989788,-51.3081026162,7.592907978547));
#17497=CARTESIAN_POINT('',(115.56154111806,-51.3081026162,7.6509180086));
#17498=CARTESIAN_POINT('',(115.64150872166,-51.3081026162,7.537629723824));
#17499=CARTESIAN_POINT('',(115.59958989788,-51.3081026162,7.592907978547));
#17500=CARTESIAN_POINT('',(115.68710214449,-51.3081026162,7.485340977172));
#17501=CARTESIAN_POINT('',(115.64150872166,-51.3081026162,7.537629723824));
#17502=CARTESIAN_POINT('',(115.7361575888,-51.3081026162,7.436285532864));
#17503=CARTESIAN_POINT('',(115.68710214449,-51.3081026162,7.485340977172));
#17504=CARTESIAN_POINT('',(115.78844633545,-51.3081026162,7.390692110029));
#17505=CARTESIAN_POINT('',(115.7361575888,-51.3081026162,7.436285532864));
#17506=CARTESIAN_POINT('',(115.84372459018,-51.3081026162,7.348773286248));
#17507=CARTESIAN_POINT('',(115.78844633545,-51.3081026162,7.390692110029));
#17508=CARTESIAN_POINT('',(115.90173462023,-51.3081026162,7.31072450643));
#17509=CARTESIAN_POINT('',(115.84372459018,-51.3081026162,7.348773286248));
#17510=CARTESIAN_POINT('',(115.96220595607,-51.3081026162,7.27672317155));
#17511=CARTESIAN_POINT('',(115.90173462023,-51.3081026162,7.31072450643));
#17512=CARTESIAN_POINT('',(116.02485665243,-51.3081026162,7.246927811526));
#17513=CARTESIAN_POINT('',(115.96220595607,-51.3081026162,7.27672317155));
#17514=CARTESIAN_POINT('',(116.08939460282,-51.3081026162,7.221477346082));
#17515=CARTESIAN_POINT('',(116.02485665243,-51.3081026162,7.246927811526));
#17516=CARTESIAN_POINT('',(116.15551890154,-51.3081026162,7.200490437036));
#17517=CARTESIAN_POINT('',(116.15551890154,-51.3081026162,7.200490437036));
#17518=CARTESIAN_POINT('',(116.22292124658,-51.3081026162,7.184064935045));
#17519=CARTESIAN_POINT('',(116.22292124658,-51.3081026162,7.184064935045));
#17520=CARTESIAN_POINT('',(116.29128737709,-51.3081026162,7.172277423382));
#17521=CARTESIAN_POINT('',(116.29128737709,-51.3081026162,7.172277423382));
#17522=CARTESIAN_POINT('',(116.36029853861,-51.3081026162,7.165182860868));
#17523=CARTESIAN_POINT('',(116.36029853861,-51.3081026162,7.165182860868));
#17524=CARTESIAN_POINT('',(116.42963296926,-51.3081026162,7.162814325629));
#17525=CARTESIAN_POINT('',(116.42963296926,-51.3081026162,7.162814325629));
#17526=CARTESIAN_POINT('',(123.39764668529,-51.3081026162,7.162814325629));
#17527=CARTESIAN_POINT('',(123.39764668529,-51.3081026162,7.162814325629));
#17528=CARTESIAN_POINT('',(123.46698111594,-51.3081026162,7.165182860868));
#17529=CARTESIAN_POINT('',(123.46698111594,-51.3081026162,7.165182860868));
#17530=CARTESIAN_POINT('',(123.53599227746,-51.3081026162,7.172277423382));
#17531=CARTESIAN_POINT('',(123.53599227746,-51.3081026162,7.172277423382));
#17532=CARTESIAN_POINT('',(123.60435840797,-51.3081026162,7.184064935045));
#17533=CARTESIAN_POINT('',(123.60435840797,-51.3081026162,7.184064935045));
#17534=CARTESIAN_POINT('',(123.67176075301,-51.3081026162,7.200490437036));
#17535=CARTESIAN_POINT('',(123.67176075301,-51.3081026162,7.200490437036));
#17536=CARTESIAN_POINT('',(123.73788505173,-51.3081026162,7.221477346082));
#17537=CARTESIAN_POINT('',(123.73788505173,-51.3081026162,7.221477346082));
#17538=CARTESIAN_POINT('',(123.80242300213,-51.3081026162,7.246927811526));
#17539=CARTESIAN_POINT('',(123.80242300213,-51.3081026162,7.246927811526));
#17540=CARTESIAN_POINT('',(123.86507369848,-51.3081026162,7.27672317155));
#17541=CARTESIAN_POINT('',(123.86507369848,-51.3081026162,7.27672317155));
#17542=CARTESIAN_POINT('',(123.92554503432,-51.3081026162,7.31072450643));
#17543=CARTESIAN_POINT('',(123.92554503432,-51.3081026162,7.31072450643));
#17544=CARTESIAN_POINT('',(123.98355506437,-51.3081026162,7.348773286248));
#17545=CARTESIAN_POINT('',(123.98355506437,-51.3081026162,7.348773286248));
#17546=CARTESIAN_POINT('',(124.0388333191,-51.3081026162,7.390692110029));
#17547=CARTESIAN_POINT('',(124.0388333191,-51.3081026162,7.390692110029));
#17548=CARTESIAN_POINT('',(124.09112206575,-51.3081026162,7.436285532864));
#17549=CARTESIAN_POINT('',(124.09112206575,-51.3081026162,7.436285532864));
#17550=CARTESIAN_POINT('',(124.14017751006,-51.3081026162,7.485340977172));
#17551=CARTESIAN_POINT('',(124.14017751006,-51.3081026162,7.485340977172));
#17552=CARTESIAN_POINT('',(124.18577093289,-51.3081026162,7.537629723824));
#17553=CARTESIAN_POINT('',(124.18577093289,-51.3081026162,7.537629723824));
#17554=CARTESIAN_POINT('',(124.22768975667,-51.3081026162,7.592907978547));
#17555=CARTESIAN_POINT('',(124.22768975667,-51.3081026162,7.592907978547));
#17556=CARTESIAN_POINT('',(124.26573853649,-51.3081026162,7.6509180086));
#17557=CARTESIAN_POINT('',(124.26573853649,-51.3081026162,7.6509180086));
#17558=CARTESIAN_POINT('',(124.29973987137,-51.3081026162,7.711389344444));
#17559=CARTESIAN_POINT('',(124.29973987137,-51.3081026162,7.711389344444));
#17560=CARTESIAN_POINT('',(124.3295352314,-51.3081026162,7.774040040796));
#17561=CARTESIAN_POINT('',(124.3295352314,-51.3081026162,7.774040040796));
#17562=CARTESIAN_POINT('',(124.35498569684,-51.3081026162,7.83857799119));
#17563=CARTESIAN_POINT('',(124.35498569684,-51.3081026162,7.83857799119));
#17564=CARTESIAN_POINT('',(124.37597260589,-51.3081026162,7.904702289909));
#17565=CARTESIAN_POINT('',(124.37597260589,-51.3081026162,7.904702289909));
#17566=CARTESIAN_POINT('',(124.39239810788,-51.3081026162,7.972104634948));
#17567=CARTESIAN_POINT('',(124.39239810788,-51.3081026162,7.972104634948));
#17568=CARTESIAN_POINT('',(124.40418561954,-51.3081026162,8.04047076546));
#17569=CARTESIAN_POINT('',(124.40418561954,-51.3081026162,8.04047076546));
#17570=CARTESIAN_POINT('',(124.41128018205,-51.3081026162,8.109481926985));
#17571=CARTESIAN_POINT('',(124.41128018205,-51.3081026162,8.109481926985));
#17572=CARTESIAN_POINT('',(124.41364871729,-51.3081026162,8.178816357633));
#17573=CARTESIAN_POINT('',(124.41364871729,-51.3081026162,8.178816357633));
#17574=CARTESIAN_POINT('',(124.41364871729,-51.3081026162,9.144018288037));
#17575=CARTESIAN_POINT('',(124.41364871729,-51.3081026162,9.144018288037));
#17576=CARTESIAN_POINT('',(124.41128018205,-51.3081026162,9.213352718684));
#17577=CARTESIAN_POINT('',(124.41128018205,-51.3081026162,9.213352718684));
#17578=CARTESIAN_POINT('',(124.40418561954,-51.3081026162,9.28236388021));
#17579=CARTESIAN_POINT('',(124.40418561954,-51.3081026162,9.28236388021));
#17580=CARTESIAN_POINT('',(124.39239810788,-51.3081026162,9.350730010722));
#17581=CARTESIAN_POINT('',(124.39239810788,-51.3081026162,9.350730010722));
#17582=CARTESIAN_POINT('',(124.37597260589,-51.3081026162,9.41813235576));
#17583=CARTESIAN_POINT('',(124.37597260589,-51.3081026162,9.41813235576));
#17584=CARTESIAN_POINT('',(124.35498569684,-51.3081026162,9.484256654479));
#17585=CARTESIAN_POINT('',(124.35498569684,-51.3081026162,9.484256654479));
#17586=CARTESIAN_POINT('',(124.3295352314,-51.3081026162,9.548794604873));
#17587=CARTESIAN_POINT('',(124.3295352314,-51.3081026162,9.548794604873));
#17588=CARTESIAN_POINT('',(124.29973987137,-51.3081026162,9.611445301225));
#17589=CARTESIAN_POINT('',(124.29973987137,-51.3081026162,9.611445301225));
#17590=CARTESIAN_POINT('',(124.26573853649,-51.3081026162,9.671916637069));
#17591=CARTESIAN_POINT('',(124.26573853649,-51.3081026162,9.671916637069));
#17592=CARTESIAN_POINT('',(124.22768975667,-51.3081026162,9.729926667122));
#17593=CARTESIAN_POINT('',(124.22768975667,-51.3081026162,9.729926667122));
#17594=CARTESIAN_POINT('',(124.18577093289,-51.3081026162,9.785204921845));
#17595=CARTESIAN_POINT('',(124.18577093289,-51.3081026162,9.785204921845));
#17596=CARTESIAN_POINT('',(124.14017751006,-51.3081026162,9.837493668497));
#17597=CARTESIAN_POINT('',(124.14017751006,-51.3081026162,9.837493668497));
#17598=CARTESIAN_POINT('',(124.09112206575,-51.3081026162,9.886549112805));
#17599=CARTESIAN_POINT('',(124.09112206575,-51.3081026162,9.886549112805));
#17600=CARTESIAN_POINT('',(124.0388333191,-51.3081026162,9.932142535641));
#17601=CARTESIAN_POINT('',(124.0388333191,-51.3081026162,9.932142535641));
#17602=CARTESIAN_POINT('',(123.98355506437,-51.3081026162,9.974061359421));
#17603=CARTESIAN_POINT('',(123.98355506437,-51.3081026162,9.974061359421));
#17604=CARTESIAN_POINT('',(123.92554503432,-51.3081026162,10.01211013924));
#17605=CARTESIAN_POINT('',(123.92554503432,-51.3081026162,10.01211013924));
#17606=CARTESIAN_POINT('',(123.86507369848,-51.3081026162,10.04611147412));
#17607=CARTESIAN_POINT('',(123.86507369848,-51.3081026162,10.04611147412));
#17608=CARTESIAN_POINT('',(123.80242300213,-51.3081026162,10.075906834143));
#17609=CARTESIAN_POINT('',(123.80242300213,-51.3081026162,10.075906834143));
#17610=CARTESIAN_POINT('',(123.73788505173,-51.3081026162,10.101357299587));
#17611=CARTESIAN_POINT('',(123.73788505173,-51.3081026162,10.101357299587));
#17612=CARTESIAN_POINT('',(123.67176075301,-51.3081026162,10.122344208634));
#17613=CARTESIAN_POINT('',(123.67176075301,-51.3081026162,10.122344208634));
#17614=CARTESIAN_POINT('',(123.60435840797,-51.3081026162,10.138769710625));
#17615=CARTESIAN_POINT('',(123.60435840797,-51.3081026162,10.138769710625));
#17616=CARTESIAN_POINT('',(123.53599227746,-51.3081026162,10.150557222287));
#17617=CARTESIAN_POINT('',(123.53599227746,-51.3081026162,10.150557222287));
#17618=CARTESIAN_POINT('',(123.46698111594,-51.3081026162,10.157651784801));
#17619=CARTESIAN_POINT('',(123.53599227746,-51.3081026162,10.150557222287));
#17620=CARTESIAN_POINT('',(123.39764668529,-51.3081026162,10.160020320041));
#17621=CARTESIAN_POINT('',(123.46698111594,-51.3081026162,10.157651784801));
#17622=CARTESIAN_POINT('',(116.42963296926,-51.3081026162,10.160020320041));
#17623=CARTESIAN_POINT('',(123.39764668529,-51.3081026162,10.160020320041));
#17624=CARTESIAN_POINT('',(116.36029853861,-51.3081026162,10.157651784801));
#17625=CARTESIAN_POINT('',(116.42963296926,-51.3081026162,10.160020320041));
#17626=CARTESIAN_POINT('',(116.29128737709,-51.3081026162,10.150557222287));
#17627=CARTESIAN_POINT('',(116.36029853861,-51.3081026162,10.157651784801));
#17628=CARTESIAN_POINT('',(116.22292124658,-51.3081026162,10.138769710625));
#17629=CARTESIAN_POINT('',(116.29128737709,-51.3081026162,10.150557222287));
#17630=CARTESIAN_POINT('',(116.15551890154,-51.3081026162,10.122344208634));
#17631=CARTESIAN_POINT('',(116.22292124658,-51.3081026162,10.138769710625));
#17632=CARTESIAN_POINT('',(116.08939460282,-51.3081026162,10.101357299587));
#17633=CARTESIAN_POINT('',(116.15551890154,-51.3081026162,10.122344208634));
#17634=CARTESIAN_POINT('',(116.02485665243,-51.3081026162,10.075906834143));
#17635=CARTESIAN_POINT('',(116.08939460282,-51.3081026162,10.101357299587));
#17636=CARTESIAN_POINT('',(115.96220595607,-51.3081026162,10.04611147412));
#17637=CARTESIAN_POINT('',(116.02485665243,-51.3081026162,10.075906834143));
#17638=CARTESIAN_POINT('',(115.90173462023,-51.3081026162,10.01211013924));
#17639=CARTESIAN_POINT('',(115.96220595607,-51.3081026162,10.04611147412));
#17640=CARTESIAN_POINT('',(115.84372459018,-51.3081026162,9.974061359421));
#17641=CARTESIAN_POINT('',(115.90173462023,-51.3081026162,10.01211013924));
#17642=CARTESIAN_POINT('',(115.78844633545,-51.3081026162,9.932142535641));
#17643=CARTESIAN_POINT('',(115.84372459018,-51.3081026162,9.974061359421));
#17644=CARTESIAN_POINT('',(115.7361575888,-51.3081026162,9.886549112805));
#17645=CARTESIAN_POINT('',(115.78844633545,-51.3081026162,9.932142535641));
#17646=CARTESIAN_POINT('',(115.68710214449,-51.3081026162,9.837493668497));
#17647=CARTESIAN_POINT('',(115.7361575888,-51.3081026162,9.886549112805));
#17648=CARTESIAN_POINT('',(115.64150872166,-51.3081026162,9.785204921845));
#17649=CARTESIAN_POINT('',(115.68710214449,-51.3081026162,9.837493668497));
#17650=CARTESIAN_POINT('',(115.59958989788,-51.3081026162,9.729926667122));
#17651=CARTESIAN_POINT('',(115.64150872166,-51.3081026162,9.785204921845));
#17652=CARTESIAN_POINT('',(115.56154111806,-51.3081026162,9.671916637069));
#17653=CARTESIAN_POINT('',(115.59958989788,-51.3081026162,9.729926667122));
#17654=CARTESIAN_POINT('',(115.52753978318,-51.3081026162,9.611445301225));
#17655=CARTESIAN_POINT('',(115.56154111806,-51.3081026162,9.671916637069));
#17656=CARTESIAN_POINT('',(115.49774442315,-51.3081026162,9.548794604873));
#17657=CARTESIAN_POINT('',(115.52753978318,-51.3081026162,9.611445301225));
#17658=CARTESIAN_POINT('',(115.47229395771,-51.3081026162,9.484256654479));
#17659=CARTESIAN_POINT('',(115.49774442315,-51.3081026162,9.548794604873));
#17660=CARTESIAN_POINT('',(115.45130704866,-51.3081026162,9.41813235576));
#17661=CARTESIAN_POINT('',(115.47229395771,-51.3081026162,9.484256654479));
#17662=CARTESIAN_POINT('',(115.43488154667,-51.3081026162,9.350730010722));
#17663=CARTESIAN_POINT('',(115.45130704866,-51.3081026162,9.41813235576));
#17664=CARTESIAN_POINT('',(115.42309403501,-51.3081026162,9.28236388021));
#17665=CARTESIAN_POINT('',(115.43488154667,-51.3081026162,9.350730010722));
#17666=CARTESIAN_POINT('',(115.42309403501,-51.3081026162,9.28236388021));
#17667=CARTESIAN_POINT('Origin',(172.144710985605,-51.31476412156,15.240030480061));
#17668=CARTESIAN_POINT('Origin',(172.10137696645,-52.583286327045,13.970027940056));
#17669=CARTESIAN_POINT('',(172.25304603349,-52.58846749788,13.970027940056));
#17670=CARTESIAN_POINT('',(172.25304603349,-52.58846749788,4.699009398019));
#17671=CARTESIAN_POINT('',(171.94970789941,-52.57810515621,13.970027940056));
#17672=CARTESIAN_POINT('',(171.94970789941,-52.57810515621,13.970027940056));
#17673=CARTESIAN_POINT('',(171.94970789941,-52.57810515621,4.699009398019));
#17674=CARTESIAN_POINT('Origin',(172.40400794933,-52.60398685338,13.970027940056));
#17675=CARTESIAN_POINT('',(172.55496986517,-52.61950620888,13.970027940056));
#17676=CARTESIAN_POINT('',(172.55496986517,-52.61950620888,4.699009398019));
#17677=CARTESIAN_POINT('',(172.25304603349,-52.58846749788,13.970027940056));
#17678=CARTESIAN_POINT('Origin',(172.704520775665,-52.64529139064,13.970027940056));
#17679=CARTESIAN_POINT('',(172.85407168616,-52.6710765724,13.970027940056));
#17680=CARTESIAN_POINT('',(172.85407168616,-52.6710765724,4.699009398019));
#17681=CARTESIAN_POINT('',(172.55496986517,-52.61950620888,13.970027940056));
#17682=CARTESIAN_POINT('Origin',(173.00151431593,-52.707007358005,13.970027940056));
#17683=CARTESIAN_POINT('',(173.1489569457,-52.74293814361,13.970027940056));
#17684=CARTESIAN_POINT('',(173.1489569457,-52.74293814361,4.699009398019));
#17685=CARTESIAN_POINT('',(172.85407168616,-52.6710765724,13.970027940056));
#17686=CARTESIAN_POINT('Origin',(173.29360384915,-52.78884700715,13.970027940056));
#17687=CARTESIAN_POINT('',(173.4382507526,-52.83475587069,13.970027940056));
#17688=CARTESIAN_POINT('',(173.4382507526,-52.83475587069,4.699009398019));
#17689=CARTESIAN_POINT('',(173.1489569457,-52.74293814361,13.970027940056));
#17690=CARTESIAN_POINT('Origin',(173.579427519085,-52.89042876385,13.970027940056));
#17691=CARTESIAN_POINT('',(173.72060428557,-52.94610165701,13.970027940056));
#17692=CARTESIAN_POINT('',(173.72060428557,-52.94610165701,4.699009398019));
#17693=CARTESIAN_POINT('',(173.4382507526,-52.83475587069,13.970027940056));
#17694=CARTESIAN_POINT('Origin',(173.85765268384,-53.01127900706,13.970027940056));
#17695=CARTESIAN_POINT('',(173.99470108211,-53.07645635711,13.970027940056));
#17696=CARTESIAN_POINT('',(173.99470108211,-53.07645635711,4.699009398019));
#17697=CARTESIAN_POINT('',(173.72060428557,-52.94610165701,13.970027940056));
#17698=CARTESIAN_POINT('Origin',(174.12698212927,-53.15083427716,13.970027940056));
#17699=CARTESIAN_POINT('',(174.25926317643,-53.22521219721,13.970027940056));
#17700=CARTESIAN_POINT('',(174.25926317643,-53.22521219721,4.699009398019));
#17701=CARTESIAN_POINT('',(173.99470108211,-53.07645635711,13.970027940056));
#17702=CARTESIAN_POINT('Origin',(174.38616011717,-53.308443903065,13.970027940056));
#17703=CARTESIAN_POINT('',(174.51305705791,-53.39167560892,13.970027940056));
#17704=CARTESIAN_POINT('',(174.51305705791,-53.39167560892,4.699009398019));
#17705=CARTESIAN_POINT('',(174.25926317643,-53.22521219721,13.970027940056));
#17706=CARTESIAN_POINT('Origin',(174.633978240115,-53.48337303594,13.970027940056));
#17707=CARTESIAN_POINT('',(174.75489942232,-53.57507046296,13.970027940056));
#17708=CARTESIAN_POINT('',(174.75489942232,-53.57507046296,4.699009398019));
#17709=CARTESIAN_POINT('',(174.51305705791,-53.39167560892,13.970027940056));
#17710=CARTESIAN_POINT('Origin',(174.869281055625,-53.67480607541,13.970027940056));
#17711=CARTESIAN_POINT('',(174.98366268893,-53.77454168786,13.970027940056));
#17712=CARTESIAN_POINT('',(174.98366268893,-53.77454168786,4.699009398019));
#17713=CARTESIAN_POINT('',(174.75489942232,-53.57507046296,13.970027940056));
#17714=CARTESIAN_POINT('Origin',(175.09097147335,-53.881850472285,13.970027940056));
#17715=CARTESIAN_POINT('',(175.19828025777,-53.98915925671,13.970027940056));
#17716=CARTESIAN_POINT('',(175.19828025777,-53.98915925671,4.699009398019));
#17717=CARTESIAN_POINT('',(174.98366268893,-53.77454168786,13.970027940056));
#17718=CARTESIAN_POINT('Origin',(175.298015870225,-54.10354089001,13.970027940056));
#17719=CARTESIAN_POINT('',(175.39775148268,-54.21792252331,13.970027940056));
#17720=CARTESIAN_POINT('',(175.39775148268,-54.21792252331,4.699009398019));
#17721=CARTESIAN_POINT('',(175.19828025777,-53.98915925671,13.970027940056));
#17722=CARTESIAN_POINT('Origin',(175.4894489097,-54.338843705515,13.970027940056));
#17723=CARTESIAN_POINT('',(175.58114633672,-54.45976488772,13.970027940056));
#17724=CARTESIAN_POINT('',(175.58114633672,-54.45976488772,4.699009398019));
#17725=CARTESIAN_POINT('',(175.39775148268,-54.21792252331,13.970027940056));
#17726=CARTESIAN_POINT('Origin',(175.66437804257,-54.586661828465,13.970027940056));
#17727=CARTESIAN_POINT('',(175.74760974842,-54.71355876921,13.970027940056));
#17728=CARTESIAN_POINT('',(175.74760974842,-54.71355876921,4.699009398019));
#17729=CARTESIAN_POINT('',(175.58114633672,-54.45976488772,13.970027940056));
#17730=CARTESIAN_POINT('Origin',(175.821987668475,-54.845839816365,13.970027940056));
#17731=CARTESIAN_POINT('',(175.89636558853,-54.97812086352,13.970027940056));
#17732=CARTESIAN_POINT('',(175.89636558853,-54.97812086352,4.699009398019));
#17733=CARTESIAN_POINT('',(175.74760974842,-54.71355876921,13.970027940056));
#17734=CARTESIAN_POINT('Origin',(175.96154293858,-55.11516926179,13.970027940056));
#17735=CARTESIAN_POINT('',(176.02672028863,-55.25221766006,13.970027940056));
#17736=CARTESIAN_POINT('',(176.02672028863,-55.25221766006,4.699009398019));
#17737=CARTESIAN_POINT('',(175.89636558853,-54.97812086352,13.970027940056));
#17738=CARTESIAN_POINT('Origin',(176.08239318179,-55.39339442655,13.970027940056));
#17739=CARTESIAN_POINT('',(176.13806607495,-55.53457119304,13.970027940056));
#17740=CARTESIAN_POINT('',(176.13806607495,-55.53457119304,4.699009398019));
#17741=CARTESIAN_POINT('',(176.02672028863,-55.25221766006,13.970027940056));
#17742=CARTESIAN_POINT('Origin',(176.183974938485,-55.679218096485,13.970027940056));
#17743=CARTESIAN_POINT('',(176.22988380202,-55.82386499993,13.970027940056));
#17744=CARTESIAN_POINT('',(176.22988380202,-55.82386499993,4.699009398019));
#17745=CARTESIAN_POINT('',(176.13806607495,-55.53457119304,13.970027940056));
#17746=CARTESIAN_POINT('Origin',(176.265814587625,-55.971307629705,13.970027940056));
#17747=CARTESIAN_POINT('',(176.30174537323,-56.11875025948,13.970027940056));
#17748=CARTESIAN_POINT('',(176.30174537323,-56.11875025948,4.699009398019));
#17749=CARTESIAN_POINT('',(176.22988380202,-55.82386499993,13.970027940056));
#17750=CARTESIAN_POINT('Origin',(176.327530554995,-56.268301169975,13.970027940056));
#17751=CARTESIAN_POINT('',(176.35331573676,-56.41785208047,13.970027940056));
#17752=CARTESIAN_POINT('',(176.35331573676,-56.41785208047,4.699009398019));
#17753=CARTESIAN_POINT('',(176.30174537323,-56.11875025948,13.970027940056));
#17754=CARTESIAN_POINT('Origin',(176.36883509226,-56.568813996305,13.970027940056));
#17755=CARTESIAN_POINT('',(176.38435444776,-56.71977591214,13.970027940056));
#17756=CARTESIAN_POINT('',(176.38435444776,-56.71977591214,4.699009398019));
#17757=CARTESIAN_POINT('',(176.35331573676,-56.41785208047,13.970027940056));
#17758=CARTESIAN_POINT('Origin',(176.389535618595,-56.87144497918,13.970027940056));
#17759=CARTESIAN_POINT('',(176.39471678943,-57.02311404622,13.970027940056));
#17760=CARTESIAN_POINT('',(176.39471678943,-57.02311404622,4.699009398019));
#17761=CARTESIAN_POINT('',(176.38435444776,-56.71977591214,13.970027940056));
#17762=CARTESIAN_POINT('Origin',(176.39471678943,-93.78968757936,13.970027940056));
#17763=CARTESIAN_POINT('',(176.39471678943,-130.5562611125,13.970027940056));
#17764=CARTESIAN_POINT('',(176.39471678943,-130.5562611125,4.699009398019));
#17765=CARTESIAN_POINT('',(176.39471678943,-57.02311404622,13.970027940056));
#17766=CARTESIAN_POINT('Origin',(176.389535618595,-130.70793017955,13.970027940056));
#17767=CARTESIAN_POINT('',(176.38435444776,-130.8595992466,13.970027940056));
#17768=CARTESIAN_POINT('',(176.38435444776,-130.8595992466,4.699009398019));
#17769=CARTESIAN_POINT('',(176.39471678943,-130.5562611125,13.970027940056));
#17770=CARTESIAN_POINT('Origin',(176.36883509226,-131.0105611624,13.970027940056));
#17771=CARTESIAN_POINT('',(176.35331573676,-131.1615230782,13.970027940056));
#17772=CARTESIAN_POINT('',(176.35331573676,-131.1615230782,4.699009398019));
#17773=CARTESIAN_POINT('',(176.38435444776,-130.8595992466,13.970027940056));
#17774=CARTESIAN_POINT('Origin',(176.327530554995,-131.3110739887,13.970027940056));
#17775=CARTESIAN_POINT('',(176.30174537323,-131.4606248992,13.970027940056));
#17776=CARTESIAN_POINT('',(176.30174537323,-131.4606248992,4.699009398019));
#17777=CARTESIAN_POINT('',(176.35331573676,-131.1615230782,13.970027940056));
#17778=CARTESIAN_POINT('Origin',(176.265814587625,-131.608067529,13.970027940056));
#17779=CARTESIAN_POINT('',(176.22988380202,-131.7555101588,13.970027940056));
#17780=CARTESIAN_POINT('',(176.22988380202,-131.7555101588,4.699009398019));
#17781=CARTESIAN_POINT('',(176.30174537323,-131.4606248992,13.970027940056));
#17782=CARTESIAN_POINT('Origin',(176.183974938485,-131.90015706225,13.970027940056));
#17783=CARTESIAN_POINT('',(176.13806607495,-132.0448039657,13.970027940056));
#17784=CARTESIAN_POINT('',(176.13806607495,-132.0448039657,4.699009398019));
#17785=CARTESIAN_POINT('',(176.22988380202,-131.7555101588,13.970027940056));
#17786=CARTESIAN_POINT('Origin',(176.08239318179,-132.18598073215,13.970027940056));
#17787=CARTESIAN_POINT('',(176.02672028863,-132.3271574986,13.970027940056));
#17788=CARTESIAN_POINT('',(176.02672028863,-132.3271574986,4.699009398019));
#17789=CARTESIAN_POINT('',(176.13806607495,-132.0448039657,13.970027940056));
#17790=CARTESIAN_POINT('Origin',(175.96154293858,-132.4642058969,13.970027940056));
#17791=CARTESIAN_POINT('',(175.89636558853,-132.6012542952,13.970027940056));
#17792=CARTESIAN_POINT('',(175.89636558853,-132.6012542952,4.699009398019));
#17793=CARTESIAN_POINT('',(176.02672028863,-132.3271574986,13.970027940056));
#17794=CARTESIAN_POINT('Origin',(175.821987668475,-132.73353534235,13.970027940056));
#17795=CARTESIAN_POINT('',(175.74760974842,-132.8658163895,13.970027940056));
#17796=CARTESIAN_POINT('',(175.74760974842,-132.8658163895,4.699009398019));
#17797=CARTESIAN_POINT('',(175.89636558853,-132.6012542952,13.970027940056));
#17798=CARTESIAN_POINT('Origin',(175.66437804257,-132.99271333025,13.970027940056));
#17799=CARTESIAN_POINT('',(175.58114633672,-133.119610271,13.970027940056));
#17800=CARTESIAN_POINT('',(175.58114633672,-133.119610271,4.699009398019));
#17801=CARTESIAN_POINT('',(175.74760974842,-132.8658163895,13.970027940056));
#17802=CARTESIAN_POINT('Origin',(175.4894489097,-133.2405314532,13.970027940056));
#17803=CARTESIAN_POINT('',(175.39775148268,-133.3614526354,13.970027940056));
#17804=CARTESIAN_POINT('',(175.39775148268,-133.3614526354,4.699009398019));
#17805=CARTESIAN_POINT('',(175.58114633672,-133.119610271,13.970027940056));
#17806=CARTESIAN_POINT('Origin',(175.298015870225,-133.4758342687,13.970027940056));
#17807=CARTESIAN_POINT('',(175.19828025777,-133.590215902,13.970027940056));
#17808=CARTESIAN_POINT('',(175.19828025777,-133.590215902,4.699009398019));
#17809=CARTESIAN_POINT('',(175.39775148268,-133.3614526354,13.970027940056));
#17810=CARTESIAN_POINT('Origin',(175.09097147335,-133.6975246864,13.970027940056));
#17811=CARTESIAN_POINT('',(174.98366268893,-133.8048334708,13.970027940056));
#17812=CARTESIAN_POINT('',(174.98366268893,-133.8048334708,4.699009398019));
#17813=CARTESIAN_POINT('',(175.19828025777,-133.590215902,13.970027940056));
#17814=CARTESIAN_POINT('Origin',(174.869281055625,-133.90456908325,13.970027940056));
#17815=CARTESIAN_POINT('',(174.75489942232,-134.0043046957,13.970027940056));
#17816=CARTESIAN_POINT('',(174.75489942232,-134.0043046957,4.699009398019));
#17817=CARTESIAN_POINT('',(174.98366268893,-133.8048334708,13.970027940056));
#17818=CARTESIAN_POINT('Origin',(174.633978240115,-134.09600212275,13.970027940056));
#17819=CARTESIAN_POINT('',(174.51305705791,-134.1876995498,13.970027940056));
#17820=CARTESIAN_POINT('',(174.51305705791,-134.1876995498,4.699009398019));
#17821=CARTESIAN_POINT('',(174.75489942232,-134.0043046957,13.970027940056));
#17822=CARTESIAN_POINT('Origin',(174.38616011717,-134.27093125565,13.970027940056));
#17823=CARTESIAN_POINT('',(174.25926317643,-134.3541629615,13.970027940056));
#17824=CARTESIAN_POINT('',(174.25926317643,-134.3541629615,4.699009398019));
#17825=CARTESIAN_POINT('',(174.51305705791,-134.1876995498,13.970027940056));
#17826=CARTESIAN_POINT('Origin',(174.12698212927,-134.42854088155,13.970027940056));
#17827=CARTESIAN_POINT('',(173.99470108211,-134.5029188016,13.970027940056));
#17828=CARTESIAN_POINT('',(173.99470108211,-134.5029188016,4.699009398019));
#17829=CARTESIAN_POINT('',(174.25926317643,-134.3541629615,13.970027940056));
#17830=CARTESIAN_POINT('Origin',(173.85765268384,-134.56809615165,13.970027940056));
#17831=CARTESIAN_POINT('',(173.72060428557,-134.6332735017,13.970027940056));
#17832=CARTESIAN_POINT('',(173.72060428557,-134.6332735017,4.699009398019));
#17833=CARTESIAN_POINT('',(173.99470108211,-134.5029188016,13.970027940056));
#17834=CARTESIAN_POINT('Origin',(173.579427519085,-134.68894639485,13.970027940056));
#17835=CARTESIAN_POINT('',(173.4382507526,-134.744619288,13.970027940056));
#17836=CARTESIAN_POINT('',(173.4382507526,-134.744619288,4.699009398019));
#17837=CARTESIAN_POINT('',(173.72060428557,-134.6332735017,13.970027940056));
#17838=CARTESIAN_POINT('Origin',(173.29360384915,-134.79052815155,13.970027940056));
#17839=CARTESIAN_POINT('',(173.1489569457,-134.8364370151,13.970027940056));
#17840=CARTESIAN_POINT('',(173.1489569457,-134.8364370151,4.699009398019));
#17841=CARTESIAN_POINT('',(173.4382507526,-134.744619288,13.970027940056));
#17842=CARTESIAN_POINT('Origin',(173.00151431593,-134.8723678007,13.970027940056));
#17843=CARTESIAN_POINT('',(172.85407168616,-134.9082985863,13.970027940056));
#17844=CARTESIAN_POINT('',(172.85407168616,-134.9082985863,4.699009398019));
#17845=CARTESIAN_POINT('',(173.1489569457,-134.8364370151,13.970027940056));
#17846=CARTESIAN_POINT('Origin',(172.704520775665,-134.93408376805,13.970027940056));
#17847=CARTESIAN_POINT('',(172.55496986517,-134.9598689498,13.970027940056));
#17848=CARTESIAN_POINT('',(172.55496986517,-134.9598689498,4.699009398019));
#17849=CARTESIAN_POINT('',(172.85407168616,-134.9082985863,13.970027940056));
#17850=CARTESIAN_POINT('Origin',(172.40400794933,-134.9753883053,13.970027940056));
#17851=CARTESIAN_POINT('',(172.25304603349,-134.9909076608,13.970027940056));
#17852=CARTESIAN_POINT('',(172.25304603349,-134.9909076608,4.699009398019));
#17853=CARTESIAN_POINT('',(172.55496986517,-134.9598689498,13.970027940056));
#17854=CARTESIAN_POINT('Origin',(172.10137696645,-134.99608883165,13.970027940056));
#17855=CARTESIAN_POINT('',(171.94970789941,-135.0012700025,13.970027940056));
#17856=CARTESIAN_POINT('',(171.94970789941,-135.0012700025,4.699009398019));
#17857=CARTESIAN_POINT('',(172.25304603349,-134.9909076608,13.970027940056));
#17858=CARTESIAN_POINT('Origin',(132.770129540256,-135.0012700025,13.970027940056));
#17859=CARTESIAN_POINT('',(93.590551181102,-135.0012700025,13.970027940056));
#17860=CARTESIAN_POINT('',(93.590551181102,-135.0012700025,4.699009398019));
#17861=CARTESIAN_POINT('',(171.94970789941,-135.0012700025,13.970027940056));
#17862=CARTESIAN_POINT('Origin',(93.438882114061,-134.99608883165,13.970027940056));
#17863=CARTESIAN_POINT('',(93.28721304702,-134.9909076608,13.970027940056));
#17864=CARTESIAN_POINT('',(93.28721304702,-134.9909076608,4.699009398019));
#17865=CARTESIAN_POINT('',(93.590551181102,-135.0012700025,13.970027940056));
#17866=CARTESIAN_POINT('Origin',(93.136251131183,-134.9753883053,13.970027940056));
#17867=CARTESIAN_POINT('',(92.985289215346,-134.9598689498,13.970027940056));
#17868=CARTESIAN_POINT('',(92.985289215346,-134.9598689498,4.699009398019));
#17869=CARTESIAN_POINT('',(93.28721304702,-134.9909076608,13.970027940056));
#17870=CARTESIAN_POINT('Origin',(92.835738304851,-134.93408376805,13.970027940056));
#17871=CARTESIAN_POINT('',(92.686187394356,-134.9082985863,13.970027940056));
#17872=CARTESIAN_POINT('',(92.686187394356,-134.9082985863,4.699009398019));
#17873=CARTESIAN_POINT('',(92.985289215346,-134.9598689498,13.970027940056));
#17874=CARTESIAN_POINT('Origin',(92.5387447645835,-134.8723678007,13.970027940056));
#17875=CARTESIAN_POINT('',(92.391302134811,-134.8364370151,13.970027940056));
#17876=CARTESIAN_POINT('',(92.391302134811,-134.8364370151,4.699009398019));
#17877=CARTESIAN_POINT('',(92.686187394356,-134.9082985863,13.970027940056));
#17878=CARTESIAN_POINT('Origin',(92.246655231364,-134.79052815155,13.970027940056));
#17879=CARTESIAN_POINT('',(92.102008327917,-134.744619288,13.970027940056));
#17880=CARTESIAN_POINT('',(92.102008327917,-134.744619288,4.699009398019));
#17881=CARTESIAN_POINT('',(92.391302134811,-134.8364370151,13.970027940056));
#17882=CARTESIAN_POINT('Origin',(91.96083156143,-134.68894639485,13.970027940056));
#17883=CARTESIAN_POINT('',(91.819654794943,-134.6332735017,13.970027940056));
#17884=CARTESIAN_POINT('',(91.819654794943,-134.6332735017,4.699009398019));
#17885=CARTESIAN_POINT('',(92.102008327917,-134.744619288,13.970027940056));
#17886=CARTESIAN_POINT('Origin',(91.682606396672,-134.56809615165,13.970027940056));
#17887=CARTESIAN_POINT('',(91.545557998401,-134.5029188016,13.970027940056));
#17888=CARTESIAN_POINT('',(91.545557998401,-134.5029188016,4.699009398019));
#17889=CARTESIAN_POINT('',(91.819654794943,-134.6332735017,13.970027940056));
#17890=CARTESIAN_POINT('Origin',(91.4132769512425,-134.42854088155,13.970027940056));
#17891=CARTESIAN_POINT('',(91.280995904084,-134.3541629615,13.970027940056));
#17892=CARTESIAN_POINT('',(91.280995904084,-134.3541629615,4.699009398019));
#17893=CARTESIAN_POINT('',(91.545557998401,-134.5029188016,13.970027940056));
#17894=CARTESIAN_POINT('Origin',(91.1540989633435,-134.27093125565,13.970027940056));
#17895=CARTESIAN_POINT('',(91.027202022603,-134.1876995498,13.970027940056));
#17896=CARTESIAN_POINT('',(91.027202022603,-134.1876995498,4.699009398019));
#17897=CARTESIAN_POINT('',(91.280995904084,-134.3541629615,13.970027940056));
#17898=CARTESIAN_POINT('Origin',(90.9062808403965,-134.09600212275,13.970027940056));
#17899=CARTESIAN_POINT('',(90.78535965819,-134.0043046957,13.970027940056));
#17900=CARTESIAN_POINT('',(90.78535965819,-134.0043046957,4.699009398019));
#17901=CARTESIAN_POINT('',(91.027202022603,-134.1876995498,13.970027940056));
#17902=CARTESIAN_POINT('Origin',(90.670978024888,-133.90456908325,13.970027940056));
#17903=CARTESIAN_POINT('',(90.556596391586,-133.8048334708,13.970027940056));
#17904=CARTESIAN_POINT('',(90.556596391586,-133.8048334708,4.699009398019));
#17905=CARTESIAN_POINT('',(90.78535965819,-134.0043046957,13.970027940056));
#17906=CARTESIAN_POINT('Origin',(90.4492876071635,-133.6975246864,13.970027940056));
#17907=CARTESIAN_POINT('',(90.341978822741,-133.590215902,13.970027940056));
#17908=CARTESIAN_POINT('',(90.341978822741,-133.590215902,4.699009398019));
#17909=CARTESIAN_POINT('',(90.556596391586,-133.8048334708,13.970027940056));
#17910=CARTESIAN_POINT('Origin',(90.2422432102875,-133.4758342687,13.970027940056));
#17911=CARTESIAN_POINT('',(90.142507597834,-133.3614526354,13.970027940056));
#17912=CARTESIAN_POINT('',(90.142507597834,-133.3614526354,4.699009398019));
#17913=CARTESIAN_POINT('',(90.341978822741,-133.590215902,13.970027940056));
#17914=CARTESIAN_POINT('Origin',(90.050810170814,-133.2405314532,13.970027940056));
#17915=CARTESIAN_POINT('',(89.959112743794,-133.119610271,13.970027940056));
#17916=CARTESIAN_POINT('',(89.959112743794,-133.119610271,4.699009398019));
#17917=CARTESIAN_POINT('',(90.142507597834,-133.3614526354,13.970027940056));
#17918=CARTESIAN_POINT('Origin',(89.875881037942,-132.99271333025,13.970027940056));
#17919=CARTESIAN_POINT('',(89.79264933209,-132.8658163895,13.970027940056));
#17920=CARTESIAN_POINT('',(89.79264933209,-132.8658163895,4.699009398019));
#17921=CARTESIAN_POINT('',(89.959112743794,-133.119610271,13.970027940056));
#17922=CARTESIAN_POINT('Origin',(89.718271412039,-132.73353534235,13.970027940056));
#17923=CARTESIAN_POINT('',(89.643893491988,-132.6012542952,13.970027940056));
#17924=CARTESIAN_POINT('',(89.643893491988,-132.6012542952,4.699009398019));
#17925=CARTESIAN_POINT('',(89.79264933209,-132.8658163895,13.970027940056));
#17926=CARTESIAN_POINT('Origin',(89.578716141937,-132.4642058969,13.970027940056));
#17927=CARTESIAN_POINT('',(89.513538791886,-132.3271574986,13.970027940056));
#17928=CARTESIAN_POINT('',(89.513538791886,-132.3271574986,4.699009398019));
#17929=CARTESIAN_POINT('',(89.643893491988,-132.6012542952,13.970027940056));
#17930=CARTESIAN_POINT('Origin',(89.457865898727,-132.18598073215,13.970027940056));
#17931=CARTESIAN_POINT('',(89.402193005568,-132.0448039657,13.970027940056));
#17932=CARTESIAN_POINT('',(89.402193005568,-132.0448039657,4.699009398019));
#17933=CARTESIAN_POINT('',(89.513538791886,-132.3271574986,13.970027940056));
#17934=CARTESIAN_POINT('Origin',(89.356284142029,-131.90015706225,13.970027940056));
#17935=CARTESIAN_POINT('',(89.31037527849,-131.7555101588,13.970027940056));
#17936=CARTESIAN_POINT('',(89.31037527849,-131.7555101588,4.699009398019));
#17937=CARTESIAN_POINT('',(89.402193005568,-132.0448039657,13.970027940056));
#17938=CARTESIAN_POINT('Origin',(89.2744444928845,-131.608067529,13.970027940056));
#17939=CARTESIAN_POINT('',(89.238513707279,-131.4606248992,13.970027940056));
#17940=CARTESIAN_POINT('',(89.238513707279,-131.4606248992,4.699009398019));
#17941=CARTESIAN_POINT('',(89.31037527849,-131.7555101588,13.970027940056));
#17942=CARTESIAN_POINT('Origin',(89.212728525517,-131.3110739887,13.970027940056));
#17943=CARTESIAN_POINT('',(89.186943343755,-131.1615230782,13.970027940056));
#17944=CARTESIAN_POINT('',(89.186943343755,-131.1615230782,4.699009398019));
#17945=CARTESIAN_POINT('',(89.238513707279,-131.4606248992,13.970027940056));
#17946=CARTESIAN_POINT('Origin',(89.171423988256,-131.0105611624,13.970027940056));
#17947=CARTESIAN_POINT('',(89.155904632757,-130.8595992466,13.970027940056));
#17948=CARTESIAN_POINT('',(89.155904632757,-130.8595992466,4.699009398019));
#17949=CARTESIAN_POINT('',(89.186943343755,-131.1615230782,13.970027940056));
#17950=CARTESIAN_POINT('Origin',(89.150723461921,-130.70793017955,13.970027940056));
#17951=CARTESIAN_POINT('',(89.145542291085,-130.5562611125,13.970027940056));
#17952=CARTESIAN_POINT('',(89.145542291085,-130.5562611125,4.699009398019));
#17953=CARTESIAN_POINT('',(89.155904632757,-130.8595992466,13.970027940056));
#17954=CARTESIAN_POINT('Origin',(89.145542291085,-93.78968757936,13.970027940056));
#17955=CARTESIAN_POINT('',(89.145542291085,-57.02311404622,13.970027940056));
#17956=CARTESIAN_POINT('',(89.145542291085,-57.02311404622,4.699009398019));
#17957=CARTESIAN_POINT('',(89.145542291085,-130.5562611125,13.970027940056));
#17958=CARTESIAN_POINT('Origin',(89.150723461921,-56.87144497918,13.970027940056));
#17959=CARTESIAN_POINT('',(89.155904632757,-56.71977591214,13.970027940056));
#17960=CARTESIAN_POINT('',(89.155904632757,-56.71977591214,4.699009398019));
#17961=CARTESIAN_POINT('',(89.145542291085,-57.02311404622,13.970027940056));
#17962=CARTESIAN_POINT('Origin',(89.171423988256,-56.568813996305,13.970027940056));
#17963=CARTESIAN_POINT('',(89.186943343755,-56.41785208047,13.970027940056));
#17964=CARTESIAN_POINT('',(89.186943343755,-56.41785208047,4.699009398019));
#17965=CARTESIAN_POINT('',(89.155904632757,-56.71977591214,13.970027940056));
#17966=CARTESIAN_POINT('Origin',(89.212728525517,-56.268301169975,13.970027940056));
#17967=CARTESIAN_POINT('',(89.238513707279,-56.11875025948,13.970027940056));
#17968=CARTESIAN_POINT('',(89.238513707279,-56.11875025948,4.699009398019));
#17969=CARTESIAN_POINT('',(89.186943343755,-56.41785208047,13.970027940056));
#17970=CARTESIAN_POINT('Origin',(89.2744444928845,-55.971307629705,13.970027940056));
#17971=CARTESIAN_POINT('',(89.31037527849,-55.82386499993,13.970027940056));
#17972=CARTESIAN_POINT('',(89.31037527849,-55.82386499993,4.699009398019));
#17973=CARTESIAN_POINT('',(89.238513707279,-56.11875025948,13.970027940056));
#17974=CARTESIAN_POINT('Origin',(89.356284142029,-55.679218096485,13.970027940056));
#17975=CARTESIAN_POINT('',(89.402193005568,-55.53457119304,13.970027940056));
#17976=CARTESIAN_POINT('',(89.402193005568,-55.53457119304,4.699009398019));
#17977=CARTESIAN_POINT('',(89.31037527849,-55.82386499993,13.970027940056));
#17978=CARTESIAN_POINT('Origin',(89.457865898727,-55.39339442655,13.970027940056));
#17979=CARTESIAN_POINT('',(89.513538791886,-55.25221766006,13.970027940056));
#17980=CARTESIAN_POINT('',(89.513538791886,-55.25221766006,4.699009398019));
#17981=CARTESIAN_POINT('',(89.402193005568,-55.53457119304,13.970027940056));
#17982=CARTESIAN_POINT('Origin',(89.578716141937,-55.11516926179,13.970027940056));
#17983=CARTESIAN_POINT('',(89.643893491988,-54.97812086352,13.970027940056));
#17984=CARTESIAN_POINT('',(89.643893491988,-54.97812086352,4.699009398019));
#17985=CARTESIAN_POINT('',(89.513538791886,-55.25221766006,13.970027940056));
#17986=CARTESIAN_POINT('Origin',(89.718271412039,-54.845839816365,13.970027940056));
#17987=CARTESIAN_POINT('',(89.79264933209,-54.71355876921,13.970027940056));
#17988=CARTESIAN_POINT('',(89.79264933209,-54.71355876921,4.699009398019));
#17989=CARTESIAN_POINT('',(89.643893491988,-54.97812086352,13.970027940056));
#17990=CARTESIAN_POINT('Origin',(89.875881037942,-54.586661828465,13.970027940056));
#17991=CARTESIAN_POINT('',(89.959112743794,-54.45976488772,13.970027940056));
#17992=CARTESIAN_POINT('',(89.959112743794,-54.45976488772,4.699009398019));
#17993=CARTESIAN_POINT('',(89.79264933209,-54.71355876921,13.970027940056));
#17994=CARTESIAN_POINT('Origin',(90.050810170814,-54.338843705515,13.970027940056));
#17995=CARTESIAN_POINT('',(90.142507597834,-54.21792252331,13.970027940056));
#17996=CARTESIAN_POINT('',(90.142507597834,-54.21792252331,4.699009398019));
#17997=CARTESIAN_POINT('',(89.959112743794,-54.45976488772,13.970027940056));
#17998=CARTESIAN_POINT('Origin',(90.2422432102875,-54.10354089001,13.970027940056));
#17999=CARTESIAN_POINT('',(90.341978822741,-53.98915925671,13.970027940056));
#18000=CARTESIAN_POINT('',(90.341978822741,-53.98915925671,4.699009398019));
#18001=CARTESIAN_POINT('',(90.142507597834,-54.21792252331,13.970027940056));
#18002=CARTESIAN_POINT('Origin',(90.4492876071635,-53.881850472285,13.970027940056));
#18003=CARTESIAN_POINT('',(90.556596391586,-53.77454168786,13.970027940056));
#18004=CARTESIAN_POINT('',(90.556596391586,-53.77454168786,4.699009398019));
#18005=CARTESIAN_POINT('',(90.341978822741,-53.98915925671,13.970027940056));
#18006=CARTESIAN_POINT('Origin',(90.670978024888,-53.67480607541,13.970027940056));
#18007=CARTESIAN_POINT('',(90.78535965819,-53.57507046296,13.970027940056));
#18008=CARTESIAN_POINT('',(90.78535965819,-53.57507046296,4.699009398019));
#18009=CARTESIAN_POINT('',(90.556596391586,-53.77454168786,13.970027940056));
#18010=CARTESIAN_POINT('Origin',(90.9062808403965,-53.48337303594,13.970027940056));
#18011=CARTESIAN_POINT('',(91.027202022603,-53.39167560892,13.970027940056));
#18012=CARTESIAN_POINT('',(91.027202022603,-53.39167560892,4.699009398019));
#18013=CARTESIAN_POINT('',(90.78535965819,-53.57507046296,13.970027940056));
#18014=CARTESIAN_POINT('Origin',(91.1540989633435,-53.308443903065,13.970027940056));
#18015=CARTESIAN_POINT('',(91.280995904084,-53.22521219721,13.970027940056));
#18016=CARTESIAN_POINT('',(91.280995904084,-53.22521219721,4.699009398019));
#18017=CARTESIAN_POINT('',(91.027202022603,-53.39167560892,13.970027940056));
#18018=CARTESIAN_POINT('Origin',(91.4132769512425,-53.15083427716,13.970027940056));
#18019=CARTESIAN_POINT('',(91.545557998401,-53.07645635711,13.970027940056));
#18020=CARTESIAN_POINT('',(91.545557998401,-53.07645635711,4.699009398019));
#18021=CARTESIAN_POINT('',(91.280995904084,-53.22521219721,13.970027940056));
#18022=CARTESIAN_POINT('Origin',(91.682606396672,-53.01127900706,13.970027940056));
#18023=CARTESIAN_POINT('',(91.819654794943,-52.94610165701,13.970027940056));
#18024=CARTESIAN_POINT('',(91.819654794943,-52.94610165701,4.699009398019));
#18025=CARTESIAN_POINT('',(91.545557998401,-53.07645635711,13.970027940056));
#18026=CARTESIAN_POINT('Origin',(91.96083156143,-52.89042876385,13.970027940056));
#18027=CARTESIAN_POINT('',(92.102008327917,-52.83475587069,13.970027940056));
#18028=CARTESIAN_POINT('',(92.102008327917,-52.83475587069,4.699009398019));
#18029=CARTESIAN_POINT('',(91.819654794943,-52.94610165701,13.970027940056));
#18030=CARTESIAN_POINT('Origin',(92.246655231364,-52.78884700715,13.970027940056));
#18031=CARTESIAN_POINT('',(92.391302134811,-52.74293814361,13.970027940056));
#18032=CARTESIAN_POINT('',(92.391302134811,-52.74293814361,4.699009398019));
#18033=CARTESIAN_POINT('',(92.102008327917,-52.83475587069,13.970027940056));
#18034=CARTESIAN_POINT('Origin',(92.5387447645835,-52.707007358005,13.970027940056));
#18035=CARTESIAN_POINT('',(92.686187394356,-52.6710765724,13.970027940056));
#18036=CARTESIAN_POINT('',(92.686187394356,-52.6710765724,4.699009398019));
#18037=CARTESIAN_POINT('',(92.391302134811,-52.74293814361,13.970027940056));
#18038=CARTESIAN_POINT('Origin',(92.835738304851,-52.64529139064,13.970027940056));
#18039=CARTESIAN_POINT('',(92.985289215346,-52.61950620888,13.970027940056));
#18040=CARTESIAN_POINT('',(92.985289215346,-52.61950620888,4.699009398019));
#18041=CARTESIAN_POINT('',(92.686187394356,-52.6710765724,13.970027940056));
#18042=CARTESIAN_POINT('Origin',(93.136251131183,-52.60398685338,13.970027940056));
#18043=CARTESIAN_POINT('',(93.28721304702,-52.58846749788,13.970027940056));
#18044=CARTESIAN_POINT('',(93.28721304702,-52.58846749788,4.699009398019));
#18045=CARTESIAN_POINT('',(92.985289215346,-52.61950620888,13.970027940056));
#18046=CARTESIAN_POINT('Origin',(93.438882114061,-52.583286327045,13.970027940056));
#18047=CARTESIAN_POINT('',(93.590551181102,-52.57810515621,13.970027940056));
#18048=CARTESIAN_POINT('',(93.590551181102,-52.57810515621,4.699009398019));
#18049=CARTESIAN_POINT('',(93.28721304702,-52.58846749788,13.970027940056));
#18050=CARTESIAN_POINT('Origin',(132.770129540256,-52.57810515621,13.970027940056));
#18051=CARTESIAN_POINT('',(93.590551181102,-52.57810515621,13.970027940056));
#18052=CARTESIAN_POINT('',(115.41363093726,-52.57810515621,8.178816357633));
#18053=CARTESIAN_POINT('',(115.41363093726,-52.57810515621,9.144018288037));
#18054=CARTESIAN_POINT('',(115.41363093726,-52.57810515621,8.178816357633));
#18055=CARTESIAN_POINT('',(115.4159994725,-52.57810515621,9.213352718684));
#18056=CARTESIAN_POINT('',(115.41363093726,-52.57810515621,9.144018288037));
#18057=CARTESIAN_POINT('',(115.42309403501,-52.57810515621,9.28236388021));
#18058=CARTESIAN_POINT('',(115.4159994725,-52.57810515621,9.213352718684));
#18059=CARTESIAN_POINT('',(115.43488154667,-52.57810515621,9.350730010722));
#18060=CARTESIAN_POINT('',(115.42309403501,-52.57810515621,9.28236388021));
#18061=CARTESIAN_POINT('',(115.45130704866,-52.57810515621,9.41813235576));
#18062=CARTESIAN_POINT('',(115.43488154667,-52.57810515621,9.350730010722));
#18063=CARTESIAN_POINT('',(115.47229395771,-52.57810515621,9.484256654479));
#18064=CARTESIAN_POINT('',(115.45130704866,-52.57810515621,9.41813235576));
#18065=CARTESIAN_POINT('',(115.49774442315,-52.57810515621,9.548794604873));
#18066=CARTESIAN_POINT('',(115.47229395771,-52.57810515621,9.484256654479));
#18067=CARTESIAN_POINT('',(115.52753978318,-52.57810515621,9.611445301225));
#18068=CARTESIAN_POINT('',(115.49774442315,-52.57810515621,9.548794604873));
#18069=CARTESIAN_POINT('',(115.56154111806,-52.57810515621,9.671916637069));
#18070=CARTESIAN_POINT('',(115.52753978318,-52.57810515621,9.611445301225));
#18071=CARTESIAN_POINT('',(115.59958989788,-52.57810515621,9.729926667122));
#18072=CARTESIAN_POINT('',(115.56154111806,-52.57810515621,9.671916637069));
#18073=CARTESIAN_POINT('',(115.64150872166,-52.57810515621,9.785204921845));
#18074=CARTESIAN_POINT('',(115.59958989788,-52.57810515621,9.729926667122));
#18075=CARTESIAN_POINT('',(115.68710214449,-52.57810515621,9.837493668497));
#18076=CARTESIAN_POINT('',(115.64150872166,-52.57810515621,9.785204921845));
#18077=CARTESIAN_POINT('',(115.7361575888,-52.57810515621,9.886549112805));
#18078=CARTESIAN_POINT('',(115.68710214449,-52.57810515621,9.837493668497));
#18079=CARTESIAN_POINT('',(115.78844633545,-52.57810515621,9.932142535641));
#18080=CARTESIAN_POINT('',(115.7361575888,-52.57810515621,9.886549112805));
#18081=CARTESIAN_POINT('',(115.84372459018,-52.57810515621,9.974061359421));
#18082=CARTESIAN_POINT('',(115.78844633545,-52.57810515621,9.932142535641));
#18083=CARTESIAN_POINT('',(115.90173462023,-52.57810515621,10.01211013924));
#18084=CARTESIAN_POINT('',(115.84372459018,-52.57810515621,9.974061359421));
#18085=CARTESIAN_POINT('',(115.96220595607,-52.57810515621,10.04611147412));
#18086=CARTESIAN_POINT('',(115.90173462023,-52.57810515621,10.01211013924));
#18087=CARTESIAN_POINT('',(116.02485665243,-52.57810515621,10.075906834143));
#18088=CARTESIAN_POINT('',(115.96220595607,-52.57810515621,10.04611147412));
#18089=CARTESIAN_POINT('',(116.08939460282,-52.57810515621,10.101357299587));
#18090=CARTESIAN_POINT('',(116.02485665243,-52.57810515621,10.075906834143));
#18091=CARTESIAN_POINT('',(116.15551890154,-52.57810515621,10.122344208634));
#18092=CARTESIAN_POINT('',(116.08939460282,-52.57810515621,10.101357299587));
#18093=CARTESIAN_POINT('',(116.22292124658,-52.57810515621,10.138769710625));
#18094=CARTESIAN_POINT('',(116.15551890154,-52.57810515621,10.122344208634));
#18095=CARTESIAN_POINT('',(116.29128737709,-52.57810515621,10.150557222287));
#18096=CARTESIAN_POINT('',(116.22292124658,-52.57810515621,10.138769710625));
#18097=CARTESIAN_POINT('',(116.36029853861,-52.57810515621,10.157651784801));
#18098=CARTESIAN_POINT('',(116.29128737709,-52.57810515621,10.150557222287));
#18099=CARTESIAN_POINT('',(116.42963296926,-52.57810515621,10.160020320041));
#18100=CARTESIAN_POINT('',(116.36029853861,-52.57810515621,10.157651784801));
#18101=CARTESIAN_POINT('',(123.39764668529,-52.57810515621,10.160020320041));
#18102=CARTESIAN_POINT('',(116.42963296926,-52.57810515621,10.160020320041));
#18103=CARTESIAN_POINT('',(123.46698111594,-52.57810515621,10.157651784801));
#18104=CARTESIAN_POINT('',(123.39764668529,-52.57810515621,10.160020320041));
#18105=CARTESIAN_POINT('',(123.53599227746,-52.57810515621,10.150557222287));
#18106=CARTESIAN_POINT('',(123.46698111594,-52.57810515621,10.157651784801));
#18107=CARTESIAN_POINT('',(123.60435840797,-52.57810515621,10.138769710625));
#18108=CARTESIAN_POINT('',(123.53599227746,-52.57810515621,10.150557222287));
#18109=CARTESIAN_POINT('',(123.67176075301,-52.57810515621,10.122344208634));
#18110=CARTESIAN_POINT('',(123.60435840797,-52.57810515621,10.138769710625));
#18111=CARTESIAN_POINT('',(123.73788505173,-52.57810515621,10.101357299587));
#18112=CARTESIAN_POINT('',(123.67176075301,-52.57810515621,10.122344208634));
#18113=CARTESIAN_POINT('',(123.80242300213,-52.57810515621,10.075906834143));
#18114=CARTESIAN_POINT('',(123.73788505173,-52.57810515621,10.101357299587));
#18115=CARTESIAN_POINT('',(123.86507369848,-52.57810515621,10.04611147412));
#18116=CARTESIAN_POINT('',(123.80242300213,-52.57810515621,10.075906834143));
#18117=CARTESIAN_POINT('',(123.92554503432,-52.57810515621,10.01211013924));
#18118=CARTESIAN_POINT('',(123.86507369848,-52.57810515621,10.04611147412));
#18119=CARTESIAN_POINT('',(123.98355506437,-52.57810515621,9.974061359421));
#18120=CARTESIAN_POINT('',(123.92554503432,-52.57810515621,10.01211013924));
#18121=CARTESIAN_POINT('',(124.0388333191,-52.57810515621,9.932142535641));
#18122=CARTESIAN_POINT('',(123.98355506437,-52.57810515621,9.974061359421));
#18123=CARTESIAN_POINT('',(124.09112206575,-52.57810515621,9.886549112805));
#18124=CARTESIAN_POINT('',(124.0388333191,-52.57810515621,9.932142535641));
#18125=CARTESIAN_POINT('',(124.14017751006,-52.57810515621,9.837493668497));
#18126=CARTESIAN_POINT('',(124.09112206575,-52.57810515621,9.886549112805));
#18127=CARTESIAN_POINT('',(124.18577093289,-52.57810515621,9.785204921845));
#18128=CARTESIAN_POINT('',(124.14017751006,-52.57810515621,9.837493668497));
#18129=CARTESIAN_POINT('',(124.22768975667,-52.57810515621,9.729926667122));
#18130=CARTESIAN_POINT('',(124.18577093289,-52.57810515621,9.785204921845));
#18131=CARTESIAN_POINT('',(124.26573853649,-52.57810515621,9.671916637069));
#18132=CARTESIAN_POINT('',(124.22768975667,-52.57810515621,9.729926667122));
#18133=CARTESIAN_POINT('',(124.29973987137,-52.57810515621,9.611445301225));
#18134=CARTESIAN_POINT('',(124.26573853649,-52.57810515621,9.671916637069));
#18135=CARTESIAN_POINT('',(124.3295352314,-52.57810515621,9.548794604873));
#18136=CARTESIAN_POINT('',(124.29973987137,-52.57810515621,9.611445301225));
#18137=CARTESIAN_POINT('',(124.35498569684,-52.57810515621,9.484256654479));
#18138=CARTESIAN_POINT('',(124.3295352314,-52.57810515621,9.548794604873));
#18139=CARTESIAN_POINT('',(124.37597260589,-52.57810515621,9.41813235576));
#18140=CARTESIAN_POINT('',(124.35498569684,-52.57810515621,9.484256654479));
#18141=CARTESIAN_POINT('',(124.39239810788,-52.57810515621,9.350730010722));
#18142=CARTESIAN_POINT('',(124.37597260589,-52.57810515621,9.41813235576));
#18143=CARTESIAN_POINT('',(124.40418561954,-52.57810515621,9.28236388021));
#18144=CARTESIAN_POINT('',(124.39239810788,-52.57810515621,9.350730010721));
#18145=CARTESIAN_POINT('',(124.41128018205,-52.57810515621,9.213352718684));
#18146=CARTESIAN_POINT('',(124.40418561954,-52.57810515621,9.28236388021));
#18147=CARTESIAN_POINT('',(124.41364871729,-52.57810515621,9.144018288037));
#18148=CARTESIAN_POINT('',(124.41128018205,-52.57810515621,9.213352718684));
#18149=CARTESIAN_POINT('',(124.41364871729,-52.57810515621,8.178816357633));
#18150=CARTESIAN_POINT('',(124.41364871729,-52.57810515621,9.144018288037));
#18151=CARTESIAN_POINT('',(124.41128018205,-52.57810515621,8.109481926985));
#18152=CARTESIAN_POINT('',(124.41364871729,-52.57810515621,8.178816357633));
#18153=CARTESIAN_POINT('',(124.40418561954,-52.57810515621,8.04047076546));
#18154=CARTESIAN_POINT('',(124.41128018205,-52.57810515621,8.109481926985));
#18155=CARTESIAN_POINT('',(124.39239810788,-52.57810515621,7.972104634948));
#18156=CARTESIAN_POINT('',(124.40418561954,-52.57810515621,8.04047076546));
#18157=CARTESIAN_POINT('',(124.37597260589,-52.57810515621,7.904702289909));
#18158=CARTESIAN_POINT('',(124.39239810788,-52.57810515621,7.972104634948));
#18159=CARTESIAN_POINT('',(124.35498569684,-52.57810515621,7.83857799119));
#18160=CARTESIAN_POINT('',(124.37597260589,-52.57810515621,7.904702289909));
#18161=CARTESIAN_POINT('',(124.3295352314,-52.57810515621,7.774040040796));
#18162=CARTESIAN_POINT('',(124.35498569684,-52.57810515621,7.83857799119));
#18163=CARTESIAN_POINT('',(124.29973987137,-52.57810515621,7.711389344444));
#18164=CARTESIAN_POINT('',(124.3295352314,-52.57810515621,7.774040040796));
#18165=CARTESIAN_POINT('',(124.26573853649,-52.57810515621,7.6509180086));
#18166=CARTESIAN_POINT('',(124.29973987137,-52.57810515621,7.711389344444));
#18167=CARTESIAN_POINT('',(124.22768975667,-52.57810515621,7.592907978547));
#18168=CARTESIAN_POINT('',(124.26573853649,-52.57810515621,7.6509180086));
#18169=CARTESIAN_POINT('',(124.18577093289,-52.57810515621,7.537629723824));
#18170=CARTESIAN_POINT('',(124.22768975667,-52.57810515621,7.592907978547));
#18171=CARTESIAN_POINT('',(124.14017751006,-52.57810515621,7.485340977172));
#18172=CARTESIAN_POINT('',(124.18577093289,-52.57810515621,7.537629723824));
#18173=CARTESIAN_POINT('',(124.09112206575,-52.57810515621,7.436285532864));
#18174=CARTESIAN_POINT('',(124.14017751006,-52.57810515621,7.485340977172));
#18175=CARTESIAN_POINT('',(124.0388333191,-52.57810515621,7.390692110029));
#18176=CARTESIAN_POINT('',(124.09112206575,-52.57810515621,7.436285532864));
#18177=CARTESIAN_POINT('',(123.98355506437,-52.57810515621,7.348773286248));
#18178=CARTESIAN_POINT('',(124.0388333191,-52.57810515621,7.390692110029));
#18179=CARTESIAN_POINT('',(123.92554503432,-52.57810515621,7.31072450643));
#18180=CARTESIAN_POINT('',(123.98355506437,-52.57810515621,7.348773286248));
#18181=CARTESIAN_POINT('',(123.86507369848,-52.57810515621,7.27672317155));
#18182=CARTESIAN_POINT('',(123.92554503432,-52.57810515621,7.31072450643));
#18183=CARTESIAN_POINT('',(123.80242300213,-52.57810515621,7.246927811526));
#18184=CARTESIAN_POINT('',(123.86507369848,-52.57810515621,7.27672317155));
#18185=CARTESIAN_POINT('',(123.73788505173,-52.57810515621,7.221477346082));
#18186=CARTESIAN_POINT('',(123.80242300213,-52.57810515621,7.246927811526));
#18187=CARTESIAN_POINT('',(123.67176075301,-52.57810515621,7.200490437036));
#18188=CARTESIAN_POINT('',(123.73788505173,-52.57810515621,7.221477346082));
#18189=CARTESIAN_POINT('',(123.60435840797,-52.57810515621,7.184064935045));
#18190=CARTESIAN_POINT('',(123.67176075301,-52.57810515621,7.200490437036));
#18191=CARTESIAN_POINT('',(123.53599227746,-52.57810515621,7.172277423382));
#18192=CARTESIAN_POINT('',(123.60435840797,-52.57810515621,7.184064935045));
#18193=CARTESIAN_POINT('',(123.46698111594,-52.57810515621,7.165182860868));
#18194=CARTESIAN_POINT('',(123.53599227746,-52.57810515621,7.172277423382));
#18195=CARTESIAN_POINT('',(123.39764668529,-52.57810515621,7.162814325629));
#18196=CARTESIAN_POINT('',(123.46698111594,-52.57810515621,7.165182860868));
#18197=CARTESIAN_POINT('',(116.42963296926,-52.57810515621,7.162814325629));
#18198=CARTESIAN_POINT('',(123.39764668529,-52.57810515621,7.162814325629));
#18199=CARTESIAN_POINT('',(116.36029853861,-52.57810515621,7.165182860868));
#18200=CARTESIAN_POINT('',(116.42963296926,-52.57810515621,7.162814325629));
#18201=CARTESIAN_POINT('',(116.29128737709,-52.57810515621,7.172277423382));
#18202=CARTESIAN_POINT('',(116.36029853861,-52.57810515621,7.165182860868));
#18203=CARTESIAN_POINT('',(116.22292124658,-52.57810515621,7.184064935045));
#18204=CARTESIAN_POINT('',(116.29128737709,-52.57810515621,7.172277423382));
#18205=CARTESIAN_POINT('',(116.15551890154,-52.57810515621,7.200490437036));
#18206=CARTESIAN_POINT('',(116.22292124658,-52.57810515621,7.184064935045));
#18207=CARTESIAN_POINT('',(116.08939460282,-52.57810515621,7.221477346082));
#18208=CARTESIAN_POINT('',(116.15551890154,-52.57810515621,7.200490437036));
#18209=CARTESIAN_POINT('',(116.02485665243,-52.57810515621,7.246927811526));
#18210=CARTESIAN_POINT('',(116.08939460282,-52.57810515621,7.221477346082));
#18211=CARTESIAN_POINT('',(115.96220595607,-52.57810515621,7.27672317155));
#18212=CARTESIAN_POINT('',(116.02485665243,-52.57810515621,7.246927811526));
#18213=CARTESIAN_POINT('',(115.90173462023,-52.57810515621,7.31072450643));
#18214=CARTESIAN_POINT('',(115.96220595607,-52.57810515621,7.27672317155));
#18215=CARTESIAN_POINT('',(115.84372459018,-52.57810515621,7.348773286248));
#18216=CARTESIAN_POINT('',(115.90173462023,-52.57810515621,7.31072450643));
#18217=CARTESIAN_POINT('',(115.78844633545,-52.57810515621,7.390692110029));
#18218=CARTESIAN_POINT('',(115.84372459018,-52.57810515621,7.348773286248));
#18219=CARTESIAN_POINT('',(115.7361575888,-52.57810515621,7.436285532864));
#18220=CARTESIAN_POINT('',(115.78844633545,-52.57810515621,7.390692110029));
#18221=CARTESIAN_POINT('',(115.68710214449,-52.57810515621,7.485340977172));
#18222=CARTESIAN_POINT('',(115.7361575888,-52.57810515621,7.436285532864));
#18223=CARTESIAN_POINT('',(115.64150872166,-52.57810515621,7.537629723824));
#18224=CARTESIAN_POINT('',(115.68710214449,-52.57810515621,7.485340977172));
#18225=CARTESIAN_POINT('',(115.59958989788,-52.57810515621,7.592907978547));
#18226=CARTESIAN_POINT('',(115.64150872166,-52.57810515621,7.537629723824));
#18227=CARTESIAN_POINT('',(115.56154111806,-52.57810515621,7.6509180086));
#18228=CARTESIAN_POINT('',(115.59958989788,-52.57810515621,7.592907978547));
#18229=CARTESIAN_POINT('',(115.52753978318,-52.57810515621,7.711389344444));
#18230=CARTESIAN_POINT('',(115.56154111806,-52.57810515621,7.6509180086));
#18231=CARTESIAN_POINT('',(115.49774442315,-52.57810515621,7.774040040796));
#18232=CARTESIAN_POINT('',(115.52753978318,-52.57810515621,7.711389344444));
#18233=CARTESIAN_POINT('',(115.47229395771,-52.57810515621,7.83857799119));
#18234=CARTESIAN_POINT('',(115.49774442315,-52.57810515621,7.774040040796));
#18235=CARTESIAN_POINT('',(115.45130704866,-52.57810515621,7.904702289909));
#18236=CARTESIAN_POINT('',(115.47229395771,-52.57810515621,7.83857799119));
#18237=CARTESIAN_POINT('',(115.43488154667,-52.57810515621,7.972104634948));
#18238=CARTESIAN_POINT('',(115.45130704866,-52.57810515621,7.904702289909));
#18239=CARTESIAN_POINT('',(115.42309403501,-52.57810515621,8.04047076546));
#18240=CARTESIAN_POINT('',(115.43488154667,-52.57810515621,7.972104634948));
#18241=CARTESIAN_POINT('',(115.4159994725,-52.57810515621,8.109481926985));
#18242=CARTESIAN_POINT('',(115.42309403501,-52.57810515621,8.04047076546));
#18243=CARTESIAN_POINT('',(115.4159994725,-52.57810515621,8.109481926985));
#18244=CARTESIAN_POINT('Origin',(104.20020840041,-102.930205860365,15.240030480061));
#18245=CARTESIAN_POINT('',(104.20020840041,-121.9802439604,13.970027940056));
#18246=CARTESIAN_POINT('',(104.20020840041,-83.88016776033,13.970027940056));
#18247=CARTESIAN_POINT('',(104.20020840041,-121.9802439604,13.970027940056));
#18248=CARTESIAN_POINT('',(104.20020840041,-83.88016776033,13.970027940056));
#18249=CARTESIAN_POINT('',(104.20020840041,-121.9802439604,13.970027940056));
#18250=CARTESIAN_POINT('Origin',(132.775265550525,-121.9802439604,15.240030480061));
#18251=CARTESIAN_POINT('',(161.35032270064,-121.9802439604,13.970027940056));
#18252=CARTESIAN_POINT('',(161.35032270064,-121.9802439604,13.970027940056));
#18253=CARTESIAN_POINT('',(161.35032270064,-121.9802439604,13.970027940056));
#18254=CARTESIAN_POINT('Origin',(132.775265550525,-83.88016776033,15.240030480061));
#18255=CARTESIAN_POINT('',(161.35032270064,-83.88016776033,13.970027940056));
#18256=CARTESIAN_POINT('',(104.20020840041,-83.88016776033,13.970027940056));
#18257=CARTESIAN_POINT('',(161.35032270064,-83.88016776033,13.970027940056));
#18258=CARTESIAN_POINT('Origin',(161.35032270064,-102.930205860365,15.240030480061));
#18259=CARTESIAN_POINT('',(161.35032270064,-83.88016776033,13.970027940056));
#18260=CARTESIAN_POINT('Origin',(151.735903457798,-68.75793759587,13.970027940056));
#18261=CARTESIAN_POINT('',(157.86112617015,-68.75793759587,13.970027940056));
#18262=CARTESIAN_POINT('',(157.861126170139,-68.7579375958666,13.970027940056));
#18263=CARTESIAN_POINT('Origin',(151.735903457803,-68.7579375958703,13.970027940056));
#18264=CARTESIAN_POINT('Origin',(115.41481520488,-52.57810515621,9.1786855033605));
#18265=CARTESIAN_POINT('',(115.4159994725,-51.3081026162,9.213352718684));
#18266=CARTESIAN_POINT('',(115.41363093726,-51.3081026162,9.144018288037));
#18267=CARTESIAN_POINT('Origin',(115.419546753755,-52.57810515621,9.247858299447));
#18268=CARTESIAN_POINT('',(115.42309403501,-51.3081026162,9.28236388021));
#18269=CARTESIAN_POINT('Origin',(115.42898779084,-52.57810515621,9.316546945466));
#18270=CARTESIAN_POINT('',(115.43488154667,-51.3081026162,9.350730010722));
#18271=CARTESIAN_POINT('Origin',(115.443094297665,-52.57810515621,9.384431183241));
#18272=CARTESIAN_POINT('',(115.45130704866,-51.3081026162,9.41813235576));
#18273=CARTESIAN_POINT('Origin',(115.461800503185,-52.57810515621,9.4511945051195));
#18274=CARTESIAN_POINT('',(115.47229395771,-51.3081026162,9.484256654479));
#18275=CARTESIAN_POINT('Origin',(115.48501919043,-52.57810515621,9.516525629676));
#18276=CARTESIAN_POINT('',(115.49774442315,-51.3081026162,9.548794604873));
#18277=CARTESIAN_POINT('Origin',(115.512642103165,-52.57810515621,9.580119953049));
#18278=CARTESIAN_POINT('',(115.52753978318,-51.3081026162,9.611445301225));
#18279=CARTESIAN_POINT('Origin',(115.54454045062,-52.57810515621,9.641680969147));
#18280=CARTESIAN_POINT('',(115.56154111806,-51.3081026162,9.671916637069));
#18281=CARTESIAN_POINT('Origin',(115.58056550797,-52.57810515621,9.7009216520955));
#18282=CARTESIAN_POINT('',(115.59958989788,-51.3081026162,9.729926667122));
#18283=CARTESIAN_POINT('Origin',(115.62054930977,-52.57810515621,9.7575657944835));
#18284=CARTESIAN_POINT('',(115.64150872166,-51.3081026162,9.785204921845));
#18285=CARTESIAN_POINT('Origin',(115.664305433075,-52.57810515621,9.811349295171));
#18286=CARTESIAN_POINT('',(115.68710214449,-51.3081026162,9.837493668497));
#18287=CARTESIAN_POINT('Origin',(115.711629866645,-52.57810515621,9.862021390651));
#18288=CARTESIAN_POINT('',(115.7361575888,-51.3081026162,9.886549112805));
#18289=CARTESIAN_POINT('Origin',(115.762301962125,-52.57810515621,9.909345824223));
#18290=CARTESIAN_POINT('',(115.78844633545,-51.3081026162,9.932142535641));
#18291=CARTESIAN_POINT('Origin',(115.816085462815,-52.57810515621,9.953101947531));
#18292=CARTESIAN_POINT('',(115.84372459018,-51.3081026162,9.974061359421));
#18293=CARTESIAN_POINT('Origin',(115.872729605205,-52.57810515621,9.9930857493305));
#18294=CARTESIAN_POINT('',(115.90173462023,-51.3081026162,10.01211013924));
#18295=CARTESIAN_POINT('Origin',(115.93197028815,-52.57810515621,10.02911080668));
#18296=CARTESIAN_POINT('',(115.96220595607,-51.3081026162,10.04611147412));
#18297=CARTESIAN_POINT('Origin',(115.99353130425,-52.57810515621,10.0610091541315));
#18298=CARTESIAN_POINT('',(116.02485665243,-51.3081026162,10.075906834143));
#18299=CARTESIAN_POINT('Origin',(116.057125627625,-52.57810515621,10.088632066865));
#18300=CARTESIAN_POINT('',(116.08939460282,-51.3081026162,10.101357299587));
#18301=CARTESIAN_POINT('Origin',(116.12245675218,-52.57810515621,10.1118507541105));
#18302=CARTESIAN_POINT('',(116.15551890154,-51.3081026162,10.122344208634));
#18303=CARTESIAN_POINT('Origin',(116.18922007406,-52.57810515621,10.1305569596295));
#18304=CARTESIAN_POINT('',(116.22292124658,-51.3081026162,10.138769710625));
#18305=CARTESIAN_POINT('Origin',(116.257104311835,-52.57810515621,10.144663466456));
#18306=CARTESIAN_POINT('',(116.29128737709,-51.3081026162,10.150557222287));
#18307=CARTESIAN_POINT('Origin',(116.32579295785,-52.57810515621,10.154104503544));
#18308=CARTESIAN_POINT('',(116.36029853861,-51.3081026162,10.157651784801));
#18309=CARTESIAN_POINT('Origin',(116.394965753935,-52.57810515621,10.158836052421));
#18310=CARTESIAN_POINT('',(116.42963296926,-51.3081026162,10.160020320041));
#18311=CARTESIAN_POINT('Origin',(119.913639827275,-52.57810515621,10.160020320041));
#18312=CARTESIAN_POINT('',(123.39764668529,-51.3081026162,10.160020320041));
#18313=CARTESIAN_POINT('Origin',(123.432313900615,-52.57810515621,10.158836052421));
#18314=CARTESIAN_POINT('',(123.46698111594,-51.3081026162,10.157651784801));
#18315=CARTESIAN_POINT('Origin',(123.5014866967,-52.57810515621,10.154104503544));
#18316=CARTESIAN_POINT('',(123.53599227746,-51.3081026162,10.150557222287));
#18317=CARTESIAN_POINT('Origin',(123.570175342715,-52.57810515621,10.144663466456));
#18318=CARTESIAN_POINT('',(123.60435840797,-51.3081026162,10.138769710625));
#18319=CARTESIAN_POINT('Origin',(123.63805958049,-52.57810515621,10.1305569596295));
#18320=CARTESIAN_POINT('',(123.67176075301,-51.3081026162,10.122344208634));
#18321=CARTESIAN_POINT('Origin',(123.70482290237,-52.57810515621,10.1118507541105));
#18322=CARTESIAN_POINT('',(123.73788505173,-51.3081026162,10.101357299587));
#18323=CARTESIAN_POINT('Origin',(123.77015402693,-52.57810515621,10.088632066865));
#18324=CARTESIAN_POINT('',(123.80242300213,-51.3081026162,10.075906834143));
#18325=CARTESIAN_POINT('Origin',(123.833748350305,-52.57810515621,10.0610091541315));
#18326=CARTESIAN_POINT('',(123.86507369848,-51.3081026162,10.04611147412));
#18327=CARTESIAN_POINT('Origin',(123.8953093664,-52.57810515621,10.02911080668));
#18328=CARTESIAN_POINT('',(123.92554503432,-51.3081026162,10.01211013924));
#18329=CARTESIAN_POINT('Origin',(123.954550049345,-52.57810515621,9.9930857493305));
#18330=CARTESIAN_POINT('',(123.98355506437,-51.3081026162,9.974061359421));
#18331=CARTESIAN_POINT('Origin',(124.011194191735,-52.57810515621,9.953101947531));
#18332=CARTESIAN_POINT('',(124.0388333191,-51.3081026162,9.932142535641));
#18333=CARTESIAN_POINT('Origin',(124.064977692425,-52.57810515621,9.909345824223));
#18334=CARTESIAN_POINT('',(124.09112206575,-51.3081026162,9.886549112805));
#18335=CARTESIAN_POINT('Origin',(124.115649787905,-52.57810515621,9.862021390651));
#18336=CARTESIAN_POINT('',(124.14017751006,-51.3081026162,9.837493668497));
#18337=CARTESIAN_POINT('Origin',(124.162974221475,-52.57810515621,9.811349295171));
#18338=CARTESIAN_POINT('',(124.18577093289,-51.3081026162,9.785204921845));
#18339=CARTESIAN_POINT('Origin',(124.20673034478,-52.57810515621,9.7575657944835));
#18340=CARTESIAN_POINT('',(124.22768975667,-51.3081026162,9.729926667122));
#18341=CARTESIAN_POINT('Origin',(124.24671414658,-52.57810515621,9.7009216520955));
#18342=CARTESIAN_POINT('',(124.26573853649,-51.3081026162,9.671916637069));
#18343=CARTESIAN_POINT('Origin',(124.28273920393,-52.57810515621,9.641680969147));
#18344=CARTESIAN_POINT('',(124.29973987137,-51.3081026162,9.611445301225));
#18345=CARTESIAN_POINT('Origin',(124.314637551385,-52.57810515621,9.580119953049));
#18346=CARTESIAN_POINT('',(124.3295352314,-51.3081026162,9.548794604873));
#18347=CARTESIAN_POINT('Origin',(124.34226046412,-52.57810515621,9.516525629676));
#18348=CARTESIAN_POINT('',(124.35498569684,-51.3081026162,9.484256654479));
#18349=CARTESIAN_POINT('Origin',(124.365479151365,-52.57810515621,9.4511945051195));
#18350=CARTESIAN_POINT('',(124.37597260589,-51.3081026162,9.41813235576));
#18351=CARTESIAN_POINT('Origin',(124.384185356885,-52.57810515621,9.384431183241));
#18352=CARTESIAN_POINT('',(124.39239810788,-51.3081026162,9.350730010722));
#18353=CARTESIAN_POINT('Origin',(124.39829186371,-52.57810515621,9.316546945466));
#18354=CARTESIAN_POINT('',(124.40418561954,-51.3081026162,9.28236388021));
#18355=CARTESIAN_POINT('Origin',(124.407732900795,-52.57810515621,9.247858299447));
#18356=CARTESIAN_POINT('',(124.41128018205,-51.3081026162,9.213352718684));
#18357=CARTESIAN_POINT('Origin',(124.41246444967,-52.57810515621,9.1786855033605));
#18358=CARTESIAN_POINT('',(124.41364871729,-51.3081026162,9.144018288037));
#18359=CARTESIAN_POINT('Origin',(124.41364871729,-52.57810515621,8.661417322835));
#18360=CARTESIAN_POINT('',(124.41364871729,-51.3081026162,8.178816357633));
#18361=CARTESIAN_POINT('Origin',(124.41246444967,-52.57810515621,8.144149142309));
#18362=CARTESIAN_POINT('',(124.41128018205,-51.3081026162,8.109481926985));
#18363=CARTESIAN_POINT('Origin',(124.407732900795,-52.57810515621,8.0749763462225));
#18364=CARTESIAN_POINT('',(124.40418561954,-51.3081026162,8.04047076546));
#18365=CARTESIAN_POINT('Origin',(124.39829186371,-52.57810515621,8.006287700204));
#18366=CARTESIAN_POINT('',(124.39239810788,-51.3081026162,7.972104634948));
#18367=CARTESIAN_POINT('Origin',(124.384185356885,-52.57810515621,7.9384034624285));
#18368=CARTESIAN_POINT('',(124.37597260589,-51.3081026162,7.904702289909));
#18369=CARTESIAN_POINT('Origin',(124.365479151365,-52.57810515621,7.8716401405495));
#18370=CARTESIAN_POINT('',(124.35498569684,-51.3081026162,7.83857799119));
#18371=CARTESIAN_POINT('Origin',(124.34226046412,-52.57810515621,7.806309015993));
#18372=CARTESIAN_POINT('',(124.3295352314,-51.3081026162,7.774040040796));
#18373=CARTESIAN_POINT('Origin',(124.314637551385,-52.57810515621,7.74271469262));
#18374=CARTESIAN_POINT('',(124.29973987137,-51.3081026162,7.711389344444));
#18375=CARTESIAN_POINT('Origin',(124.28273920393,-52.57810515621,7.681153676522));
#18376=CARTESIAN_POINT('',(124.26573853649,-51.3081026162,7.6509180086));
#18377=CARTESIAN_POINT('Origin',(124.24671414658,-52.57810515621,7.6219129935735));
#18378=CARTESIAN_POINT('',(124.22768975667,-51.3081026162,7.592907978547));
#18379=CARTESIAN_POINT('Origin',(124.20673034478,-52.57810515621,7.5652688511855));
#18380=CARTESIAN_POINT('',(124.18577093289,-51.3081026162,7.537629723824));
#18381=CARTESIAN_POINT('Origin',(124.162974221475,-52.57810515621,7.511485350498));
#18382=CARTESIAN_POINT('',(124.14017751006,-51.3081026162,7.485340977172));
#18383=CARTESIAN_POINT('Origin',(124.115649787905,-52.57810515621,7.460813255018));
#18384=CARTESIAN_POINT('',(124.09112206575,-51.3081026162,7.436285532864));
#18385=CARTESIAN_POINT('Origin',(124.064977692425,-52.57810515621,7.4134888214465));
#18386=CARTESIAN_POINT('',(124.0388333191,-51.3081026162,7.390692110029));
#18387=CARTESIAN_POINT('Origin',(124.011194191735,-52.57810515621,7.3697326981385));
#18388=CARTESIAN_POINT('',(123.98355506437,-51.3081026162,7.348773286248));
#18389=CARTESIAN_POINT('Origin',(123.954550049345,-52.57810515621,7.329748896339));
#18390=CARTESIAN_POINT('',(123.92554503432,-51.3081026162,7.31072450643));
#18391=CARTESIAN_POINT('Origin',(123.8953093664,-52.57810515621,7.29372383899));
#18392=CARTESIAN_POINT('',(123.86507369848,-51.3081026162,7.27672317155));
#18393=CARTESIAN_POINT('Origin',(123.833748350305,-52.57810515621,7.261825491538));
#18394=CARTESIAN_POINT('',(123.80242300213,-51.3081026162,7.246927811526));
#18395=CARTESIAN_POINT('Origin',(123.77015402693,-52.57810515621,7.234202578804));
#18396=CARTESIAN_POINT('',(123.73788505173,-51.3081026162,7.221477346082));
#18397=CARTESIAN_POINT('Origin',(123.70482290237,-52.57810515621,7.210983891559));
#18398=CARTESIAN_POINT('',(123.67176075301,-51.3081026162,7.200490437036));
#18399=CARTESIAN_POINT('Origin',(123.63805958049,-52.57810515621,7.1922776860405));
#18400=CARTESIAN_POINT('',(123.60435840797,-51.3081026162,7.184064935045));
#18401=CARTESIAN_POINT('Origin',(123.570175342715,-52.57810515621,7.1781711792135));
#18402=CARTESIAN_POINT('',(123.53599227746,-51.3081026162,7.172277423382));
#18403=CARTESIAN_POINT('Origin',(123.5014866967,-52.57810515621,7.168730142125));
#18404=CARTESIAN_POINT('',(123.46698111594,-51.3081026162,7.165182860868));
#18405=CARTESIAN_POINT('Origin',(123.432313900615,-52.57810515621,7.1639985932485));
#18406=CARTESIAN_POINT('',(123.39764668529,-51.3081026162,7.162814325629));
#18407=CARTESIAN_POINT('Origin',(119.913639827275,-52.57810515621,7.162814325629));
#18408=CARTESIAN_POINT('',(116.42963296926,-51.3081026162,7.162814325629));
#18409=CARTESIAN_POINT('Origin',(116.394965753935,-52.57810515621,7.1639985932485));
#18410=CARTESIAN_POINT('',(116.36029853861,-51.3081026162,7.165182860868));
#18411=CARTESIAN_POINT('Origin',(116.32579295785,-52.57810515621,7.168730142125));
#18412=CARTESIAN_POINT('',(116.29128737709,-51.3081026162,7.172277423382));
#18413=CARTESIAN_POINT('Origin',(116.257104311835,-52.57810515621,7.1781711792135));
#18414=CARTESIAN_POINT('',(116.22292124658,-51.3081026162,7.184064935045));
#18415=CARTESIAN_POINT('Origin',(116.18922007406,-52.57810515621,7.1922776860405));
#18416=CARTESIAN_POINT('',(116.15551890154,-51.3081026162,7.200490437036));
#18417=CARTESIAN_POINT('Origin',(116.12245675218,-52.57810515621,7.210983891559));
#18418=CARTESIAN_POINT('',(116.08939460282,-51.3081026162,7.221477346082));
#18419=CARTESIAN_POINT('Origin',(116.057125627625,-52.57810515621,7.234202578804));
#18420=CARTESIAN_POINT('',(116.02485665243,-51.3081026162,7.246927811526));
#18421=CARTESIAN_POINT('Origin',(115.99353130425,-52.57810515621,7.261825491538));
#18422=CARTESIAN_POINT('',(115.96220595607,-51.3081026162,7.27672317155));
#18423=CARTESIAN_POINT('Origin',(115.93197028815,-52.57810515621,7.29372383899));
#18424=CARTESIAN_POINT('',(115.90173462023,-51.3081026162,7.31072450643));
#18425=CARTESIAN_POINT('Origin',(115.872729605205,-52.57810515621,7.329748896339));
#18426=CARTESIAN_POINT('',(115.84372459018,-51.3081026162,7.348773286248));
#18427=CARTESIAN_POINT('Origin',(115.816085462815,-52.57810515621,7.3697326981385));
#18428=CARTESIAN_POINT('',(115.78844633545,-51.3081026162,7.390692110029));
#18429=CARTESIAN_POINT('Origin',(115.762301962125,-52.57810515621,7.4134888214465));
#18430=CARTESIAN_POINT('',(115.7361575888,-51.3081026162,7.436285532864));
#18431=CARTESIAN_POINT('Origin',(115.711629866645,-52.57810515621,7.460813255018));
#18432=CARTESIAN_POINT('',(115.68710214449,-51.3081026162,7.485340977172));
#18433=CARTESIAN_POINT('Origin',(115.664305433075,-52.57810515621,7.511485350498));
#18434=CARTESIAN_POINT('',(115.64150872166,-51.3081026162,7.537629723824));
#18435=CARTESIAN_POINT('Origin',(115.62054930977,-52.57810515621,7.5652688511855));
#18436=CARTESIAN_POINT('',(115.59958989788,-51.3081026162,7.592907978547));
#18437=CARTESIAN_POINT('Origin',(115.58056550797,-52.57810515621,7.6219129935735));
#18438=CARTESIAN_POINT('',(115.56154111806,-51.3081026162,7.6509180086));
#18439=CARTESIAN_POINT('Origin',(115.54454045062,-52.57810515621,7.681153676522));
#18440=CARTESIAN_POINT('',(115.52753978318,-51.3081026162,7.711389344444));
#18441=CARTESIAN_POINT('Origin',(115.512642103165,-52.57810515621,7.74271469262));
#18442=CARTESIAN_POINT('',(115.49774442315,-51.3081026162,7.774040040796));
#18443=CARTESIAN_POINT('Origin',(115.48501919043,-52.57810515621,7.806309015993));
#18444=CARTESIAN_POINT('',(115.47229395771,-51.3081026162,7.83857799119));
#18445=CARTESIAN_POINT('Origin',(115.461800503185,-52.57810515621,7.8716401405495));
#18446=CARTESIAN_POINT('',(115.45130704866,-51.3081026162,7.904702289909));
#18447=CARTESIAN_POINT('Origin',(115.443094297665,-52.57810515621,7.9384034624285));
#18448=CARTESIAN_POINT('',(115.43488154667,-51.3081026162,7.972104634948));
#18449=CARTESIAN_POINT('Origin',(115.42898779084,-52.57810515621,8.006287700204));
#18450=CARTESIAN_POINT('',(115.42309403501,-51.3081026162,8.04047076546));
#18451=CARTESIAN_POINT('Origin',(115.419546753755,-52.57810515621,8.0749763462225));
#18452=CARTESIAN_POINT('',(115.4159994725,-51.3081026162,8.109481926985));
#18453=CARTESIAN_POINT('Origin',(115.41481520488,-52.57810515621,8.144149142309));
#18454=CARTESIAN_POINT('',(115.41363093726,-51.3081026162,8.178816357633));
#18455=CARTESIAN_POINT('Origin',(115.41363093726,-52.57810515621,8.661417322835));
#18456=CARTESIAN_POINT('Origin',(132.770129540257,-135.0012700025,13.970027940056));
#18457=CARTESIAN_POINT('',(171.27034262612,-127.4002548005,13.970027940056));
#18458=CARTESIAN_POINT('Origin',(168.600337200669,-127.400254800473,13.970027940056));
#18459=CARTESIAN_POINT('',(99.670199425839,-127.4002548005,13.970027940056));
#18460=CARTESIAN_POINT('Origin',(97.0001940003889,-127.400254800474,13.970027940056));
#18461=CARTESIAN_POINT('',(171.27034262612,-60.00012000024,13.970027940056));
#18462=CARTESIAN_POINT('Origin',(168.600337200668,-60.0001200002373,13.970027940056));
#18463=CARTESIAN_POINT('',(99.670199425839,-60.00012000024,13.970027940056));
#18464=CARTESIAN_POINT('Origin',(97.0001940003877,-60.0001200002382,13.970027940056));
#18465=CARTESIAN_POINT('Origin',(168.600337200666,-127.400254800467,9.90601981204));
#18466=CARTESIAN_POINT('',(171.27034262612,-127.4002548005,9.90601981204));
#18467=CARTESIAN_POINT('Origin',(168.600337200669,-127.400254800473,9.90601981204));
#18468=CARTESIAN_POINT('',(171.270342626114,-127.400254800465,9.90601981204));
#18469=CARTESIAN_POINT('Origin',(97.0001940003897,-127.400254800467,9.90601981204));
#18470=CARTESIAN_POINT('',(99.670199425839,-127.4002548005,9.90601981204));
#18471=CARTESIAN_POINT('Origin',(97.0001940003889,-127.400254800474,9.90601981204));
#18472=CARTESIAN_POINT('',(99.670199425842,-127.400254800465,9.90601981204));
#18473=CARTESIAN_POINT('Origin',(168.600337200665,-60.0001200002367,9.90601981204));
#18474=CARTESIAN_POINT('',(171.27034262612,-60.00012000024,9.90601981204));
#18475=CARTESIAN_POINT('Origin',(168.600337200668,-60.0001200002373,9.90601981204));
#18476=CARTESIAN_POINT('',(171.270342626112,-60.0001200002352,9.90601981204));
#18477=CARTESIAN_POINT('Origin',(97.0001940003887,-60.0001200002367,9.90601981204));
#18478=CARTESIAN_POINT('',(99.670199425839,-60.00012000024,9.90601981204));
#18479=CARTESIAN_POINT('Origin',(97.0001940003877,-60.0001200002382,9.90601981204));
#18480=CARTESIAN_POINT('',(99.6701994258401,-60.0001200002352,9.90601981204));
#18481=CARTESIAN_POINT('Origin',(168.60033720067,-130.0702602259,9.90601981204));
#18482=CARTESIAN_POINT('',(170.00034004548,-127.4002548005,9.90601981204));
#18483=CARTESIAN_POINT('Origin',(168.600337200672,-127.400254800479,9.90601981204));
#18484=CARTESIAN_POINT('Origin',(97.000194000388,-130.0702602259,9.90601981204));
#18485=CARTESIAN_POINT('',(98.400196845194,-127.4002548005,9.90601981204));
#18486=CARTESIAN_POINT('Origin',(97.0001940003871,-127.40025480048,9.90601981204));
#18487=CARTESIAN_POINT('Origin',(168.60033720067,-62.67012542569,9.90601981204));
#18488=CARTESIAN_POINT('',(170.00034004548,-60.00012000024,9.90601981204));
#18489=CARTESIAN_POINT('Origin',(168.600337200673,-60.0001200002379,9.90601981204));
#18490=CARTESIAN_POINT('Origin',(97.000194000388,-62.67012542569,9.90601981204));
#18491=CARTESIAN_POINT('',(98.400196845194,-60.00012000024,9.90601981204));
#18492=CARTESIAN_POINT('Origin',(97.0001940003877,-60.0001200002383,9.90601981204));
#18493=CARTESIAN_POINT('Origin',(168.600337200685,-127.400254800467,9.90601981204));
#18494=CARTESIAN_POINT('',(170.00034004548,-127.4002548005,13.970027940056));
#18495=CARTESIAN_POINT('Origin',(168.600337200672,-127.400254800479,13.970027940056));
#18496=CARTESIAN_POINT('',(170.000340045502,-127.400254800466,9.90601981204));
#18497=CARTESIAN_POINT('Origin',(97.0001940003999,-127.400254800467,9.90601981204));
#18498=CARTESIAN_POINT('',(98.400196845194,-127.4002548005,13.970027940056));
#18499=CARTESIAN_POINT('Origin',(97.0001940003871,-127.40025480048,13.970027940056));
#18500=CARTESIAN_POINT('',(98.4001968452174,-127.400254800466,9.90601981204));
#18501=CARTESIAN_POINT('Origin',(168.600337200673,-60.0001200002367,9.90601981204));
#18502=CARTESIAN_POINT('',(170.00034004548,-60.00012000024,13.970027940056));
#18503=CARTESIAN_POINT('Origin',(168.600337200673,-60.0001200002379,13.970027940056));
#18504=CARTESIAN_POINT('',(170.00034004548,-60.0001200002359,9.90601981204));
#18505=CARTESIAN_POINT('Origin',(97.0001940003885,-60.0001200002367,9.90601981204));
#18506=CARTESIAN_POINT('',(98.400196845194,-60.00012000024,13.970027940056));
#18507=CARTESIAN_POINT('Origin',(97.0001940003877,-60.0001200002383,13.970027940056));
#18508=CARTESIAN_POINT('',(98.4001968451946,-60.0001200002359,9.90601981204));
#18509=CARTESIAN_POINT('Origin',(168.60033720067,-128.8002576453,13.970027940056));
#18510=CARTESIAN_POINT('Origin',(97.000194000388,-128.8002576453,13.970027940056));
#18511=CARTESIAN_POINT('Origin',(168.60033720067,-61.40012284504,13.970027940056));
#18512=CARTESIAN_POINT('Origin',(97.000194000388,-61.40012284504,13.970027940056));
#18513=CARTESIAN_POINT('Origin',(93.3955480949065,-136.26461103715,4.699009398019));
#18514=CARTESIAN_POINT('',(93.590551181102,-136.2712725425,0.));
#18515=CARTESIAN_POINT('',(93.590551181102,-136.2712725425,4.699009398019));
#18516=CARTESIAN_POINT('',(93.590551181102,-136.2712725425,0.));
#18517=CARTESIAN_POINT('',(93.200545008711,-136.2579495318,4.699009398019));
#18518=CARTESIAN_POINT('',(93.590551181102,-136.2712725425,4.699009398019));
#18519=CARTESIAN_POINT('',(93.200545008711,-136.2579495318,0.));
#18520=CARTESIAN_POINT('',(93.200545008711,-136.2579495318,0.));
#18521=CARTESIAN_POINT('',(93.590551181102,-136.2712725425,0.));
#18522=CARTESIAN_POINT('Origin',(132.770129540256,-136.2712725425,4.699009398019));
#18523=CARTESIAN_POINT('',(171.94970789941,-136.2712725425,0.));
#18524=CARTESIAN_POINT('',(171.94970789941,-136.2712725425,4.699009398019));
#18525=CARTESIAN_POINT('',(171.94970789941,-136.2712725425,0.));
#18526=CARTESIAN_POINT('',(171.94970789941,-136.2712725425,4.699009398019));
#18527=CARTESIAN_POINT('',(171.94970789941,-136.2712725425,0.));
#18528=CARTESIAN_POINT('Origin',(93.00645111692,-136.2379960747,4.699009398019));
#18529=CARTESIAN_POINT('',(92.812357225129,-136.2180426176,4.699009398019));
#18530=CARTESIAN_POINT('',(93.200545008711,-136.2579495318,4.699009398019));
#18531=CARTESIAN_POINT('',(92.812357225129,-136.2180426176,0.));
#18532=CARTESIAN_POINT('',(92.812357225129,-136.2180426176,0.));
#18533=CARTESIAN_POINT('',(93.200545008711,-136.2579495318,0.));
#18534=CARTESIAN_POINT('Origin',(132.770129540255,-136.2712725425,0.));
#18535=CARTESIAN_POINT('',(92.427797741,-136.1517378645,0.));
#18536=CARTESIAN_POINT('',(92.812357225129,-136.2180426176,0.));
#18537=CARTESIAN_POINT('',(92.048659550157,-136.0593444158,0.));
#18538=CARTESIAN_POINT('',(92.427797741,-136.1517378645,0.));
#18539=CARTESIAN_POINT('',(91.676710369864,-135.9412930524,0.));
#18540=CARTESIAN_POINT('',(92.048659550157,-136.0593444158,0.));
#18541=CARTESIAN_POINT('',(91.313684398898,-135.7981341843,0.));
#18542=CARTESIAN_POINT('',(91.676710369864,-135.9412930524,0.));
#18543=CARTESIAN_POINT('',(90.961274231915,-135.6305352842,0.));
#18544=CARTESIAN_POINT('',(91.313684398898,-135.7981341843,0.));
#18545=CARTESIAN_POINT('',(90.621122967793,-135.4392777755,0.));
#18546=CARTESIAN_POINT('',(90.961274231915,-135.6305352842,0.));
#18547=CARTESIAN_POINT('',(90.294816548747,-135.225253389,0.));
#18548=CARTESIAN_POINT('',(90.621122967793,-135.4392777755,0.));
#18549=CARTESIAN_POINT('',(89.983876365929,-134.9894600052,0.));
#18550=CARTESIAN_POINT('',(90.294816548747,-135.225253389,0.));
#18551=CARTESIAN_POINT('',(89.68975216601,-134.7329970018,0.));
#18552=CARTESIAN_POINT('',(89.983876365929,-134.9894600052,0.));
#18553=CARTESIAN_POINT('',(89.413815291781,-134.4570601276,0.));
#18554=CARTESIAN_POINT('',(89.68975216601,-134.7329970018,0.));
#18555=CARTESIAN_POINT('',(89.157352288329,-134.1629359276,0.));
#18556=CARTESIAN_POINT('',(89.413815291781,-134.4570601276,0.));
#18557=CARTESIAN_POINT('',(88.921558904563,-133.8519957448,0.));
#18558=CARTESIAN_POINT('',(89.157352288329,-134.1629359276,0.));
#18559=CARTESIAN_POINT('',(88.707534518086,-133.5256893258,0.));
#18560=CARTESIAN_POINT('',(88.921558904563,-133.8519957448,0.));
#18561=CARTESIAN_POINT('',(88.516277009384,-133.1855380617,0.));
#18562=CARTESIAN_POINT('',(88.707534518086,-133.5256893258,0.));
#18563=CARTESIAN_POINT('',(88.348678109253,-132.8331278947,0.));
#18564=CARTESIAN_POINT('',(88.516277009384,-133.1855380617,0.));
#18565=CARTESIAN_POINT('',(88.205519241129,-132.4701019237,0.));
#18566=CARTESIAN_POINT('',(88.348678109253,-132.8331278947,0.));
#18567=CARTESIAN_POINT('',(88.087467877743,-132.0981527434,0.));
#18568=CARTESIAN_POINT('',(88.205519241129,-132.4701019237,0.));
#18569=CARTESIAN_POINT('',(87.995074429044,-131.7190145526,0.));
#18570=CARTESIAN_POINT('',(88.087467877743,-132.0981527434,0.));
#18571=CARTESIAN_POINT('',(87.928769675942,-131.3344550684,0.));
#18572=CARTESIAN_POINT('',(87.995074429044,-131.7190145526,0.));
#18573=CARTESIAN_POINT('',(87.888862761802,-130.9462672849,0.));
#18574=CARTESIAN_POINT('',(87.928769675942,-131.3344550684,0.));
#18575=CARTESIAN_POINT('',(87.87553975108,-130.5562611125,0.));
#18576=CARTESIAN_POINT('',(87.888862761802,-130.9462672849,0.));
#18577=CARTESIAN_POINT('',(87.87553975108,-57.02311404622,0.));
#18578=CARTESIAN_POINT('',(87.87553975108,-130.5562611125,0.));
#18579=CARTESIAN_POINT('',(87.888862761802,-56.63310787383,0.));
#18580=CARTESIAN_POINT('',(87.87553975108,-57.02311404622,0.));
#18581=CARTESIAN_POINT('',(87.928769675942,-56.24492009025,0.));
#18582=CARTESIAN_POINT('',(87.888862761802,-56.63310787383,0.));
#18583=CARTESIAN_POINT('',(87.995074429044,-55.86036060612,0.));
#18584=CARTESIAN_POINT('',(87.928769675942,-56.24492009025,0.));
#18585=CARTESIAN_POINT('',(88.087467877743,-55.48122241528,0.));
#18586=CARTESIAN_POINT('',(87.995074429044,-55.86036060612,0.));
#18587=CARTESIAN_POINT('',(88.205519241129,-55.10927323498,0.));
#18588=CARTESIAN_POINT('',(88.087467877743,-55.48122241528,0.));
#18589=CARTESIAN_POINT('',(88.348678109253,-54.74624726402,0.));
#18590=CARTESIAN_POINT('',(88.205519241129,-55.10927323498,0.));
#18591=CARTESIAN_POINT('',(88.516277009384,-54.39383709704,0.));
#18592=CARTESIAN_POINT('',(88.348678109253,-54.74624726402,0.));
#18593=CARTESIAN_POINT('',(88.707534518086,-54.05368583291,0.));
#18594=CARTESIAN_POINT('',(88.516277009384,-54.39383709704,0.));
#18595=CARTESIAN_POINT('',(88.921558904563,-53.72737941387,0.));
#18596=CARTESIAN_POINT('',(88.707534518086,-54.05368583291,0.));
#18597=CARTESIAN_POINT('',(89.157352288329,-53.41643923105,0.));
#18598=CARTESIAN_POINT('',(88.921558904563,-53.72737941387,0.));
#18599=CARTESIAN_POINT('',(89.413815291781,-53.12231503113,0.));
#18600=CARTESIAN_POINT('',(89.157352288329,-53.41643923105,0.));
#18601=CARTESIAN_POINT('',(89.68975216601,-52.8463781569,0.));
#18602=CARTESIAN_POINT('',(89.413815291781,-53.12231503113,0.));
#18603=CARTESIAN_POINT('',(89.983876365929,-52.58991515345,0.));
#18604=CARTESIAN_POINT('',(89.68975216601,-52.8463781569,0.));
#18605=CARTESIAN_POINT('',(90.294816548747,-52.35412176968,0.));
#18606=CARTESIAN_POINT('',(89.983876365929,-52.58991515345,0.));
#18607=CARTESIAN_POINT('',(90.621122967793,-52.14009738321,0.));
#18608=CARTESIAN_POINT('',(90.294816548747,-52.35412176968,0.));
#18609=CARTESIAN_POINT('',(90.961274231915,-51.94883987451,0.));
#18610=CARTESIAN_POINT('',(90.621122967793,-52.14009738321,0.));
#18611=CARTESIAN_POINT('',(91.313684398898,-51.78124097437,0.));
#18612=CARTESIAN_POINT('',(90.961274231915,-51.94883987451,0.));
#18613=CARTESIAN_POINT('',(91.676710369864,-51.63808210625,0.));
#18614=CARTESIAN_POINT('',(91.313684398898,-51.78124097437,0.));
#18615=CARTESIAN_POINT('',(92.048659550157,-51.52003074286,0.));
#18616=CARTESIAN_POINT('',(91.676710369864,-51.63808210625,0.));
#18617=CARTESIAN_POINT('',(92.427797741,-51.42763729417,0.));
#18618=CARTESIAN_POINT('',(92.048659550157,-51.52003074286,0.));
#18619=CARTESIAN_POINT('',(92.812357225129,-51.36133254106,0.));
#18620=CARTESIAN_POINT('',(92.427797741,-51.42763729417,0.));
#18621=CARTESIAN_POINT('',(93.200545008711,-51.32142562692,0.));
#18622=CARTESIAN_POINT('',(92.812357225129,-51.36133254106,0.));
#18623=CARTESIAN_POINT('',(93.590551181102,-51.3081026162,0.));
#18624=CARTESIAN_POINT('',(93.200545008711,-51.32142562692,0.));
#18625=CARTESIAN_POINT('',(171.94970789941,-51.3081026162,0.));
#18626=CARTESIAN_POINT('',(93.590551181102,-51.3081026162,0.));
#18627=CARTESIAN_POINT('',(172.3397140718,-51.32142562692,0.));
#18628=CARTESIAN_POINT('',(171.94970789941,-51.3081026162,0.));
#18629=CARTESIAN_POINT('',(172.72790185538,-51.36133254106,0.));
#18630=CARTESIAN_POINT('',(172.3397140718,-51.32142562692,0.));
#18631=CARTESIAN_POINT('',(173.11246133951,-51.42763729417,0.));
#18632=CARTESIAN_POINT('',(172.72790185538,-51.36133254106,0.));
#18633=CARTESIAN_POINT('',(173.49159953036,-51.52003074286,0.));
#18634=CARTESIAN_POINT('',(173.11246133951,-51.42763729417,0.));
#18635=CARTESIAN_POINT('',(173.86354871065,-51.63808210625,0.));
#18636=CARTESIAN_POINT('',(173.49159953036,-51.52003074286,0.));
#18637=CARTESIAN_POINT('',(174.22657468162,-51.78124097437,0.));
#18638=CARTESIAN_POINT('',(173.86354871065,-51.63808210625,0.));
#18639=CARTESIAN_POINT('',(174.5789848486,-51.94883987451,0.));
#18640=CARTESIAN_POINT('',(174.22657468162,-51.78124097437,0.));
#18641=CARTESIAN_POINT('',(174.91913611272,-52.14009738321,0.));
#18642=CARTESIAN_POINT('',(174.5789848486,-51.94883987451,0.));
#18643=CARTESIAN_POINT('',(175.24544253177,-52.35412176968,0.));
#18644=CARTESIAN_POINT('',(174.91913611272,-52.14009738321,0.));
#18645=CARTESIAN_POINT('',(175.55638271458,-52.58991515345,0.));
#18646=CARTESIAN_POINT('',(175.24544253177,-52.35412176968,0.));
#18647=CARTESIAN_POINT('',(175.8505069145,-52.8463781569,0.));
#18648=CARTESIAN_POINT('',(175.55638271458,-52.58991515345,0.));
#18649=CARTESIAN_POINT('',(176.12644378873,-53.12231503113,0.));
#18650=CARTESIAN_POINT('',(175.8505069145,-52.8463781569,0.));
#18651=CARTESIAN_POINT('',(176.38290679218,-53.41643923105,0.));
#18652=CARTESIAN_POINT('',(176.12644378873,-53.12231503113,0.));
#18653=CARTESIAN_POINT('',(176.61870017595,-53.72737941387,0.));
#18654=CARTESIAN_POINT('',(176.38290679218,-53.41643923105,0.));
#18655=CARTESIAN_POINT('',(176.83272456243,-54.05368583291,0.));
#18656=CARTESIAN_POINT('',(176.61870017595,-53.72737941387,0.));
#18657=CARTESIAN_POINT('',(177.02398207113,-54.39383709704,0.));
#18658=CARTESIAN_POINT('',(176.83272456243,-54.05368583291,0.));
#18659=CARTESIAN_POINT('',(177.19158097126,-54.74624726402,0.));
#18660=CARTESIAN_POINT('',(177.02398207113,-54.39383709704,0.));
#18661=CARTESIAN_POINT('',(177.33473983938,-55.10927323498,0.));
#18662=CARTESIAN_POINT('',(177.19158097126,-54.74624726402,0.));
#18663=CARTESIAN_POINT('',(177.45279120277,-55.48122241528,0.));
#18664=CARTESIAN_POINT('',(177.33473983938,-55.10927323498,0.));
#18665=CARTESIAN_POINT('',(177.54518465147,-55.86036060612,0.));
#18666=CARTESIAN_POINT('',(177.45279120277,-55.48122241528,0.));
#18667=CARTESIAN_POINT('',(177.61148940457,-56.24492009025,0.));
#18668=CARTESIAN_POINT('',(177.54518465147,-55.86036060612,0.));
#18669=CARTESIAN_POINT('',(177.65139631871,-56.63310787383,0.));
#18670=CARTESIAN_POINT('',(177.61148940457,-56.24492009025,0.));
#18671=CARTESIAN_POINT('',(177.66471932943,-57.02311404622,0.));
#18672=CARTESIAN_POINT('',(177.65139631871,-56.63310787383,0.));
#18673=CARTESIAN_POINT('',(177.66471932943,-130.5562611125,0.));
#18674=CARTESIAN_POINT('',(177.66471932943,-57.02311404622,0.));
#18675=CARTESIAN_POINT('',(177.65139631871,-130.9462672849,0.));
#18676=CARTESIAN_POINT('',(177.66471932943,-130.5562611125,0.));
#18677=CARTESIAN_POINT('',(177.61148940457,-131.3344550684,0.));
#18678=CARTESIAN_POINT('',(177.65139631871,-130.9462672849,0.));
#18679=CARTESIAN_POINT('',(177.54518465147,-131.7190145526,0.));
#18680=CARTESIAN_POINT('',(177.61148940457,-131.3344550684,0.));
#18681=CARTESIAN_POINT('',(177.45279120277,-132.0981527434,0.));
#18682=CARTESIAN_POINT('',(177.54518465147,-131.7190145526,0.));
#18683=CARTESIAN_POINT('',(177.33473983938,-132.4701019237,0.));
#18684=CARTESIAN_POINT('',(177.45279120277,-132.0981527434,0.));
#18685=CARTESIAN_POINT('',(177.19158097126,-132.8331278947,0.));
#18686=CARTESIAN_POINT('',(177.33473983938,-132.4701019237,0.));
#18687=CARTESIAN_POINT('',(177.02398207113,-133.1855380617,0.));
#18688=CARTESIAN_POINT('',(177.19158097126,-132.8331278947,0.));
#18689=CARTESIAN_POINT('',(176.83272456243,-133.5256893258,0.));
#18690=CARTESIAN_POINT('',(177.02398207113,-133.1855380617,0.));
#18691=CARTESIAN_POINT('',(176.61870017595,-133.8519957448,0.));
#18692=CARTESIAN_POINT('',(176.83272456243,-133.5256893258,0.));
#18693=CARTESIAN_POINT('',(176.38290679218,-134.1629359276,0.));
#18694=CARTESIAN_POINT('',(176.61870017595,-133.8519957448,0.));
#18695=CARTESIAN_POINT('',(176.12644378873,-134.4570601276,0.));
#18696=CARTESIAN_POINT('',(176.38290679218,-134.1629359276,0.));
#18697=CARTESIAN_POINT('',(175.8505069145,-134.7329970018,0.));
#18698=CARTESIAN_POINT('',(176.12644378873,-134.4570601276,0.));
#18699=CARTESIAN_POINT('',(175.55638271458,-134.9894600052,0.));
#18700=CARTESIAN_POINT('',(175.8505069145,-134.7329970018,0.));
#18701=CARTESIAN_POINT('',(175.24544253177,-135.225253389,0.));
#18702=CARTESIAN_POINT('',(175.55638271458,-134.9894600052,0.));
#18703=CARTESIAN_POINT('',(174.91913611272,-135.4392777755,0.));
#18704=CARTESIAN_POINT('',(175.24544253177,-135.225253389,0.));
#18705=CARTESIAN_POINT('',(174.5789848486,-135.6305352842,0.));
#18706=CARTESIAN_POINT('',(174.91913611272,-135.4392777755,0.));
#18707=CARTESIAN_POINT('',(174.22657468162,-135.7981341843,0.));
#18708=CARTESIAN_POINT('',(174.5789848486,-135.6305352842,0.));
#18709=CARTESIAN_POINT('',(173.86354871065,-135.9412930524,0.));
#18710=CARTESIAN_POINT('',(174.22657468162,-135.7981341843,0.));
#18711=CARTESIAN_POINT('',(173.49159953036,-136.0593444158,0.));
#18712=CARTESIAN_POINT('',(173.86354871065,-135.9412930524,0.));
#18713=CARTESIAN_POINT('',(173.11246133951,-136.1517378645,0.));
#18714=CARTESIAN_POINT('',(173.49159953036,-136.0593444158,0.));
#18715=CARTESIAN_POINT('',(172.72790185538,-136.2180426176,0.));
#18716=CARTESIAN_POINT('',(173.11246133951,-136.1517378645,0.));
#18717=CARTESIAN_POINT('',(172.3397140718,-136.2579495318,0.));
#18718=CARTESIAN_POINT('',(172.72790185538,-136.2180426176,0.));
#18719=CARTESIAN_POINT('',(172.3397140718,-136.2579495318,0.));
#18720=CARTESIAN_POINT('',(171.50034309348,-127.4002548005,0.));
#18721=CARTESIAN_POINT('Origin',(168.600337200668,-127.4002548005,0.));
#18722=CARTESIAN_POINT('',(99.9001998932,-127.4002548005,0.));
#18723=CARTESIAN_POINT('Origin',(97.0001940003879,-127.4002548005,0.));
#18724=CARTESIAN_POINT('',(171.50034309348,-60.00012000024,0.));
#18725=CARTESIAN_POINT('Origin',(168.600337200669,-60.0001200002373,0.));
#18726=CARTESIAN_POINT('',(99.9001998932,-60.00012000024,0.));
#18727=CARTESIAN_POINT('Origin',(97.0001940003884,-60.0001200002376,0.));
#18728=CARTESIAN_POINT('Origin',(132.770129540255,-136.2712725425,4.699009398019));
#18729=CARTESIAN_POINT('',(172.3397140718,-136.2579495318,4.699009398019));
#18730=CARTESIAN_POINT('',(172.3397140718,-136.2579495318,4.699009398019));
#18731=CARTESIAN_POINT('',(172.72790185538,-136.2180426176,4.699009398019));
#18732=CARTESIAN_POINT('',(172.72790185538,-136.2180426176,4.699009398019));
#18733=CARTESIAN_POINT('',(173.11246133951,-136.1517378645,4.699009398019));
#18734=CARTESIAN_POINT('',(173.11246133951,-136.1517378645,4.699009398019));
#18735=CARTESIAN_POINT('',(173.49159953036,-136.0593444158,4.699009398019));
#18736=CARTESIAN_POINT('',(173.49159953036,-136.0593444158,4.699009398019));
#18737=CARTESIAN_POINT('',(173.86354871065,-135.9412930524,4.699009398019));
#18738=CARTESIAN_POINT('',(173.86354871065,-135.9412930524,4.699009398019));
#18739=CARTESIAN_POINT('',(174.22657468162,-135.7981341843,4.699009398019));
#18740=CARTESIAN_POINT('',(174.22657468162,-135.7981341843,4.699009398019));
#18741=CARTESIAN_POINT('',(174.5789848486,-135.6305352842,4.699009398019));
#18742=CARTESIAN_POINT('',(174.5789848486,-135.6305352842,4.699009398019));
#18743=CARTESIAN_POINT('',(174.91913611272,-135.4392777755,4.699009398019));
#18744=CARTESIAN_POINT('',(174.91913611272,-135.4392777755,4.699009398019));
#18745=CARTESIAN_POINT('',(175.24544253177,-135.225253389,4.699009398019));
#18746=CARTESIAN_POINT('',(175.24544253177,-135.225253389,4.699009398019));
#18747=CARTESIAN_POINT('',(175.55638271458,-134.9894600052,4.699009398019));
#18748=CARTESIAN_POINT('',(175.55638271458,-134.9894600052,4.699009398019));
#18749=CARTESIAN_POINT('',(175.8505069145,-134.7329970018,4.699009398019));
#18750=CARTESIAN_POINT('',(175.8505069145,-134.7329970018,4.699009398019));
#18751=CARTESIAN_POINT('',(176.12644378873,-134.4570601276,4.699009398019));
#18752=CARTESIAN_POINT('',(176.12644378873,-134.4570601276,4.699009398019));
#18753=CARTESIAN_POINT('',(176.38290679218,-134.1629359276,4.699009398019));
#18754=CARTESIAN_POINT('',(176.38290679218,-134.1629359276,4.699009398019));
#18755=CARTESIAN_POINT('',(176.61870017595,-133.8519957448,4.699009398019));
#18756=CARTESIAN_POINT('',(176.61870017595,-133.8519957448,4.699009398019));
#18757=CARTESIAN_POINT('',(176.83272456243,-133.5256893258,4.699009398019));
#18758=CARTESIAN_POINT('',(176.83272456243,-133.5256893258,4.699009398019));
#18759=CARTESIAN_POINT('',(177.02398207113,-133.1855380617,4.699009398019));
#18760=CARTESIAN_POINT('',(177.02398207113,-133.1855380617,4.699009398019));
#18761=CARTESIAN_POINT('',(177.19158097126,-132.8331278947,4.699009398019));
#18762=CARTESIAN_POINT('',(177.19158097126,-132.8331278947,4.699009398019));
#18763=CARTESIAN_POINT('',(177.33473983938,-132.4701019237,4.699009398019));
#18764=CARTESIAN_POINT('',(177.33473983938,-132.4701019237,4.699009398019));
#18765=CARTESIAN_POINT('',(177.45279120277,-132.0981527434,4.699009398019));
#18766=CARTESIAN_POINT('',(177.45279120277,-132.0981527434,4.699009398019));
#18767=CARTESIAN_POINT('',(177.54518465147,-131.7190145526,4.699009398019));
#18768=CARTESIAN_POINT('',(177.54518465147,-131.7190145526,4.699009398019));
#18769=CARTESIAN_POINT('',(177.61148940457,-131.3344550684,4.699009398019));
#18770=CARTESIAN_POINT('',(177.61148940457,-131.3344550684,4.699009398019));
#18771=CARTESIAN_POINT('',(177.65139631871,-130.9462672849,4.699009398019));
#18772=CARTESIAN_POINT('',(177.65139631871,-130.9462672849,4.699009398019));
#18773=CARTESIAN_POINT('',(177.66471932943,-130.5562611125,4.699009398019));
#18774=CARTESIAN_POINT('',(177.66471932943,-130.5562611125,4.699009398019));
#18775=CARTESIAN_POINT('',(177.66471932943,-57.02311404622,4.699009398019));
#18776=CARTESIAN_POINT('',(177.66471932943,-57.02311404622,4.699009398019));
#18777=CARTESIAN_POINT('',(177.65139631871,-56.63310787383,4.699009398019));
#18778=CARTESIAN_POINT('',(177.65139631871,-56.63310787383,4.699009398019));
#18779=CARTESIAN_POINT('',(177.61148940457,-56.24492009025,4.699009398019));
#18780=CARTESIAN_POINT('',(177.61148940457,-56.24492009025,4.699009398019));
#18781=CARTESIAN_POINT('',(177.54518465147,-55.86036060612,4.699009398019));
#18782=CARTESIAN_POINT('',(177.54518465147,-55.86036060612,4.699009398019));
#18783=CARTESIAN_POINT('',(177.45279120277,-55.48122241528,4.699009398019));
#18784=CARTESIAN_POINT('',(177.45279120277,-55.48122241528,4.699009398019));
#18785=CARTESIAN_POINT('',(177.33473983938,-55.10927323498,4.699009398019));
#18786=CARTESIAN_POINT('',(177.33473983938,-55.10927323498,4.699009398019));
#18787=CARTESIAN_POINT('',(177.19158097126,-54.74624726402,4.699009398019));
#18788=CARTESIAN_POINT('',(177.19158097126,-54.74624726402,4.699009398019));
#18789=CARTESIAN_POINT('',(177.02398207113,-54.39383709704,4.699009398019));
#18790=CARTESIAN_POINT('',(177.02398207113,-54.39383709704,4.699009398019));
#18791=CARTESIAN_POINT('',(176.83272456243,-54.05368583291,4.699009398019));
#18792=CARTESIAN_POINT('',(176.83272456243,-54.05368583291,4.699009398019));
#18793=CARTESIAN_POINT('',(176.61870017595,-53.72737941387,4.699009398019));
#18794=CARTESIAN_POINT('',(176.61870017595,-53.72737941387,4.699009398019));
#18795=CARTESIAN_POINT('',(176.38290679218,-53.41643923105,4.699009398019));
#18796=CARTESIAN_POINT('',(176.38290679218,-53.41643923105,4.699009398019));
#18797=CARTESIAN_POINT('',(176.12644378873,-53.12231503113,4.699009398019));
#18798=CARTESIAN_POINT('',(176.12644378873,-53.12231503113,4.699009398019));
#18799=CARTESIAN_POINT('',(175.8505069145,-52.8463781569,4.699009398019));
#18800=CARTESIAN_POINT('',(175.8505069145,-52.8463781569,4.699009398019));
#18801=CARTESIAN_POINT('',(175.55638271458,-52.58991515345,4.699009398019));
#18802=CARTESIAN_POINT('',(175.55638271458,-52.58991515345,4.699009398019));
#18803=CARTESIAN_POINT('',(175.24544253177,-52.35412176968,4.699009398019));
#18804=CARTESIAN_POINT('',(175.24544253177,-52.35412176968,4.699009398019));
#18805=CARTESIAN_POINT('',(174.91913611272,-52.14009738321,4.699009398019));
#18806=CARTESIAN_POINT('',(174.91913611272,-52.14009738321,4.699009398019));
#18807=CARTESIAN_POINT('',(174.5789848486,-51.94883987451,4.699009398019));
#18808=CARTESIAN_POINT('',(174.5789848486,-51.94883987451,4.699009398019));
#18809=CARTESIAN_POINT('',(174.22657468162,-51.78124097437,4.699009398019));
#18810=CARTESIAN_POINT('',(174.22657468162,-51.78124097437,4.699009398019));
#18811=CARTESIAN_POINT('',(173.86354871065,-51.63808210625,4.699009398019));
#18812=CARTESIAN_POINT('',(173.86354871065,-51.63808210625,4.699009398019));
#18813=CARTESIAN_POINT('',(173.49159953036,-51.52003074286,4.699009398019));
#18814=CARTESIAN_POINT('',(173.49159953036,-51.52003074286,4.699009398019));
#18815=CARTESIAN_POINT('',(173.11246133951,-51.42763729417,4.699009398019));
#18816=CARTESIAN_POINT('',(173.11246133951,-51.42763729417,4.699009398019));
#18817=CARTESIAN_POINT('',(172.72790185538,-51.36133254106,4.699009398019));
#18818=CARTESIAN_POINT('',(172.72790185538,-51.36133254106,4.699009398019));
#18819=CARTESIAN_POINT('',(172.3397140718,-51.32142562692,4.699009398019));
#18820=CARTESIAN_POINT('',(172.3397140718,-51.32142562692,4.699009398019));
#18821=CARTESIAN_POINT('',(171.94970789941,-51.3081026162,4.699009398019));
#18822=CARTESIAN_POINT('',(171.94970789941,-51.3081026162,4.699009398019));
#18823=CARTESIAN_POINT('',(93.590551181102,-51.3081026162,4.699009398019));
#18824=CARTESIAN_POINT('',(93.590551181102,-51.3081026162,4.699009398019));
#18825=CARTESIAN_POINT('',(93.200545008711,-51.32142562692,4.699009398019));
#18826=CARTESIAN_POINT('',(93.200545008711,-51.32142562692,4.699009398019));
#18827=CARTESIAN_POINT('',(92.812357225129,-51.36133254106,4.699009398019));
#18828=CARTESIAN_POINT('',(92.812357225129,-51.36133254106,4.699009398019));
#18829=CARTESIAN_POINT('',(92.427797741,-51.42763729417,4.699009398019));
#18830=CARTESIAN_POINT('',(92.427797741,-51.42763729417,4.699009398019));
#18831=CARTESIAN_POINT('',(92.048659550157,-51.52003074286,4.699009398019));
#18832=CARTESIAN_POINT('',(92.048659550157,-51.52003074286,4.699009398019));
#18833=CARTESIAN_POINT('',(91.676710369864,-51.63808210625,4.699009398019));
#18834=CARTESIAN_POINT('',(91.676710369864,-51.63808210625,4.699009398019));
#18835=CARTESIAN_POINT('',(91.313684398898,-51.78124097437,4.699009398019));
#18836=CARTESIAN_POINT('',(91.313684398898,-51.78124097437,4.699009398019));
#18837=CARTESIAN_POINT('',(90.961274231915,-51.94883987451,4.699009398019));
#18838=CARTESIAN_POINT('',(90.961274231915,-51.94883987451,4.699009398019));
#18839=CARTESIAN_POINT('',(90.621122967793,-52.14009738321,4.699009398019));
#18840=CARTESIAN_POINT('',(90.621122967793,-52.14009738321,4.699009398019));
#18841=CARTESIAN_POINT('',(90.294816548747,-52.35412176968,4.699009398019));
#18842=CARTESIAN_POINT('',(90.294816548747,-52.35412176968,4.699009398019));
#18843=CARTESIAN_POINT('',(89.983876365929,-52.58991515345,4.699009398019));
#18844=CARTESIAN_POINT('',(89.983876365929,-52.58991515345,4.699009398019));
#18845=CARTESIAN_POINT('',(89.68975216601,-52.8463781569,4.699009398019));
#18846=CARTESIAN_POINT('',(89.68975216601,-52.8463781569,4.699009398019));
#18847=CARTESIAN_POINT('',(89.413815291781,-53.12231503113,4.699009398019));
#18848=CARTESIAN_POINT('',(89.413815291781,-53.12231503113,4.699009398019));
#18849=CARTESIAN_POINT('',(89.157352288329,-53.41643923105,4.699009398019));
#18850=CARTESIAN_POINT('',(89.157352288329,-53.41643923105,4.699009398019));
#18851=CARTESIAN_POINT('',(88.921558904563,-53.72737941387,4.699009398019));
#18852=CARTESIAN_POINT('',(88.921558904563,-53.72737941387,4.699009398019));
#18853=CARTESIAN_POINT('',(88.707534518086,-54.05368583291,4.699009398019));
#18854=CARTESIAN_POINT('',(88.707534518086,-54.05368583291,4.699009398019));
#18855=CARTESIAN_POINT('',(88.516277009384,-54.39383709704,4.699009398019));
#18856=CARTESIAN_POINT('',(88.516277009384,-54.39383709704,4.699009398019));
#18857=CARTESIAN_POINT('',(88.348678109253,-54.74624726402,4.699009398019));
#18858=CARTESIAN_POINT('',(88.348678109253,-54.74624726402,4.699009398019));
#18859=CARTESIAN_POINT('',(88.205519241129,-55.10927323498,4.699009398019));
#18860=CARTESIAN_POINT('',(88.205519241129,-55.10927323498,4.699009398019));
#18861=CARTESIAN_POINT('',(88.087467877743,-55.48122241528,4.699009398019));
#18862=CARTESIAN_POINT('',(88.087467877743,-55.48122241528,4.699009398019));
#18863=CARTESIAN_POINT('',(87.995074429044,-55.86036060612,4.699009398019));
#18864=CARTESIAN_POINT('',(87.995074429044,-55.86036060612,4.699009398019));
#18865=CARTESIAN_POINT('',(87.928769675942,-56.24492009025,4.699009398019));
#18866=CARTESIAN_POINT('',(87.928769675942,-56.24492009025,4.699009398019));
#18867=CARTESIAN_POINT('',(87.888862761802,-56.63310787383,4.699009398019));
#18868=CARTESIAN_POINT('',(87.888862761802,-56.63310787383,4.699009398019));
#18869=CARTESIAN_POINT('',(87.87553975108,-57.02311404622,4.699009398019));
#18870=CARTESIAN_POINT('',(87.87553975108,-57.02311404622,4.699009398019));
#18871=CARTESIAN_POINT('',(87.87553975108,-130.5562611125,4.699009398019));
#18872=CARTESIAN_POINT('',(87.87553975108,-130.5562611125,4.699009398019));
#18873=CARTESIAN_POINT('',(87.888862761802,-130.9462672849,4.699009398019));
#18874=CARTESIAN_POINT('',(87.888862761802,-130.9462672849,4.699009398019));
#18875=CARTESIAN_POINT('',(87.928769675942,-131.3344550684,4.699009398019));
#18876=CARTESIAN_POINT('',(87.928769675942,-131.3344550684,4.699009398019));
#18877=CARTESIAN_POINT('',(87.995074429044,-131.7190145526,4.699009398019));
#18878=CARTESIAN_POINT('',(87.995074429044,-131.7190145526,4.699009398019));
#18879=CARTESIAN_POINT('',(88.087467877743,-132.0981527434,4.699009398019));
#18880=CARTESIAN_POINT('',(88.087467877743,-132.0981527434,4.699009398019));
#18881=CARTESIAN_POINT('',(88.205519241129,-132.4701019237,4.699009398019));
#18882=CARTESIAN_POINT('',(88.205519241129,-132.4701019237,4.699009398019));
#18883=CARTESIAN_POINT('',(88.348678109253,-132.8331278947,4.699009398019));
#18884=CARTESIAN_POINT('',(88.348678109253,-132.8331278947,4.699009398019));
#18885=CARTESIAN_POINT('',(88.516277009384,-133.1855380617,4.699009398019));
#18886=CARTESIAN_POINT('',(88.516277009384,-133.1855380617,4.699009398019));
#18887=CARTESIAN_POINT('',(88.707534518086,-133.5256893258,4.699009398019));
#18888=CARTESIAN_POINT('',(88.707534518086,-133.5256893258,4.699009398019));
#18889=CARTESIAN_POINT('',(88.921558904563,-133.8519957448,4.699009398019));
#18890=CARTESIAN_POINT('',(88.921558904563,-133.8519957448,4.699009398019));
#18891=CARTESIAN_POINT('',(89.157352288329,-134.1629359276,4.699009398019));
#18892=CARTESIAN_POINT('',(89.157352288329,-134.1629359276,4.699009398019));
#18893=CARTESIAN_POINT('',(89.413815291781,-134.4570601276,4.699009398019));
#18894=CARTESIAN_POINT('',(89.413815291781,-134.4570601276,4.699009398019));
#18895=CARTESIAN_POINT('',(89.68975216601,-134.7329970018,4.699009398019));
#18896=CARTESIAN_POINT('',(89.68975216601,-134.7329970018,4.699009398019));
#18897=CARTESIAN_POINT('',(89.983876365929,-134.9894600052,4.699009398019));
#18898=CARTESIAN_POINT('',(89.983876365929,-134.9894600052,4.699009398019));
#18899=CARTESIAN_POINT('',(90.294816548747,-135.225253389,4.699009398019));
#18900=CARTESIAN_POINT('',(90.294816548747,-135.225253389,4.699009398019));
#18901=CARTESIAN_POINT('',(90.621122967793,-135.4392777755,4.699009398019));
#18902=CARTESIAN_POINT('',(90.621122967793,-135.4392777755,4.699009398019));
#18903=CARTESIAN_POINT('',(90.961274231915,-135.6305352842,4.699009398019));
#18904=CARTESIAN_POINT('',(90.961274231915,-135.6305352842,4.699009398019));
#18905=CARTESIAN_POINT('',(91.313684398898,-135.7981341843,4.699009398019));
#18906=CARTESIAN_POINT('',(91.313684398898,-135.7981341843,4.699009398019));
#18907=CARTESIAN_POINT('',(91.676710369864,-135.9412930524,4.699009398019));
#18908=CARTESIAN_POINT('',(91.676710369864,-135.9412930524,4.699009398019));
#18909=CARTESIAN_POINT('',(92.048659550157,-136.0593444158,4.699009398019));
#18910=CARTESIAN_POINT('',(92.048659550157,-136.0593444158,4.699009398019));
#18911=CARTESIAN_POINT('',(92.427797741,-136.1517378645,4.699009398019));
#18912=CARTESIAN_POINT('',(92.427797741,-136.1517378645,4.699009398019));
#18913=CARTESIAN_POINT('',(92.812357225129,-136.2180426176,4.699009398019));
#18914=CARTESIAN_POINT('',(89.245542291085,-57.02311404622,4.699009398019));
#18915=CARTESIAN_POINT('',(89.255671509676,-56.72660015348,4.699009398019));
#18916=CARTESIAN_POINT('',(89.245542291085,-57.02311404622,4.699009398019));
#18917=CARTESIAN_POINT('',(89.286011938359,-56.43146874538,4.699009398019));
#18918=CARTESIAN_POINT('',(89.255671509676,-56.72660015348,4.699009398019));
#18919=CARTESIAN_POINT('',(89.336422116048,-56.13909586078,4.699009398019));
#18920=CARTESIAN_POINT('',(89.286011938359,-56.43146874538,4.699009398019));
#18921=CARTESIAN_POINT('',(89.406667007224,-55.85084467705,4.699009398019));
#18922=CARTESIAN_POINT('',(89.336422116048,-56.13909586078,4.699009398019));
#18923=CARTESIAN_POINT('',(89.49641909778,-55.56805915425,4.699009398019));
#18924=CARTESIAN_POINT('',(89.406667007224,-55.85084467705,4.699009398019));
#18925=CARTESIAN_POINT('',(89.605259922036,-55.29205776905,4.699009398019));
#18926=CARTESIAN_POINT('',(89.49641909778,-55.56805915425,4.699009398019));
#18927=CARTESIAN_POINT('',(89.732682013829,-55.0241273673,4.699009398019));
#18928=CARTESIAN_POINT('',(89.605259922036,-55.29205776905,4.699009398019));
#18929=CARTESIAN_POINT('',(89.878091272544,-54.76551716421,4.699009398019));
#18930=CARTESIAN_POINT('',(89.732682013829,-55.0241273673,4.699009398019));
#18931=CARTESIAN_POINT('',(90.040809733095,-54.51743291994,4.699009398019));
#18932=CARTESIAN_POINT('',(89.878091272544,-54.76551716421,4.699009398019));
#18933=CARTESIAN_POINT('',(90.220078726905,-54.28103131774,4.699009398019));
#18934=CARTESIAN_POINT('',(90.040809733095,-54.51743291994,4.699009398019));
#18935=CARTESIAN_POINT('',(90.415062419169,-54.05741457103,4.699009398019));
#18936=CARTESIAN_POINT('',(90.220078726905,-54.28103131774,4.699009398019));
#18937=CARTESIAN_POINT('',(90.624851705908,-53.84762528429,4.699009398019));
#18938=CARTESIAN_POINT('',(90.415062419169,-54.05741457103,4.699009398019));
#18939=CARTESIAN_POINT('',(90.848468452623,-53.65264159203,4.699009398019));
#18940=CARTESIAN_POINT('',(90.624851705908,-53.84762528429,4.699009398019));
#18941=CARTESIAN_POINT('',(91.084870054815,-53.47337259822,4.699009398019));
#18942=CARTESIAN_POINT('',(90.848468452623,-53.65264159203,4.699009398019));
#18943=CARTESIAN_POINT('',(91.332954299088,-53.31065413767,4.699009398019));
#18944=CARTESIAN_POINT('',(91.084870054815,-53.47337259822,4.699009398019));
#18945=CARTESIAN_POINT('',(91.591564502174,-53.16524487895,4.699009398019));
#18946=CARTESIAN_POINT('',(91.332954299088,-53.31065413767,4.699009398019));
#18947=CARTESIAN_POINT('',(91.859494903928,-53.03782278716,4.699009398019));
#18948=CARTESIAN_POINT('',(91.591564502174,-53.16524487895,4.699009398019));
#18949=CARTESIAN_POINT('',(92.135496289134,-52.9289819629,4.699009398019));
#18950=CARTESIAN_POINT('',(91.859494903928,-53.03782278716,4.699009398019));
#18951=CARTESIAN_POINT('',(92.418281811927,-52.83922987235,4.699009398019));
#18952=CARTESIAN_POINT('',(92.135496289134,-52.9289819629,4.699009398019));
#18953=CARTESIAN_POINT('',(92.706532995661,-52.76898498117,4.699009398019));
#18954=CARTESIAN_POINT('',(92.418281811927,-52.83922987235,4.699009398019));
#18955=CARTESIAN_POINT('',(92.998905880255,-52.71857480348,4.699009398019));
#18956=CARTESIAN_POINT('',(92.706532995661,-52.76898498117,4.699009398019));
#18957=CARTESIAN_POINT('',(93.294037288357,-52.6882343748,4.699009398019));
#18958=CARTESIAN_POINT('',(92.998905880255,-52.71857480348,4.699009398019));
#18959=CARTESIAN_POINT('',(93.590551181102,-52.67810515621,4.699009398019));
#18960=CARTESIAN_POINT('',(93.294037288357,-52.6882343748,4.699009398019));
#18961=CARTESIAN_POINT('',(171.94970789941,-52.67810515621,4.699009398019));
#18962=CARTESIAN_POINT('',(93.590551181102,-52.67810515621,4.699009398019));
#18963=CARTESIAN_POINT('',(172.24622179216,-52.6882343748,4.699009398019));
#18964=CARTESIAN_POINT('',(171.94970789941,-52.67810515621,4.699009398019));
#18965=CARTESIAN_POINT('',(172.54135320026,-52.71857480348,4.699009398019));
#18966=CARTESIAN_POINT('',(172.24622179216,-52.6882343748,4.699009398019));
#18967=CARTESIAN_POINT('',(172.83372608485,-52.76898498117,4.699009398019));
#18968=CARTESIAN_POINT('',(172.54135320026,-52.71857480348,4.699009398019));
#18969=CARTESIAN_POINT('',(173.12197726859,-52.83922987235,4.699009398019));
#18970=CARTESIAN_POINT('',(172.83372608485,-52.76898498117,4.699009398019));
#18971=CARTESIAN_POINT('',(173.40476279138,-52.9289819629,4.699009398019));
#18972=CARTESIAN_POINT('',(173.12197726859,-52.83922987235,4.699009398019));
#18973=CARTESIAN_POINT('',(173.68076417659,-53.03782278716,4.699009398019));
#18974=CARTESIAN_POINT('',(173.40476279138,-52.9289819629,4.699009398019));
#18975=CARTESIAN_POINT('',(173.94869457834,-53.16524487895,4.699009398019));
#18976=CARTESIAN_POINT('',(173.68076417659,-53.03782278716,4.699009398019));
#18977=CARTESIAN_POINT('',(174.20730478143,-53.31065413767,4.699009398019));
#18978=CARTESIAN_POINT('',(173.94869457834,-53.16524487895,4.699009398019));
#18979=CARTESIAN_POINT('',(174.4553890257,-53.47337259822,4.699009398019));
#18980=CARTESIAN_POINT('',(174.20730478143,-53.31065413767,4.699009398019));
#18981=CARTESIAN_POINT('',(174.69179062789,-53.65264159203,4.699009398019));
#18982=CARTESIAN_POINT('',(174.4553890257,-53.47337259822,4.699009398019));
#18983=CARTESIAN_POINT('',(174.91540737461,-53.84762528429,4.699009398019));
#18984=CARTESIAN_POINT('',(174.69179062789,-53.65264159203,4.699009398019));
#18985=CARTESIAN_POINT('',(175.12519666134,-54.05741457103,4.699009398019));
#18986=CARTESIAN_POINT('',(174.91540737461,-53.84762528429,4.699009398019));
#18987=CARTESIAN_POINT('',(175.32018035361,-54.28103131774,4.699009398019));
#18988=CARTESIAN_POINT('',(175.12519666134,-54.05741457103,4.699009398019));
#18989=CARTESIAN_POINT('',(175.49944934742,-54.51743291994,4.699009398019));
#18990=CARTESIAN_POINT('',(175.32018035361,-54.28103131774,4.699009398019));
#18991=CARTESIAN_POINT('',(175.66216780797,-54.76551716421,4.699009398019));
#18992=CARTESIAN_POINT('',(175.49944934742,-54.51743291994,4.699009398019));
#18993=CARTESIAN_POINT('',(175.80757706669,-55.0241273673,4.699009398019));
#18994=CARTESIAN_POINT('',(175.66216780797,-54.76551716421,4.699009398019));
#18995=CARTESIAN_POINT('',(175.93499915848,-55.29205776905,4.699009398019));
#18996=CARTESIAN_POINT('',(175.80757706669,-55.0241273673,4.699009398019));
#18997=CARTESIAN_POINT('',(176.04383998273,-55.56805915425,4.699009398019));
#18998=CARTESIAN_POINT('',(175.93499915848,-55.29205776905,4.699009398019));
#18999=CARTESIAN_POINT('',(176.13359207329,-55.85084467705,4.699009398019));
#19000=CARTESIAN_POINT('',(176.04383998273,-55.56805915425,4.699009398019));
#19001=CARTESIAN_POINT('',(176.20383696447,-56.13909586078,4.699009398019));
#19002=CARTESIAN_POINT('',(176.13359207329,-55.85084467705,4.699009398019));
#19003=CARTESIAN_POINT('',(176.25424714215,-56.43146874538,4.699009398019));
#19004=CARTESIAN_POINT('',(176.20383696447,-56.13909586078,4.699009398019));
#19005=CARTESIAN_POINT('',(176.28458757084,-56.72660015348,4.699009398019));
#19006=CARTESIAN_POINT('',(176.25424714215,-56.43146874538,4.699009398019));
#19007=CARTESIAN_POINT('',(176.29471678943,-57.02311404622,4.699009398019));
#19008=CARTESIAN_POINT('',(176.28458757084,-56.72660015348,4.699009398019));
#19009=CARTESIAN_POINT('',(176.29471678943,-130.5562611125,4.699009398019));
#19010=CARTESIAN_POINT('',(176.29471678943,-57.02311404622,4.699009398019));
#19011=CARTESIAN_POINT('',(176.28458757084,-130.8527750052,4.699009398019));
#19012=CARTESIAN_POINT('',(176.29471678943,-130.5562611125,4.699009398019));
#19013=CARTESIAN_POINT('',(176.25424714215,-131.1479064133,4.699009398019));
#19014=CARTESIAN_POINT('',(176.28458757084,-130.8527750052,4.699009398019));
#19015=CARTESIAN_POINT('',(176.20383696447,-131.4402792979,4.699009398019));
#19016=CARTESIAN_POINT('',(176.25424714215,-131.1479064133,4.699009398019));
#19017=CARTESIAN_POINT('',(176.13359207329,-131.7285304816,4.699009398019));
#19018=CARTESIAN_POINT('',(176.20383696447,-131.4402792979,4.699009398019));
#19019=CARTESIAN_POINT('',(176.04383998273,-132.0113160044,4.699009398019));
#19020=CARTESIAN_POINT('',(176.13359207329,-131.7285304816,4.699009398019));
#19021=CARTESIAN_POINT('',(175.93499915848,-132.2873173896,4.699009398019));
#19022=CARTESIAN_POINT('',(176.04383998273,-132.0113160044,4.699009398019));
#19023=CARTESIAN_POINT('',(175.80757706669,-132.5552477914,4.699009398019));
#19024=CARTESIAN_POINT('',(175.93499915848,-132.2873173896,4.699009398019));
#19025=CARTESIAN_POINT('',(175.66216780797,-132.8138579945,4.699009398019));
#19026=CARTESIAN_POINT('',(175.80757706669,-132.5552477914,4.699009398019));
#19027=CARTESIAN_POINT('',(175.49944934742,-133.0619422388,4.699009398019));
#19028=CARTESIAN_POINT('',(175.66216780797,-132.8138579945,4.699009398019));
#19029=CARTESIAN_POINT('',(175.32018035361,-133.298343841,4.699009398019));
#19030=CARTESIAN_POINT('',(175.49944934742,-133.0619422388,4.699009398019));
#19031=CARTESIAN_POINT('',(175.12519666134,-133.5219605877,4.699009398019));
#19032=CARTESIAN_POINT('',(175.32018035361,-133.298343841,4.699009398019));
#19033=CARTESIAN_POINT('',(174.91540737461,-133.7317498744,4.699009398019));
#19034=CARTESIAN_POINT('',(175.12519666134,-133.5219605877,4.699009398019));
#19035=CARTESIAN_POINT('',(174.69179062789,-133.9267335667,4.699009398019));
#19036=CARTESIAN_POINT('',(174.91540737461,-133.7317498744,4.699009398019));
#19037=CARTESIAN_POINT('',(174.4553890257,-134.1060025605,4.699009398019));
#19038=CARTESIAN_POINT('',(174.69179062789,-133.9267335667,4.699009398019));
#19039=CARTESIAN_POINT('',(174.20730478143,-134.268721021,4.699009398019));
#19040=CARTESIAN_POINT('',(174.4553890257,-134.1060025605,4.699009398019));
#19041=CARTESIAN_POINT('',(173.94869457834,-134.4141302797,4.699009398019));
#19042=CARTESIAN_POINT('',(174.20730478143,-134.268721021,4.699009398019));
#19043=CARTESIAN_POINT('',(173.68076417659,-134.5415523715,4.699009398019));
#19044=CARTESIAN_POINT('',(173.94869457834,-134.4141302797,4.699009398019));
#19045=CARTESIAN_POINT('',(173.40476279138,-134.6503931958,4.699009398019));
#19046=CARTESIAN_POINT('',(173.68076417659,-134.5415523715,4.699009398019));
#19047=CARTESIAN_POINT('',(173.12197726859,-134.7401452864,4.699009398019));
#19048=CARTESIAN_POINT('',(173.40476279138,-134.6503931958,4.699009398019));
#19049=CARTESIAN_POINT('',(172.83372608485,-134.8103901775,4.699009398019));
#19050=CARTESIAN_POINT('',(173.12197726859,-134.7401452864,4.699009398019));
#19051=CARTESIAN_POINT('',(172.54135320026,-134.8608003552,4.699009398019));
#19052=CARTESIAN_POINT('',(172.83372608485,-134.8103901775,4.699009398019));
#19053=CARTESIAN_POINT('',(172.24622179216,-134.8911407839,4.699009398019));
#19054=CARTESIAN_POINT('',(172.54135320026,-134.8608003552,4.699009398019));
#19055=CARTESIAN_POINT('',(171.94970789941,-134.9012700025,4.699009398019));
#19056=CARTESIAN_POINT('',(172.24622179216,-134.8911407839,4.699009398019));
#19057=CARTESIAN_POINT('',(93.590551181102,-134.9012700025,4.699009398019));
#19058=CARTESIAN_POINT('',(171.94970789941,-134.9012700025,4.699009398019));
#19059=CARTESIAN_POINT('',(93.294037288357,-134.8911407839,4.699009398019));
#19060=CARTESIAN_POINT('',(93.590551181102,-134.9012700025,4.699009398019));
#19061=CARTESIAN_POINT('',(92.998905880255,-134.8608003552,4.699009398019));
#19062=CARTESIAN_POINT('',(93.294037288357,-134.8911407839,4.699009398019));
#19063=CARTESIAN_POINT('',(92.706532995661,-134.8103901775,4.699009398019));
#19064=CARTESIAN_POINT('',(92.998905880255,-134.8608003552,4.699009398019));
#19065=CARTESIAN_POINT('',(92.418281811927,-134.7401452864,4.699009398019));
#19066=CARTESIAN_POINT('',(92.706532995661,-134.8103901775,4.699009398019));
#19067=CARTESIAN_POINT('',(92.135496289134,-134.6503931958,4.699009398019));
#19068=CARTESIAN_POINT('',(92.418281811927,-134.7401452864,4.699009398019));
#19069=CARTESIAN_POINT('',(91.859494903928,-134.5415523715,4.699009398019));
#19070=CARTESIAN_POINT('',(92.135496289134,-134.6503931958,4.699009398019));
#19071=CARTESIAN_POINT('',(91.591564502174,-134.4141302797,4.699009398019));
#19072=CARTESIAN_POINT('',(91.859494903928,-134.5415523715,4.699009398019));
#19073=CARTESIAN_POINT('',(91.332954299088,-134.268721021,4.699009398019));
#19074=CARTESIAN_POINT('',(91.591564502174,-134.4141302797,4.699009398019));
#19075=CARTESIAN_POINT('',(91.084870054815,-134.1060025605,4.699009398019));
#19076=CARTESIAN_POINT('',(91.332954299088,-134.268721021,4.699009398019));
#19077=CARTESIAN_POINT('',(90.848468452623,-133.9267335667,4.699009398019));
#19078=CARTESIAN_POINT('',(91.084870054815,-134.1060025605,4.699009398019));
#19079=CARTESIAN_POINT('',(90.624851705908,-133.7317498744,4.699009398019));
#19080=CARTESIAN_POINT('',(90.848468452623,-133.9267335667,4.699009398019));
#19081=CARTESIAN_POINT('',(90.415062419169,-133.5219605877,4.699009398019));
#19082=CARTESIAN_POINT('',(90.624851705908,-133.7317498744,4.699009398019));
#19083=CARTESIAN_POINT('',(90.220078726905,-133.298343841,4.699009398019));
#19084=CARTESIAN_POINT('',(90.415062419169,-133.5219605877,4.699009398019));
#19085=CARTESIAN_POINT('',(90.040809733095,-133.0619422388,4.699009398019));
#19086=CARTESIAN_POINT('',(90.220078726905,-133.298343841,4.699009398019));
#19087=CARTESIAN_POINT('',(89.878091272544,-132.8138579945,4.699009398019));
#19088=CARTESIAN_POINT('',(90.040809733095,-133.0619422388,4.699009398019));
#19089=CARTESIAN_POINT('',(89.732682013829,-132.5552477914,4.699009398019));
#19090=CARTESIAN_POINT('',(89.878091272544,-132.8138579945,4.699009398019));
#19091=CARTESIAN_POINT('',(89.605259922036,-132.2873173896,4.699009398019));
#19092=CARTESIAN_POINT('',(89.732682013829,-132.5552477914,4.699009398019));
#19093=CARTESIAN_POINT('',(89.49641909778,-132.0113160044,4.699009398019));
#19094=CARTESIAN_POINT('',(89.605259922036,-132.2873173896,4.699009398019));
#19095=CARTESIAN_POINT('',(89.406667007224,-131.7285304816,4.699009398019));
#19096=CARTESIAN_POINT('',(89.49641909778,-132.0113160044,4.699009398019));
#19097=CARTESIAN_POINT('',(89.336422116048,-131.4402792979,4.699009398019));
#19098=CARTESIAN_POINT('',(89.406667007224,-131.7285304816,4.699009398019));
#19099=CARTESIAN_POINT('',(89.286011938359,-131.1479064133,4.699009398019));
#19100=CARTESIAN_POINT('',(89.336422116048,-131.4402792979,4.699009398019));
#19101=CARTESIAN_POINT('',(89.255671509676,-130.8527750052,4.699009398019));
#19102=CARTESIAN_POINT('',(89.286011938359,-131.1479064133,4.699009398019));
#19103=CARTESIAN_POINT('',(89.245542291085,-130.5562611125,4.699009398019));
#19104=CARTESIAN_POINT('',(89.255671509676,-130.8527750052,4.699009398019));
#19105=CARTESIAN_POINT('',(89.245542291085,-130.5562611125,4.699009398019));
#19106=CARTESIAN_POINT('Origin',(172.144710985605,-136.26461103715,4.699009398019));
#19107=CARTESIAN_POINT('',(172.3397140718,-136.2579495318,0.));
#19108=CARTESIAN_POINT('Origin',(92.6200774830645,-136.18489024105,4.699009398019));
#19109=CARTESIAN_POINT('',(92.427797741,-136.1517378645,0.));
#19110=CARTESIAN_POINT('Origin',(172.53380796359,-136.2379960747,4.699009398019));
#19111=CARTESIAN_POINT('',(172.72790185538,-136.2180426176,0.));
#19112=CARTESIAN_POINT('Origin',(92.2382286455785,-136.10554114015,4.699009398019));
#19113=CARTESIAN_POINT('',(92.048659550157,-136.0593444158,0.));
#19114=CARTESIAN_POINT('Origin',(172.920181597445,-136.18489024105,4.699009398019));
#19115=CARTESIAN_POINT('',(173.11246133951,-136.1517378645,0.));
#19116=CARTESIAN_POINT('Origin',(91.8626849600105,-136.0003187341,4.699009398019));
#19117=CARTESIAN_POINT('',(91.676710369864,-135.9412930524,0.));
#19118=CARTESIAN_POINT('Origin',(173.302030434935,-136.10554114015,4.699009398019));
#19119=CARTESIAN_POINT('',(173.49159953036,-136.0593444158,0.));
#19120=CARTESIAN_POINT('Origin',(91.495197384381,-135.86971361835,4.699009398019));
#19121=CARTESIAN_POINT('',(91.313684398898,-135.7981341843,0.));
#19122=CARTESIAN_POINT('Origin',(173.677574120505,-136.0003187341,4.699009398019));
#19123=CARTESIAN_POINT('',(173.86354871065,-135.9412930524,0.));
#19124=CARTESIAN_POINT('Origin',(91.1374793154065,-135.71433473425,4.699009398019));
#19125=CARTESIAN_POINT('',(90.961274231915,-135.6305352842,0.));
#19126=CARTESIAN_POINT('Origin',(174.045061696135,-135.86971361835,4.699009398019));
#19127=CARTESIAN_POINT('',(174.22657468162,-135.7981341843,0.));
#19128=CARTESIAN_POINT('Origin',(90.791198599854,-135.53490652985,4.699009398019));
#19129=CARTESIAN_POINT('',(90.621122967793,-135.4392777755,0.));
#19130=CARTESIAN_POINT('Origin',(174.40277976511,-135.71433473425,4.699009398019));
#19131=CARTESIAN_POINT('',(174.5789848486,-135.6305352842,0.));
#19132=CARTESIAN_POINT('Origin',(90.45796975827,-135.33226558225,4.699009398019));
#19133=CARTESIAN_POINT('',(90.294816548747,-135.225253389,0.));
#19134=CARTESIAN_POINT('Origin',(174.74906048066,-135.53490652985,4.699009398019));
#19135=CARTESIAN_POINT('',(174.91913611272,-135.4392777755,0.));
#19136=CARTESIAN_POINT('Origin',(90.139346457338,-135.1073566971,4.699009398019));
#19137=CARTESIAN_POINT('',(89.983876365929,-134.9894600052,0.));
#19138=CARTESIAN_POINT('Origin',(175.082289322245,-135.33226558225,4.699009398019));
#19139=CARTESIAN_POINT('',(175.24544253177,-135.225253389,0.));
#19140=CARTESIAN_POINT('Origin',(89.8368142659695,-134.8612285035,4.699009398019));
#19141=CARTESIAN_POINT('',(89.68975216601,-134.7329970018,0.));
#19142=CARTESIAN_POINT('Origin',(175.400912623175,-135.1073566971,4.699009398019));
#19143=CARTESIAN_POINT('',(175.55638271458,-134.9894600052,0.));
#19144=CARTESIAN_POINT('Origin',(89.5517837288955,-134.5950285647,4.699009398019));
#19145=CARTESIAN_POINT('',(89.413815291781,-134.4570601276,0.));
#19146=CARTESIAN_POINT('Origin',(175.70344481454,-134.8612285035,4.699009398019));
#19147=CARTESIAN_POINT('',(175.8505069145,-134.7329970018,0.));
#19148=CARTESIAN_POINT('Origin',(89.285583790055,-134.3099980276,4.699009398019));
#19149=CARTESIAN_POINT('',(89.157352288329,-134.1629359276,0.));
#19150=CARTESIAN_POINT('Origin',(175.988475351615,-134.5950285647,4.699009398019));
#19151=CARTESIAN_POINT('',(176.12644378873,-134.4570601276,0.));
#19152=CARTESIAN_POINT('Origin',(89.039455596446,-134.0074658362,4.699009398019));
#19153=CARTESIAN_POINT('',(88.921558904563,-133.8519957448,0.));
#19154=CARTESIAN_POINT('Origin',(176.254675290455,-134.3099980276,4.699009398019));
#19155=CARTESIAN_POINT('',(176.38290679218,-134.1629359276,0.));
#19156=CARTESIAN_POINT('Origin',(88.8145467113245,-133.6888425353,4.699009398019));
#19157=CARTESIAN_POINT('',(88.707534518086,-133.5256893258,0.));
#19158=CARTESIAN_POINT('Origin',(176.500803484065,-134.0074658362,4.699009398019));
#19159=CARTESIAN_POINT('',(176.61870017595,-133.8519957448,0.));
#19160=CARTESIAN_POINT('Origin',(88.611905763735,-133.35561369375,4.699009398019));
#19161=CARTESIAN_POINT('',(88.516277009384,-133.1855380617,0.));
#19162=CARTESIAN_POINT('Origin',(176.72571236919,-133.6888425353,4.699009398019));
#19163=CARTESIAN_POINT('',(176.83272456243,-133.5256893258,0.));
#19164=CARTESIAN_POINT('Origin',(88.4324775593185,-133.0093329782,4.699009398019));
#19165=CARTESIAN_POINT('',(88.348678109253,-132.8331278947,0.));
#19166=CARTESIAN_POINT('Origin',(176.92835331678,-133.35561369375,4.699009398019));
#19167=CARTESIAN_POINT('',(177.02398207113,-133.1855380617,0.));
#19168=CARTESIAN_POINT('Origin',(88.277098675191,-132.6516149092,4.699009398019));
#19169=CARTESIAN_POINT('',(88.205519241129,-132.4701019237,0.));
#19170=CARTESIAN_POINT('Origin',(177.107781521195,-133.0093329782,4.699009398019));
#19171=CARTESIAN_POINT('',(177.19158097126,-132.8331278947,0.));
#19172=CARTESIAN_POINT('Origin',(88.146493559436,-132.28412733355,4.699009398019));
#19173=CARTESIAN_POINT('',(88.087467877743,-132.0981527434,0.));
#19174=CARTESIAN_POINT('Origin',(177.26316040532,-132.6516149092,4.699009398019));
#19175=CARTESIAN_POINT('',(177.33473983938,-132.4701019237,0.));
#19176=CARTESIAN_POINT('Origin',(88.0412711533935,-131.908583648,4.699009398019));
#19177=CARTESIAN_POINT('',(87.995074429044,-131.7190145526,0.));
#19178=CARTESIAN_POINT('Origin',(177.393765521075,-132.28412733355,4.699009398019));
#19179=CARTESIAN_POINT('',(177.45279120277,-132.0981527434,0.));
#19180=CARTESIAN_POINT('Origin',(87.961922052493,-131.5267348105,4.699009398019));
#19181=CARTESIAN_POINT('',(87.928769675942,-131.3344550684,0.));
#19182=CARTESIAN_POINT('Origin',(177.49898792712,-131.908583648,4.699009398019));
#19183=CARTESIAN_POINT('',(177.54518465147,-131.7190145526,0.));
#19184=CARTESIAN_POINT('Origin',(87.908816218872,-131.14036117665,4.699009398019));
#19185=CARTESIAN_POINT('',(87.888862761802,-130.9462672849,0.));
#19186=CARTESIAN_POINT('Origin',(177.57833702802,-131.5267348105,4.699009398019));
#19187=CARTESIAN_POINT('',(177.61148940457,-131.3344550684,0.));
#19188=CARTESIAN_POINT('Origin',(87.882201256441,-130.7512641987,4.699009398019));
#19189=CARTESIAN_POINT('',(87.87553975108,-130.5562611125,0.));
#19190=CARTESIAN_POINT('Origin',(177.63144286164,-131.14036117665,4.699009398019));
#19191=CARTESIAN_POINT('',(177.65139631871,-130.9462672849,0.));
#19192=CARTESIAN_POINT('Origin',(87.87553975108,-93.78968757936,4.699009398019));
#19193=CARTESIAN_POINT('',(87.87553975108,-57.02311404622,0.));
#19194=CARTESIAN_POINT('Origin',(177.65805782407,-130.7512641987,4.699009398019));
#19195=CARTESIAN_POINT('',(177.66471932943,-130.5562611125,0.));
#19196=CARTESIAN_POINT('Origin',(87.882201256441,-56.828110960025,4.699009398019));
#19197=CARTESIAN_POINT('',(87.888862761802,-56.63310787383,0.));
#19198=CARTESIAN_POINT('Origin',(177.66471932943,-93.78968757936,4.699009398019));
#19199=CARTESIAN_POINT('',(177.66471932943,-57.02311404622,0.));
#19200=CARTESIAN_POINT('Origin',(87.908816218872,-56.43901398204,4.699009398019));
#19201=CARTESIAN_POINT('',(87.928769675942,-56.24492009025,0.));
#19202=CARTESIAN_POINT('Origin',(177.65805782407,-56.828110960025,4.699009398019));
#19203=CARTESIAN_POINT('',(177.65139631871,-56.63310787383,0.));
#19204=CARTESIAN_POINT('Origin',(87.961922052493,-56.052640348185,4.699009398019));
#19205=CARTESIAN_POINT('',(87.995074429044,-55.86036060612,0.));
#19206=CARTESIAN_POINT('Origin',(177.63144286164,-56.43901398204,4.699009398019));
#19207=CARTESIAN_POINT('',(177.61148940457,-56.24492009025,0.));
#19208=CARTESIAN_POINT('Origin',(88.0412711533935,-55.6707915107,4.699009398019));
#19209=CARTESIAN_POINT('',(88.087467877743,-55.48122241528,0.));
#19210=CARTESIAN_POINT('Origin',(177.57833702802,-56.052640348185,4.699009398019));
#19211=CARTESIAN_POINT('',(177.54518465147,-55.86036060612,0.));
#19212=CARTESIAN_POINT('Origin',(88.146493559436,-55.29524782513,4.699009398019));
#19213=CARTESIAN_POINT('',(88.205519241129,-55.10927323498,0.));
#19214=CARTESIAN_POINT('Origin',(177.49898792712,-55.6707915107,4.699009398019));
#19215=CARTESIAN_POINT('',(177.45279120277,-55.48122241528,0.));
#19216=CARTESIAN_POINT('Origin',(88.277098675191,-54.9277602495,4.699009398019));
#19217=CARTESIAN_POINT('',(88.348678109253,-54.74624726402,0.));
#19218=CARTESIAN_POINT('Origin',(177.393765521075,-55.29524782513,4.699009398019));
#19219=CARTESIAN_POINT('',(177.33473983938,-55.10927323498,0.));
#19220=CARTESIAN_POINT('Origin',(88.4324775593185,-54.57004218053,4.699009398019));
#19221=CARTESIAN_POINT('',(88.516277009384,-54.39383709704,0.));
#19222=CARTESIAN_POINT('Origin',(177.26316040532,-54.9277602495,4.699009398019));
#19223=CARTESIAN_POINT('',(177.19158097126,-54.74624726402,0.));
#19224=CARTESIAN_POINT('Origin',(88.611905763735,-54.223761464975,4.699009398019));
#19225=CARTESIAN_POINT('',(88.707534518086,-54.05368583291,0.));
#19226=CARTESIAN_POINT('Origin',(177.107781521195,-54.57004218053,4.699009398019));
#19227=CARTESIAN_POINT('',(177.02398207113,-54.39383709704,0.));
#19228=CARTESIAN_POINT('Origin',(88.8145467113245,-53.89053262339,4.699009398019));
#19229=CARTESIAN_POINT('',(88.921558904563,-53.72737941387,0.));
#19230=CARTESIAN_POINT('Origin',(176.92835331678,-54.223761464975,4.699009398019));
#19231=CARTESIAN_POINT('',(176.83272456243,-54.05368583291,0.));
#19232=CARTESIAN_POINT('Origin',(89.039455596446,-53.57190932246,4.699009398019));
#19233=CARTESIAN_POINT('',(89.157352288329,-53.41643923105,0.));
#19234=CARTESIAN_POINT('Origin',(176.72571236919,-53.89053262339,4.699009398019));
#19235=CARTESIAN_POINT('',(176.61870017595,-53.72737941387,0.));
#19236=CARTESIAN_POINT('Origin',(89.285583790055,-53.26937713109,4.699009398019));
#19237=CARTESIAN_POINT('',(89.413815291781,-53.12231503113,0.));
#19238=CARTESIAN_POINT('Origin',(176.500803484065,-53.57190932246,4.699009398019));
#19239=CARTESIAN_POINT('',(176.38290679218,-53.41643923105,0.));
#19240=CARTESIAN_POINT('Origin',(89.5517837288955,-52.984346594015,4.699009398019));
#19241=CARTESIAN_POINT('',(89.68975216601,-52.8463781569,0.));
#19242=CARTESIAN_POINT('Origin',(176.254675290455,-53.26937713109,4.699009398019));
#19243=CARTESIAN_POINT('',(176.12644378873,-53.12231503113,0.));
#19244=CARTESIAN_POINT('Origin',(89.8368142659695,-52.718146655175,4.699009398019));
#19245=CARTESIAN_POINT('',(89.983876365929,-52.58991515345,0.));
#19246=CARTESIAN_POINT('Origin',(175.988475351615,-52.984346594015,4.699009398019));
#19247=CARTESIAN_POINT('',(175.8505069145,-52.8463781569,0.));
#19248=CARTESIAN_POINT('Origin',(90.139346457338,-52.472018461565,4.699009398019));
#19249=CARTESIAN_POINT('',(90.294816548747,-52.35412176968,0.));
#19250=CARTESIAN_POINT('Origin',(175.70344481454,-52.718146655175,4.699009398019));
#19251=CARTESIAN_POINT('',(175.55638271458,-52.58991515345,0.));
#19252=CARTESIAN_POINT('Origin',(90.45796975827,-52.247109576445,4.699009398019));
#19253=CARTESIAN_POINT('',(90.621122967793,-52.14009738321,0.));
#19254=CARTESIAN_POINT('Origin',(175.400912623175,-52.472018461565,4.699009398019));
#19255=CARTESIAN_POINT('',(175.24544253177,-52.35412176968,0.));
#19256=CARTESIAN_POINT('Origin',(90.791198599854,-52.04446862886,4.699009398019));
#19257=CARTESIAN_POINT('',(90.961274231915,-51.94883987451,0.));
#19258=CARTESIAN_POINT('Origin',(175.082289322245,-52.247109576445,4.699009398019));
#19259=CARTESIAN_POINT('',(174.91913611272,-52.14009738321,0.));
#19260=CARTESIAN_POINT('Origin',(91.1374793154065,-51.86504042444,4.699009398019));
#19261=CARTESIAN_POINT('',(91.313684398898,-51.78124097437,0.));
#19262=CARTESIAN_POINT('Origin',(174.74906048066,-52.04446862886,4.699009398019));
#19263=CARTESIAN_POINT('',(174.5789848486,-51.94883987451,0.));
#19264=CARTESIAN_POINT('Origin',(91.495197384381,-51.70966154031,4.699009398019));
#19265=CARTESIAN_POINT('',(91.676710369864,-51.63808210625,0.));
#19266=CARTESIAN_POINT('Origin',(174.40277976511,-51.86504042444,4.699009398019));
#19267=CARTESIAN_POINT('',(174.22657468162,-51.78124097437,0.));
#19268=CARTESIAN_POINT('Origin',(91.8626849600105,-51.579056424555,4.699009398019));
#19269=CARTESIAN_POINT('',(92.048659550157,-51.52003074286,0.));
#19270=CARTESIAN_POINT('Origin',(174.045061696135,-51.70966154031,4.699009398019));
#19271=CARTESIAN_POINT('',(173.86354871065,-51.63808210625,0.));
#19272=CARTESIAN_POINT('Origin',(92.2382286455785,-51.473834018515,4.699009398019));
#19273=CARTESIAN_POINT('',(92.427797741,-51.42763729417,0.));
#19274=CARTESIAN_POINT('Origin',(173.677574120505,-51.579056424555,4.699009398019));
#19275=CARTESIAN_POINT('',(173.49159953036,-51.52003074286,0.));
#19276=CARTESIAN_POINT('Origin',(92.6200774830645,-51.394484917615,4.699009398019));
#19277=CARTESIAN_POINT('',(92.812357225129,-51.36133254106,0.));
#19278=CARTESIAN_POINT('Origin',(173.302030434935,-51.473834018515,4.699009398019));
#19279=CARTESIAN_POINT('',(173.11246133951,-51.42763729417,0.));
#19280=CARTESIAN_POINT('Origin',(93.00645111692,-51.34137908399,4.699009398019));
#19281=CARTESIAN_POINT('',(93.200545008711,-51.32142562692,0.));
#19282=CARTESIAN_POINT('Origin',(172.920181597445,-51.394484917615,4.699009398019));
#19283=CARTESIAN_POINT('',(172.72790185538,-51.36133254106,0.));
#19284=CARTESIAN_POINT('Origin',(93.3955480949065,-51.31476412156,4.699009398019));
#19285=CARTESIAN_POINT('',(93.590551181102,-51.3081026162,0.));
#19286=CARTESIAN_POINT('Origin',(172.53380796359,-51.34137908399,4.699009398019));
#19287=CARTESIAN_POINT('',(172.3397140718,-51.32142562692,0.));
#19288=CARTESIAN_POINT('Origin',(132.770129540256,-51.3081026162,4.699009398019));
#19289=CARTESIAN_POINT('',(171.94970789941,-51.3081026162,0.));
#19290=CARTESIAN_POINT('Origin',(172.144710985605,-51.31476412156,4.699009398019));
#19291=CARTESIAN_POINT('Origin',(89.2506069003805,-56.87485709985,5.715011430023));
#19292=CARTESIAN_POINT('',(89.245542291085,-57.02311404622,5.715011430023));
#19293=CARTESIAN_POINT('',(89.245542291085,-57.02311404622,4.699009398019));
#19294=CARTESIAN_POINT('',(89.255671509676,-56.72660015348,5.715011430023));
#19295=CARTESIAN_POINT('',(89.245542291085,-57.02311404622,5.715011430023));
#19296=CARTESIAN_POINT('',(89.255671509676,-56.72660015348,4.699009398019));
#19297=CARTESIAN_POINT('Origin',(89.2708417240175,-56.57903444943,5.715011430023));
#19298=CARTESIAN_POINT('',(89.286011938359,-56.43146874538,5.715011430023));
#19299=CARTESIAN_POINT('',(89.255671509676,-56.72660015348,5.715011430023));
#19300=CARTESIAN_POINT('',(89.286011938359,-56.43146874538,4.699009398019));
#19301=CARTESIAN_POINT('Origin',(89.3112170272035,-56.28528230308,5.715011430023));
#19302=CARTESIAN_POINT('',(89.336422116048,-56.13909586078,5.715011430023));
#19303=CARTESIAN_POINT('',(89.286011938359,-56.43146874538,5.715011430023));
#19304=CARTESIAN_POINT('',(89.336422116048,-56.13909586078,4.699009398019));
#19305=CARTESIAN_POINT('Origin',(89.371544561636,-55.994970268915,5.715011430023));
#19306=CARTESIAN_POINT('',(89.406667007224,-55.85084467705,5.715011430023));
#19307=CARTESIAN_POINT('',(89.336422116048,-56.13909586078,5.715011430023));
#19308=CARTESIAN_POINT('',(89.406667007224,-55.85084467705,4.699009398019));
#19309=CARTESIAN_POINT('Origin',(89.451543052502,-55.70945191565,5.715011430023));
#19310=CARTESIAN_POINT('',(89.49641909778,-55.56805915425,5.715011430023));
#19311=CARTESIAN_POINT('',(89.406667007224,-55.85084467705,5.715011430023));
#19312=CARTESIAN_POINT('',(89.49641909778,-55.56805915425,4.699009398019));
#19313=CARTESIAN_POINT('Origin',(89.550839509908,-55.43005846165,5.715011430023));
#19314=CARTESIAN_POINT('',(89.605259922036,-55.29205776905,5.715011430023));
#19315=CARTESIAN_POINT('',(89.49641909778,-55.56805915425,5.715011430023));
#19316=CARTESIAN_POINT('',(89.605259922036,-55.29205776905,4.699009398019));
#19317=CARTESIAN_POINT('Origin',(89.6689709679325,-55.158092568175,5.715011430023));
#19318=CARTESIAN_POINT('',(89.732682013829,-55.0241273673,5.715011430023));
#19319=CARTESIAN_POINT('',(89.605259922036,-55.29205776905,5.715011430023));
#19320=CARTESIAN_POINT('',(89.732682013829,-55.0241273673,4.699009398019));
#19321=CARTESIAN_POINT('Origin',(89.8053866431865,-54.894822265755,5.715011430023));
#19322=CARTESIAN_POINT('',(89.878091272544,-54.76551716421,5.715011430023));
#19323=CARTESIAN_POINT('',(89.732682013829,-55.0241273673,5.715011430023));
#19324=CARTESIAN_POINT('',(89.878091272544,-54.76551716421,4.699009398019));
#19325=CARTESIAN_POINT('Origin',(89.9594505028195,-54.641475042075,5.715011430023));
#19326=CARTESIAN_POINT('',(90.040809733095,-54.51743291994,5.715011430023));
#19327=CARTESIAN_POINT('',(89.878091272544,-54.76551716421,5.715011430023));
#19328=CARTESIAN_POINT('',(90.040809733095,-54.51743291994,4.699009398019));
#19329=CARTESIAN_POINT('Origin',(90.13044423,-54.39923211884,5.715011430023));
#19330=CARTESIAN_POINT('',(90.220078726905,-54.28103131774,5.715011430023));
#19331=CARTESIAN_POINT('',(90.040809733095,-54.51743291994,5.715011430023));
#19332=CARTESIAN_POINT('',(90.220078726905,-54.28103131774,4.699009398019));
#19333=CARTESIAN_POINT('Origin',(90.317570573037,-54.169222944385,5.715011430023));
#19334=CARTESIAN_POINT('',(90.415062419169,-54.05741457103,5.715011430023));
#19335=CARTESIAN_POINT('',(90.220078726905,-54.28103131774,5.715011430023));
#19336=CARTESIAN_POINT('',(90.415062419169,-54.05741457103,4.699009398019));
#19337=CARTESIAN_POINT('Origin',(90.5199570625385,-53.95251992766,5.715011430023));
#19338=CARTESIAN_POINT('',(90.624851705908,-53.84762528429,5.715011430023));
#19339=CARTESIAN_POINT('',(90.415062419169,-54.05741457103,5.715011430023));
#19340=CARTESIAN_POINT('',(90.624851705908,-53.84762528429,4.699009398019));
#19341=CARTESIAN_POINT('Origin',(90.7366600792655,-53.75013343816,5.715011430023));
#19342=CARTESIAN_POINT('',(90.848468452623,-53.65264159203,5.715011430023));
#19343=CARTESIAN_POINT('',(90.624851705908,-53.84762528429,5.715011430023));
#19344=CARTESIAN_POINT('',(90.848468452623,-53.65264159203,4.699009398019));
#19345=CARTESIAN_POINT('Origin',(90.966669253719,-53.563007095125,5.715011430023));
#19346=CARTESIAN_POINT('',(91.084870054815,-53.47337259822,5.715011430023));
#19347=CARTESIAN_POINT('',(90.848468452623,-53.65264159203,5.715011430023));
#19348=CARTESIAN_POINT('',(91.084870054815,-53.47337259822,4.699009398019));
#19349=CARTESIAN_POINT('Origin',(91.2089121769515,-53.392013367945,5.715011430023));
#19350=CARTESIAN_POINT('',(91.332954299088,-53.31065413767,5.715011430023));
#19351=CARTESIAN_POINT('',(91.084870054815,-53.47337259822,5.715011430023));
#19352=CARTESIAN_POINT('',(91.332954299088,-53.31065413767,4.699009398019));
#19353=CARTESIAN_POINT('Origin',(91.462259400631,-53.23794950831,5.715011430023));
#19354=CARTESIAN_POINT('',(91.591564502174,-53.16524487895,5.715011430023));
#19355=CARTESIAN_POINT('',(91.332954299088,-53.31065413767,5.715011430023));
#19356=CARTESIAN_POINT('',(91.591564502174,-53.16524487895,4.699009398019));
#19357=CARTESIAN_POINT('Origin',(91.725529703051,-53.101533833055,5.715011430023));
#19358=CARTESIAN_POINT('',(91.859494903928,-53.03782278716,5.715011430023));
#19359=CARTESIAN_POINT('',(91.591564502174,-53.16524487895,5.715011430023));
#19360=CARTESIAN_POINT('',(91.859494903928,-53.03782278716,4.699009398019));
#19361=CARTESIAN_POINT('Origin',(91.997495596531,-52.98340237503,5.715011430023));
#19362=CARTESIAN_POINT('',(92.135496289134,-52.9289819629,5.715011430023));
#19363=CARTESIAN_POINT('',(91.859494903928,-53.03782278716,5.715011430023));
#19364=CARTESIAN_POINT('',(92.135496289134,-52.9289819629,4.699009398019));
#19365=CARTESIAN_POINT('Origin',(92.2768890505305,-52.884105917625,5.715011430023));
#19366=CARTESIAN_POINT('',(92.418281811927,-52.83922987235,5.715011430023));
#19367=CARTESIAN_POINT('',(92.135496289134,-52.9289819629,5.715011430023));
#19368=CARTESIAN_POINT('',(92.418281811927,-52.83922987235,4.699009398019));
#19369=CARTESIAN_POINT('Origin',(92.562407403794,-52.80410742676,5.715011430023));
#19370=CARTESIAN_POINT('',(92.706532995661,-52.76898498117,5.715011430023));
#19371=CARTESIAN_POINT('',(92.418281811927,-52.83922987235,5.715011430023));
#19372=CARTESIAN_POINT('',(92.706532995661,-52.76898498117,4.699009398019));
#19373=CARTESIAN_POINT('Origin',(92.852719437958,-52.743779892325,5.715011430023));
#19374=CARTESIAN_POINT('',(92.998905880255,-52.71857480348,5.715011430023));
#19375=CARTESIAN_POINT('',(92.706532995661,-52.76898498117,5.715011430023));
#19376=CARTESIAN_POINT('',(92.998905880255,-52.71857480348,4.699009398019));
#19377=CARTESIAN_POINT('Origin',(93.146471584306,-52.70340458914,5.715011430023));
#19378=CARTESIAN_POINT('',(93.294037288357,-52.6882343748,5.715011430023));
#19379=CARTESIAN_POINT('',(92.998905880255,-52.71857480348,5.715011430023));
#19380=CARTESIAN_POINT('',(93.294037288357,-52.6882343748,4.699009398019));
#19381=CARTESIAN_POINT('Origin',(93.4422942347295,-52.683169765505,5.715011430023));
#19382=CARTESIAN_POINT('',(93.590551181102,-52.67810515621,5.715011430023));
#19383=CARTESIAN_POINT('',(93.294037288357,-52.6882343748,5.715011430023));
#19384=CARTESIAN_POINT('',(93.590551181102,-52.67810515621,4.699009398019));
#19385=CARTESIAN_POINT('Origin',(132.770129540256,-52.67810515621,5.715011430023));
#19386=CARTESIAN_POINT('',(171.94970789941,-52.67810515621,5.715011430023));
#19387=CARTESIAN_POINT('',(93.590551181102,-52.67810515621,5.715011430023));
#19388=CARTESIAN_POINT('',(171.94970789941,-52.67810515621,4.699009398019));
#19389=CARTESIAN_POINT('Origin',(172.097964845785,-52.683169765505,5.715011430023));
#19390=CARTESIAN_POINT('',(172.24622179216,-52.6882343748,5.715011430023));
#19391=CARTESIAN_POINT('',(171.94970789941,-52.67810515621,5.715011430023));
#19392=CARTESIAN_POINT('',(172.24622179216,-52.6882343748,4.699009398019));
#19393=CARTESIAN_POINT('Origin',(172.39378749621,-52.70340458914,5.715011430023));
#19394=CARTESIAN_POINT('',(172.54135320026,-52.71857480348,5.715011430023));
#19395=CARTESIAN_POINT('',(172.24622179216,-52.6882343748,5.715011430023));
#19396=CARTESIAN_POINT('',(172.54135320026,-52.71857480348,4.699009398019));
#19397=CARTESIAN_POINT('Origin',(172.687539642555,-52.743779892325,5.715011430023));
#19398=CARTESIAN_POINT('',(172.83372608485,-52.76898498117,5.715011430023));
#19399=CARTESIAN_POINT('',(172.54135320026,-52.71857480348,5.715011430023));
#19400=CARTESIAN_POINT('',(172.83372608485,-52.76898498117,4.699009398019));
#19401=CARTESIAN_POINT('Origin',(172.97785167672,-52.80410742676,5.715011430023));
#19402=CARTESIAN_POINT('',(173.12197726859,-52.83922987235,5.715011430023));
#19403=CARTESIAN_POINT('',(172.83372608485,-52.76898498117,5.715011430023));
#19404=CARTESIAN_POINT('',(173.12197726859,-52.83922987235,4.699009398019));
#19405=CARTESIAN_POINT('Origin',(173.263370029985,-52.884105917625,5.715011430023));
#19406=CARTESIAN_POINT('',(173.40476279138,-52.9289819629,5.715011430023));
#19407=CARTESIAN_POINT('',(173.12197726859,-52.83922987235,5.715011430023));
#19408=CARTESIAN_POINT('',(173.40476279138,-52.9289819629,4.699009398019));
#19409=CARTESIAN_POINT('Origin',(173.542763483985,-52.98340237503,5.715011430023));
#19410=CARTESIAN_POINT('',(173.68076417659,-53.03782278716,5.715011430023));
#19411=CARTESIAN_POINT('',(173.40476279138,-52.9289819629,5.715011430023));
#19412=CARTESIAN_POINT('',(173.68076417659,-53.03782278716,4.699009398019));
#19413=CARTESIAN_POINT('Origin',(173.814729377465,-53.101533833055,5.715011430023));
#19414=CARTESIAN_POINT('',(173.94869457834,-53.16524487895,5.715011430023));
#19415=CARTESIAN_POINT('',(173.68076417659,-53.03782278716,5.715011430023));
#19416=CARTESIAN_POINT('',(173.94869457834,-53.16524487895,4.699009398019));
#19417=CARTESIAN_POINT('Origin',(174.077999679885,-53.23794950831,5.715011430023));
#19418=CARTESIAN_POINT('',(174.20730478143,-53.31065413767,5.715011430023));
#19419=CARTESIAN_POINT('',(173.94869457834,-53.16524487895,5.715011430023));
#19420=CARTESIAN_POINT('',(174.20730478143,-53.31065413767,4.699009398019));
#19421=CARTESIAN_POINT('Origin',(174.331346903565,-53.392013367945,5.715011430023));
#19422=CARTESIAN_POINT('',(174.4553890257,-53.47337259822,5.715011430023));
#19423=CARTESIAN_POINT('',(174.20730478143,-53.31065413767,5.715011430023));
#19424=CARTESIAN_POINT('',(174.4553890257,-53.47337259822,4.699009398019));
#19425=CARTESIAN_POINT('Origin',(174.573589826795,-53.563007095125,5.715011430023));
#19426=CARTESIAN_POINT('',(174.69179062789,-53.65264159203,5.715011430023));
#19427=CARTESIAN_POINT('',(174.4553890257,-53.47337259822,5.715011430023));
#19428=CARTESIAN_POINT('',(174.69179062789,-53.65264159203,4.699009398019));
#19429=CARTESIAN_POINT('Origin',(174.80359900125,-53.75013343816,5.715011430023));
#19430=CARTESIAN_POINT('',(174.91540737461,-53.84762528429,5.715011430023));
#19431=CARTESIAN_POINT('',(174.69179062789,-53.65264159203,5.715011430023));
#19432=CARTESIAN_POINT('',(174.91540737461,-53.84762528429,4.699009398019));
#19433=CARTESIAN_POINT('Origin',(175.020302017975,-53.95251992766,5.715011430023));
#19434=CARTESIAN_POINT('',(175.12519666134,-54.05741457103,5.715011430023));
#19435=CARTESIAN_POINT('',(174.91540737461,-53.84762528429,5.715011430023));
#19436=CARTESIAN_POINT('',(175.12519666134,-54.05741457103,4.699009398019));
#19437=CARTESIAN_POINT('Origin',(175.222688507475,-54.169222944385,5.715011430023));
#19438=CARTESIAN_POINT('',(175.32018035361,-54.28103131774,5.715011430023));
#19439=CARTESIAN_POINT('',(175.12519666134,-54.05741457103,5.715011430023));
#19440=CARTESIAN_POINT('',(175.32018035361,-54.28103131774,4.699009398019));
#19441=CARTESIAN_POINT('Origin',(175.409814850515,-54.39923211884,5.715011430023));
#19442=CARTESIAN_POINT('',(175.49944934742,-54.51743291994,5.715011430023));
#19443=CARTESIAN_POINT('',(175.32018035361,-54.28103131774,5.715011430023));
#19444=CARTESIAN_POINT('',(175.49944934742,-54.51743291994,4.699009398019));
#19445=CARTESIAN_POINT('Origin',(175.580808577695,-54.641475042075,5.715011430023));
#19446=CARTESIAN_POINT('',(175.66216780797,-54.76551716421,5.715011430023));
#19447=CARTESIAN_POINT('',(175.49944934742,-54.51743291994,5.715011430023));
#19448=CARTESIAN_POINT('',(175.66216780797,-54.76551716421,4.699009398019));
#19449=CARTESIAN_POINT('Origin',(175.73487243733,-54.894822265755,5.715011430023));
#19450=CARTESIAN_POINT('',(175.80757706669,-55.0241273673,5.715011430023));
#19451=CARTESIAN_POINT('',(175.66216780797,-54.76551716421,5.715011430023));
#19452=CARTESIAN_POINT('',(175.80757706669,-55.0241273673,4.699009398019));
#19453=CARTESIAN_POINT('Origin',(175.871288112585,-55.158092568175,5.715011430023));
#19454=CARTESIAN_POINT('',(175.93499915848,-55.29205776905,5.715011430023));
#19455=CARTESIAN_POINT('',(175.80757706669,-55.0241273673,5.715011430023));
#19456=CARTESIAN_POINT('',(175.93499915848,-55.29205776905,4.699009398019));
#19457=CARTESIAN_POINT('Origin',(175.989419570605,-55.43005846165,5.715011430023));
#19458=CARTESIAN_POINT('',(176.04383998273,-55.56805915425,5.715011430023));
#19459=CARTESIAN_POINT('',(175.93499915848,-55.29205776905,5.715011430023));
#19460=CARTESIAN_POINT('',(176.04383998273,-55.56805915425,4.699009398019));
#19461=CARTESIAN_POINT('Origin',(176.08871602801,-55.70945191565,5.715011430023));
#19462=CARTESIAN_POINT('',(176.13359207329,-55.85084467705,5.715011430023));
#19463=CARTESIAN_POINT('',(176.04383998273,-55.56805915425,5.715011430023));
#19464=CARTESIAN_POINT('',(176.13359207329,-55.85084467705,4.699009398019));
#19465=CARTESIAN_POINT('Origin',(176.16871451888,-55.994970268915,5.715011430023));
#19466=CARTESIAN_POINT('',(176.20383696447,-56.13909586078,5.715011430023));
#19467=CARTESIAN_POINT('',(176.13359207329,-55.85084467705,5.715011430023));
#19468=CARTESIAN_POINT('',(176.20383696447,-56.13909586078,4.699009398019));
#19469=CARTESIAN_POINT('Origin',(176.22904205331,-56.28528230308,5.715011430023));
#19470=CARTESIAN_POINT('',(176.25424714215,-56.43146874538,5.715011430023));
#19471=CARTESIAN_POINT('',(176.20383696447,-56.13909586078,5.715011430023));
#19472=CARTESIAN_POINT('',(176.25424714215,-56.43146874538,4.699009398019));
#19473=CARTESIAN_POINT('Origin',(176.269417356495,-56.57903444943,5.715011430023));
#19474=CARTESIAN_POINT('',(176.28458757084,-56.72660015348,5.715011430023));
#19475=CARTESIAN_POINT('',(176.25424714215,-56.43146874538,5.715011430023));
#19476=CARTESIAN_POINT('',(176.28458757084,-56.72660015348,4.699009398019));
#19477=CARTESIAN_POINT('Origin',(176.289652180135,-56.87485709985,5.715011430023));
#19478=CARTESIAN_POINT('',(176.29471678943,-57.02311404622,5.715011430023));
#19479=CARTESIAN_POINT('',(176.28458757084,-56.72660015348,5.715011430023));
#19480=CARTESIAN_POINT('',(176.29471678943,-57.02311404622,4.699009398019));
#19481=CARTESIAN_POINT('Origin',(176.29471678943,-93.78968757936,5.715011430023));
#19482=CARTESIAN_POINT('',(176.29471678943,-130.5562611125,5.715011430023));
#19483=CARTESIAN_POINT('',(176.29471678943,-57.02311404622,5.715011430023));
#19484=CARTESIAN_POINT('',(176.29471678943,-130.5562611125,4.699009398019));
#19485=CARTESIAN_POINT('Origin',(176.289652180135,-130.70451805885,5.715011430023));
#19486=CARTESIAN_POINT('',(176.28458757084,-130.8527750052,5.715011430023));
#19487=CARTESIAN_POINT('',(176.29471678943,-130.5562611125,5.715011430023));
#19488=CARTESIAN_POINT('',(176.28458757084,-130.8527750052,4.699009398019));
#19489=CARTESIAN_POINT('Origin',(176.269417356495,-131.00034070925,5.715011430023));
#19490=CARTESIAN_POINT('',(176.25424714215,-131.1479064133,5.715011430023));
#19491=CARTESIAN_POINT('',(176.28458757084,-130.8527750052,5.715011430023));
#19492=CARTESIAN_POINT('',(176.25424714215,-131.1479064133,4.699009398019));
#19493=CARTESIAN_POINT('Origin',(176.22904205331,-131.2940928556,5.715011430023));
#19494=CARTESIAN_POINT('',(176.20383696447,-131.4402792979,5.715011430023));
#19495=CARTESIAN_POINT('',(176.25424714215,-131.1479064133,5.715011430023));
#19496=CARTESIAN_POINT('',(176.20383696447,-131.4402792979,4.699009398019));
#19497=CARTESIAN_POINT('Origin',(176.16871451888,-131.58440488975,5.715011430023));
#19498=CARTESIAN_POINT('',(176.13359207329,-131.7285304816,5.715011430023));
#19499=CARTESIAN_POINT('',(176.20383696447,-131.4402792979,5.715011430023));
#19500=CARTESIAN_POINT('',(176.13359207329,-131.7285304816,4.699009398019));
#19501=CARTESIAN_POINT('Origin',(176.08871602801,-131.869923243,5.715011430023));
#19502=CARTESIAN_POINT('',(176.04383998273,-132.0113160044,5.715011430023));
#19503=CARTESIAN_POINT('',(176.13359207329,-131.7285304816,5.715011430023));
#19504=CARTESIAN_POINT('',(176.04383998273,-132.0113160044,4.699009398019));
#19505=CARTESIAN_POINT('Origin',(175.989419570605,-132.149316697,5.715011430023));
#19506=CARTESIAN_POINT('',(175.93499915848,-132.2873173896,5.715011430023));
#19507=CARTESIAN_POINT('',(176.04383998273,-132.0113160044,5.715011430023));
#19508=CARTESIAN_POINT('',(175.93499915848,-132.2873173896,4.699009398019));
#19509=CARTESIAN_POINT('Origin',(175.871288112585,-132.4212825905,5.715011430023));
#19510=CARTESIAN_POINT('',(175.80757706669,-132.5552477914,5.715011430023));
#19511=CARTESIAN_POINT('',(175.93499915848,-132.2873173896,5.715011430023));
#19512=CARTESIAN_POINT('',(175.80757706669,-132.5552477914,4.699009398019));
#19513=CARTESIAN_POINT('Origin',(175.73487243733,-132.68455289295,5.715011430023));
#19514=CARTESIAN_POINT('',(175.66216780797,-132.8138579945,5.715011430023));
#19515=CARTESIAN_POINT('',(175.80757706669,-132.5552477914,5.715011430023));
#19516=CARTESIAN_POINT('',(175.66216780797,-132.8138579945,4.699009398019));
#19517=CARTESIAN_POINT('Origin',(175.580808577695,-132.93790011665,5.715011430023));
#19518=CARTESIAN_POINT('',(175.49944934742,-133.0619422388,5.715011430023));
#19519=CARTESIAN_POINT('',(175.66216780797,-132.8138579945,5.715011430023));
#19520=CARTESIAN_POINT('',(175.49944934742,-133.0619422388,4.699009398019));
#19521=CARTESIAN_POINT('Origin',(175.409814850515,-133.1801430399,5.715011430023));
#19522=CARTESIAN_POINT('',(175.32018035361,-133.298343841,5.715011430023));
#19523=CARTESIAN_POINT('',(175.49944934742,-133.0619422388,5.715011430023));
#19524=CARTESIAN_POINT('',(175.32018035361,-133.298343841,4.699009398019));
#19525=CARTESIAN_POINT('Origin',(175.222688507475,-133.41015221435,5.715011430023));
#19526=CARTESIAN_POINT('',(175.12519666134,-133.5219605877,5.715011430023));
#19527=CARTESIAN_POINT('',(175.32018035361,-133.298343841,5.715011430023));
#19528=CARTESIAN_POINT('',(175.12519666134,-133.5219605877,4.699009398019));
#19529=CARTESIAN_POINT('Origin',(175.020302017975,-133.62685523105,5.715011430023));
#19530=CARTESIAN_POINT('',(174.91540737461,-133.7317498744,5.715011430023));
#19531=CARTESIAN_POINT('',(175.12519666134,-133.5219605877,5.715011430023));
#19532=CARTESIAN_POINT('',(174.91540737461,-133.7317498744,4.699009398019));
#19533=CARTESIAN_POINT('Origin',(174.80359900125,-133.82924172055,5.715011430023));
#19534=CARTESIAN_POINT('',(174.69179062789,-133.9267335667,5.715011430023));
#19535=CARTESIAN_POINT('',(174.91540737461,-133.7317498744,5.715011430023));
#19536=CARTESIAN_POINT('',(174.69179062789,-133.9267335667,4.699009398019));
#19537=CARTESIAN_POINT('Origin',(174.573589826795,-134.0163680636,5.715011430023));
#19538=CARTESIAN_POINT('',(174.4553890257,-134.1060025605,5.715011430023));
#19539=CARTESIAN_POINT('',(174.69179062789,-133.9267335667,5.715011430023));
#19540=CARTESIAN_POINT('',(174.4553890257,-134.1060025605,4.699009398019));
#19541=CARTESIAN_POINT('Origin',(174.331346903565,-134.18736179075,5.715011430023));
#19542=CARTESIAN_POINT('',(174.20730478143,-134.268721021,5.715011430023));
#19543=CARTESIAN_POINT('',(174.4553890257,-134.1060025605,5.715011430023));
#19544=CARTESIAN_POINT('',(174.20730478143,-134.268721021,4.699009398019));
#19545=CARTESIAN_POINT('Origin',(174.077999679885,-134.34142565035,5.715011430023));
#19546=CARTESIAN_POINT('',(173.94869457834,-134.4141302797,5.715011430023));
#19547=CARTESIAN_POINT('',(174.20730478143,-134.268721021,5.715011430023));
#19548=CARTESIAN_POINT('',(173.94869457834,-134.4141302797,4.699009398019));
#19549=CARTESIAN_POINT('Origin',(173.814729377465,-134.4778413256,5.715011430023));
#19550=CARTESIAN_POINT('',(173.68076417659,-134.5415523715,5.715011430023));
#19551=CARTESIAN_POINT('',(173.94869457834,-134.4141302797,5.715011430023));
#19552=CARTESIAN_POINT('',(173.68076417659,-134.5415523715,4.699009398019));
#19553=CARTESIAN_POINT('Origin',(173.542763483985,-134.59597278365,5.715011430023));
#19554=CARTESIAN_POINT('',(173.40476279138,-134.6503931958,5.715011430023));
#19555=CARTESIAN_POINT('',(173.68076417659,-134.5415523715,5.715011430023));
#19556=CARTESIAN_POINT('',(173.40476279138,-134.6503931958,4.699009398019));
#19557=CARTESIAN_POINT('Origin',(173.263370029985,-134.6952692411,5.715011430023));
#19558=CARTESIAN_POINT('',(173.12197726859,-134.7401452864,5.715011430023));
#19559=CARTESIAN_POINT('',(173.40476279138,-134.6503931958,5.715011430023));
#19560=CARTESIAN_POINT('',(173.12197726859,-134.7401452864,4.699009398019));
#19561=CARTESIAN_POINT('Origin',(172.97785167672,-134.77526773195,5.715011430023));
#19562=CARTESIAN_POINT('',(172.83372608485,-134.8103901775,5.715011430023));
#19563=CARTESIAN_POINT('',(173.12197726859,-134.7401452864,5.715011430023));
#19564=CARTESIAN_POINT('',(172.83372608485,-134.8103901775,4.699009398019));
#19565=CARTESIAN_POINT('Origin',(172.687539642555,-134.83559526635,5.715011430023));
#19566=CARTESIAN_POINT('',(172.54135320026,-134.8608003552,5.715011430023));
#19567=CARTESIAN_POINT('',(172.83372608485,-134.8103901775,5.715011430023));
#19568=CARTESIAN_POINT('',(172.54135320026,-134.8608003552,4.699009398019));
#19569=CARTESIAN_POINT('Origin',(172.39378749621,-134.87597056955,5.715011430023));
#19570=CARTESIAN_POINT('',(172.24622179216,-134.8911407839,5.715011430023));
#19571=CARTESIAN_POINT('',(172.54135320026,-134.8608003552,5.715011430023));
#19572=CARTESIAN_POINT('',(172.24622179216,-134.8911407839,4.699009398019));
#19573=CARTESIAN_POINT('Origin',(172.097964845785,-134.8962053932,5.715011430023));
#19574=CARTESIAN_POINT('',(171.94970789941,-134.9012700025,5.715011430023));
#19575=CARTESIAN_POINT('',(172.24622179216,-134.8911407839,5.715011430023));
#19576=CARTESIAN_POINT('',(171.94970789941,-134.9012700025,4.699009398019));
#19577=CARTESIAN_POINT('Origin',(132.770129540256,-134.9012700025,5.715011430023));
#19578=CARTESIAN_POINT('',(93.590551181102,-134.9012700025,5.715011430023));
#19579=CARTESIAN_POINT('',(171.94970789941,-134.9012700025,5.715011430023));
#19580=CARTESIAN_POINT('',(93.590551181102,-134.9012700025,4.699009398019));
#19581=CARTESIAN_POINT('Origin',(93.4422942347295,-134.8962053932,5.715011430023));
#19582=CARTESIAN_POINT('',(93.294037288357,-134.8911407839,5.715011430023));
#19583=CARTESIAN_POINT('',(93.590551181102,-134.9012700025,5.715011430023));
#19584=CARTESIAN_POINT('',(93.294037288357,-134.8911407839,4.699009398019));
#19585=CARTESIAN_POINT('Origin',(93.146471584306,-134.87597056955,5.715011430023));
#19586=CARTESIAN_POINT('',(92.998905880255,-134.8608003552,5.715011430023));
#19587=CARTESIAN_POINT('',(93.294037288357,-134.8911407839,5.715011430023));
#19588=CARTESIAN_POINT('',(92.998905880255,-134.8608003552,4.699009398019));
#19589=CARTESIAN_POINT('Origin',(92.852719437958,-134.83559526635,5.715011430023));
#19590=CARTESIAN_POINT('',(92.706532995661,-134.8103901775,5.715011430023));
#19591=CARTESIAN_POINT('',(92.998905880255,-134.8608003552,5.715011430023));
#19592=CARTESIAN_POINT('',(92.706532995661,-134.8103901775,4.699009398019));
#19593=CARTESIAN_POINT('Origin',(92.562407403794,-134.77526773195,5.715011430023));
#19594=CARTESIAN_POINT('',(92.418281811927,-134.7401452864,5.715011430023));
#19595=CARTESIAN_POINT('',(92.706532995661,-134.8103901775,5.715011430023));
#19596=CARTESIAN_POINT('',(92.418281811927,-134.7401452864,4.699009398019));
#19597=CARTESIAN_POINT('Origin',(92.2768890505305,-134.6952692411,5.715011430023));
#19598=CARTESIAN_POINT('',(92.135496289134,-134.6503931958,5.715011430023));
#19599=CARTESIAN_POINT('',(92.418281811927,-134.7401452864,5.715011430023));
#19600=CARTESIAN_POINT('',(92.135496289134,-134.6503931958,4.699009398019));
#19601=CARTESIAN_POINT('Origin',(91.997495596531,-134.59597278365,5.715011430023));
#19602=CARTESIAN_POINT('',(91.859494903928,-134.5415523715,5.715011430023));
#19603=CARTESIAN_POINT('',(92.135496289134,-134.6503931958,5.715011430023));
#19604=CARTESIAN_POINT('',(91.859494903928,-134.5415523715,4.699009398019));
#19605=CARTESIAN_POINT('Origin',(91.725529703051,-134.4778413256,5.715011430023));
#19606=CARTESIAN_POINT('',(91.591564502174,-134.4141302797,5.715011430023));
#19607=CARTESIAN_POINT('',(91.859494903928,-134.5415523715,5.715011430023));
#19608=CARTESIAN_POINT('',(91.591564502174,-134.4141302797,4.699009398019));
#19609=CARTESIAN_POINT('Origin',(91.462259400631,-134.34142565035,5.715011430023));
#19610=CARTESIAN_POINT('',(91.332954299088,-134.268721021,5.715011430023));
#19611=CARTESIAN_POINT('',(91.591564502174,-134.4141302797,5.715011430023));
#19612=CARTESIAN_POINT('',(91.332954299088,-134.268721021,4.699009398019));
#19613=CARTESIAN_POINT('Origin',(91.2089121769515,-134.18736179075,5.715011430023));
#19614=CARTESIAN_POINT('',(91.084870054815,-134.1060025605,5.715011430023));
#19615=CARTESIAN_POINT('',(91.332954299088,-134.268721021,5.715011430023));
#19616=CARTESIAN_POINT('',(91.084870054815,-134.1060025605,4.699009398019));
#19617=CARTESIAN_POINT('Origin',(90.966669253719,-134.0163680636,5.715011430023));
#19618=CARTESIAN_POINT('',(90.848468452623,-133.9267335667,5.715011430023));
#19619=CARTESIAN_POINT('',(91.084870054815,-134.1060025605,5.715011430023));
#19620=CARTESIAN_POINT('',(90.848468452623,-133.9267335667,4.699009398019));
#19621=CARTESIAN_POINT('Origin',(90.7366600792655,-133.82924172055,5.715011430023));
#19622=CARTESIAN_POINT('',(90.624851705908,-133.7317498744,5.715011430023));
#19623=CARTESIAN_POINT('',(90.848468452623,-133.9267335667,5.715011430023));
#19624=CARTESIAN_POINT('',(90.624851705908,-133.7317498744,4.699009398019));
#19625=CARTESIAN_POINT('Origin',(90.5199570625385,-133.62685523105,5.715011430023));
#19626=CARTESIAN_POINT('',(90.415062419169,-133.5219605877,5.715011430023));
#19627=CARTESIAN_POINT('',(90.624851705908,-133.7317498744,5.715011430023));
#19628=CARTESIAN_POINT('',(90.415062419169,-133.5219605877,4.699009398019));
#19629=CARTESIAN_POINT('Origin',(90.317570573037,-133.41015221435,5.715011430023));
#19630=CARTESIAN_POINT('',(90.220078726905,-133.298343841,5.715011430023));
#19631=CARTESIAN_POINT('',(90.415062419169,-133.5219605877,5.715011430023));
#19632=CARTESIAN_POINT('',(90.220078726905,-133.298343841,4.699009398019));
#19633=CARTESIAN_POINT('Origin',(90.13044423,-133.1801430399,5.715011430023));
#19634=CARTESIAN_POINT('',(90.040809733095,-133.0619422388,5.715011430023));
#19635=CARTESIAN_POINT('',(90.220078726905,-133.298343841,5.715011430023));
#19636=CARTESIAN_POINT('',(90.040809733095,-133.0619422388,4.699009398019));
#19637=CARTESIAN_POINT('Origin',(89.9594505028195,-132.93790011665,5.715011430023));
#19638=CARTESIAN_POINT('',(89.878091272544,-132.8138579945,5.715011430023));
#19639=CARTESIAN_POINT('',(90.040809733095,-133.0619422388,5.715011430023));
#19640=CARTESIAN_POINT('',(89.878091272544,-132.8138579945,4.699009398019));
#19641=CARTESIAN_POINT('Origin',(89.8053866431865,-132.68455289295,5.715011430023));
#19642=CARTESIAN_POINT('',(89.732682013829,-132.5552477914,5.715011430023));
#19643=CARTESIAN_POINT('',(89.878091272544,-132.8138579945,5.715011430023));
#19644=CARTESIAN_POINT('',(89.732682013829,-132.5552477914,4.699009398019));
#19645=CARTESIAN_POINT('Origin',(89.6689709679325,-132.4212825905,5.715011430023));
#19646=CARTESIAN_POINT('',(89.605259922036,-132.2873173896,5.715011430023));
#19647=CARTESIAN_POINT('',(89.732682013829,-132.5552477914,5.715011430023));
#19648=CARTESIAN_POINT('',(89.605259922036,-132.2873173896,4.699009398019));
#19649=CARTESIAN_POINT('Origin',(89.550839509908,-132.149316697,5.715011430023));
#19650=CARTESIAN_POINT('',(89.49641909778,-132.0113160044,5.715011430023));
#19651=CARTESIAN_POINT('',(89.605259922036,-132.2873173896,5.715011430023));
#19652=CARTESIAN_POINT('',(89.49641909778,-132.0113160044,4.699009398019));
#19653=CARTESIAN_POINT('Origin',(89.451543052502,-131.869923243,5.715011430023));
#19654=CARTESIAN_POINT('',(89.406667007224,-131.7285304816,5.715011430023));
#19655=CARTESIAN_POINT('',(89.49641909778,-132.0113160044,5.715011430023));
#19656=CARTESIAN_POINT('',(89.406667007224,-131.7285304816,4.699009398019));
#19657=CARTESIAN_POINT('Origin',(89.371544561636,-131.58440488975,5.715011430023));
#19658=CARTESIAN_POINT('',(89.336422116048,-131.4402792979,5.715011430023));
#19659=CARTESIAN_POINT('',(89.406667007224,-131.7285304816,5.715011430023));
#19660=CARTESIAN_POINT('',(89.336422116048,-131.4402792979,4.699009398019));
#19661=CARTESIAN_POINT('Origin',(89.3112170272035,-131.2940928556,5.715011430023));
#19662=CARTESIAN_POINT('',(89.286011938359,-131.1479064133,5.715011430023));
#19663=CARTESIAN_POINT('',(89.336422116048,-131.4402792979,5.715011430023));
#19664=CARTESIAN_POINT('',(89.286011938359,-131.1479064133,4.699009398019));
#19665=CARTESIAN_POINT('Origin',(89.2708417240175,-131.00034070925,5.715011430023));
#19666=CARTESIAN_POINT('',(89.255671509676,-130.8527750052,5.715011430023));
#19667=CARTESIAN_POINT('',(89.286011938359,-131.1479064133,5.715011430023));
#19668=CARTESIAN_POINT('',(89.255671509676,-130.8527750052,4.699009398019));
#19669=CARTESIAN_POINT('Origin',(89.2506069003805,-130.70451805885,5.715011430023));
#19670=CARTESIAN_POINT('',(89.245542291085,-130.5562611125,5.715011430023));
#19671=CARTESIAN_POINT('',(89.255671509676,-130.8527750052,5.715011430023));
#19672=CARTESIAN_POINT('',(89.245542291085,-130.5562611125,4.699009398019));
#19673=CARTESIAN_POINT('Origin',(89.245542291085,-93.78968757936,5.715011430023));
#19674=CARTESIAN_POINT('',(89.245542291085,-130.5562611125,5.715011430023));
#19675=CARTESIAN_POINT('Origin',(168.600337200666,-127.4002548005,0.));
#19676=CARTESIAN_POINT('',(171.50034309348,-127.4002548005,3.200006502413));
#19677=CARTESIAN_POINT('Origin',(168.600337200668,-127.4002548005,3.200006502413));
#19678=CARTESIAN_POINT('',(171.500343093475,-127.400254800498,0.));
#19679=CARTESIAN_POINT('Origin',(97.0001940003883,-127.4002548005,0.));
#19680=CARTESIAN_POINT('',(99.9001998932,-127.4002548005,3.200006502413));
#19681=CARTESIAN_POINT('Origin',(97.0001940003879,-127.4002548005,3.200006502413));
#19682=CARTESIAN_POINT('',(99.9001998932005,-127.400254800498,0.));
#19683=CARTESIAN_POINT('Origin',(168.600337200666,-60.00012000024,0.));
#19684=CARTESIAN_POINT('',(171.50034309348,-60.00012000024,3.200006502413));
#19685=CARTESIAN_POINT('Origin',(168.600337200669,-60.0001200002373,3.200006502413));
#19686=CARTESIAN_POINT('',(171.500343093475,-60.0001200002384,0.));
#19687=CARTESIAN_POINT('Origin',(97.0001940003883,-60.00012000024,0.));
#19688=CARTESIAN_POINT('',(99.9001998932,-60.00012000024,3.200006502413));
#19689=CARTESIAN_POINT('Origin',(97.0001940003884,-60.0001200002376,3.200006502413));
#19690=CARTESIAN_POINT('',(99.9001998932005,-60.0001200002384,0.));
#19691=CARTESIAN_POINT('Origin',(132.770129540257,-134.9012700025,5.715011430023));
#19692=CARTESIAN_POINT('',(90.745542291085,-57.02311404622,5.715011430023));
#19693=CARTESIAN_POINT('',(90.752174663462,-56.82896377352,5.715011430023));
#19694=CARTESIAN_POINT('',(90.745542291085,-57.02311404622,5.715011430023));
#19695=CARTESIAN_POINT('',(90.772040857413,-56.63571871902,5.715011430023));
#19696=CARTESIAN_POINT('',(90.752174663462,-56.82896377352,5.715011430023));
#19697=CARTESIAN_POINT('',(90.805048247571,-56.44427988036,5.715011430023));
#19698=CARTESIAN_POINT('',(90.772040857413,-56.63571871902,5.715011430023));
#19699=CARTESIAN_POINT('',(90.851042938246,-56.25553983378,5.715011430023));
#19700=CARTESIAN_POINT('',(90.805048247571,-56.44427988036,5.715011430023));
#19701=CARTESIAN_POINT('',(90.909810480958,-56.07037857251,5.715011430023));
#19702=CARTESIAN_POINT('',(90.851042938246,-56.25553983378,5.715011430023));
#19703=CARTESIAN_POINT('',(90.981076874295,-55.88965940382,5.715011430023));
#19704=CARTESIAN_POINT('',(90.909810480958,-56.07037857251,5.715011430023));
#19705=CARTESIAN_POINT('',(91.064509841432,-55.71422492389,5.715011430023));
#19706=CARTESIAN_POINT('',(90.981076874295,-55.88965940382,5.715011430023));
#19707=CARTESIAN_POINT('',(91.159720379364,-55.54489308926,5.715011430023));
#19708=CARTESIAN_POINT('',(91.064509841432,-55.71422492389,5.715011430023));
#19709=CARTESIAN_POINT('',(91.266264572611,-55.38245340311,5.715011430023));
#19710=CARTESIAN_POINT('',(91.159720379364,-55.54489308926,5.715011430023));
#19711=CARTESIAN_POINT('',(91.383645662961,-55.22766323423,5.715011430023));
#19712=CARTESIAN_POINT('',(91.266264572611,-55.38245340311,5.715011430023));
#19713=CARTESIAN_POINT('',(91.511316365586,-55.08124428586,5.715011430023));
#19714=CARTESIAN_POINT('',(91.383645662961,-55.22766323423,5.715011430023));
#19715=CARTESIAN_POINT('',(91.648681420736,-54.94387923071,5.715011430023));
#19716=CARTESIAN_POINT('',(91.511316365586,-55.08124428586,5.715011430023));
#19717=CARTESIAN_POINT('',(91.795100369112,-54.81620852808,5.715011430023));
#19718=CARTESIAN_POINT('',(91.648681420736,-54.94387923071,5.715011430023));
#19719=CARTESIAN_POINT('',(91.949890537987,-54.69882743773,5.715011430023));
#19720=CARTESIAN_POINT('',(91.795100369112,-54.81620852808,5.715011430023));
#19721=CARTESIAN_POINT('',(92.112330224141,-54.59228324449,5.715011430023));
#19722=CARTESIAN_POINT('',(91.949890537987,-54.69882743773,5.715011430023));
#19723=CARTESIAN_POINT('',(92.281662058771,-54.49707270655,5.715011430023));
#19724=CARTESIAN_POINT('',(92.112330224141,-54.59228324449,5.715011430023));
#19725=CARTESIAN_POINT('',(92.457096538697,-54.41363973942,5.715011430023));
#19726=CARTESIAN_POINT('',(92.281662058771,-54.49707270655,5.715011430023));
#19727=CARTESIAN_POINT('',(92.63781570739,-54.34237334608,5.715011430023));
#19728=CARTESIAN_POINT('',(92.457096538697,-54.41363973942,5.715011430023));
#19729=CARTESIAN_POINT('',(92.822976968663,-54.28360580337,5.715011430023));
#19730=CARTESIAN_POINT('',(92.63781570739,-54.34237334608,5.715011430023));
#19731=CARTESIAN_POINT('',(93.01171701524,-54.23761111269,5.715011430023));
#19732=CARTESIAN_POINT('',(92.822976968663,-54.28360580337,5.715011430023));
#19733=CARTESIAN_POINT('',(93.2031558539,-54.20460372253,5.715011430023));
#19734=CARTESIAN_POINT('',(93.01171701524,-54.23761111269,5.715011430023));
#19735=CARTESIAN_POINT('',(93.396400908404,-54.18473752858,5.715011430023));
#19736=CARTESIAN_POINT('',(93.2031558539,-54.20460372253,5.715011430023));
#19737=CARTESIAN_POINT('',(93.590551181102,-54.17810515621,5.715011430023));
#19738=CARTESIAN_POINT('',(93.396400908404,-54.18473752858,5.715011430023));
#19739=CARTESIAN_POINT('',(171.94970789941,-54.17810515621,5.715011430023));
#19740=CARTESIAN_POINT('',(93.590551181102,-54.17810515621,5.715011430023));
#19741=CARTESIAN_POINT('',(172.14385817211,-54.18473752858,5.715011430023));
#19742=CARTESIAN_POINT('',(171.94970789941,-54.17810515621,5.715011430023));
#19743=CARTESIAN_POINT('',(172.33710322661,-54.20460372253,5.715011430023));
#19744=CARTESIAN_POINT('',(172.14385817211,-54.18473752858,5.715011430023));
#19745=CARTESIAN_POINT('',(172.52854206527,-54.23761111269,5.715011430023));
#19746=CARTESIAN_POINT('',(172.33710322661,-54.20460372253,5.715011430023));
#19747=CARTESIAN_POINT('',(172.71728211185,-54.28360580337,5.715011430023));
#19748=CARTESIAN_POINT('',(172.52854206527,-54.23761111269,5.715011430023));
#19749=CARTESIAN_POINT('',(172.90244337312,-54.34237334608,5.715011430023));
#19750=CARTESIAN_POINT('',(172.71728211185,-54.28360580337,5.715011430023));
#19751=CARTESIAN_POINT('',(173.08316254182,-54.41363973942,5.715011430023));
#19752=CARTESIAN_POINT('',(172.90244337312,-54.34237334608,5.715011430023));
#19753=CARTESIAN_POINT('',(173.25859702174,-54.49707270655,5.715011430023));
#19754=CARTESIAN_POINT('',(173.08316254182,-54.41363973942,5.715011430023));
#19755=CARTESIAN_POINT('',(173.42792885637,-54.59228324449,5.715011430023));
#19756=CARTESIAN_POINT('',(173.25859702174,-54.49707270655,5.715011430023));
#19757=CARTESIAN_POINT('',(173.59036854253,-54.69882743773,5.715011430023));
#19758=CARTESIAN_POINT('',(173.42792885637,-54.59228324449,5.715011430023));
#19759=CARTESIAN_POINT('',(173.7451587114,-54.81620852808,5.715011430023));
#19760=CARTESIAN_POINT('',(173.59036854253,-54.69882743773,5.715011430023));
#19761=CARTESIAN_POINT('',(173.89157765978,-54.94387923071,5.715011430023));
#19762=CARTESIAN_POINT('',(173.7451587114,-54.81620852808,5.715011430023));
#19763=CARTESIAN_POINT('',(174.02894271493,-55.08124428586,5.715011430023));
#19764=CARTESIAN_POINT('',(173.89157765978,-54.94387923071,5.715011430023));
#19765=CARTESIAN_POINT('',(174.15661341755,-55.22766323423,5.715011430023));
#19766=CARTESIAN_POINT('',(174.02894271493,-55.08124428586,5.715011430023));
#19767=CARTESIAN_POINT('',(174.2739945079,-55.38245340311,5.715011430023));
#19768=CARTESIAN_POINT('',(174.15661341755,-55.22766323423,5.715011430023));
#19769=CARTESIAN_POINT('',(174.38053870115,-55.54489308926,5.715011430023));
#19770=CARTESIAN_POINT('',(174.2739945079,-55.38245340311,5.715011430023));
#19771=CARTESIAN_POINT('',(174.47574923908,-55.71422492389,5.715011430023));
#19772=CARTESIAN_POINT('',(174.38053870115,-55.54489308926,5.715011430023));
#19773=CARTESIAN_POINT('',(174.55918220622,-55.88965940382,5.715011430023));
#19774=CARTESIAN_POINT('',(174.47574923908,-55.71422492389,5.715011430023));
#19775=CARTESIAN_POINT('',(174.63044859956,-56.07037857251,5.715011430023));
#19776=CARTESIAN_POINT('',(174.55918220622,-55.88965940382,5.715011430023));
#19777=CARTESIAN_POINT('',(174.68921614227,-56.25553983378,5.715011430023));
#19778=CARTESIAN_POINT('',(174.63044859956,-56.07037857251,5.715011430023));
#19779=CARTESIAN_POINT('',(174.73521083294,-56.44427988036,5.715011430023));
#19780=CARTESIAN_POINT('',(174.68921614227,-56.25553983378,5.715011430023));
#19781=CARTESIAN_POINT('',(174.7682182231,-56.63571871902,5.715011430023));
#19782=CARTESIAN_POINT('',(174.73521083294,-56.44427988036,5.715011430023));
#19783=CARTESIAN_POINT('',(174.78808441705,-56.82896377352,5.715011430023));
#19784=CARTESIAN_POINT('',(174.7682182231,-56.63571871902,5.715011430023));
#19785=CARTESIAN_POINT('',(174.79471678943,-57.02311404622,5.715011430023));
#19786=CARTESIAN_POINT('',(174.78808441705,-56.82896377352,5.715011430023));
#19787=CARTESIAN_POINT('',(174.79471678943,-130.5562611125,5.715011430023));
#19788=CARTESIAN_POINT('',(174.79471678943,-57.02311404622,5.715011430023));
#19789=CARTESIAN_POINT('',(174.78808441705,-130.7504113852,5.715011430023));
#19790=CARTESIAN_POINT('',(174.79471678943,-130.5562611125,5.715011430023));
#19791=CARTESIAN_POINT('',(174.7682182231,-130.9436564397,5.715011430023));
#19792=CARTESIAN_POINT('',(174.78808441705,-130.7504113852,5.715011430023));
#19793=CARTESIAN_POINT('',(174.73521083294,-131.1350952783,5.715011430023));
#19794=CARTESIAN_POINT('',(174.7682182231,-130.9436564397,5.715011430023));
#19795=CARTESIAN_POINT('',(174.68921614227,-131.3238353249,5.715011430023));
#19796=CARTESIAN_POINT('',(174.73521083294,-131.1350952783,5.715011430023));
#19797=CARTESIAN_POINT('',(174.63044859956,-131.5089965862,5.715011430023));
#19798=CARTESIAN_POINT('',(174.68921614227,-131.3238353249,5.715011430023));
#19799=CARTESIAN_POINT('',(174.55918220622,-131.6897157549,5.715011430023));
#19800=CARTESIAN_POINT('',(174.63044859956,-131.5089965862,5.715011430023));
#19801=CARTESIAN_POINT('',(174.47574923908,-131.8651502348,5.715011430023));
#19802=CARTESIAN_POINT('',(174.55918220622,-131.6897157549,5.715011430023));
#19803=CARTESIAN_POINT('',(174.38053870115,-132.0344820694,5.715011430023));
#19804=CARTESIAN_POINT('',(174.47574923908,-131.8651502348,5.715011430023));
#19805=CARTESIAN_POINT('',(174.2739945079,-132.1969217556,5.715011430023));
#19806=CARTESIAN_POINT('',(174.38053870115,-132.0344820694,5.715011430023));
#19807=CARTESIAN_POINT('',(174.15661341755,-132.3517119245,5.715011430023));
#19808=CARTESIAN_POINT('',(174.2739945079,-132.1969217556,5.715011430023));
#19809=CARTESIAN_POINT('',(174.02894271493,-132.4981308728,5.715011430023));
#19810=CARTESIAN_POINT('',(174.15661341755,-132.3517119245,5.715011430023));
#19811=CARTESIAN_POINT('',(173.89157765978,-132.635495928,5.715011430023));
#19812=CARTESIAN_POINT('',(174.02894271493,-132.4981308728,5.715011430023));
#19813=CARTESIAN_POINT('',(173.7451587114,-132.7631666306,5.715011430023));
#19814=CARTESIAN_POINT('',(173.89157765978,-132.635495928,5.715011430023));
#19815=CARTESIAN_POINT('',(173.59036854253,-132.880547721,5.715011430023));
#19816=CARTESIAN_POINT('',(173.7451587114,-132.7631666306,5.715011430023));
#19817=CARTESIAN_POINT('',(173.42792885637,-132.9870919142,5.715011430023));
#19818=CARTESIAN_POINT('',(173.59036854253,-132.880547721,5.715011430023));
#19819=CARTESIAN_POINT('',(173.25859702174,-133.0823024521,5.715011430023));
#19820=CARTESIAN_POINT('',(173.42792885637,-132.9870919142,5.715011430023));
#19821=CARTESIAN_POINT('',(173.08316254182,-133.1657354193,5.715011430023));
#19822=CARTESIAN_POINT('',(173.25859702174,-133.0823024521,5.715011430023));
#19823=CARTESIAN_POINT('',(172.90244337312,-133.2370018126,5.715011430023));
#19824=CARTESIAN_POINT('',(173.08316254182,-133.1657354193,5.715011430023));
#19825=CARTESIAN_POINT('',(172.71728211185,-133.2957693553,5.715011430023));
#19826=CARTESIAN_POINT('',(172.90244337312,-133.2370018126,5.715011430023));
#19827=CARTESIAN_POINT('',(172.52854206527,-133.341764046,5.715011430023));
#19828=CARTESIAN_POINT('',(172.71728211185,-133.2957693553,5.715011430023));
#19829=CARTESIAN_POINT('',(172.33710322661,-133.3747714362,5.715011430023));
#19830=CARTESIAN_POINT('',(172.52854206527,-133.341764046,5.715011430023));
#19831=CARTESIAN_POINT('',(172.14385817211,-133.3946376301,5.715011430023));
#19832=CARTESIAN_POINT('',(172.33710322661,-133.3747714362,5.715011430023));
#19833=CARTESIAN_POINT('',(171.94970789941,-133.4012700025,5.715011430023));
#19834=CARTESIAN_POINT('',(172.14385817211,-133.3946376301,5.715011430023));
#19835=CARTESIAN_POINT('',(93.590551181102,-133.4012700025,5.715011430023));
#19836=CARTESIAN_POINT('',(171.94970789941,-133.4012700025,5.715011430023));
#19837=CARTESIAN_POINT('',(93.396400908404,-133.3946376301,5.715011430023));
#19838=CARTESIAN_POINT('',(93.590551181102,-133.4012700025,5.715011430023));
#19839=CARTESIAN_POINT('',(93.2031558539,-133.3747714362,5.715011430023));
#19840=CARTESIAN_POINT('',(93.396400908404,-133.3946376301,5.715011430023));
#19841=CARTESIAN_POINT('',(93.01171701524,-133.341764046,5.715011430023));
#19842=CARTESIAN_POINT('',(93.2031558539,-133.3747714362,5.715011430023));
#19843=CARTESIAN_POINT('',(92.822976968663,-133.2957693553,5.715011430023));
#19844=CARTESIAN_POINT('',(93.01171701524,-133.341764046,5.715011430023));
#19845=CARTESIAN_POINT('',(92.63781570739,-133.2370018126,5.715011430023));
#19846=CARTESIAN_POINT('',(92.822976968663,-133.2957693553,5.715011430023));
#19847=CARTESIAN_POINT('',(92.457096538697,-133.1657354193,5.715011430023));
#19848=CARTESIAN_POINT('',(92.63781570739,-133.2370018126,5.715011430023));
#19849=CARTESIAN_POINT('',(92.281662058771,-133.0823024521,5.715011430023));
#19850=CARTESIAN_POINT('',(92.457096538697,-133.1657354193,5.715011430023));
#19851=CARTESIAN_POINT('',(92.112330224141,-132.9870919142,5.715011430023));
#19852=CARTESIAN_POINT('',(92.281662058771,-133.0823024521,5.715011430023));
#19853=CARTESIAN_POINT('',(91.949890537987,-132.880547721,5.715011430023));
#19854=CARTESIAN_POINT('',(92.112330224141,-132.9870919142,5.715011430023));
#19855=CARTESIAN_POINT('',(91.795100369112,-132.7631666306,5.715011430023));
#19856=CARTESIAN_POINT('',(91.949890537987,-132.880547721,5.715011430023));
#19857=CARTESIAN_POINT('',(91.648681420736,-132.635495928,5.715011430023));
#19858=CARTESIAN_POINT('',(91.795100369112,-132.7631666306,5.715011430023));
#19859=CARTESIAN_POINT('',(91.511316365586,-132.4981308728,5.715011430023));
#19860=CARTESIAN_POINT('',(91.648681420736,-132.635495928,5.715011430023));
#19861=CARTESIAN_POINT('',(91.383645662961,-132.3517119245,5.715011430023));
#19862=CARTESIAN_POINT('',(91.511316365586,-132.4981308728,5.715011430023));
#19863=CARTESIAN_POINT('',(91.266264572611,-132.1969217556,5.715011430023));
#19864=CARTESIAN_POINT('',(91.383645662961,-132.3517119245,5.715011430023));
#19865=CARTESIAN_POINT('',(91.159720379364,-132.0344820694,5.715011430023));
#19866=CARTESIAN_POINT('',(91.266264572611,-132.1969217556,5.715011430023));
#19867=CARTESIAN_POINT('',(91.064509841432,-131.8651502348,5.715011430023));
#19868=CARTESIAN_POINT('',(91.159720379364,-132.0344820694,5.715011430023));
#19869=CARTESIAN_POINT('',(90.981076874295,-131.6897157549,5.715011430023));
#19870=CARTESIAN_POINT('',(91.064509841432,-131.8651502348,5.715011430023));
#19871=CARTESIAN_POINT('',(90.909810480958,-131.5089965862,5.715011430023));
#19872=CARTESIAN_POINT('',(90.981076874295,-131.6897157549,5.715011430023));
#19873=CARTESIAN_POINT('',(90.851042938246,-131.3238353249,5.715011430023));
#19874=CARTESIAN_POINT('',(90.909810480958,-131.5089965862,5.715011430023));
#19875=CARTESIAN_POINT('',(90.805048247571,-131.1350952783,5.715011430023));
#19876=CARTESIAN_POINT('',(90.851042938246,-131.3238353249,5.715011430023));
#19877=CARTESIAN_POINT('',(90.772040857413,-130.9436564397,5.715011430023));
#19878=CARTESIAN_POINT('',(90.805048247571,-131.1350952783,5.715011430023));
#19879=CARTESIAN_POINT('',(90.752174663462,-130.7504113852,5.715011430023));
#19880=CARTESIAN_POINT('',(90.772040857413,-130.9436564397,5.715011430023));
#19881=CARTESIAN_POINT('',(90.745542291085,-130.5562611125,5.715011430023));
#19882=CARTESIAN_POINT('',(90.752174663462,-130.7504113852,5.715011430023));
#19883=CARTESIAN_POINT('',(90.745542291085,-130.5562611125,5.715011430023));
#19884=CARTESIAN_POINT('Origin',(90.7488584772735,-56.92603890987,5.715011430023));
#19885=CARTESIAN_POINT('',(90.745542291085,-57.02311404622,1.270002540005));
#19886=CARTESIAN_POINT('',(90.752174663462,-56.82896377352,1.270002540005));
#19887=CARTESIAN_POINT('',(90.745542291085,-57.02311404622,1.270002540005));
#19888=CARTESIAN_POINT('',(90.752174663462,-56.82896377352,1.270002540005));
#19889=CARTESIAN_POINT('',(90.745542291085,-57.02311404622,1.270002540005));
#19890=CARTESIAN_POINT('Origin',(90.7621077604375,-56.73234124627,5.715011430023));
#19891=CARTESIAN_POINT('',(90.772040857413,-56.63571871902,1.270002540005));
#19892=CARTESIAN_POINT('',(90.752174663462,-56.82896377352,1.270002540005));
#19893=CARTESIAN_POINT('',(90.772040857413,-56.63571871902,1.270002540005));
#19894=CARTESIAN_POINT('Origin',(90.788544552492,-56.53999929969,5.715011430023));
#19895=CARTESIAN_POINT('',(90.805048247571,-56.44427988036,1.270002540005));
#19896=CARTESIAN_POINT('',(90.772040857413,-56.63571871902,1.270002540005));
#19897=CARTESIAN_POINT('',(90.805048247571,-56.44427988036,1.270002540005));
#19898=CARTESIAN_POINT('Origin',(90.8280455929085,-56.34990985707,5.715011430023));
#19899=CARTESIAN_POINT('',(90.851042938246,-56.25553983378,1.270002540005));
#19900=CARTESIAN_POINT('',(90.805048247571,-56.44427988036,1.270002540005));
#19901=CARTESIAN_POINT('',(90.851042938246,-56.25553983378,1.270002540005));
#19902=CARTESIAN_POINT('Origin',(90.880426709602,-56.162959203145,5.715011430023));
#19903=CARTESIAN_POINT('',(90.909810480958,-56.07037857251,1.270002540005));
#19904=CARTESIAN_POINT('',(90.851042938246,-56.25553983378,1.270002540005));
#19905=CARTESIAN_POINT('',(90.909810480958,-56.07037857251,1.270002540005));
#19906=CARTESIAN_POINT('Origin',(90.9454436776265,-55.980018988165,5.715011430023));
#19907=CARTESIAN_POINT('',(90.981076874295,-55.88965940382,1.270002540005));
#19908=CARTESIAN_POINT('',(90.909810480958,-56.07037857251,1.270002540005));
#19909=CARTESIAN_POINT('',(90.981076874295,-55.88965940382,1.270002540005));
#19910=CARTESIAN_POINT('Origin',(91.0227933578635,-55.801942163855,5.715011430023));
#19911=CARTESIAN_POINT('',(91.064509841432,-55.71422492389,1.270002540005));
#19912=CARTESIAN_POINT('',(90.981076874295,-55.88965940382,1.270002540005));
#19913=CARTESIAN_POINT('',(91.064509841432,-55.71422492389,1.270002540005));
#19914=CARTESIAN_POINT('Origin',(91.112115110398,-55.629559006575,5.715011430023));
#19915=CARTESIAN_POINT('',(91.159720379364,-55.54489308926,1.270002540005));
#19916=CARTESIAN_POINT('',(91.064509841432,-55.71422492389,1.270002540005));
#19917=CARTESIAN_POINT('',(91.159720379364,-55.54489308926,1.270002540005));
#19918=CARTESIAN_POINT('Origin',(91.2129924759875,-55.463673246185,5.715011430023));
#19919=CARTESIAN_POINT('',(91.266264572611,-55.38245340311,1.270002540005));
#19920=CARTESIAN_POINT('',(91.159720379364,-55.54489308926,1.270002540005));
#19921=CARTESIAN_POINT('',(91.266264572611,-55.38245340311,1.270002540005));
#19922=CARTESIAN_POINT('Origin',(91.324955117786,-55.30505831867,5.715011430023));
#19923=CARTESIAN_POINT('',(91.383645662961,-55.22766323423,1.270002540005));
#19924=CARTESIAN_POINT('',(91.266264572611,-55.38245340311,1.270002540005));
#19925=CARTESIAN_POINT('',(91.383645662961,-55.22766323423,1.270002540005));
#19926=CARTESIAN_POINT('Origin',(91.4474810142735,-55.154453760045,5.715011430023));
#19927=CARTESIAN_POINT('',(91.511316365586,-55.08124428586,1.270002540005));
#19928=CARTESIAN_POINT('',(91.383645662961,-55.22766323423,1.270002540005));
#19929=CARTESIAN_POINT('',(91.511316365586,-55.08124428586,1.270002540005));
#19930=CARTESIAN_POINT('Origin',(91.579998893161,-55.012561758285,5.715011430023));
#19931=CARTESIAN_POINT('',(91.648681420736,-54.94387923071,1.270002540005));
#19932=CARTESIAN_POINT('',(91.511316365586,-55.08124428586,1.270002540005));
#19933=CARTESIAN_POINT('',(91.648681420736,-54.94387923071,1.270002540005));
#19934=CARTESIAN_POINT('Origin',(91.721890894924,-54.880043879395,5.715011430023));
#19935=CARTESIAN_POINT('',(91.795100369112,-54.81620852808,1.270002540005));
#19936=CARTESIAN_POINT('',(91.648681420736,-54.94387923071,1.270002540005));
#19937=CARTESIAN_POINT('',(91.795100369112,-54.81620852808,1.270002540005));
#19938=CARTESIAN_POINT('Origin',(91.8724954535495,-54.757517982905,5.715011430023));
#19939=CARTESIAN_POINT('',(91.949890537987,-54.69882743773,1.270002540005));
#19940=CARTESIAN_POINT('',(91.795100369112,-54.81620852808,1.270002540005));
#19941=CARTESIAN_POINT('',(91.949890537987,-54.69882743773,1.270002540005));
#19942=CARTESIAN_POINT('Origin',(92.031110381064,-54.64555534111,5.715011430023));
#19943=CARTESIAN_POINT('',(92.112330224141,-54.59228324449,1.270002540005));
#19944=CARTESIAN_POINT('',(91.949890537987,-54.69882743773,1.270002540005));
#19945=CARTESIAN_POINT('',(92.112330224141,-54.59228324449,1.270002540005));
#19946=CARTESIAN_POINT('Origin',(92.196996141456,-54.54467797552,5.715011430023));
#19947=CARTESIAN_POINT('',(92.281662058771,-54.49707270655,1.270002540005));
#19948=CARTESIAN_POINT('',(92.112330224141,-54.59228324449,1.270002540005));
#19949=CARTESIAN_POINT('',(92.281662058771,-54.49707270655,1.270002540005));
#19950=CARTESIAN_POINT('Origin',(92.369379298734,-54.455356222985,5.715011430023));
#19951=CARTESIAN_POINT('',(92.457096538697,-54.41363973942,1.270002540005));
#19952=CARTESIAN_POINT('',(92.281662058771,-54.49707270655,1.270002540005));
#19953=CARTESIAN_POINT('',(92.457096538697,-54.41363973942,1.270002540005));
#19954=CARTESIAN_POINT('Origin',(92.5474561230435,-54.37800654275,5.715011430023));
#19955=CARTESIAN_POINT('',(92.63781570739,-54.34237334608,1.270002540005));
#19956=CARTESIAN_POINT('',(92.457096538697,-54.41363973942,1.270002540005));
#19957=CARTESIAN_POINT('',(92.63781570739,-54.34237334608,1.270002540005));
#19958=CARTESIAN_POINT('Origin',(92.7303963380265,-54.312989574725,5.715011430023));
#19959=CARTESIAN_POINT('',(92.822976968663,-54.28360580337,1.270002540005));
#19960=CARTESIAN_POINT('',(92.63781570739,-54.34237334608,1.270002540005));
#19961=CARTESIAN_POINT('',(92.822976968663,-54.28360580337,1.270002540005));
#19962=CARTESIAN_POINT('Origin',(92.9173469919515,-54.26060845803,5.715011430023));
#19963=CARTESIAN_POINT('',(93.01171701524,-54.23761111269,1.270002540005));
#19964=CARTESIAN_POINT('',(92.822976968663,-54.28360580337,1.270002540005));
#19965=CARTESIAN_POINT('',(93.01171701524,-54.23761111269,1.270002540005));
#19966=CARTESIAN_POINT('Origin',(93.10743643457,-54.22110741761,5.715011430023));
#19967=CARTESIAN_POINT('',(93.2031558539,-54.20460372253,1.270002540005));
#19968=CARTESIAN_POINT('',(93.01171701524,-54.23761111269,1.270002540005));
#19969=CARTESIAN_POINT('',(93.2031558539,-54.20460372253,1.270002540005));
#19970=CARTESIAN_POINT('Origin',(93.299778381152,-54.194670625555,5.715011430023));
#19971=CARTESIAN_POINT('',(93.396400908404,-54.18473752858,1.270002540005));
#19972=CARTESIAN_POINT('',(93.2031558539,-54.20460372253,1.270002540005));
#19973=CARTESIAN_POINT('',(93.396400908404,-54.18473752858,1.270002540005));
#19974=CARTESIAN_POINT('Origin',(93.493476044753,-54.181421342395,5.715011430023));
#19975=CARTESIAN_POINT('',(93.590551181102,-54.17810515621,1.270002540005));
#19976=CARTESIAN_POINT('',(93.396400908404,-54.18473752858,1.270002540005));
#19977=CARTESIAN_POINT('',(93.590551181102,-54.17810515621,1.270002540005));
#19978=CARTESIAN_POINT('Origin',(132.770129540256,-54.17810515621,5.715011430023));
#19979=CARTESIAN_POINT('',(171.94970789941,-54.17810515621,1.270002540005));
#19980=CARTESIAN_POINT('',(93.590551181102,-54.17810515621,1.270002540005));
#19981=CARTESIAN_POINT('',(171.94970789941,-54.17810515621,1.270002540005));
#19982=CARTESIAN_POINT('Origin',(172.04678303576,-54.181421342395,5.715011430023));
#19983=CARTESIAN_POINT('',(172.14385817211,-54.18473752858,1.270002540005));
#19984=CARTESIAN_POINT('',(171.94970789941,-54.17810515621,1.270002540005));
#19985=CARTESIAN_POINT('',(172.14385817211,-54.18473752858,1.270002540005));
#19986=CARTESIAN_POINT('Origin',(172.24048069936,-54.194670625555,5.715011430023));
#19987=CARTESIAN_POINT('',(172.33710322661,-54.20460372253,1.270002540005));
#19988=CARTESIAN_POINT('',(172.14385817211,-54.18473752858,1.270002540005));
#19989=CARTESIAN_POINT('',(172.33710322661,-54.20460372253,1.270002540005));
#19990=CARTESIAN_POINT('Origin',(172.43282264594,-54.22110741761,5.715011430023));
#19991=CARTESIAN_POINT('',(172.52854206527,-54.23761111269,1.270002540005));
#19992=CARTESIAN_POINT('',(172.33710322661,-54.20460372253,1.270002540005));
#19993=CARTESIAN_POINT('',(172.52854206527,-54.23761111269,1.270002540005));
#19994=CARTESIAN_POINT('Origin',(172.62291208856,-54.26060845803,5.715011430023));
#19995=CARTESIAN_POINT('',(172.71728211185,-54.28360580337,1.270002540005));
#19996=CARTESIAN_POINT('',(172.52854206527,-54.23761111269,1.270002540005));
#19997=CARTESIAN_POINT('',(172.71728211185,-54.28360580337,1.270002540005));
#19998=CARTESIAN_POINT('Origin',(172.809862742485,-54.312989574725,5.715011430023));
#19999=CARTESIAN_POINT('',(172.90244337312,-54.34237334608,1.270002540005));
#20000=CARTESIAN_POINT('',(172.71728211185,-54.28360580337,1.270002540005));
#20001=CARTESIAN_POINT('',(172.90244337312,-54.34237334608,1.270002540005));
#20002=CARTESIAN_POINT('Origin',(172.99280295747,-54.37800654275,5.715011430023));
#20003=CARTESIAN_POINT('',(173.08316254182,-54.41363973942,1.270002540005));
#20004=CARTESIAN_POINT('',(172.90244337312,-54.34237334608,1.270002540005));
#20005=CARTESIAN_POINT('',(173.08316254182,-54.41363973942,1.270002540005));
#20006=CARTESIAN_POINT('Origin',(173.17087978178,-54.455356222985,5.715011430023));
#20007=CARTESIAN_POINT('',(173.25859702174,-54.49707270655,1.270002540005));
#20008=CARTESIAN_POINT('',(173.08316254182,-54.41363973942,1.270002540005));
#20009=CARTESIAN_POINT('',(173.25859702174,-54.49707270655,1.270002540005));
#20010=CARTESIAN_POINT('Origin',(173.343262939055,-54.54467797552,5.715011430023));
#20011=CARTESIAN_POINT('',(173.42792885637,-54.59228324449,1.270002540005));
#20012=CARTESIAN_POINT('',(173.25859702174,-54.49707270655,1.270002540005));
#20013=CARTESIAN_POINT('',(173.42792885637,-54.59228324449,1.270002540005));
#20014=CARTESIAN_POINT('Origin',(173.50914869945,-54.64555534111,5.715011430023));
#20015=CARTESIAN_POINT('',(173.59036854253,-54.69882743773,1.270002540005));
#20016=CARTESIAN_POINT('',(173.42792885637,-54.59228324449,1.270002540005));
#20017=CARTESIAN_POINT('',(173.59036854253,-54.69882743773,1.270002540005));
#20018=CARTESIAN_POINT('Origin',(173.667763626965,-54.757517982905,5.715011430023));
#20019=CARTESIAN_POINT('',(173.7451587114,-54.81620852808,1.270002540005));
#20020=CARTESIAN_POINT('',(173.59036854253,-54.69882743773,1.270002540005));
#20021=CARTESIAN_POINT('',(173.7451587114,-54.81620852808,1.270002540005));
#20022=CARTESIAN_POINT('Origin',(173.81836818559,-54.880043879395,5.715011430023));
#20023=CARTESIAN_POINT('',(173.89157765978,-54.94387923071,1.270002540005));
#20024=CARTESIAN_POINT('',(173.7451587114,-54.81620852808,1.270002540005));
#20025=CARTESIAN_POINT('',(173.89157765978,-54.94387923071,1.270002540005));
#20026=CARTESIAN_POINT('Origin',(173.960260187355,-55.012561758285,5.715011430023));
#20027=CARTESIAN_POINT('',(174.02894271493,-55.08124428586,1.270002540005));
#20028=CARTESIAN_POINT('',(173.89157765978,-54.94387923071,1.270002540005));
#20029=CARTESIAN_POINT('',(174.02894271493,-55.08124428586,1.270002540005));
#20030=CARTESIAN_POINT('Origin',(174.09277806624,-55.154453760045,5.715011430023));
#20031=CARTESIAN_POINT('',(174.15661341755,-55.22766323423,1.270002540005));
#20032=CARTESIAN_POINT('',(174.02894271493,-55.08124428586,1.270002540005));
#20033=CARTESIAN_POINT('',(174.15661341755,-55.22766323423,1.270002540005));
#20034=CARTESIAN_POINT('Origin',(174.215303962725,-55.30505831867,5.715011430023));
#20035=CARTESIAN_POINT('',(174.2739945079,-55.38245340311,1.270002540005));
#20036=CARTESIAN_POINT('',(174.15661341755,-55.22766323423,1.270002540005));
#20037=CARTESIAN_POINT('',(174.2739945079,-55.38245340311,1.270002540005));
#20038=CARTESIAN_POINT('Origin',(174.327266604525,-55.463673246185,5.715011430023));
#20039=CARTESIAN_POINT('',(174.38053870115,-55.54489308926,1.270002540005));
#20040=CARTESIAN_POINT('',(174.2739945079,-55.38245340311,1.270002540005));
#20041=CARTESIAN_POINT('',(174.38053870115,-55.54489308926,1.270002540005));
#20042=CARTESIAN_POINT('Origin',(174.428143970115,-55.629559006575,5.715011430023));
#20043=CARTESIAN_POINT('',(174.47574923908,-55.71422492389,1.270002540005));
#20044=CARTESIAN_POINT('',(174.38053870115,-55.54489308926,1.270002540005));
#20045=CARTESIAN_POINT('',(174.47574923908,-55.71422492389,1.270002540005));
#20046=CARTESIAN_POINT('Origin',(174.51746572265,-55.801942163855,5.715011430023));
#20047=CARTESIAN_POINT('',(174.55918220622,-55.88965940382,1.270002540005));
#20048=CARTESIAN_POINT('',(174.47574923908,-55.71422492389,1.270002540005));
#20049=CARTESIAN_POINT('',(174.55918220622,-55.88965940382,1.270002540005));
#20050=CARTESIAN_POINT('Origin',(174.59481540289,-55.980018988165,5.715011430023));
#20051=CARTESIAN_POINT('',(174.63044859956,-56.07037857251,1.270002540005));
#20052=CARTESIAN_POINT('',(174.55918220622,-55.88965940382,1.270002540005));
#20053=CARTESIAN_POINT('',(174.63044859956,-56.07037857251,1.270002540005));
#20054=CARTESIAN_POINT('Origin',(174.659832370915,-56.162959203145,5.715011430023));
#20055=CARTESIAN_POINT('',(174.68921614227,-56.25553983378,1.270002540005));
#20056=CARTESIAN_POINT('',(174.63044859956,-56.07037857251,1.270002540005));
#20057=CARTESIAN_POINT('',(174.68921614227,-56.25553983378,1.270002540005));
#20058=CARTESIAN_POINT('Origin',(174.712213487605,-56.34990985707,5.715011430023));
#20059=CARTESIAN_POINT('',(174.73521083294,-56.44427988036,1.270002540005));
#20060=CARTESIAN_POINT('',(174.68921614227,-56.25553983378,1.270002540005));
#20061=CARTESIAN_POINT('',(174.73521083294,-56.44427988036,1.270002540005));
#20062=CARTESIAN_POINT('Origin',(174.75171452802,-56.53999929969,5.715011430023));
#20063=CARTESIAN_POINT('',(174.7682182231,-56.63571871902,1.270002540005));
#20064=CARTESIAN_POINT('',(174.73521083294,-56.44427988036,1.270002540005));
#20065=CARTESIAN_POINT('',(174.7682182231,-56.63571871902,1.270002540005));
#20066=CARTESIAN_POINT('Origin',(174.778151320075,-56.73234124627,5.715011430023));
#20067=CARTESIAN_POINT('',(174.78808441705,-56.82896377352,1.270002540005));
#20068=CARTESIAN_POINT('',(174.7682182231,-56.63571871902,1.270002540005));
#20069=CARTESIAN_POINT('',(174.78808441705,-56.82896377352,1.270002540005));
#20070=CARTESIAN_POINT('Origin',(174.79140060324,-56.92603890987,5.715011430023));
#20071=CARTESIAN_POINT('',(174.79471678943,-57.02311404622,1.270002540005));
#20072=CARTESIAN_POINT('',(174.78808441705,-56.82896377352,1.270002540005));
#20073=CARTESIAN_POINT('',(174.79471678943,-57.02311404622,1.270002540005));
#20074=CARTESIAN_POINT('Origin',(174.79471678943,-93.78968757936,5.715011430023));
#20075=CARTESIAN_POINT('',(174.79471678943,-130.5562611125,1.270002540005));
#20076=CARTESIAN_POINT('',(174.79471678943,-57.02311404622,1.270002540005));
#20077=CARTESIAN_POINT('',(174.79471678943,-130.5562611125,1.270002540005));
#20078=CARTESIAN_POINT('Origin',(174.79140060324,-130.65333624885,5.715011430023));
#20079=CARTESIAN_POINT('',(174.78808441705,-130.7504113852,1.270002540005));
#20080=CARTESIAN_POINT('',(174.79471678943,-130.5562611125,1.270002540005));
#20081=CARTESIAN_POINT('',(174.78808441705,-130.7504113852,1.270002540005));
#20082=CARTESIAN_POINT('Origin',(174.778151320075,-130.84703391245,5.715011430023));
#20083=CARTESIAN_POINT('',(174.7682182231,-130.9436564397,1.270002540005));
#20084=CARTESIAN_POINT('',(174.78808441705,-130.7504113852,1.270002540005));
#20085=CARTESIAN_POINT('',(174.7682182231,-130.9436564397,1.270002540005));
#20086=CARTESIAN_POINT('Origin',(174.75171452802,-131.039375859,5.715011430023));
#20087=CARTESIAN_POINT('',(174.73521083294,-131.1350952783,1.270002540005));
#20088=CARTESIAN_POINT('',(174.7682182231,-130.9436564397,1.270002540005));
#20089=CARTESIAN_POINT('',(174.73521083294,-131.1350952783,1.270002540005));
#20090=CARTESIAN_POINT('Origin',(174.712213487605,-131.2294653016,5.715011430023));
#20091=CARTESIAN_POINT('',(174.68921614227,-131.3238353249,1.270002540005));
#20092=CARTESIAN_POINT('',(174.73521083294,-131.1350952783,1.270002540005));
#20093=CARTESIAN_POINT('',(174.68921614227,-131.3238353249,1.270002540005));
#20094=CARTESIAN_POINT('Origin',(174.659832370915,-131.41641595555,5.715011430023));
#20095=CARTESIAN_POINT('',(174.63044859956,-131.5089965862,1.270002540005));
#20096=CARTESIAN_POINT('',(174.68921614227,-131.3238353249,1.270002540005));
#20097=CARTESIAN_POINT('',(174.63044859956,-131.5089965862,1.270002540005));
#20098=CARTESIAN_POINT('Origin',(174.59481540289,-131.59935617055,5.715011430023));
#20099=CARTESIAN_POINT('',(174.55918220622,-131.6897157549,1.270002540005));
#20100=CARTESIAN_POINT('',(174.63044859956,-131.5089965862,1.270002540005));
#20101=CARTESIAN_POINT('',(174.55918220622,-131.6897157549,1.270002540005));
#20102=CARTESIAN_POINT('Origin',(174.51746572265,-131.77743299485,5.715011430023));
#20103=CARTESIAN_POINT('',(174.47574923908,-131.8651502348,1.270002540005));
#20104=CARTESIAN_POINT('',(174.55918220622,-131.6897157549,1.270002540005));
#20105=CARTESIAN_POINT('',(174.47574923908,-131.8651502348,1.270002540005));
#20106=CARTESIAN_POINT('Origin',(174.428143970115,-131.9498161521,5.715011430023));
#20107=CARTESIAN_POINT('',(174.38053870115,-132.0344820694,1.270002540005));
#20108=CARTESIAN_POINT('',(174.47574923908,-131.8651502348,1.270002540005));
#20109=CARTESIAN_POINT('',(174.38053870115,-132.0344820694,1.270002540005));
#20110=CARTESIAN_POINT('Origin',(174.327266604525,-132.1157019125,5.715011430023));
#20111=CARTESIAN_POINT('',(174.2739945079,-132.1969217556,1.270002540005));
#20112=CARTESIAN_POINT('',(174.38053870115,-132.0344820694,1.270002540005));
#20113=CARTESIAN_POINT('',(174.2739945079,-132.1969217556,1.270002540005));
#20114=CARTESIAN_POINT('Origin',(174.215303962725,-132.27431684005,5.715011430023));
#20115=CARTESIAN_POINT('',(174.15661341755,-132.3517119245,1.270002540005));
#20116=CARTESIAN_POINT('',(174.2739945079,-132.1969217556,1.270002540005));
#20117=CARTESIAN_POINT('',(174.15661341755,-132.3517119245,1.270002540005));
#20118=CARTESIAN_POINT('Origin',(174.09277806624,-132.42492139865,5.715011430023));
#20119=CARTESIAN_POINT('',(174.02894271493,-132.4981308728,1.270002540005));
#20120=CARTESIAN_POINT('',(174.15661341755,-132.3517119245,1.270002540005));
#20121=CARTESIAN_POINT('',(174.02894271493,-132.4981308728,1.270002540005));
#20122=CARTESIAN_POINT('Origin',(173.960260187355,-132.5668134004,5.715011430023));
#20123=CARTESIAN_POINT('',(173.89157765978,-132.635495928,1.270002540005));
#20124=CARTESIAN_POINT('',(174.02894271493,-132.4981308728,1.270002540005));
#20125=CARTESIAN_POINT('',(173.89157765978,-132.635495928,1.270002540005));
#20126=CARTESIAN_POINT('Origin',(173.81836818559,-132.6993312793,5.715011430023));
#20127=CARTESIAN_POINT('',(173.7451587114,-132.7631666306,1.270002540005));
#20128=CARTESIAN_POINT('',(173.89157765978,-132.635495928,1.270002540005));
#20129=CARTESIAN_POINT('',(173.7451587114,-132.7631666306,1.270002540005));
#20130=CARTESIAN_POINT('Origin',(173.667763626965,-132.8218571758,5.715011430023));
#20131=CARTESIAN_POINT('',(173.59036854253,-132.880547721,1.270002540005));
#20132=CARTESIAN_POINT('',(173.7451587114,-132.7631666306,1.270002540005));
#20133=CARTESIAN_POINT('',(173.59036854253,-132.880547721,1.270002540005));
#20134=CARTESIAN_POINT('Origin',(173.50914869945,-132.9338198176,5.715011430023));
#20135=CARTESIAN_POINT('',(173.42792885637,-132.9870919142,1.270002540005));
#20136=CARTESIAN_POINT('',(173.59036854253,-132.880547721,1.270002540005));
#20137=CARTESIAN_POINT('',(173.42792885637,-132.9870919142,1.270002540005));
#20138=CARTESIAN_POINT('Origin',(173.343262939055,-133.03469718315,5.715011430023));
#20139=CARTESIAN_POINT('',(173.25859702174,-133.0823024521,1.270002540005));
#20140=CARTESIAN_POINT('',(173.42792885637,-132.9870919142,1.270002540005));
#20141=CARTESIAN_POINT('',(173.25859702174,-133.0823024521,1.270002540005));
#20142=CARTESIAN_POINT('Origin',(173.17087978178,-133.1240189357,5.715011430023));
#20143=CARTESIAN_POINT('',(173.08316254182,-133.1657354193,1.270002540005));
#20144=CARTESIAN_POINT('',(173.25859702174,-133.0823024521,1.270002540005));
#20145=CARTESIAN_POINT('',(173.08316254182,-133.1657354193,1.270002540005));
#20146=CARTESIAN_POINT('Origin',(172.99280295747,-133.20136861595,5.715011430023));
#20147=CARTESIAN_POINT('',(172.90244337312,-133.2370018126,1.270002540005));
#20148=CARTESIAN_POINT('',(173.08316254182,-133.1657354193,1.270002540005));
#20149=CARTESIAN_POINT('',(172.90244337312,-133.2370018126,1.270002540005));
#20150=CARTESIAN_POINT('Origin',(172.809862742485,-133.26638558395,5.715011430023));
#20151=CARTESIAN_POINT('',(172.71728211185,-133.2957693553,1.270002540005));
#20152=CARTESIAN_POINT('',(172.90244337312,-133.2370018126,1.270002540005));
#20153=CARTESIAN_POINT('',(172.71728211185,-133.2957693553,1.270002540005));
#20154=CARTESIAN_POINT('Origin',(172.62291208856,-133.31876670065,5.715011430023));
#20155=CARTESIAN_POINT('',(172.52854206527,-133.341764046,1.270002540005));
#20156=CARTESIAN_POINT('',(172.71728211185,-133.2957693553,1.270002540005));
#20157=CARTESIAN_POINT('',(172.52854206527,-133.341764046,1.270002540005));
#20158=CARTESIAN_POINT('Origin',(172.43282264594,-133.3582677411,5.715011430023));
#20159=CARTESIAN_POINT('',(172.33710322661,-133.3747714362,1.270002540005));
#20160=CARTESIAN_POINT('',(172.52854206527,-133.341764046,1.270002540005));
#20161=CARTESIAN_POINT('',(172.33710322661,-133.3747714362,1.270002540005));
#20162=CARTESIAN_POINT('Origin',(172.24048069936,-133.38470453315,5.715011430023));
#20163=CARTESIAN_POINT('',(172.14385817211,-133.3946376301,1.270002540005));
#20164=CARTESIAN_POINT('',(172.33710322661,-133.3747714362,1.270002540005));
#20165=CARTESIAN_POINT('',(172.14385817211,-133.3946376301,1.270002540005));
#20166=CARTESIAN_POINT('Origin',(172.04678303576,-133.3979538163,5.715011430023));
#20167=CARTESIAN_POINT('',(171.94970789941,-133.4012700025,1.270002540005));
#20168=CARTESIAN_POINT('',(172.14385817211,-133.3946376301,1.270002540005));
#20169=CARTESIAN_POINT('',(171.94970789941,-133.4012700025,1.270002540005));
#20170=CARTESIAN_POINT('Origin',(132.770129540256,-133.4012700025,5.715011430023));
#20171=CARTESIAN_POINT('',(93.590551181102,-133.4012700025,1.270002540005));
#20172=CARTESIAN_POINT('',(171.94970789941,-133.4012700025,1.270002540005));
#20173=CARTESIAN_POINT('',(93.590551181102,-133.4012700025,1.270002540005));
#20174=CARTESIAN_POINT('Origin',(93.493476044753,-133.3979538163,5.715011430023));
#20175=CARTESIAN_POINT('',(93.396400908404,-133.3946376301,1.270002540005));
#20176=CARTESIAN_POINT('',(93.590551181102,-133.4012700025,1.270002540005));
#20177=CARTESIAN_POINT('',(93.396400908404,-133.3946376301,1.270002540005));
#20178=CARTESIAN_POINT('Origin',(93.299778381152,-133.38470453315,5.715011430023));
#20179=CARTESIAN_POINT('',(93.2031558539,-133.3747714362,1.270002540005));
#20180=CARTESIAN_POINT('',(93.396400908404,-133.3946376301,1.270002540005));
#20181=CARTESIAN_POINT('',(93.2031558539,-133.3747714362,1.270002540005));
#20182=CARTESIAN_POINT('Origin',(93.10743643457,-133.3582677411,5.715011430023));
#20183=CARTESIAN_POINT('',(93.01171701524,-133.341764046,1.270002540005));
#20184=CARTESIAN_POINT('',(93.2031558539,-133.3747714362,1.270002540005));
#20185=CARTESIAN_POINT('',(93.01171701524,-133.341764046,1.270002540005));
#20186=CARTESIAN_POINT('Origin',(92.9173469919515,-133.31876670065,5.715011430023));
#20187=CARTESIAN_POINT('',(92.822976968663,-133.2957693553,1.270002540005));
#20188=CARTESIAN_POINT('',(93.01171701524,-133.341764046,1.270002540005));
#20189=CARTESIAN_POINT('',(92.822976968663,-133.2957693553,1.270002540005));
#20190=CARTESIAN_POINT('Origin',(92.7303963380265,-133.26638558395,5.715011430023));
#20191=CARTESIAN_POINT('',(92.63781570739,-133.2370018126,1.270002540005));
#20192=CARTESIAN_POINT('',(92.822976968663,-133.2957693553,1.270002540005));
#20193=CARTESIAN_POINT('',(92.63781570739,-133.2370018126,1.270002540005));
#20194=CARTESIAN_POINT('Origin',(92.5474561230435,-133.20136861595,5.715011430023));
#20195=CARTESIAN_POINT('',(92.457096538697,-133.1657354193,1.270002540005));
#20196=CARTESIAN_POINT('',(92.63781570739,-133.2370018126,1.270002540005));
#20197=CARTESIAN_POINT('',(92.457096538697,-133.1657354193,1.270002540005));
#20198=CARTESIAN_POINT('Origin',(92.369379298734,-133.1240189357,5.715011430023));
#20199=CARTESIAN_POINT('',(92.281662058771,-133.0823024521,1.270002540005));
#20200=CARTESIAN_POINT('',(92.457096538697,-133.1657354193,1.270002540005));
#20201=CARTESIAN_POINT('',(92.281662058771,-133.0823024521,1.270002540005));
#20202=CARTESIAN_POINT('Origin',(92.196996141456,-133.03469718315,5.715011430023));
#20203=CARTESIAN_POINT('',(92.112330224141,-132.9870919142,1.270002540005));
#20204=CARTESIAN_POINT('',(92.281662058771,-133.0823024521,1.270002540005));
#20205=CARTESIAN_POINT('',(92.112330224141,-132.9870919142,1.270002540005));
#20206=CARTESIAN_POINT('Origin',(92.031110381064,-132.9338198176,5.715011430023));
#20207=CARTESIAN_POINT('',(91.949890537987,-132.880547721,1.270002540005));
#20208=CARTESIAN_POINT('',(92.112330224141,-132.9870919142,1.270002540005));
#20209=CARTESIAN_POINT('',(91.949890537987,-132.880547721,1.270002540005));
#20210=CARTESIAN_POINT('Origin',(91.8724954535495,-132.8218571758,5.715011430023));
#20211=CARTESIAN_POINT('',(91.795100369112,-132.7631666306,1.270002540005));
#20212=CARTESIAN_POINT('',(91.949890537987,-132.880547721,1.270002540005));
#20213=CARTESIAN_POINT('',(91.795100369112,-132.7631666306,1.270002540005));
#20214=CARTESIAN_POINT('Origin',(91.721890894924,-132.6993312793,5.715011430023));
#20215=CARTESIAN_POINT('',(91.648681420736,-132.635495928,1.270002540005));
#20216=CARTESIAN_POINT('',(91.795100369112,-132.7631666306,1.270002540005));
#20217=CARTESIAN_POINT('',(91.648681420736,-132.635495928,1.270002540005));
#20218=CARTESIAN_POINT('Origin',(91.579998893161,-132.5668134004,5.715011430023));
#20219=CARTESIAN_POINT('',(91.511316365586,-132.4981308728,1.270002540005));
#20220=CARTESIAN_POINT('',(91.648681420736,-132.635495928,1.270002540005));
#20221=CARTESIAN_POINT('',(91.511316365586,-132.4981308728,1.270002540005));
#20222=CARTESIAN_POINT('Origin',(91.4474810142735,-132.42492139865,5.715011430023));
#20223=CARTESIAN_POINT('',(91.383645662961,-132.3517119245,1.270002540005));
#20224=CARTESIAN_POINT('',(91.511316365586,-132.4981308728,1.270002540005));
#20225=CARTESIAN_POINT('',(91.383645662961,-132.3517119245,1.270002540005));
#20226=CARTESIAN_POINT('Origin',(91.324955117786,-132.27431684005,5.715011430023));
#20227=CARTESIAN_POINT('',(91.266264572611,-132.1969217556,1.270002540005));
#20228=CARTESIAN_POINT('',(91.383645662961,-132.3517119245,1.270002540005));
#20229=CARTESIAN_POINT('',(91.266264572611,-132.1969217556,1.270002540005));
#20230=CARTESIAN_POINT('Origin',(91.2129924759875,-132.1157019125,5.715011430023));
#20231=CARTESIAN_POINT('',(91.159720379364,-132.0344820694,1.270002540005));
#20232=CARTESIAN_POINT('',(91.266264572611,-132.1969217556,1.270002540005));
#20233=CARTESIAN_POINT('',(91.159720379364,-132.0344820694,1.270002540005));
#20234=CARTESIAN_POINT('Origin',(91.112115110398,-131.9498161521,5.715011430023));
#20235=CARTESIAN_POINT('',(91.064509841432,-131.8651502348,1.270002540005));
#20236=CARTESIAN_POINT('',(91.159720379364,-132.0344820694,1.270002540005));
#20237=CARTESIAN_POINT('',(91.064509841432,-131.8651502348,1.270002540005));
#20238=CARTESIAN_POINT('Origin',(91.0227933578635,-131.77743299485,5.715011430023));
#20239=CARTESIAN_POINT('',(90.981076874295,-131.6897157549,1.270002540005));
#20240=CARTESIAN_POINT('',(91.064509841432,-131.8651502348,1.270002540005));
#20241=CARTESIAN_POINT('',(90.981076874295,-131.6897157549,1.270002540005));
#20242=CARTESIAN_POINT('Origin',(90.9454436776265,-131.59935617055,5.715011430023));
#20243=CARTESIAN_POINT('',(90.909810480958,-131.5089965862,1.270002540005));
#20244=CARTESIAN_POINT('',(90.981076874295,-131.6897157549,1.270002540005));
#20245=CARTESIAN_POINT('',(90.909810480958,-131.5089965862,1.270002540005));
#20246=CARTESIAN_POINT('Origin',(90.880426709602,-131.41641595555,5.715011430023));
#20247=CARTESIAN_POINT('',(90.851042938246,-131.3238353249,1.270002540005));
#20248=CARTESIAN_POINT('',(90.909810480958,-131.5089965862,1.270002540005));
#20249=CARTESIAN_POINT('',(90.851042938246,-131.3238353249,1.270002540005));
#20250=CARTESIAN_POINT('Origin',(90.8280455929085,-131.2294653016,5.715011430023));
#20251=CARTESIAN_POINT('',(90.805048247571,-131.1350952783,1.270002540005));
#20252=CARTESIAN_POINT('',(90.851042938246,-131.3238353249,1.270002540005));
#20253=CARTESIAN_POINT('',(90.805048247571,-131.1350952783,1.270002540005));
#20254=CARTESIAN_POINT('Origin',(90.788544552492,-131.039375859,5.715011430023));
#20255=CARTESIAN_POINT('',(90.772040857413,-130.9436564397,1.270002540005));
#20256=CARTESIAN_POINT('',(90.805048247571,-131.1350952783,1.270002540005));
#20257=CARTESIAN_POINT('',(90.772040857413,-130.9436564397,1.270002540005));
#20258=CARTESIAN_POINT('Origin',(90.7621077604375,-130.84703391245,5.715011430023));
#20259=CARTESIAN_POINT('',(90.752174663462,-130.7504113852,1.270002540005));
#20260=CARTESIAN_POINT('',(90.772040857413,-130.9436564397,1.270002540005));
#20261=CARTESIAN_POINT('',(90.752174663462,-130.7504113852,1.270002540005));
#20262=CARTESIAN_POINT('Origin',(90.7488584772735,-130.65333624885,5.715011430023));
#20263=CARTESIAN_POINT('',(90.745542291085,-130.5562611125,1.270002540005));
#20264=CARTESIAN_POINT('',(90.752174663462,-130.7504113852,1.270002540005));
#20265=CARTESIAN_POINT('',(90.745542291085,-130.5562611125,1.270002540005));
#20266=CARTESIAN_POINT('Origin',(90.745542291085,-93.78968757936,5.715011430023));
#20267=CARTESIAN_POINT('',(90.745542291085,-130.5562611125,1.270002540005));
#20268=CARTESIAN_POINT('Origin',(168.60033720067,-130.3002606933,3.200006502413));
#20269=CARTESIAN_POINT('',(170.20034045188,-127.4002548005,3.200006502413));
#20270=CARTESIAN_POINT('Origin',(168.600337200674,-127.400254800473,3.200006502413));
#20271=CARTESIAN_POINT('Origin',(97.000194000388,-130.3002606933,3.200006502413));
#20272=CARTESIAN_POINT('',(98.600197251595,-127.4002548005,3.200006502413));
#20273=CARTESIAN_POINT('Origin',(97.000194000389,-127.400254800473,3.200006502413));
#20274=CARTESIAN_POINT('Origin',(168.60033720067,-62.90012589305,3.200006502413));
#20275=CARTESIAN_POINT('',(170.20034045188,-60.00012000024,3.200006502413));
#20276=CARTESIAN_POINT('Origin',(168.600337200673,-60.0001200002382,3.200006502413));
#20277=CARTESIAN_POINT('Origin',(97.000194000388,-62.90012589305,3.200006502413));
#20278=CARTESIAN_POINT('',(98.600197251595,-60.00012000024,3.200006502413));
#20279=CARTESIAN_POINT('Origin',(97.0001940003879,-60.0001200002382,3.200006502413));
#20280=CARTESIAN_POINT('Origin',(132.770129540257,-133.4012700025,1.270002540005));
#20281=CARTESIAN_POINT('',(172.77034567413,-127.4002548005,1.270002540005));
#20282=CARTESIAN_POINT('Origin',(168.600337200674,-127.400254800493,1.270002540005));
#20283=CARTESIAN_POINT('',(101.17020247384,-127.4002548005,1.270002540005));
#20284=CARTESIAN_POINT('Origin',(97.000194000387,-127.400254800496,1.270002540005));
#20285=CARTESIAN_POINT('',(172.77034567413,-60.00012000024,1.270002540005));
#20286=CARTESIAN_POINT('Origin',(168.600337200672,-60.0001200002388,1.270002540005));
#20287=CARTESIAN_POINT('',(101.17020247384,-60.00012000024,1.270002540005));
#20288=CARTESIAN_POINT('Origin',(97.0001940003853,-60.0001200002416,1.270002540005));
#20289=CARTESIAN_POINT('Origin',(168.600337200674,-127.400254800467,3.200006502413));
#20290=CARTESIAN_POINT('',(170.20034045188,-127.4002548005,5.00127000254));
#20291=CARTESIAN_POINT('Origin',(168.600337200674,-127.400254800473,5.00127000254));
#20292=CARTESIAN_POINT('',(170.200340451882,-127.400254800466,3.200006502413));
#20293=CARTESIAN_POINT('Origin',(97.0001940003895,-127.400254800467,3.200006502413));
#20294=CARTESIAN_POINT('',(98.600197251595,-127.4002548005,5.00127000254));
#20295=CARTESIAN_POINT('Origin',(97.000194000389,-127.400254800473,5.00127000254));
#20296=CARTESIAN_POINT('',(98.6001972515974,-127.400254800466,3.200006502413));
#20297=CARTESIAN_POINT('Origin',(168.600337200674,-60.0001200002367,3.200006502413));
#20298=CARTESIAN_POINT('',(170.20034045188,-60.00012000024,5.00127000254));
#20299=CARTESIAN_POINT('Origin',(168.600337200673,-60.0001200002382,5.00127000254));
#20300=CARTESIAN_POINT('',(170.20034045188,-60.0001200002358,3.200006502413));
#20301=CARTESIAN_POINT('Origin',(97.0001940003886,-60.0001200002367,3.200006502413));
#20302=CARTESIAN_POINT('',(98.600197251595,-60.00012000024,5.00127000254));
#20303=CARTESIAN_POINT('Origin',(97.0001940003879,-60.0001200002382,5.00127000254));
#20304=CARTESIAN_POINT('',(98.6001972515955,-60.0001200002358,3.200006502413));
#20305=CARTESIAN_POINT('Origin',(168.600337200714,-127.4002548005,1.270002540005));
#20306=CARTESIAN_POINT('',(172.77034567413,-127.4002548005,4.470009083058));
#20307=CARTESIAN_POINT('',(172.770345674215,-127.400254800498,1.270002540005));
#20308=CARTESIAN_POINT('Origin',(168.600337200674,-127.400254800493,4.470009083058));
#20309=CARTESIAN_POINT('Origin',(97.0001940004368,-127.4002548005,1.270002540005));
#20310=CARTESIAN_POINT('',(101.17020247384,-127.4002548005,4.470009083058));
#20311=CARTESIAN_POINT('',(101.170202473942,-127.400254800498,1.270002540005));
#20312=CARTESIAN_POINT('Origin',(97.000194000387,-127.400254800496,4.470009083058));
#20313=CARTESIAN_POINT('Origin',(168.600337200667,-60.00012000024,1.270002540005));
#20314=CARTESIAN_POINT('',(172.77034567413,-60.00012000024,4.470009083058));
#20315=CARTESIAN_POINT('',(172.770345674121,-60.0001200002377,1.270002540005));
#20316=CARTESIAN_POINT('Origin',(168.600337200672,-60.0001200002388,4.470009083058));
#20317=CARTESIAN_POINT('Origin',(97.0001940003899,-60.00012000024,1.270002540005));
#20318=CARTESIAN_POINT('',(101.17020247384,-60.00012000024,4.470009083058));
#20319=CARTESIAN_POINT('',(101.170202473848,-60.0001200002377,1.270002540005));
#20320=CARTESIAN_POINT('Origin',(97.0001940003853,-60.0001200002416,4.470009083058));
#20321=CARTESIAN_POINT('Origin',(168.60033720067,-130.2702606323,5.00127000254));
#20322=CARTESIAN_POINT('',(171.47034303252,-127.4002548005,5.00127000254));
#20323=CARTESIAN_POINT('Origin',(168.600337200671,-127.400254800478,5.00127000254));
#20324=CARTESIAN_POINT('Origin',(97.000194000388,-130.2702606323,5.00127000254));
#20325=CARTESIAN_POINT('',(99.87019983224,-127.4002548005,5.00127000254));
#20326=CARTESIAN_POINT('Origin',(97.0001940003914,-127.400254800479,5.00127000254));
#20327=CARTESIAN_POINT('Origin',(168.60033720067,-62.87012583209,5.00127000254));
#20328=CARTESIAN_POINT('',(171.47034303252,-60.00012000024,5.00127000254));
#20329=CARTESIAN_POINT('Origin',(168.600337200668,-60.0001200002375,5.00127000254));
#20330=CARTESIAN_POINT('Origin',(97.000194000388,-62.87012583209,5.00127000254));
#20331=CARTESIAN_POINT('',(99.87019983224,-60.00012000024,5.00127000254));
#20332=CARTESIAN_POINT('Origin',(97.0001940003878,-60.0001200002378,5.00127000254));
#20333=CARTESIAN_POINT('Origin',(168.60033720067,-131.5702632739,4.470009083058));
#20334=CARTESIAN_POINT('',(171.47034303252,-127.4002548005,4.470009083058));
#20335=CARTESIAN_POINT('Origin',(168.600337200671,-127.400254800478,4.470009083058));
#20336=CARTESIAN_POINT('Origin',(97.0001940003855,-131.5702632739,4.470009083058));
#20337=CARTESIAN_POINT('',(99.87019983224,-127.4002548005,4.470009083058));
#20338=CARTESIAN_POINT('Origin',(97.0001940003914,-127.400254800479,4.470009083058));
#20339=CARTESIAN_POINT('Origin',(168.60033720067,-64.17012847369,4.470009083058));
#20340=CARTESIAN_POINT('',(171.47034303252,-60.00012000024,4.470009083058));
#20341=CARTESIAN_POINT('Origin',(168.600337200668,-60.0001200002375,4.470009083058));
#20342=CARTESIAN_POINT('Origin',(97.0001940003855,-64.17012847369,4.470009083058));
#20343=CARTESIAN_POINT('',(99.87019983224,-60.00012000024,4.470009083058));
#20344=CARTESIAN_POINT('Origin',(97.0001940003878,-60.0001200002378,4.470009083058));
#20345=CARTESIAN_POINT('Origin',(168.600337200672,-127.4002548005,4.470009083058));
#20346=CARTESIAN_POINT('',(171.470343032528,-127.400254800498,4.470009083058));
#20347=CARTESIAN_POINT('Origin',(97.000194000395,-127.4002548005,4.470009083058));
#20348=CARTESIAN_POINT('',(99.8701998322537,-127.400254800498,4.470009083058));
#20349=CARTESIAN_POINT('Origin',(168.600337200665,-60.0001200002367,4.470009083058));
#20350=CARTESIAN_POINT('',(171.470343032513,-60.0001200002351,4.470009083058));
#20351=CARTESIAN_POINT('Origin',(97.0001940003876,-60.0001200002367,4.470009083058));
#20352=CARTESIAN_POINT('',(99.8701998322388,-60.0001200002351,4.470009083058));
#20353=CARTESIAN_POINT('',(0.,0.,0.));
#20354=UNCERTAINTY_MEASURE_WITH_UNIT(LENGTH_MEASURE(0.01),#20360,
'DISTANCE_ACCURACY_VALUE',
'Maximum model space distance between geometric entities at asserted c
onnectivities');
#20355=UNCERTAINTY_MEASURE_WITH_UNIT(LENGTH_MEASURE(0.01),#20360,
'DISTANCE_ACCURACY_VALUE',
'Maximum model space distance between geometric entities at asserted c
onnectivities');
#20356=UNCERTAINTY_MEASURE_WITH_UNIT(LENGTH_MEASURE(0.01),#20360,
'DISTANCE_ACCURACY_VALUE',
'Maximum model space distance between geometric entities at asserted c
onnectivities');
#20357=(
GEOMETRIC_REPRESENTATION_CONTEXT(3)
GLOBAL_UNCERTAINTY_ASSIGNED_CONTEXT((#20354))
GLOBAL_UNIT_ASSIGNED_CONTEXT((#20360,#20362,#20363))
REPRESENTATION_CONTEXT('','3D')
);
#20358=(
GEOMETRIC_REPRESENTATION_CONTEXT(3)
GLOBAL_UNCERTAINTY_ASSIGNED_CONTEXT((#20355))
GLOBAL_UNIT_ASSIGNED_CONTEXT((#20360,#20362,#20363))
REPRESENTATION_CONTEXT('','3D')
);
#20359=(
GEOMETRIC_REPRESENTATION_CONTEXT(3)
GLOBAL_UNCERTAINTY_ASSIGNED_CONTEXT((#20356))
GLOBAL_UNIT_ASSIGNED_CONTEXT((#20360,#20362,#20363))
REPRESENTATION_CONTEXT('','3D')
);
#20360=(
LENGTH_UNIT()
NAMED_UNIT(*)
SI_UNIT(.MILLI.,.METRE.)
);
#20361=(
LENGTH_UNIT()
NAMED_UNIT(*)
SI_UNIT($,.METRE.)
);
#20362=(
NAMED_UNIT(*)
PLANE_ANGLE_UNIT()
SI_UNIT($,.RADIAN.)
);
#20363=(
NAMED_UNIT(*)
SI_UNIT($,.STERADIAN.)
SOLID_ANGLE_UNIT()
);
#20364=SHAPE_DEFINITION_REPRESENTATION(#20366,#20369);
#20365=SHAPE_DEFINITION_REPRESENTATION(#20367,#20370);
#20366=PRODUCT_DEFINITION_SHAPE('',$,#20372);
#20367=PRODUCT_DEFINITION_SHAPE('',$,#20373);
#20368=PRODUCT_DEFINITION_SHAPE($,$,#14);
#20369=SHAPE_REPRESENTATION('',(#12874,#13558),#20357);
#20370=SHAPE_REPRESENTATION('',(#12875),#20358);
#20371=PRODUCT_DEFINITION_CONTEXT('part definition',#20379,'design');
#20372=PRODUCT_DEFINITION('2026-09-06-14-02-41-027',
'3DShell_mcr step_B',#20374,#20371);
#20373=PRODUCT_DEFINITION('2026-09-06-14-04-09-723',
'3DShell_mcr step_T',#20375,#20371);
#20374=PRODUCT_DEFINITION_FORMATION('',$,#20381);
#20375=PRODUCT_DEFINITION_FORMATION('',$,#20382);
#20376=PRODUCT_RELATED_PRODUCT_CATEGORY('3DShell_mcr step_B',
'3DShell_mcr step_B',(#20381));
#20377=PRODUCT_RELATED_PRODUCT_CATEGORY('3DShell_mcr step_T',
'3DShell_mcr step_T',(#20382));
#20378=APPLICATION_PROTOCOL_DEFINITION('international standard',
'automotive_design',2009,#20379);
#20379=APPLICATION_CONTEXT(
'Core Data for Automotive Mechanical Design Process');
#20380=PRODUCT_CONTEXT('part definition',#20379,'mechanical');
#20381=PRODUCT('2026-09-06-14-02-41-027','3DShell_mcr step_B',
'Designed by EasyEDA Pro',(#20380));
#20382=PRODUCT('2026-09-06-14-04-09-723','3DShell_mcr step_T',
'Designed by EasyEDA Pro',(#20380));
#20383=PRESENTATION_STYLE_ASSIGNMENT((#20384));
#20384=SURFACE_STYLE_USAGE(.BOTH.,#20385);
#20385=SURFACE_SIDE_STYLE('',(#20386));
#20386=SURFACE_STYLE_FILL_AREA(#20387);
#20387=FILL_AREA_STYLE('Steel - Satin',(#20388));
#20388=FILL_AREA_STYLE_COLOUR('Steel - Satin',#20389);
#20389=COLOUR_RGB('Steel - Satin',0.627450980392157,0.627450980392157,0.627450980392157);
ENDSEC;
END-ISO-10303-21;
